archivo,entrega,generado
cenace_nd_2018_04_04.zip,2018-04-04,2018-04-03 15:37:08
cenace_nd_2018_04_05.zip,2018-04-05,2018-04-04 15:04:49
cenace_nd_2018_04_06.zip,2018-04-06,2018-04-05 16:50:14
cenace_nd_2018_04_07.zip,2018-04-07,2018-04-06 15:15:47
cenace_nd_2018_04_08.zip,2018-04-08,2018-04-07 16:18:10
cenace_nd_2018_04_09.zip,2018-04-09,2018-04-08 15:36:31
cenace_nd_2018_04_10.zip,2018-04-10,2018-04-09 16:36:29
cenace_nd_2018_04_11.zip,2018-04-11,2018-04-10 15:35:20
cenace_nd_2018_04_12.zip,2018-04-12,2018-04-11 14:26:51
cenace_nd_2018_04_13.zip,2018-04-13,2018-04-12 14:49:37
cenace_nd_2018_04_14.zip,2018-04-14,2018-04-13 14:27:45
cenace_nd_2018_04_15.zip,2018-04-15,2018-04-14 16:22:51
cenace_nd_2018_04_16.zip,2018-04-16,2018-04-15 15:34:29
cenace_nd_2018_04_17.zip,2018-04-17,2018-04-16 15:59:27
cenace_nd_2018_04_18.zip,2018-04-18,2018-04-17 16:32:08
cenace_nd_2018_04_19.zip,2018-04-19,2018-04-18 16:15:06
cenace_nd_2018_04_20.zip,2018-04-20,2018-04-19 16:39:47
cenace_nd_2018_04_21.zip,2018-04-21,2018-04-20 18:55:52
cenace_nd_2018_04_22.zip,2018-04-22,2018-04-21 17:45:31
cenace_nd_2018_04_23.zip,2018-04-23,2018-04-22 15:27:42
cenace_nd_2018_04_24.zip,2018-04-24,2018-04-23 15:51:23
cenace_nd_2018_04_25.zip,2018-04-25,2018-04-24 15:15:33
cenace_nd_2018_04_26.zip,2018-04-26,2018-04-25 15:46:24
cenace_nd_2018_04_27.zip,2018-04-27,2018-04-26 14:41:49
cenace_nd_2018_04_28.zip,2018-04-28,2018-04-27 15:06:12
cenace_nd_2018_04_29.zip,2018-04-29,2018-04-28 15:51:09
cenace_nd_2018_04_30.zip,2018-04-30,2018-04-29 15:16:41
cenace_nd_2018_05_01.zip,2018-05-01,2018-04-30 18:59:12
cenace_nd_2018_05_02.zip,2018-05-02,2018-05-01 16:00:30
cenace_nd_2018_05_03.zip,2018-05-03,2018-05-02 16:46:00
cenace_nd_2018_05_04.zip,2018-05-04,2018-05-03 15:46:39
cenace_nd_2018_05_05.zip,2018-05-05,2018-05-04 15:20:19
cenace_nd_2018_05_06.zip,2018-05-06,2018-05-05 15:08:31
cenace_nd_2018_05_07.zip,2018-05-07,2018-05-06 16:51:12
cenace_nd_2018_05_08.zip,2018-05-08,2018-05-07 17:49:03
cenace_nd_2018_05_09.zip,2018-05-09,2018-05-08 15:36:33
cenace_nd_2018_05_10.zip,2018-05-10,2018-05-09 16:09:30
cenace_nd_2018_05_11.zip,2018-05-11,2018-05-10 16:06:11
cenace_nd_2018_05_12.zip,2018-05-12,2018-05-11 21:46:41
cenace_nd_2018_05_13.zip,2018-05-13,2018-05-12 15:40:32
cenace_nd_2018_05_14.zip,2018-05-14,2018-05-13 17:48:17
cenace_nd_2018_05_15.zip,2018-05-15,2018-05-14 15:23:50
cenace_nd_2018_05_16.zip,2018-05-16,2018-05-15 16:02:32
cenace_nd_2018_05_17.zip,2018-05-17,2018-05-16 15:10:33
cenace_nd_2018_05_18.zip,2018-05-18,2018-05-17 18:09:08
cenace_nd_2018_05_19.zip,2018-05-19,2018-05-18 16:40:46
cenace_nd_2018_05_20.zip,2018-05-20,2018-05-19 16:28:34
cenace_nd_2018_05_21.zip,2018-05-21,2018-05-20 14:17:53
cenace_nd_2018_05_22.zip,2018-05-22,2018-05-21 15:38:08
cenace_nd_2018_05_23.zip,2018-05-23,2018-05-22 14:27:56
cenace_nd_2018_05_24.zip,2018-05-24,2018-05-23 17:50:08
cenace_nd_2018_05_25.zip,2018-05-25,2018-05-24 15:36:35
cenace_nd_2018_05_26.zip,2018-05-26,2018-05-25 15:47:58
cenace_nd_2018_05_27.zip,2018-05-27,2018-05-26 15:38:02
cenace_nd_2018_05_28.zip,2018-05-28,2018-05-27 18:13:03
cenace_nd_2018_05_29.zip,2018-05-29,2018-05-28 18:01:15
cenace_nd_2018_05_30.zip,2018-05-30,2018-05-29 15:51:33
cenace_nd_2018_05_31.zip,2018-05-31,2018-05-30 15:55:35
cenace_nd_2018_06_01.zip,2018-06-01,2018-05-31 17:13:10
cenace_nd_2018_06_02.zip,2018-06-02,2018-06-01 16:12:16
cenace_nd_2018_06_03.zip,2018-06-03,2018-06-02 16:35:34
cenace_nd_2018_06_04.zip,2018-06-04,2018-06-03 17:22:28
cenace_nd_2018_06_05.zip,2018-06-05,2018-06-04 15:08:27
cenace_nd_2018_06_06.zip,2018-06-06,2018-06-05 14:37:26
cenace_nd_2018_06_07.zip,2018-06-07,2018-06-06 15:45:46
cenace_nd_2018_06_08.zip,2018-06-08,2018-06-07 18:15:44
cenace_nd_2018_06_09.zip,2018-06-09,2018-06-08 15:34:52
cenace_nd_2018_06_10.zip,2018-06-10,2018-06-09 16:51:58
cenace_nd_2018_06_11.zip,2018-06-11,2018-06-10 16:05:58
cenace_nd_2018_06_12.zip,2018-06-12,2018-06-11 18:24:17
cenace_nd_2018_06_13.zip,2018-06-13,2018-06-12 17:10:46
cenace_nd_2018_06_14.zip,2018-06-14,2018-06-13 19:29:38
cenace_nd_2018_06_15.zip,2018-06-15,2018-06-14 15:44:20
cenace_nd_2018_06_16.zip,2018-06-16,2018-06-15 16:19:42
cenace_nd_2018_06_17.zip,2018-06-17,2018-06-16 16:20:13
cenace_nd_2018_06_18.zip,2018-06-18,2018-06-17 15:27:04
cenace_nd_2018_06_19.zip,2018-06-19,2018-06-18 16:45:50
cenace_nd_2018_06_20.zip,2018-06-20,2018-06-19 15:33:51
cenace_nd_2018_06_21.zip,2018-06-21,2018-06-20 15:50:48
cenace_nd_2018_06_22.zip,2018-06-22,2018-06-21 16:39:30
cenace_nd_2018_06_23.zip,2018-06-23,2018-06-22 14:44:05
cenace_nd_2018_06_24.zip,2018-06-24,2018-06-23 15:22:10
cenace_nd_2018_06_25.zip,2018-06-25,2018-06-24 14:52:29
cenace_nd_2018_06_26.zip,2018-06-26,2018-06-25 16:36:44
cenace_nd_2018_06_27.zip,2018-06-27,2018-06-26 16:40:36
cenace_nd_2018_06_28.zip,2018-06-28,2018-06-27 16:16:16
cenace_nd_2018_06_29.zip,2018-06-29,2018-06-28 20:03:31
cenace_nd_2018_06_30.zip,2018-06-30,2018-06-29 14:58:56
cenace_nd_2018_07_01.zip,2018-07-01,2018-06-30 16:24:14
cenace_nd_2018_07_02.zip,2018-07-02,2018-07-01 16:31:03
cenace_nd_2018_07_03.zip,2018-07-03,2018-07-02 14:14:42
cenace_nd_2018_07_04.zip,2018-07-04,2018-07-03 14:25:24
cenace_nd_2018_07_05.zip,2018-07-05,2018-07-04 14:41:20
cenace_nd_2018_07_06.zip,2018-07-06,2018-07-05 14:17:58
cenace_nd_2018_07_07.zip,2018-07-07,2018-07-06 14:44:06
cenace_nd_2018_07_08.zip,2018-07-08,2018-07-07 15:15:44
cenace_nd_2018_07_09.zip,2018-07-09,2018-07-08 14:22:33
cenace_nd_2018_07_10.zip,2018-07-10,2018-07-09 16:11:56
cenace_nd_2018_07_11.zip,2018-07-11,2018-07-10 15:10:58
cenace_nd_2018_07_12.zip,2018-07-12,2018-07-11 16:11:20
cenace_nd_2018_07_13.zip,2018-07-13,2018-07-12 16:56:22
cenace_nd_2018_07_14.zip,2018-07-14,2018-07-13 16:54:26
cenace_nd_2018_07_15.zip,2018-07-15,2018-07-14 17:52:22
cenace_nd_2018_07_16.zip,2018-07-16,2018-07-15 17:36:34
cenace_nd_2018_07_17.zip,2018-07-17,2018-07-16 15:33:15
cenace_nd_2018_07_18.zip,2018-07-18,2018-07-17 16:58:07
cenace_nd_2018_07_19.zip,2018-07-19,2018-07-18 16:27:49
cenace_nd_2018_07_20.zip,2018-07-20,2018-07-19 17:26:51
cenace_nd_2018_07_21.zip,2018-07-21,2018-07-20 15:30:26
cenace_nd_2018_07_22.zip,2018-07-22,2018-07-21 15:35:44
cenace_nd_2018_07_23.zip,2018-07-23,2018-07-22 17:34:43
cenace_nd_2018_07_24.zip,2018-07-24,2018-07-23 20:20:20
cenace_nd_2018_07_25.zip,2018-07-25,2018-08-02 21:11:49
cenace_nd_2018_07_26.zip,2018-07-26,2018-07-25 18:47:19
cenace_nd_2018_07_27.zip,2018-07-27,2018-07-26 16:58:24
cenace_nd_2018_07_28.zip,2018-07-28,2018-07-27 17:46:27
cenace_nd_2018_07_29.zip,2018-07-29,2018-07-28 16:00:55
cenace_nd_2018_07_30.zip,2018-07-30,2018-07-29 15:40:16
cenace_nd_2018_07_31.zip,2018-07-31,2018-07-30 17:50:52
cenace_nd_2018_08_01.zip,2018-08-01,2018-07-31 16:41:11
cenace_nd_2018_08_02.zip,2018-08-02,2018-08-01 16:42:50
cenace_nd_2018_08_03.zip,2018-08-03,2018-08-02 18:19:43
cenace_nd_2018_08_04.zip,2018-08-04,2018-08-03 16:39:12
cenace_nd_2018_08_05.zip,2018-08-05,2018-08-04 16:45:54
cenace_nd_2018_08_06.zip,2018-08-06,2018-08-05 15:46:19
cenace_nd_2018_08_07.zip,2018-08-07,2018-08-06 17:12:58
cenace_nd_2018_08_08.zip,2018-08-08,2018-08-07 18:16:14
cenace_nd_2018_08_09.zip,2018-08-09,2018-08-08 18:34:57
cenace_nd_2018_08_10.zip,2018-08-10,2018-08-09 19:07:03
cenace_nd_2018_08_11.zip,2018-08-11,2018-08-10 16:07:18
cenace_nd_2018_08_12.zip,2018-08-12,2018-08-11 17:25:44
cenace_nd_2018_08_13.zip,2018-08-13,2018-08-12 15:33:46
cenace_nd_2018_08_14.zip,2018-08-14,2018-08-13 18:49:13
cenace_nd_2018_08_15.zip,2018-08-15,2018-08-14 19:33:46
cenace_nd_2018_08_16.zip,2018-08-16,2018-08-15 16:20:47
cenace_nd_2018_08_17.zip,2018-08-17,2018-08-16 17:13:35
cenace_nd_2018_08_18.zip,2018-08-18,2018-08-17 16:59:07
cenace_nd_2018_08_19.zip,2018-08-19,2018-08-18 19:34:52
cenace_nd_2018_08_20.zip,2018-08-20,2018-08-19 19:04:58
cenace_nd_2018_08_21.zip,2018-08-21,2018-08-20 18:26:41
cenace_nd_2018_08_22.zip,2018-08-22,2018-08-21 15:33:33
cenace_nd_2018_08_23.zip,2018-08-23,2018-08-22 16:55:03
cenace_nd_2018_08_24.zip,2018-08-24,2018-08-23 21:28:20
cenace_nd_2018_08_25.zip,2018-08-25,2018-08-24 16:23:05
cenace_nd_2018_08_26.zip,2018-08-26,2018-08-25 15:27:31
cenace_nd_2018_08_27.zip,2018-08-27,2018-08-26 21:41:31
cenace_nd_2018_08_28.zip,2018-08-28,2018-08-27 17:30:38
cenace_nd_2018_08_29.zip,2018-08-29,2018-08-28 16:46:07
cenace_nd_2018_08_30.zip,2018-08-30,2018-08-29 17:44:44
cenace_nd_2018_08_31.zip,2018-08-31,2018-08-30 15:36:40
cenace_nd_2018_09_01.zip,2018-09-01,2018-08-31 17:41:06
cenace_nd_2018_09_02.zip,2018-09-02,2018-09-01 16:07:36
cenace_nd_2018_09_03.zip,2018-09-03,2018-09-02 19:38:49
cenace_nd_2018_09_04.zip,2018-09-04,2018-09-03 17:33:13
cenace_nd_2018_09_05.zip,2018-09-05,2018-09-04 18:41:14
cenace_nd_2018_09_06.zip,2018-09-06,2018-09-05 15:13:18
cenace_nd_2018_09_07.zip,2018-09-07,2018-09-06 16:53:11
cenace_nd_2018_09_08.zip,2018-09-08,2018-09-07 16:21:31
cenace_nd_2018_09_09.zip,2018-09-09,2018-09-08 17:36:02
cenace_nd_2018_09_10.zip,2018-09-10,2018-09-09 16:53:31
cenace_nd_2018_09_11.zip,2018-09-11,2018-09-10 16:55:29
cenace_nd_2018_09_12.zip,2018-09-12,2018-09-11 18:54:26
cenace_nd_2018_09_13.zip,2018-09-13,2018-09-12 16:20:17
cenace_nd_2018_09_14.zip,2018-09-14,2018-09-13 16:00:08
cenace_nd_2018_09_15.zip,2018-09-15,2018-09-14 14:14:33
cenace_nd_2018_09_16.zip,2018-09-16,2018-09-15 14:37:17
cenace_nd_2018_09_17.zip,2018-09-17,2018-09-16 15:48:33
cenace_nd_2018_09_18.zip,2018-09-18,2018-09-17 18:43:35
cenace_nd_2018_09_19.zip,2018-09-19,2018-09-18 16:54:26
cenace_nd_2018_09_20.zip,2018-09-20,2018-09-19 17:47:38
cenace_nd_2018_09_21.zip,2018-09-21,2018-09-20 17:58:24
cenace_nd_2018_09_22.zip,2018-09-22,2018-09-21 20:39:23
cenace_nd_2018_09_23.zip,2018-09-23,2018-09-22 16:51:50
cenace_nd_2018_09_24.zip,2018-09-24,2018-09-23 17:18:16
cenace_nd_2018_09_25.zip,2018-09-25,2018-09-24 15:57:26
cenace_nd_2018_09_26.zip,2018-09-26,2018-09-25 16:39:28
cenace_nd_2018_09_27.zip,2018-09-27,2018-09-26 17:25:16
cenace_nd_2018_09_28.zip,2018-09-28,2018-09-27 16:06:58
cenace_nd_2018_09_29.zip,2018-09-29,2018-09-28 15:34:04
cenace_nd_2018_09_30.zip,2018-09-30,2018-09-29 14:20:17
cenace_nd_2018_10_01.zip,2018-10-01,2018-09-30 15:18:39
cenace_nd_2018_10_02.zip,2018-10-02,2018-10-01 16:51:13
cenace_nd_2018_10_03.zip,2018-10-03,2018-10-02 15:00:25
cenace_nd_2018_10_04.zip,2018-10-04,2018-10-03 17:15:10
cenace_nd_2018_10_05.zip,2018-10-05,2018-10-04 17:46:53
cenace_nd_2018_10_06.zip,2018-10-06,2018-10-05 16:29:00
cenace_nd_2018_10_07.zip,2018-10-07,2018-10-06 17:16:00
cenace_nd_2018_10_08.zip,2018-10-08,2018-10-07 16:05:32
cenace_nd_2018_10_09.zip,2018-10-09,2018-10-08 21:46:38
cenace_nd_2018_10_10.zip,2018-10-10,2018-10-09 17:10:43
cenace_nd_2018_10_11.zip,2018-10-11,2018-10-10 16:39:19
cenace_nd_2018_10_12.zip,2018-10-12,2018-10-11 18:15:13
cenace_nd_2018_10_13.zip,2018-10-13,2018-10-12 17:41:14
cenace_nd_2018_10_14.zip,2018-10-14,2018-10-13 15:29:04
cenace_nd_2018_10_15.zip,2018-10-15,2018-10-14 16:08:35
cenace_nd_2018_10_16.zip,2018-10-16,2018-10-15 16:21:49
cenace_nd_2018_10_17.zip,2018-10-17,2018-10-16 18:28:39
cenace_nd_2018_10_18.zip,2018-10-18,2018-10-17 15:58:17
cenace_nd_2018_10_19.zip,2018-10-19,2018-10-18 15:50:10
cenace_nd_2018_10_20.zip,2018-10-20,2018-10-19 18:54:09
cenace_nd_2018_10_21.zip,2018-10-21,2018-10-20 16:03:32
cenace_nd_2018_10_22.zip,2018-10-22,2018-10-21 15:52:41
cenace_nd_2018_10_23.zip,2018-10-23,2018-10-22 14:20:04
cenace_nd_2018_10_24.zip,2018-10-24,2018-10-23 15:51:04
cenace_nd_2018_10_25.zip,2018-10-25,2018-10-24 19:40:21
cenace_nd_2018_10_26.zip,2018-10-26,2018-10-25 15:42:03
cenace_nd_2018_10_27.zip,2018-10-27,2018-10-26 16:36:38
cenace_nd_2018_10_28.zip,2018-10-28,2018-10-27 15:13:06
cenace_nd_2018_10_29.zip,2018-10-29,2018-10-28 14:48:50
cenace_nd_2018_10_30.zip,2018-10-30,2018-10-29 16:48:57
cenace_nd_2018_10_31.zip,2018-10-31,2018-10-30 16:13:07
cenace_nd_2018_11_01.zip,2018-11-01,2018-10-31 17:41:37
cenace_nd_2018_11_02.zip,2018-11-02,2018-11-01 14:50:20
cenace_nd_2018_11_03.zip,2018-11-03,2018-11-02 16:23:33
cenace_nd_2018_11_04.zip,2018-11-04,2018-11-03 16:02:57
cenace_nd_2018_11_05.zip,2018-11-05,2018-11-04 16:17:52
cenace_nd_2018_11_06.zip,2018-11-06,2018-11-05 15:54:37
cenace_nd_2018_11_07.zip,2018-11-07,2018-11-06 17:16:46
cenace_nd_2018_11_08.zip,2018-11-08,2018-11-07 15:30:40
cenace_nd_2018_11_09.zip,2018-11-09,2018-11-08 15:10:03
cenace_nd_2018_11_10.zip,2018-11-10,2018-11-09 14:41:28
cenace_nd_2018_11_11.zip,2018-11-11,2018-11-10 14:33:10
cenace_nd_2018_11_12.zip,2018-11-12,2018-11-11 14:57:17
cenace_nd_2018_11_13.zip,2018-11-13,2018-11-12 15:40:58
cenace_nd_2018_11_14.zip,2018-11-14,2018-11-13 16:10:32
cenace_nd_2018_11_15.zip,2018-11-15,2018-11-14 15:48:40
cenace_nd_2018_11_16.zip,2018-11-16,2018-11-15 16:46:00
cenace_nd_2018_11_17.zip,2018-11-17,2018-11-16 16:38:47
cenace_nd_2018_11_18.zip,2018-11-18,2018-11-17 16:06:29
cenace_nd_2018_11_19.zip,2018-11-19,2018-11-18 15:55:34
cenace_nd_2018_11_20.zip,2018-11-20,2018-11-19 16:15:51
cenace_nd_2018_11_21.zip,2018-11-21,2018-11-20 15:46:49
cenace_nd_2018_11_22.zip,2018-11-22,2018-11-21 14:49:35
cenace_nd_2018_11_23.zip,2018-11-23,2018-11-22 16:49:15
cenace_nd_2018_11_24.zip,2018-11-24,2018-11-23 16:11:16
cenace_nd_2018_11_25.zip,2018-11-25,2018-11-24 15:31:09
cenace_nd_2018_11_26.zip,2018-11-26,2018-11-25 16:57:00
cenace_nd_2018_11_27.zip,2018-11-27,2018-11-26 16:30:11
cenace_nd_2018_11_28.zip,2018-11-28,2018-11-27 16:57:17
cenace_nd_2018_11_29.zip,2018-11-29,2018-11-28 17:01:04
cenace_nd_2018_11_30.zip,2018-11-30,2018-11-29 16:28:35
cenace_nd_2018_12_01.zip,2018-12-01,2018-11-30 17:36:35
cenace_nd_2018_12_02.zip,2018-12-02,2018-12-01 16:51:35
cenace_nd_2018_12_03.zip,2018-12-03,2018-12-02 18:21:53
cenace_nd_2018_12_04.zip,2018-12-04,2018-12-03 15:40:22
cenace_nd_2018_12_05.zip,2018-12-05,2018-12-04 17:36:38
cenace_nd_2018_12_06.zip,2018-12-06,2018-12-05 15:27:36
cenace_nd_2018_12_07.zip,2018-12-07,2018-12-06 15:23:45
cenace_nd_2018_12_08.zip,2018-12-08,2018-12-07 14:54:57
cenace_nd_2018_12_09.zip,2018-12-09,2018-12-08 14:37:18
cenace_nd_2018_12_10.zip,2018-12-10,2018-12-09 15:17:03
cenace_nd_2018_12_11.zip,2018-12-11,2018-12-10 16:43:49
cenace_nd_2018_12_12.zip,2018-12-12,2018-12-11 15:41:37
cenace_nd_2018_12_13.zip,2018-12-13,2018-12-12 17:37:31
cenace_nd_2018_12_14.zip,2018-12-14,2018-12-13 15:04:26
cenace_nd_2018_12_15.zip,2018-12-15,2018-12-14 16:06:16
cenace_nd_2018_12_16.zip,2018-12-16,2018-12-15 14:37:54
cenace_nd_2018_12_17.zip,2018-12-17,2018-12-16 16:12:53
cenace_nd_2018_12_18.zip,2018-12-18,2018-12-17 15:15:42
cenace_nd_2018_12_19.zip,2018-12-19,2018-12-18 14:19:22
cenace_nd_2018_12_20.zip,2018-12-20,2018-12-19 14:33:56
cenace_nd_2018_12_21.zip,2018-12-21,2018-12-20 14:55:58
cenace_nd_2018_12_22.zip,2018-12-22,2018-12-21 15:31:44
cenace_nd_2018_12_23.zip,2018-12-23,2018-12-22 14:20:03
cenace_nd_2018_12_24.zip,2018-12-24,2018-12-23 14:19:11
cenace_nd_2018_12_25.zip,2018-12-25,2018-12-24 14:59:05
cenace_nd_2018_12_26.zip,2018-12-26,2018-12-25 16:00:03
cenace_nd_2018_12_27.zip,2018-12-27,2018-12-26 15:53:43
cenace_nd_2018_12_28.zip,2018-12-28,2018-12-27 15:23:35
cenace_nd_2018_12_29.zip,2018-12-29,2018-12-28 16:22:29
cenace_nd_2018_12_30.zip,2018-12-30,2018-12-29 15:59:26
cenace_nd_2018_12_31.zip,2018-12-31,2018-12-30 14:26:30
cenace_nd_2019_01_01.zip,2019-01-01,2018-12-31 15:33:57
cenace_nd_2019_01_02.zip,2019-01-02,2019-01-01 14:18:53
cenace_nd_2019_01_03.zip,2019-01-03,2019-01-02 15:42:13
cenace_nd_2019_01_04.zip,2019-01-04,2019-01-03 14:49:43
cenace_nd_2019_01_05.zip,2019-01-05,2019-01-04 15:02:18
cenace_nd_2019_01_06.zip,2019-01-06,2019-01-05 14:44:05
cenace_nd_2019_01_07.zip,2019-01-07,2019-01-06 14:45:50
cenace_nd_2019_01_08.zip,2019-01-08,2019-01-07 15:04:36
cenace_nd_2019_01_09.zip,2019-01-09,2019-01-08 15:34:36
cenace_nd_2019_01_10.zip,2019-01-10,2019-01-09 16:00:23
cenace_nd_2019_01_11.zip,2019-01-11,2019-01-10 15:47:22
cenace_nd_2019_01_12.zip,2019-01-12,2019-01-11 15:41:45
cenace_nd_2019_01_13.zip,2019-01-13,2019-01-12 15:37:30
cenace_nd_2019_01_14.zip,2019-01-14,2019-01-13 15:57:46
cenace_nd_2019_01_15.zip,2019-01-15,2019-01-14 15:47:12
cenace_nd_2019_01_16.zip,2019-01-16,2019-01-15 17:58:03
cenace_nd_2019_01_17.zip,2019-01-17,2019-01-16 14:28:32
cenace_nd_2019_01_18.zip,2019-01-18,2019-01-17 14:35:07
cenace_nd_2019_01_19.zip,2019-01-19,2019-01-18 14:43:28
cenace_nd_2019_01_20.zip,2019-01-20,2019-01-19 14:17:44
cenace_nd_2019_01_21.zip,2019-01-21,2019-01-20 14:08:05
cenace_nd_2019_01_22.zip,2019-01-22,2019-01-21 15:12:12
cenace_nd_2019_01_23.zip,2019-01-23,2019-01-22 16:03:11
cenace_nd_2019_01_24.zip,2019-01-24,2019-01-23 14:56:11
cenace_nd_2019_01_25.zip,2019-01-25,2019-01-24 16:50:58
cenace_nd_2019_01_26.zip,2019-01-26,2019-01-25 15:59:21
cenace_nd_2019_01_27.zip,2019-01-27,2019-01-26 15:24:10
cenace_nd_2019_01_28.zip,2019-01-28,2019-01-27 14:41:19
cenace_nd_2019_01_29.zip,2019-01-29,2019-01-28 17:58:07
cenace_nd_2019_01_30.zip,2019-01-30,2019-01-29 16:45:26
cenace_nd_2019_01_31.zip,2019-01-31,2019-01-30 14:56:19
cenace_nd_2019_02_01.zip,2019-02-01,2019-01-31 17:04:33
cenace_nd_2019_02_02.zip,2019-02-02,2019-02-01 17:26:18
cenace_nd_2019_02_03.zip,2019-02-03,2019-02-02 14:32:17
cenace_nd_2019_02_04.zip,2019-02-04,2019-02-03 14:42:01
cenace_nd_2019_02_05.zip,2019-02-05,2019-02-04 16:33:44
cenace_nd_2019_02_06.zip,2019-02-06,2019-02-05 20:23:44
cenace_nd_2019_02_07.zip,2019-02-07,2019-02-06 18:30:06
cenace_nd_2019_02_08.zip,2019-02-08,2019-02-07 16:47:52
cenace_nd_2019_02_09.zip,2019-02-09,2019-02-08 19:13:55
cenace_nd_2019_02_10.zip,2019-02-10,2019-02-09 17:01:51
cenace_nd_2019_02_11.zip,2019-02-11,2019-02-10 18:24:11
cenace_nd_2019_02_12.zip,2019-02-12,2019-02-11 17:27:41
cenace_nd_2019_02_13.zip,2019-02-13,2019-02-12 16:29:25
cenace_nd_2019_02_14.zip,2019-02-14,2019-02-13 16:59:40
cenace_nd_2019_02_15.zip,2019-02-15,2019-02-21 20:14:15
cenace_nd_2019_02_16.zip,2019-02-16,2019-02-15 17:47:29
cenace_nd_2019_02_17.zip,2019-02-17,2019-02-16 18:41:25
cenace_nd_2019_02_18.zip,2019-02-18,2019-02-17 17:40:18
cenace_nd_2019_02_19.zip,2019-02-19,2019-02-18 19:35:16
cenace_nd_2019_02_20.zip,2019-02-20,2019-02-19 18:20:38
cenace_nd_2019_02_21.zip,2019-02-21,2019-02-20 16:04:52
cenace_nd_2019_02_22.zip,2019-02-22,2019-02-21 19:52:34
cenace_nd_2019_02_23.zip,2019-02-23,2019-02-22 15:45:59
cenace_nd_2019_02_24.zip,2019-02-24,2019-02-23 16:35:54
cenace_nd_2019_02_25.zip,2019-02-25,2019-02-24 14:57:16
cenace_nd_2019_02_26.zip,2019-02-26,2019-02-25 18:57:12
cenace_nd_2019_02_27.zip,2019-02-27,2019-02-26 15:06:24
cenace_nd_2019_02_28.zip,2019-02-28,2019-02-27 16:53:02
cenace_nd_2019_03_01.zip,2019-03-01,2019-02-28 18:51:16
cenace_nd_2019_03_02.zip,2019-03-02,2019-03-01 16:20:28
cenace_nd_2019_03_03.zip,2019-03-03,2019-03-02 17:47:04
cenace_nd_2019_03_04.zip,2019-03-04,2019-03-03 18:40:28
cenace_nd_2019_03_05.zip,2019-03-05,2019-03-04 17:04:01
cenace_nd_2019_03_06.zip,2019-03-06,2019-03-05 17:08:55
cenace_nd_2019_03_07.zip,2019-03-07,2019-03-06 18:42:31
cenace_nd_2019_03_08.zip,2019-03-08,2019-03-07 19:37:14
cenace_nd_2019_03_09.zip,2019-03-09,2019-03-08 18:18:49
cenace_nd_2019_03_10.zip,2019-03-10,2019-03-09 18:41:34
cenace_nd_2019_03_11.zip,2019-03-11,2019-03-10 17:48:25
cenace_nd_2019_03_12.zip,2019-03-12,2019-03-11 15:40:25
cenace_nd_2019_03_13.zip,2019-03-13,2019-03-12 16:13:00
cenace_nd_2019_03_14.zip,2019-03-14,2019-03-13 17:46:33
cenace_nd_2019_03_15.zip,2019-03-15,2019-03-14 18:42:33
cenace_nd_2019_03_16.zip,2019-03-16,2019-03-15 15:48:25
cenace_nd_2019_03_17.zip,2019-03-17,2019-03-16 21:04:33
cenace_nd_2019_03_18.zip,2019-03-18,2019-03-17 16:35:55
cenace_nd_2019_03_19.zip,2019-03-19,2019-03-18 15:57:51
cenace_nd_2019_03_20.zip,2019-03-20,2019-03-19 15:20:21
cenace_nd_2019_03_21.zip,2019-03-21,2019-03-20 14:45:42
cenace_nd_2019_03_22.zip,2019-03-22,2019-03-21 15:32:05
cenace_nd_2019_03_23.zip,2019-03-23,2019-03-22 17:14:47
cenace_nd_2019_03_24.zip,2019-03-24,2019-03-23 15:40:55
cenace_nd_2019_03_25.zip,2019-03-25,2019-03-24 18:36:01
cenace_nd_2019_03_26.zip,2019-03-26,2019-03-25 20:03:20
cenace_nd_2019_03_27.zip,2019-03-27,2019-03-26 18:34:26
cenace_nd_2019_03_28.zip,2019-03-28,2019-03-27 16:37:09
cenace_nd_2019_03_29.zip,2019-03-29,2019-03-28 18:53:34
cenace_nd_2019_03_30.zip,2019-03-30,2019-03-29 16:18:55
cenace_nd_2019_03_31.zip,2019-03-31,2019-03-30 16:47:47
cenace_nd_2019_04_01.zip,2019-04-01,2019-03-31 16:37:52
cenace_nd_2019_04_02.zip,2019-04-02,2019-04-01 20:29:59
cenace_nd_2019_04_03.zip,2019-04-03,2019-04-02 17:47:27
cenace_nd_2019_04_04.zip,2019-04-04,2019-04-03 18:51:44
cenace_nd_2019_04_05.zip,2019-04-05,2019-04-04 18:51:11
cenace_nd_2019_04_06.zip,2019-04-06,2019-04-05 18:56:53
cenace_nd_2019_04_07.zip,2019-04-07,2019-04-06 16:57:45
cenace_nd_2019_04_08.zip,2019-04-08,2019-04-07 17:14:12
cenace_nd_2019_04_09.zip,2019-04-09,2019-04-08 16:42:46
cenace_nd_2019_04_10.zip,2019-04-10,2019-04-09 17:02:13
cenace_nd_2019_04_11.zip,2019-04-11,2019-04-10 15:01:35
cenace_nd_2019_04_12.zip,2019-04-12,2019-04-11 17:28:04
cenace_nd_2019_04_13.zip,2019-04-13,2019-04-12 18:56:53
cenace_nd_2019_04_14.zip,2019-04-14,2019-04-13 16:34:28
cenace_nd_2019_04_15.zip,2019-04-15,2019-04-14 17:27:29
cenace_nd_2019_04_16.zip,2019-04-16,2019-04-15 16:54:28
cenace_nd_2019_04_17.zip,2019-04-17,2019-04-16 21:46:03
cenace_nd_2019_04_18.zip,2019-04-18,2019-04-17 18:47:58
cenace_nd_2019_04_19.zip,2019-04-19,2019-04-18 15:46:45
cenace_nd_2019_04_20.zip,2019-04-20,2019-04-19 15:41:36
cenace_nd_2019_04_21.zip,2019-04-21,2019-04-20 15:42:20
cenace_nd_2019_04_22.zip,2019-04-22,2019-04-21 15:26:39
cenace_nd_2019_04_23.zip,2019-04-23,2019-04-22 17:17:12
cenace_nd_2019_04_24.zip,2019-04-24,2019-04-23 18:48:53
cenace_nd_2019_04_25.zip,2019-04-25,2019-04-24 17:34:00
cenace_nd_2019_04_26.zip,2019-04-26,2019-04-25 15:56:46
cenace_nd_2019_04_27.zip,2019-04-27,2019-04-26 15:40:06
cenace_nd_2019_04_28.zip,2019-04-28,2019-04-27 17:03:28
cenace_nd_2019_04_29.zip,2019-04-29,2019-04-28 16:37:09
cenace_nd_2019_04_30.zip,2019-04-30,2019-04-29 15:10:30
cenace_nd_2019_05_01.zip,2019-05-01,2019-04-30 15:44:13
cenace_nd_2019_05_02.zip,2019-05-02,2019-05-01 16:14:27
cenace_nd_2019_05_03.zip,2019-05-03,2019-05-02 16:33:01
cenace_nd_2019_05_04.zip,2019-05-04,2019-05-03 15:50:28
cenace_nd_2019_05_05.zip,2019-05-05,2019-05-04 16:13:43
cenace_nd_2019_05_06.zip,2019-05-06,2019-05-05 16:04:21
cenace_nd_2019_05_07.zip,2019-05-07,2019-05-06 16:40:06
cenace_nd_2019_05_08.zip,2019-05-08,2019-05-07 15:03:39
cenace_nd_2019_05_09.zip,2019-05-09,2019-05-08 18:15:57
cenace_nd_2019_05_10.zip,2019-05-10,2019-05-09 16:48:38
cenace_nd_2019_05_11.zip,2019-05-11,2019-05-10 14:58:56
cenace_nd_2019_05_12.zip,2019-05-12,2019-05-11 15:17:37
cenace_nd_2019_05_13.zip,2019-05-13,2019-05-12 17:23:58
cenace_nd_2019_05_14.zip,2019-05-14,2019-05-13 14:56:54
cenace_nd_2019_05_15.zip,2019-05-15,2019-05-14 15:25:21
cenace_nd_2019_05_16.zip,2019-05-16,2019-05-15 17:25:27
cenace_nd_2019_05_17.zip,2019-05-17,2019-05-16 18:17:28
cenace_nd_2019_05_18.zip,2019-05-18,2019-05-18 00:00:03
cenace_nd_2019_05_19.zip,2019-05-19,2019-05-18 21:57:46
cenace_nd_2019_05_20.zip,2019-05-20,2019-05-19 16:32:37
cenace_nd_2019_05_21.zip,2019-05-21,2019-05-20 17:32:45
cenace_nd_2019_05_22.zip,2019-05-22,2019-05-21 19:40:26
cenace_nd_2019_05_23.zip,2019-05-23,2019-05-22 19:01:25
cenace_nd_2019_05_24.zip,2019-05-24,2019-05-23 17:36:20
cenace_nd_2019_05_25.zip,2019-05-25,2019-05-24 15:35:54
cenace_nd_2019_05_26.zip,2019-05-26,2019-05-25 16:04:13
cenace_nd_2019_05_27.zip,2019-05-27,2019-05-26 16:15:29
cenace_nd_2019_05_28.zip,2019-05-28,2019-05-27 15:39:40
cenace_nd_2019_05_29.zip,2019-05-29,2019-05-28 16:13:44
cenace_nd_2019_05_30.zip,2019-05-30,2019-05-29 15:56:53
cenace_nd_2019_05_31.zip,2019-05-31,2019-05-30 16:57:39
cenace_nd_2019_06_01.zip,2019-06-01,2019-05-31 16:32:27
cenace_nd_2019_06_02.zip,2019-06-02,2019-06-07 10:12:23
cenace_nd_2019_06_03.zip,2019-06-03,2019-06-02 16:57:46
cenace_nd_2019_06_04.zip,2019-06-04,2019-06-03 16:30:30
cenace_nd_2019_06_05.zip,2019-06-05,2019-06-04 17:03:41
cenace_nd_2019_06_06.zip,2019-06-06,2019-06-05 16:20:22
cenace_nd_2019_06_07.zip,2019-06-07,2019-06-06 16:35:43
cenace_nd_2019_06_08.zip,2019-06-08,2019-06-07 20:03:33
cenace_nd_2019_06_09.zip,2019-06-09,2019-06-08 19:05:27
cenace_nd_2019_06_10.zip,2019-06-10,2019-06-09 15:58:42
cenace_nd_2019_06_11.zip,2019-06-11,2019-06-10 16:19:45
cenace_nd_2019_06_12.zip,2019-06-12,2019-06-11 16:39:17
cenace_nd_2019_06_13.zip,2019-06-13,2019-06-12 18:17:10
cenace_nd_2019_06_14.zip,2019-06-14,2019-06-13 21:41:19
cenace_nd_2019_06_15.zip,2019-06-15,2019-06-14 17:59:07
cenace_nd_2019_06_16.zip,2019-06-16,2019-06-15 16:46:07
cenace_nd_2019_06_17.zip,2019-06-17,2019-06-16 18:16:48
cenace_nd_2019_06_18.zip,2019-06-18,2019-06-17 18:32:40
cenace_nd_2019_06_19.zip,2019-06-19,2019-06-18 16:05:09
cenace_nd_2019_06_20.zip,2019-06-20,2019-06-19 16:30:11
cenace_nd_2019_06_21.zip,2019-06-21,2019-06-20 17:19:44
cenace_nd_2019_06_22.zip,2019-06-22,2019-06-21 17:52:46
cenace_nd_2019_06_23.zip,2019-06-23,2019-06-22 16:01:47
cenace_nd_2019_06_24.zip,2019-06-24,2019-06-23 15:55:14
cenace_nd_2019_06_25.zip,2019-06-25,2019-06-24 16:53:55
cenace_nd_2019_06_26.zip,2019-06-26,2019-06-25 18:27:17
cenace_nd_2019_06_27.zip,2019-06-27,2019-06-26 16:39:49
cenace_nd_2019_06_28.zip,2019-06-28,2019-06-27 17:46:43
cenace_nd_2019_06_29.zip,2019-06-29,2019-06-28 15:14:18
cenace_nd_2019_06_30.zip,2019-06-30,2019-06-29 17:29:14
cenace_nd_2019_07_01.zip,2019-07-01,2019-06-30 16:10:24
cenace_nd_2019_07_02.zip,2019-07-02,2019-07-01 16:21:28
cenace_nd_2019_07_03.zip,2019-07-03,2019-07-02 16:05:52
cenace_nd_2019_07_04.zip,2019-07-04,2019-07-03 19:58:22
cenace_nd_2019_07_05.zip,2019-07-05,2019-07-04 17:13:19
cenace_nd_2019_07_06.zip,2019-07-06,2019-07-05 17:17:14
cenace_nd_2019_07_07.zip,2019-07-07,2019-07-06 16:59:51
cenace_nd_2019_07_08.zip,2019-07-08,2019-07-07 17:01:51
cenace_nd_2019_07_09.zip,2019-07-09,2019-07-08 16:05:27
cenace_nd_2019_07_10.zip,2019-07-10,2019-07-09 18:25:29
cenace_nd_2019_07_11.zip,2019-07-11,2019-07-10 19:09:35
cenace_nd_2019_07_12.zip,2019-07-12,2019-07-11 17:14:00
cenace_nd_2019_07_13.zip,2019-07-13,2019-07-12 19:11:30
cenace_nd_2019_07_14.zip,2019-07-14,2019-07-13 17:29:32
cenace_nd_2019_07_15.zip,2019-07-15,2019-07-14 16:40:10
cenace_nd_2019_07_16.zip,2019-07-16,2019-07-15 19:04:10
cenace_nd_2019_07_17.zip,2019-07-17,2019-07-16 17:42:26
cenace_nd_2019_07_18.zip,2019-07-18,2019-07-17 15:52:42
cenace_nd_2019_07_19.zip,2019-07-19,2019-07-18 14:53:41
cenace_nd_2019_07_20.zip,2019-07-20,2019-07-19 17:01:20
cenace_nd_2019_07_21.zip,2019-07-21,2019-07-20 16:30:54
cenace_nd_2019_07_22.zip,2019-07-22,2019-07-21 15:07:53
cenace_nd_2019_07_23.zip,2019-07-23,2019-07-22 17:40:47
cenace_nd_2019_07_24.zip,2019-07-24,2019-07-23 16:03:46
cenace_nd_2019_07_25.zip,2019-07-25,2019-07-24 17:30:42
cenace_nd_2019_07_26.zip,2019-07-26,2019-07-25 16:33:26
cenace_nd_2019_07_27.zip,2019-07-27,2019-07-26 16:50:24
cenace_nd_2019_07_28.zip,2019-07-28,2019-07-27 15:38:38
cenace_nd_2019_07_29.zip,2019-07-29,2019-07-28 16:28:03
cenace_nd_2019_07_30.zip,2019-07-30,2019-07-29 16:54:04
cenace_nd_2019_07_31.zip,2019-07-31,2019-07-30 17:28:46
cenace_nd_2019_08_01.zip,2019-08-01,2019-07-31 17:24:30
cenace_nd_2019_08_02.zip,2019-08-02,2019-08-01 16:14:25
cenace_nd_2019_08_03.zip,2019-08-03,2019-08-02 18:49:00
cenace_nd_2019_08_04.zip,2019-08-04,2019-08-03 17:17:03
cenace_nd_2019_08_05.zip,2019-08-05,2019-08-04 18:56:40
cenace_nd_2019_08_06.zip,2019-08-06,2019-08-05 17:48:28
cenace_nd_2019_08_07.zip,2019-08-07,2019-08-06 16:46:04
cenace_nd_2019_08_08.zip,2019-08-08,2019-08-07 17:23:56
cenace_nd_2019_08_09.zip,2019-08-09,2019-08-08 18:14:29
cenace_nd_2019_08_10.zip,2019-08-10,2019-08-09 16:12:21
cenace_nd_2019_08_11.zip,2019-08-11,2019-08-10 18:08:52
cenace_nd_2019_08_12.zip,2019-08-12,2019-08-11 15:44:05
cenace_nd_2019_08_13.zip,2019-08-13,2019-08-12 16:52:57
cenace_nd_2019_08_14.zip,2019-08-14,2019-08-13 16:22:18
cenace_nd_2019_08_15.zip,2019-08-15,2019-08-14 15:39:11
cenace_nd_2019_08_16.zip,2019-08-16,2019-08-15 15:51:34
cenace_nd_2019_08_17.zip,2019-08-17,2019-08-16 15:44:48
cenace_nd_2019_08_18.zip,2019-08-18,2019-08-17 15:29:51
cenace_nd_2019_08_19.zip,2019-08-19,2019-08-18 15:20:05
cenace_nd_2019_08_20.zip,2019-08-20,2019-08-19 16:06:30
cenace_nd_2019_08_21.zip,2019-08-21,2019-08-20 15:27:56
cenace_nd_2019_08_22.zip,2019-08-22,2019-08-21 18:53:37
cenace_nd_2019_08_23.zip,2019-08-23,2019-08-22 19:46:56
cenace_nd_2019_08_24.zip,2019-08-24,2019-08-23 17:20:33
cenace_nd_2019_08_25.zip,2019-08-25,2019-08-24 17:14:15
cenace_nd_2019_08_26.zip,2019-08-26,2019-08-25 16:41:56
cenace_nd_2019_08_27.zip,2019-08-27,2019-08-26 19:10:26
cenace_nd_2019_08_28.zip,2019-08-28,2019-08-27 18:12:10
cenace_nd_2019_08_29.zip,2019-08-29,2019-08-28 16:56:27
cenace_nd_2019_08_30.zip,2019-08-30,2019-08-29 16:48:40
cenace_nd_2019_08_31.zip,2019-08-31,2019-08-30 18:04:27
cenace_nd_2019_09_01.zip,2019-09-01,2019-08-31 17:18:33
cenace_nd_2019_09_02.zip,2019-09-02,2019-09-01 16:16:01
cenace_nd_2019_09_03.zip,2019-09-03,2019-09-02 16:25:37
cenace_nd_2019_09_04.zip,2019-09-04,2019-09-03 16:22:21
cenace_nd_2019_09_05.zip,2019-09-05,2019-09-04 18:35:56
cenace_nd_2019_09_06.zip,2019-09-06,2019-09-05 17:40:52
cenace_nd_2019_09_07.zip,2019-09-07,2019-09-06 17:12:57
cenace_nd_2019_09_08.zip,2019-09-08,2019-09-07 15:25:36
cenace_nd_2019_09_09.zip,2019-09-09,2019-09-08 15:04:12
cenace_nd_2019_09_10.zip,2019-09-10,2019-09-09 17:11:09
cenace_nd_2019_09_11.zip,2019-09-11,2019-09-10 15:13:41
cenace_nd_2019_09_12.zip,2019-09-12,2019-09-11 15:24:09
cenace_nd_2019_09_13.zip,2019-09-13,2019-09-12 15:41:06
cenace_nd_2019_09_14.zip,2019-09-14,2019-09-13 14:46:33
cenace_nd_2019_09_15.zip,2019-09-15,2019-09-14 15:05:23
cenace_nd_2019_09_16.zip,2019-09-16,2019-09-15 15:40:15
cenace_nd_2019_09_17.zip,2019-09-17,2019-09-16 16:54:00
cenace_nd_2019_09_18.zip,2019-09-18,2019-09-17 16:55:13
cenace_nd_2019_09_19.zip,2019-09-19,2019-09-18 18:00:13
cenace_nd_2019_09_20.zip,2019-09-20,2019-09-19 16:54:03
cenace_nd_2019_09_21.zip,2019-09-21,2019-09-20 15:29:35
cenace_nd_2019_09_22.zip,2019-09-22,2019-09-21 15:31:17
cenace_nd_2019_09_23.zip,2019-09-23,2019-09-22 17:42:34
cenace_nd_2019_09_24.zip,2019-09-24,2019-09-23 16:57:04
cenace_nd_2019_09_25.zip,2019-09-25,2019-09-24 22:22:24
cenace_nd_2019_09_26.zip,2019-09-26,2019-09-25 17:55:20
cenace_nd_2019_09_27.zip,2019-09-27,2019-09-26 20:25:34
cenace_nd_2019_09_28.zip,2019-09-28,2019-09-27 19:09:21
cenace_nd_2019_09_29.zip,2019-09-29,2019-09-28 15:52:23
cenace_nd_2019_09_30.zip,2019-09-30,2019-09-29 15:55:34
cenace_nd_2019_10_01.zip,2019-10-01,2019-09-30 17:19:43
cenace_nd_2019_10_02.zip,2019-10-02,2019-10-01 15:07:50
cenace_nd_2019_10_03.zip,2019-10-03,2019-10-02 20:12:47
cenace_nd_2019_10_04.zip,2019-10-04,2019-10-03 19:06:26
cenace_nd_2019_10_05.zip,2019-10-05,2019-10-04 16:40:27
cenace_nd_2019_10_06.zip,2019-10-06,2019-10-05 15:58:12
cenace_nd_2019_10_07.zip,2019-10-07,2019-10-06 17:29:08
cenace_nd_2019_10_08.zip,2019-10-08,2019-10-07 16:23:29
cenace_nd_2019_10_09.zip,2019-10-09,2019-10-08 20:06:17
cenace_nd_2019_10_10.zip,2019-10-10,2019-10-09 17:00:35
cenace_nd_2019_10_11.zip,2019-10-11,2019-10-10 18:57:08
cenace_nd_2019_10_12.zip,2019-10-12,2019-10-11 17:49:46
cenace_nd_2019_10_13.zip,2019-10-13,2019-10-12 16:51:58
cenace_nd_2019_10_14.zip,2019-10-14,2019-10-13 16:50:05
cenace_nd_2019_10_15.zip,2019-10-15,2019-10-14 15:14:24
cenace_nd_2019_10_16.zip,2019-10-16,2019-10-15 22:57:05
cenace_nd_2019_10_17.zip,2019-10-17,2019-10-16 22:27:14
cenace_nd_2019_10_18.zip,2019-10-18,2019-10-17 21:19:43
cenace_nd_2019_10_19.zip,2019-10-19,2019-10-18 17:16:08
cenace_nd_2019_10_20.zip,2019-10-20,2019-10-19 16:02:57
cenace_nd_2019_10_21.zip,2019-10-21,2019-10-20 18:16:28
cenace_nd_2019_10_22.zip,2019-10-22,2019-10-21 16:34:06
cenace_nd_2019_10_23.zip,2019-10-23,2019-10-22 17:05:57
cenace_nd_2019_10_24.zip,2019-10-24,2019-10-23 16:54:01
cenace_nd_2019_10_25.zip,2019-10-25,2019-10-24 15:12:48
cenace_nd_2019_10_26.zip,2019-10-26,2019-10-25 16:30:08
cenace_nd_2019_10_27.zip,2019-10-27,2019-10-26 18:02:16
cenace_nd_2019_10_28.zip,2019-10-28,2019-10-27 16:22:38
cenace_nd_2019_10_29.zip,2019-10-29,2019-10-28 15:41:11
cenace_nd_2019_10_30.zip,2019-10-30,2019-10-29 17:19:33
cenace_nd_2019_10_31.zip,2019-10-31,2019-10-30 16:23:44
cenace_nd_2019_11_01.zip,2019-11-01,2019-10-31 16:52:08
cenace_nd_2019_11_02.zip,2019-11-02,2019-11-01 15:17:35
cenace_nd_2019_11_03.zip,2019-11-03,2019-11-02 15:58:36
cenace_nd_2019_11_04.zip,2019-11-04,2019-11-03 17:54:34
cenace_nd_2019_11_05.zip,2019-11-05,2019-11-04 16:09:37
cenace_nd_2019_11_06.zip,2019-11-06,2019-11-05 18:07:01
cenace_nd_2019_11_07.zip,2019-11-07,2019-11-06 21:12:44
cenace_nd_2019_11_08.zip,2019-11-08,2019-11-07 15:11:24
cenace_nd_2019_11_09.zip,2019-11-09,2019-11-08 16:05:39
cenace_nd_2019_11_10.zip,2019-11-10,2019-11-09 14:45:13
cenace_nd_2019_11_11.zip,2019-11-11,2019-11-10 16:48:59
cenace_nd_2019_11_12.zip,2019-11-12,2019-11-11 16:44:32
cenace_nd_2019_11_13.zip,2019-11-13,2019-11-12 15:35:58
cenace_nd_2019_11_14.zip,2019-11-14,2019-11-13 16:07:33
cenace_nd_2019_11_15.zip,2019-11-15,2019-11-14 17:07:18
cenace_nd_2019_11_16.zip,2019-11-16,2019-11-15 15:35:23
cenace_nd_2019_11_17.zip,2019-11-17,2019-11-16 14:53:48
cenace_nd_2019_11_18.zip,2019-11-18,2019-11-17 15:15:46
cenace_nd_2019_11_19.zip,2019-11-19,2019-11-18 15:50:50
cenace_nd_2019_11_20.zip,2019-11-20,2019-11-19 16:47:04
cenace_nd_2019_11_21.zip,2019-11-21,2019-11-20 16:51:18
cenace_nd_2019_11_22.zip,2019-11-22,2019-11-21 17:35:17
cenace_nd_2019_11_23.zip,2019-11-23,2019-11-22 16:48:19
cenace_nd_2019_11_24.zip,2019-11-24,2019-11-23 15:40:05
cenace_nd_2019_11_25.zip,2019-11-25,2019-11-24 16:04:04
cenace_nd_2019_11_26.zip,2019-11-26,2019-11-25 18:27:10
cenace_nd_2019_11_27.zip,2019-11-27,2019-11-26 18:12:38
cenace_nd_2019_11_28.zip,2019-11-28,2019-11-27 18:01:36
cenace_nd_2019_11_29.zip,2019-11-29,2019-11-28 17:26:58
cenace_nd_2019_11_30.zip,2019-11-30,2019-11-29 17:04:20
cenace_nd_2019_12_01.zip,2019-12-01,2019-11-30 16:41:54
cenace_nd_2019_12_02.zip,2019-12-02,2019-12-01 15:48:19
cenace_nd_2019_12_03.zip,2019-12-03,2019-12-02 16:44:55
cenace_nd_2019_12_04.zip,2019-12-04,2019-12-03 19:22:55
cenace_nd_2019_12_05.zip,2019-12-05,2019-12-04 16:58:15
cenace_nd_2019_12_06.zip,2019-12-06,2019-12-05 15:24:44
cenace_nd_2019_12_07.zip,2019-12-07,2019-12-06 14:16:16
cenace_nd_2019_12_08.zip,2019-12-08,2019-12-07 15:14:46
cenace_nd_2019_12_09.zip,2019-12-09,2019-12-08 15:05:41
cenace_nd_2019_12_10.zip,2019-12-10,2019-12-09 16:43:25
cenace_nd_2019_12_11.zip,2019-12-11,2019-12-10 15:19:58
cenace_nd_2019_12_12.zip,2019-12-12,2019-12-11 15:34:42
cenace_nd_2019_12_13.zip,2019-12-13,2019-12-12 16:41:59
cenace_nd_2019_12_14.zip,2019-12-14,2019-12-13 15:42:53
cenace_nd_2019_12_15.zip,2019-12-15,2019-12-14 18:09:51
cenace_nd_2019_12_16.zip,2019-12-16,2019-12-15 16:11:50
cenace_nd_2019_12_17.zip,2019-12-17,2019-12-16 17:34:52
cenace_nd_2019_12_18.zip,2019-12-18,2019-12-17 15:15:05
cenace_nd_2019_12_19.zip,2019-12-19,2019-12-18 16:28:06
cenace_nd_2019_12_20.zip,2019-12-20,2019-12-19 14:38:38
cenace_nd_2019_12_21.zip,2019-12-21,2019-12-20 15:20:03
cenace_nd_2019_12_22.zip,2019-12-22,2019-12-21 15:24:10
cenace_nd_2019_12_23.zip,2019-12-23,2019-12-22 15:22:50
cenace_nd_2019_12_24.zip,2019-12-24,2019-12-23 15:02:47
cenace_nd_2019_12_25.zip,2019-12-25,2019-12-24 16:48:50
cenace_nd_2019_12_26.zip,2019-12-26,2019-12-25 16:08:07
cenace_nd_2019_12_27.zip,2019-12-27,2019-12-26 15:08:18
cenace_nd_2019_12_28.zip,2019-12-28,2019-12-27 16:47:32
cenace_nd_2019_12_29.zip,2019-12-29,2019-12-28 17:43:43
cenace_nd_2019_12_30.zip,2019-12-30,2019-12-29 16:59:38
cenace_nd_2019_12_31.zip,2019-12-31,2019-12-30 18:47:04
cenace_nd_2020_01_01.zip,2020-01-01,2019-12-31 17:33:33
cenace_nd_2020_01_02.zip,2020-01-02,2020-01-01 15:15:30
cenace_nd_2020_01_03.zip,2020-01-03,2020-01-02 17:58:23
cenace_nd_2020_01_04.zip,2020-01-04,2020-01-03 15:07:53
cenace_nd_2020_01_05.zip,2020-01-05,2020-01-04 16:33:52
cenace_nd_2020_01_06.zip,2020-01-06,2020-01-05 15:41:53
cenace_nd_2020_01_07.zip,2020-01-07,2020-01-06 15:10:31
cenace_nd_2020_01_08.zip,2020-01-08,2020-01-07 14:50:03
cenace_nd_2020_01_09.zip,2020-01-09,2020-01-08 17:24:53
cenace_nd_2020_01_10.zip,2020-01-10,2020-01-09 18:36:59
cenace_nd_2020_01_11.zip,2020-01-11,2020-01-10 15:58:03
cenace_nd_2020_01_12.zip,2020-01-12,2020-01-11 15:13:39
cenace_nd_2020_01_13.zip,2020-01-13,2020-01-12 16:22:35
cenace_nd_2020_01_14.zip,2020-01-14,2020-01-13 15:39:44
cenace_nd_2020_01_15.zip,2020-01-15,2020-01-14 17:18:59
cenace_nd_2020_01_16.zip,2020-01-16,2020-01-15 15:48:52
cenace_nd_2020_01_17.zip,2020-01-17,2020-01-16 16:18:58
cenace_nd_2020_01_18.zip,2020-01-18,2020-01-17 16:35:59
cenace_nd_2020_01_19.zip,2020-01-19,2020-01-18 16:31:18
cenace_nd_2020_01_20.zip,2020-01-20,2020-01-19 16:40:06
cenace_nd_2020_01_21.zip,2020-01-21,2020-01-20 15:17:03
cenace_nd_2020_01_22.zip,2020-01-22,2020-01-21 15:56:55
cenace_nd_2020_01_23.zip,2020-01-23,2020-01-22 18:04:21
cenace_nd_2020_01_24.zip,2020-01-24,2020-01-23 15:36:41
cenace_nd_2020_01_25.zip,2020-01-25,2020-01-24 15:54:08
cenace_nd_2020_01_26.zip,2020-01-26,2020-01-25 15:28:39
cenace_nd_2020_01_27.zip,2020-01-27,2020-01-26 16:35:30
cenace_nd_2020_01_28.zip,2020-01-28,2020-01-27 16:54:03
cenace_nd_2020_01_29.zip,2020-01-29,2020-01-28 14:44:58
cenace_nd_2020_01_30.zip,2020-01-30,2020-01-29 15:58:18
cenace_nd_2020_01_31.zip,2020-01-31,2020-01-30 16:34:30
cenace_nd_2020_02_01.zip,2020-02-01,2020-01-31 16:26:51
cenace_nd_2020_02_02.zip,2020-02-02,2020-02-01 14:50:27
cenace_nd_2020_02_03.zip,2020-02-03,2020-02-02 16:56:00
cenace_nd_2020_02_04.zip,2020-02-04,2020-02-03 18:06:22
cenace_nd_2020_02_05.zip,2020-02-05,2020-02-04 16:39:05
cenace_nd_2020_02_06.zip,2020-02-06,2020-02-05 16:57:11
cenace_nd_2020_02_07.zip,2020-02-07,2020-02-06 15:29:32
cenace_nd_2020_02_08.zip,2020-02-08,2020-02-07 19:12:25
cenace_nd_2020_02_09.zip,2020-02-09,2020-02-08 15:49:15
cenace_nd_2020_02_10.zip,2020-02-10,2020-02-09 17:37:17
cenace_nd_2020_02_11.zip,2020-02-11,2020-02-10 16:39:22
cenace_nd_2020_02_12.zip,2020-02-12,2020-02-11 18:25:00
cenace_nd_2020_02_13.zip,2020-02-13,2020-02-12 15:52:40
cenace_nd_2020_02_14.zip,2020-02-14,2020-02-13 15:40:05
cenace_nd_2020_02_15.zip,2020-02-15,2020-02-14 14:59:51
cenace_nd_2020_02_16.zip,2020-02-16,2020-02-15 17:59:31
cenace_nd_2020_02_17.zip,2020-02-17,2020-02-16 16:07:12
cenace_nd_2020_02_18.zip,2020-02-18,2020-02-17 15:58:47
cenace_nd_2020_02_19.zip,2020-02-19,2020-02-18 16:31:27
cenace_nd_2020_02_20.zip,2020-02-20,2020-02-19 15:39:05
cenace_nd_2020_02_21.zip,2020-02-21,2020-02-20 15:22:54
cenace_nd_2020_02_22.zip,2020-02-22,2020-02-21 14:36:52
cenace_nd_2020_02_23.zip,2020-02-23,2020-02-22 17:31:57
cenace_nd_2020_02_24.zip,2020-02-24,2020-02-23 18:22:43
cenace_nd_2020_02_25.zip,2020-02-25,2020-02-24 15:49:36
cenace_nd_2020_02_26.zip,2020-02-26,2020-02-25 16:54:47
cenace_nd_2020_02_27.zip,2020-02-27,2020-02-26 14:40:03
cenace_nd_2020_02_28.zip,2020-02-28,2020-02-27 15:08:57
cenace_nd_2020_02_29.zip,2020-02-29,2020-02-28 15:06:36
cenace_nd_2020_03_01.zip,2020-03-01,2020-02-29 17:30:38
cenace_nd_2020_03_02.zip,2020-03-02,2020-03-01 15:47:06
cenace_nd_2020_03_03.zip,2020-03-03,2020-03-02 15:03:01
cenace_nd_2020_03_04.zip,2020-03-04,2020-03-03 16:07:04
cenace_nd_2020_03_05.zip,2020-03-05,2020-03-04 16:37:22
cenace_nd_2020_03_06.zip,2020-03-06,2020-03-05 17:02:49
cenace_nd_2020_03_07.zip,2020-03-07,2020-03-06 16:23:13
cenace_nd_2020_03_08.zip,2020-03-08,2020-03-07 16:40:35
cenace_nd_2020_03_09.zip,2020-03-09,2020-03-08 15:37:27
cenace_nd_2020_03_10.zip,2020-03-10,2020-03-09 16:53:00
cenace_nd_2020_03_11.zip,2020-03-11,2020-03-10 15:59:51
cenace_nd_2020_03_12.zip,2020-03-12,2020-03-11 16:21:34
cenace_nd_2020_03_13.zip,2020-03-13,2020-03-12 20:34:03
cenace_nd_2020_03_14.zip,2020-03-14,2020-03-13 17:39:21
cenace_nd_2020_03_15.zip,2020-03-15,2020-03-14 17:33:29
cenace_nd_2020_03_16.zip,2020-03-16,2020-03-15 15:15:33
cenace_nd_2020_03_17.zip,2020-03-17,2020-03-16 17:57:27
cenace_nd_2020_03_18.zip,2020-03-18,2020-03-17 20:05:55
cenace_nd_2020_03_19.zip,2020-03-19,2020-03-18 18:15:13
cenace_nd_2020_03_20.zip,2020-03-20,2020-03-19 15:35:18
cenace_nd_2020_03_21.zip,2020-03-21,2020-03-20 15:59:08
cenace_nd_2020_03_22.zip,2020-03-22,2020-03-21 18:24:56
cenace_nd_2020_03_23.zip,2020-03-23,2020-03-22 14:57:07
cenace_nd_2020_03_24.zip,2020-03-24,2020-03-23 15:56:22
cenace_nd_2020_03_25.zip,2020-03-25,2020-03-24 15:44:32
cenace_nd_2020_03_26.zip,2020-03-26,2020-03-25 15:47:55
cenace_nd_2020_03_27.zip,2020-03-27,2020-03-26 17:34:50
cenace_nd_2020_03_28.zip,2020-03-28,2020-03-27 14:54:16
cenace_nd_2020_03_29.zip,2020-03-29,2020-03-28 15:42:04
cenace_nd_2020_03_30.zip,2020-03-30,2020-03-29 15:27:13
cenace_nd_2020_03_31.zip,2020-03-31,2020-03-30 15:24:05
cenace_nd_2020_04_01.zip,2020-04-01,2020-03-31 16:26:23
cenace_nd_2020_04_02.zip,2020-04-02,2020-04-01 16:20:24
cenace_nd_2020_04_03.zip,2020-04-03,2020-04-02 17:09:10
cenace_nd_2020_04_04.zip,2020-04-04,2020-04-03 18:38:04
cenace_nd_2020_04_05.zip,2020-04-05,2020-04-04 19:00:05
cenace_nd_2020_04_06.zip,2020-04-06,2020-04-05 16:53:49
cenace_nd_2020_04_07.zip,2020-04-07,2020-04-06 16:26:27
cenace_nd_2020_04_08.zip,2020-04-08,2020-04-07 15:43:55
cenace_nd_2020_04_09.zip,2020-04-09,2020-04-08 17:42:51
cenace_nd_2020_04_10.zip,2020-04-10,2020-04-09 16:13:37
cenace_nd_2020_04_11.zip,2020-04-11,2020-04-10 16:24:17
cenace_nd_2020_04_12.zip,2020-04-12,2020-04-11 17:24:07
cenace_nd_2020_04_13.zip,2020-04-13,2020-04-12 17:04:28
cenace_nd_2020_04_14.zip,2020-04-14,2020-04-13 15:29:43
cenace_nd_2020_04_15.zip,2020-04-15,2020-04-14 15:57:37
cenace_nd_2020_04_16.zip,2020-04-16,2020-04-15 17:16:09
cenace_nd_2020_04_17.zip,2020-04-17,2020-04-16 15:25:43
cenace_nd_2020_04_18.zip,2020-04-18,2020-04-17 15:46:39
cenace_nd_2020_04_19.zip,2020-04-19,2020-04-18 15:33:47
cenace_nd_2020_04_20.zip,2020-04-20,2020-04-19 17:06:08
cenace_nd_2020_04_21.zip,2020-04-21,2020-04-20 15:29:33
cenace_nd_2020_04_22.zip,2020-04-22,2020-04-21 14:45:33
cenace_nd_2020_04_23.zip,2020-04-23,2020-04-22 16:18:18
cenace_nd_2020_04_24.zip,2020-04-24,2020-04-23 15:49:32
cenace_nd_2020_04_25.zip,2020-04-25,2020-04-24 15:57:42
cenace_nd_2020_04_26.zip,2020-04-26,2020-04-25 17:28:53
cenace_nd_2020_04_27.zip,2020-04-27,2020-04-26 15:48:50
cenace_nd_2020_04_28.zip,2020-04-28,2020-04-27 14:34:51
cenace_nd_2020_04_29.zip,2020-04-29,2020-04-28 14:50:32
cenace_nd_2020_04_30.zip,2020-04-30,2020-04-29 15:49:09
cenace_nd_2020_05_01.zip,2020-05-01,2020-04-30 15:55:29
cenace_nd_2020_05_02.zip,2020-05-02,2020-05-01 15:51:18
cenace_nd_2020_05_03.zip,2020-05-03,2020-05-02 17:56:38
cenace_nd_2020_05_04.zip,2020-05-04,2020-05-03 16:15:08
cenace_nd_2020_05_05.zip,2020-05-05,2020-05-04 16:11:09
cenace_nd_2020_05_06.zip,2020-05-06,2020-05-05 16:05:25
cenace_nd_2020_05_07.zip,2020-05-07,2020-05-06 17:35:30
cenace_nd_2020_05_08.zip,2020-05-08,2020-05-07 16:39:19
cenace_nd_2020_05_09.zip,2020-05-09,2020-05-08 15:56:18
cenace_nd_2020_05_10.zip,2020-05-10,2020-05-09 18:39:29
cenace_nd_2020_05_11.zip,2020-05-11,2020-05-10 15:53:25
cenace_nd_2020_05_12.zip,2020-05-12,2020-05-11 15:25:41
cenace_nd_2020_05_13.zip,2020-05-13,2020-05-12 15:31:53
cenace_nd_2020_05_14.zip,2020-05-14,2020-05-13 15:15:56
cenace_nd_2020_05_15.zip,2020-05-15,2020-05-14 14:54:39
cenace_nd_2020_05_16.zip,2020-05-16,2020-05-15 15:29:30
cenace_nd_2020_05_17.zip,2020-05-17,2020-05-16 15:58:19
cenace_nd_2020_05_18.zip,2020-05-18,2020-05-17 15:08:59
cenace_nd_2020_05_19.zip,2020-05-19,2020-05-18 15:02:23
cenace_nd_2020_05_20.zip,2020-05-20,2020-05-19 14:47:36
cenace_nd_2020_05_21.zip,2020-05-21,2020-05-20 16:20:49
cenace_nd_2020_05_22.zip,2020-05-22,2020-05-21 16:05:27
cenace_nd_2020_05_23.zip,2020-05-23,2020-05-22 18:09:59
cenace_nd_2020_05_24.zip,2020-05-24,2020-05-23 16:58:48
cenace_nd_2020_05_25.zip,2020-05-25,2020-05-24 17:24:20
cenace_nd_2020_05_26.zip,2020-05-26,2020-05-25 17:55:57
cenace_nd_2020_05_27.zip,2020-05-27,2020-05-26 17:10:17
cenace_nd_2020_05_28.zip,2020-05-28,2020-05-27 18:29:37
cenace_nd_2020_05_29.zip,2020-05-29,2020-05-28 15:51:14
cenace_nd_2020_05_30.zip,2020-05-30,2020-05-29 15:11:51
cenace_nd_2020_05_31.zip,2020-05-31,2020-05-30 15:14:33
cenace_nd_2020_06_01.zip,2020-06-01,2020-05-31 16:28:44
cenace_nd_2020_06_02.zip,2020-06-02,2020-06-01 15:29:44
cenace_nd_2020_06_03.zip,2020-06-03,2020-06-02 15:19:48
cenace_nd_2020_06_04.zip,2020-06-04,2020-06-03 18:26:32
cenace_nd_2020_06_05.zip,2020-06-05,2020-06-04 16:45:09
cenace_nd_2020_06_06.zip,2020-06-06,2020-06-05 17:41:32
cenace_nd_2020_06_07.zip,2020-06-07,2020-06-06 17:28:36
cenace_nd_2020_06_08.zip,2020-06-08,2020-06-07 16:45:42
cenace_nd_2020_06_09.zip,2020-06-09,2020-06-08 17:35:41
cenace_nd_2020_06_10.zip,2020-06-10,2020-06-09 17:11:50
cenace_nd_2020_06_11.zip,2020-06-11,2020-06-10 15:50:08
cenace_nd_2020_06_12.zip,2020-06-12,2020-06-11 15:03:32
cenace_nd_2020_06_13.zip,2020-06-13,2020-06-12 15:04:52
cenace_nd_2020_06_14.zip,2020-06-14,2020-06-13 15:00:09
cenace_nd_2020_06_15.zip,2020-06-15,2020-06-14 14:51:31
cenace_nd_2020_06_16.zip,2020-06-16,2020-06-15 15:04:27
cenace_nd_2020_06_17.zip,2020-06-17,2020-06-16 15:19:05
cenace_nd_2020_06_18.zip,2020-06-18,2020-06-17 14:59:32
cenace_nd_2020_06_19.zip,2020-06-19,2020-06-18 14:47:45
cenace_nd_2020_06_20.zip,2020-06-20,2020-06-19 15:11:41
cenace_nd_2020_06_21.zip,2020-06-21,2020-06-20 15:18:58
cenace_nd_2020_06_22.zip,2020-06-22,2020-06-21 14:52:52
cenace_nd_2020_06_23.zip,2020-06-23,2020-06-22 14:33:32
cenace_nd_2020_06_24.zip,2020-06-24,2020-06-23 15:18:16
cenace_nd_2020_06_25.zip,2020-06-25,2020-06-24 15:08:23
cenace_nd_2020_06_26.zip,2020-06-26,2020-06-25 15:25:24
cenace_nd_2020_06_27.zip,2020-06-27,2020-06-26 14:45:22
cenace_nd_2020_06_28.zip,2020-06-28,2020-06-27 16:20:47
cenace_nd_2020_06_29.zip,2020-06-29,2020-06-28 15:50:36
cenace_nd_2020_06_30.zip,2020-06-30,2020-06-29 14:43:24
cenace_nd_2020_07_01.zip,2020-07-01,2020-06-30 14:59:46
cenace_nd_2020_07_02.zip,2020-07-02,2020-07-01 15:56:28
cenace_nd_2020_07_03.zip,2020-07-03,2020-07-02 15:01:25
cenace_nd_2020_07_04.zip,2020-07-04,2020-07-03 15:21:15
cenace_nd_2020_07_05.zip,2020-07-05,2020-07-04 15:37:00
cenace_nd_2020_07_06.zip,2020-07-06,2020-07-05 15:35:25
cenace_nd_2020_07_07.zip,2020-07-07,2020-07-06 14:27:56
cenace_nd_2020_07_08.zip,2020-07-08,2020-07-07 15:05:12
cenace_nd_2020_07_09.zip,2020-07-09,2020-07-08 16:08:21
cenace_nd_2020_07_10.zip,2020-07-10,2020-07-09 16:05:35
cenace_nd_2020_07_11.zip,2020-07-11,2020-07-10 18:01:19
cenace_nd_2020_07_12.zip,2020-07-12,2020-07-11 16:44:32
cenace_nd_2020_07_13.zip,2020-07-13,2020-07-12 15:57:11
cenace_nd_2020_07_14.zip,2020-07-14,2020-07-13 16:08:51
cenace_nd_2020_07_15.zip,2020-07-15,2020-07-14 15:17:25
cenace_nd_2020_07_16.zip,2020-07-16,2020-07-15 14:25:03
cenace_nd_2020_07_17.zip,2020-07-17,2020-07-16 15:14:33
cenace_nd_2020_07_18.zip,2020-07-18,2020-07-17 14:36:35
cenace_nd_2020_07_19.zip,2020-07-19,2020-07-18 15:18:07
cenace_nd_2020_07_20.zip,2020-07-20,2020-07-19 14:45:47
cenace_nd_2020_07_21.zip,2020-07-21,2020-07-20 15:19:43
cenace_nd_2020_07_22.zip,2020-07-22,2020-07-21 15:12:23
cenace_nd_2020_07_23.zip,2020-07-23,2020-07-22 14:53:28
cenace_nd_2020_07_24.zip,2020-07-24,2020-07-23 16:15:26
cenace_nd_2020_07_25.zip,2020-07-25,2020-07-24 16:16:04
cenace_nd_2020_07_26.zip,2020-07-26,2020-07-25 15:42:43
cenace_nd_2020_07_27.zip,2020-07-27,2020-07-26 15:36:53
cenace_nd_2020_07_28.zip,2020-07-28,2020-07-27 15:44:53
cenace_nd_2020_07_29.zip,2020-07-29,2020-07-28 15:50:14
cenace_nd_2020_07_30.zip,2020-07-30,2020-07-29 16:29:59
cenace_nd_2020_07_31.zip,2020-07-31,2020-07-30 15:19:31
cenace_nd_2020_08_01.zip,2020-08-01,2020-07-31 16:00:52
cenace_nd_2020_08_02.zip,2020-08-02,2020-08-01 15:30:27
cenace_nd_2020_08_03.zip,2020-08-03,2020-08-02 15:34:31
cenace_nd_2020_08_04.zip,2020-08-04,2020-08-03 15:44:59
cenace_nd_2020_08_05.zip,2020-08-05,2020-08-04 15:51:49
cenace_nd_2020_08_06.zip,2020-08-06,2020-08-05 16:39:30
cenace_nd_2020_08_07.zip,2020-08-07,2020-08-06 16:35:33
cenace_nd_2020_08_08.zip,2020-08-08,2020-08-07 16:18:58
cenace_nd_2020_08_09.zip,2020-08-09,2020-08-08 17:40:22
cenace_nd_2020_08_10.zip,2020-08-10,2020-08-09 15:55:03
cenace_nd_2020_08_11.zip,2020-08-11,2020-08-10 15:34:18
cenace_nd_2020_08_12.zip,2020-08-12,2020-08-11 16:09:06
cenace_nd_2020_08_13.zip,2020-08-13,2020-08-12 15:21:42
cenace_nd_2020_08_14.zip,2020-08-14,2020-08-13 17:03:57
cenace_nd_2020_08_15.zip,2020-08-15,2020-08-14 16:20:57
cenace_nd_2020_08_16.zip,2020-08-16,2020-08-15 16:23:12
cenace_nd_2020_08_17.zip,2020-08-17,2020-08-16 15:49:19
cenace_nd_2020_08_18.zip,2020-08-18,2020-08-17 15:56:38
cenace_nd_2020_08_19.zip,2020-08-19,2020-08-18 15:51:30
cenace_nd_2020_08_20.zip,2020-08-20,2020-08-19 15:12:28
cenace_nd_2020_08_21.zip,2020-08-21,2020-08-20 16:48:44
cenace_nd_2020_08_22.zip,2020-08-22,2020-08-21 15:04:05
cenace_nd_2020_08_23.zip,2020-08-23,2020-08-22 15:37:36
cenace_nd_2020_08_24.zip,2020-08-24,2020-08-23 16:13:09
cenace_nd_2020_08_25.zip,2020-08-25,2020-08-24 14:27:05
cenace_nd_2020_08_26.zip,2020-08-26,2020-08-25 15:50:27
cenace_nd_2020_08_27.zip,2020-08-27,2020-08-26 15:37:22
cenace_nd_2020_08_28.zip,2020-08-28,2020-08-27 16:30:31
cenace_nd_2020_08_29.zip,2020-08-29,2020-08-28 15:24:15
cenace_nd_2020_08_30.zip,2020-08-30,2020-08-29 16:59:32
cenace_nd_2020_08_31.zip,2020-08-31,2020-08-30 15:14:53
cenace_nd_2020_09_01.zip,2020-09-01,2020-08-31 15:45:56
cenace_nd_2020_09_02.zip,2020-09-02,2020-09-01 15:31:52
cenace_nd_2020_09_03.zip,2020-09-03,2020-09-02 15:22:32
cenace_nd_2020_09_04.zip,2020-09-04,2020-09-03 15:41:17
cenace_nd_2020_09_05.zip,2020-09-05,2020-09-04 15:07:09
cenace_nd_2020_09_06.zip,2020-09-06,2020-09-05 15:11:32
cenace_nd_2020_09_07.zip,2020-09-07,2020-09-06 14:50:18
cenace_nd_2020_09_08.zip,2020-09-08,2020-09-07 15:46:22
cenace_nd_2020_09_09.zip,2020-09-09,2020-09-08 17:06:00
cenace_nd_2020_09_10.zip,2020-09-10,2020-09-09 15:39:33
cenace_nd_2020_09_11.zip,2020-09-11,2020-09-10 16:48:46
cenace_nd_2020_09_12.zip,2020-09-12,2020-09-11 15:59:07
cenace_nd_2020_09_13.zip,2020-09-13,2020-09-12 15:47:45
cenace_nd_2020_09_14.zip,2020-09-14,2020-09-13 15:57:04
cenace_nd_2020_09_15.zip,2020-09-15,2020-09-14 17:01:11
cenace_nd_2020_09_16.zip,2020-09-16,2020-09-15 14:24:58
cenace_nd_2020_09_17.zip,2020-09-17,2020-09-16 15:55:57
cenace_nd_2020_09_18.zip,2020-09-18,2020-09-17 15:50:51
cenace_nd_2020_09_19.zip,2020-09-19,2020-09-18 15:36:07
cenace_nd_2020_09_20.zip,2020-09-20,2020-09-19 16:04:10
cenace_nd_2020_09_21.zip,2020-09-21,2020-09-20 15:44:21
cenace_nd_2020_09_22.zip,2020-09-22,2020-09-21 14:56:14
cenace_nd_2020_09_23.zip,2020-09-23,2020-09-22 15:23:56
cenace_nd_2020_09_24.zip,2020-09-24,2020-09-23 15:21:30
cenace_nd_2020_09_25.zip,2020-09-25,2020-09-24 16:23:26
cenace_nd_2020_09_26.zip,2020-09-26,2020-09-25 15:49:44
cenace_nd_2020_09_27.zip,2020-09-27,2020-09-26 15:41:58
cenace_nd_2020_09_28.zip,2020-09-28,2020-09-27 16:29:15
cenace_nd_2020_09_29.zip,2020-09-29,2020-09-28 16:38:55
cenace_nd_2020_09_30.zip,2020-09-30,2020-09-29 16:22:58
cenace_nd_2020_10_01.zip,2020-10-01,2020-09-30 15:45:17
cenace_nd_2020_10_02.zip,2020-10-02,2020-10-01 14:44:10
cenace_nd_2020_10_03.zip,2020-10-03,2020-10-02 15:35:24
cenace_nd_2020_10_04.zip,2020-10-04,2020-10-03 15:41:52
cenace_nd_2020_10_05.zip,2020-10-05,2020-10-04 14:35:35
cenace_nd_2020_10_06.zip,2020-10-06,2020-10-05 15:46:00
cenace_nd_2020_10_07.zip,2020-10-07,2020-10-06 16:42:29
cenace_nd_2020_10_08.zip,2020-10-08,2020-10-07 14:58:08
cenace_nd_2020_10_09.zip,2020-10-09,2020-10-08 16:00:03
cenace_nd_2020_10_10.zip,2020-10-10,2020-10-09 20:37:34
cenace_nd_2020_10_11.zip,2020-10-11,2020-10-10 15:51:58
cenace_nd_2020_10_12.zip,2020-10-12,2020-10-11 15:27:56
cenace_nd_2020_10_13.zip,2020-10-13,2020-10-12 14:53:49
cenace_nd_2020_10_14.zip,2020-10-14,2020-10-13 15:27:35
cenace_nd_2020_10_15.zip,2020-10-15,2020-10-14 15:53:02
cenace_nd_2020_10_16.zip,2020-10-16,2020-10-15 14:51:17
cenace_nd_2020_10_17.zip,2020-10-17,2020-10-16 15:34:46
cenace_nd_2020_10_18.zip,2020-10-18,2020-10-17 16:10:54
cenace_nd_2020_10_19.zip,2020-10-19,2020-10-18 16:32:51
cenace_nd_2020_10_20.zip,2020-10-20,2020-10-19 15:33:13
cenace_nd_2020_10_21.zip,2020-10-21,2020-10-20 15:37:23
cenace_nd_2020_10_22.zip,2020-10-22,2020-10-21 18:03:39
cenace_nd_2020_10_23.zip,2020-10-23,2020-10-22 16:26:28
cenace_nd_2020_10_24.zip,2020-10-24,2020-10-23 20:48:24
cenace_nd_2020_10_25.zip,2020-10-25,2020-10-24 19:57:15
cenace_nd_2020_10_26.zip,2020-10-26,2020-10-25 17:21:14
cenace_nd_2020_10_27.zip,2020-10-27,2020-10-26 17:57:55
cenace_nd_2020_10_28.zip,2020-10-28,2020-10-27 21:12:21
cenace_nd_2020_10_29.zip,2020-10-29,2020-10-28 16:56:48
cenace_nd_2020_10_30.zip,2020-10-30,2020-10-29 16:11:32
cenace_nd_2020_10_31.zip,2020-10-31,2020-10-30 16:19:35
cenace_nd_2020_11_01.zip,2020-11-01,2020-10-31 16:44:34
cenace_nd_2020_11_02.zip,2020-11-02,2020-11-01 15:46:36
cenace_nd_2020_11_03.zip,2020-11-03,2020-11-02 17:42:15
cenace_nd_2020_11_04.zip,2020-11-04,2020-11-03 14:55:19
cenace_nd_2020_11_05.zip,2020-11-05,2020-11-04 16:36:34
cenace_nd_2020_11_06.zip,2020-11-06,2020-11-05 15:49:21
cenace_nd_2020_11_07.zip,2020-11-07,2020-11-06 21:00:50
cenace_nd_2020_11_08.zip,2020-11-08,2020-11-07 16:38:52
cenace_nd_2020_11_09.zip,2020-11-09,2020-11-08 20:22:15
cenace_nd_2020_11_10.zip,2020-11-10,2020-11-09 18:52:30
cenace_nd_2020_11_11.zip,2020-11-11,2020-11-10 17:25:03
cenace_nd_2020_11_12.zip,2020-11-12,2020-11-11 15:59:15
cenace_nd_2020_11_13.zip,2020-11-13,2020-11-12 17:37:15
cenace_nd_2020_11_14.zip,2020-11-14,2020-11-13 15:57:57
cenace_nd_2020_11_15.zip,2020-11-15,2020-11-14 14:42:23
cenace_nd_2020_11_16.zip,2020-11-16,2020-11-15 14:47:42
cenace_nd_2020_11_17.zip,2020-11-17,2020-11-16 15:07:25
cenace_nd_2020_11_18.zip,2020-11-18,2020-11-17 15:14:23
cenace_nd_2020_11_19.zip,2020-11-19,2020-11-18 17:04:40
cenace_nd_2020_11_20.zip,2020-11-20,2020-11-19 16:26:54
cenace_nd_2020_11_21.zip,2020-11-21,2020-11-20 15:08:48
cenace_nd_2020_11_22.zip,2020-11-22,2020-11-21 15:44:56
cenace_nd_2020_11_23.zip,2020-11-23,2020-11-22 15:00:09
cenace_nd_2020_11_24.zip,2020-11-24,2020-11-23 15:34:54
cenace_nd_2020_11_25.zip,2020-11-25,2020-11-24 16:41:46
cenace_nd_2020_11_26.zip,2020-11-26,2020-11-25 16:36:33
cenace_nd_2020_11_27.zip,2020-11-27,2020-11-26 16:20:39
cenace_nd_2020_11_28.zip,2020-11-28,2020-11-27 17:20:25
cenace_nd_2020_11_29.zip,2020-11-29,2020-11-28 16:31:31
cenace_nd_2020_11_30.zip,2020-11-30,2020-11-29 16:45:45
cenace_nd_2020_12_01.zip,2020-12-01,2020-11-30 18:58:17
cenace_nd_2020_12_02.zip,2020-12-02,2020-12-01 17:48:25
cenace_nd_2020_12_03.zip,2020-12-03,2020-12-02 16:52:08
cenace_nd_2020_12_04.zip,2020-12-04,2020-12-03 16:25:19
cenace_nd_2020_12_05.zip,2020-12-05,2020-12-04 16:31:11
cenace_nd_2020_12_06.zip,2020-12-06,2020-12-05 15:54:55
cenace_nd_2020_12_07.zip,2020-12-07,2020-12-06 16:31:45
cenace_nd_2020_12_08.zip,2020-12-08,2020-12-07 16:56:37
cenace_nd_2020_12_09.zip,2020-12-09,2020-12-08 16:45:40
cenace_nd_2020_12_10.zip,2020-12-10,2020-12-09 16:48:52
cenace_nd_2020_12_11.zip,2020-12-11,2020-12-10 16:33:20
cenace_nd_2020_12_12.zip,2020-12-12,2020-12-11 16:10:04
cenace_nd_2020_12_13.zip,2020-12-13,2020-12-12 17:50:10
cenace_nd_2020_12_14.zip,2020-12-14,2020-12-13 15:13:34
cenace_nd_2020_12_15.zip,2020-12-15,2020-12-14 16:10:01
cenace_nd_2020_12_16.zip,2020-12-16,2020-12-15 14:56:46
cenace_nd_2020_12_17.zip,2020-12-17,2020-12-16 16:29:18
cenace_nd_2020_12_18.zip,2020-12-18,2020-12-17 16:12:48
cenace_nd_2020_12_19.zip,2020-12-19,2020-12-18 15:43:39
cenace_nd_2020_12_20.zip,2020-12-20,2020-12-19 16:39:57
cenace_nd_2020_12_21.zip,2020-12-21,2020-12-20 15:37:12
cenace_nd_2020_12_22.zip,2020-12-22,2020-12-21 15:11:14
cenace_nd_2020_12_23.zip,2020-12-23,2020-12-22 15:21:38
cenace_nd_2020_12_24.zip,2020-12-24,2020-12-23 16:08:40
cenace_nd_2020_12_25.zip,2020-12-25,2020-12-24 15:46:02
cenace_nd_2020_12_26.zip,2020-12-26,2020-12-25 15:44:01
cenace_nd_2020_12_27.zip,2020-12-27,2020-12-26 15:39:25
cenace_nd_2020_12_28.zip,2020-12-28,2020-12-27 15:21:09
cenace_nd_2020_12_29.zip,2020-12-29,2020-12-28 15:35:53
cenace_nd_2020_12_30.zip,2020-12-30,2020-12-29 15:31:54
cenace_nd_2020_12_31.zip,2020-12-31,2020-12-30 17:30:27
cenace_nd_2021_01_01.zip,2021-01-01,2020-12-31 17:56:18
cenace_nd_2021_01_02.zip,2021-01-02,2021-01-01 15:23:55
cenace_nd_2021_01_03.zip,2021-01-03,2021-01-02 16:42:12
cenace_nd_2021_01_04.zip,2021-01-04,2021-01-03 14:50:05
cenace_nd_2021_01_05.zip,2021-01-05,2021-01-04 14:30:39
cenace_nd_2021_01_06.zip,2021-01-06,2021-01-05 15:50:45
cenace_nd_2021_01_07.zip,2021-01-07,2021-01-06 15:42:10
cenace_nd_2021_01_08.zip,2021-01-08,2021-01-07 15:10:27
cenace_nd_2021_01_09.zip,2021-01-09,2021-01-08 15:02:45
cenace_nd_2021_01_10.zip,2021-01-10,2021-01-09 18:40:27
cenace_nd_2021_01_11.zip,2021-01-11,2021-01-10 14:44:25
cenace_nd_2021_01_12.zip,2021-01-12,2021-01-11 15:49:29
cenace_nd_2021_01_13.zip,2021-01-13,2021-01-12 15:35:51
cenace_nd_2021_01_14.zip,2021-01-14,2021-01-13 15:49:56
cenace_nd_2021_01_15.zip,2021-01-15,2021-01-14 16:02:09
cenace_nd_2021_01_16.zip,2021-01-16,2021-01-15 15:24:31
cenace_nd_2021_01_17.zip,2021-01-17,2021-01-16 17:17:03
cenace_nd_2021_01_18.zip,2021-01-18,2021-01-17 15:01:18
cenace_nd_2021_01_19.zip,2021-01-19,2021-01-18 17:21:58
cenace_nd_2021_01_20.zip,2021-01-20,2021-01-19 16:33:06
cenace_nd_2021_01_21.zip,2021-01-21,2021-01-20 15:08:45
cenace_nd_2021_01_22.zip,2021-01-22,2021-01-21 17:03:35
cenace_nd_2021_01_23.zip,2021-01-23,2021-01-22 16:01:33
cenace_nd_2021_01_24.zip,2021-01-24,2021-01-23 16:06:14
cenace_nd_2021_01_25.zip,2021-01-25,2021-01-24 16:50:12
cenace_nd_2021_01_26.zip,2021-01-26,2021-01-25 16:19:09
cenace_nd_2021_01_27.zip,2021-01-27,2021-01-26 17:29:15
cenace_nd_2021_01_28.zip,2021-01-28,2021-01-27 15:08:14
cenace_nd_2021_01_29.zip,2021-01-29,2021-01-28 16:51:50
cenace_nd_2021_01_30.zip,2021-01-30,2021-01-29 16:04:58
cenace_nd_2021_01_31.zip,2021-01-31,2021-01-30 17:33:50
cenace_nd_2021_02_01.zip,2021-02-01,2021-01-31 15:35:24
cenace_nd_2021_02_02.zip,2021-02-02,2021-02-01 14:32:23
cenace_nd_2021_02_03.zip,2021-02-03,2021-02-02 15:16:12
cenace_nd_2021_02_04.zip,2021-02-04,2021-02-03 17:19:33
cenace_nd_2021_02_05.zip,2021-02-05,2021-02-04 16:59:50
cenace_nd_2021_02_06.zip,2021-02-06,2021-02-05 15:04:25
cenace_nd_2021_02_07.zip,2021-02-07,2021-02-06 17:34:37
cenace_nd_2021_02_08.zip,2021-02-08,2021-02-07 17:39:00
cenace_nd_2021_02_09.zip,2021-02-09,2021-02-08 15:35:57
cenace_nd_2021_02_10.zip,2021-02-10,2021-02-09 15:48:05
cenace_nd_2021_02_11.zip,2021-02-11,2021-02-10 16:32:07
cenace_nd_2021_02_12.zip,2021-02-12,2021-02-11 16:52:59
cenace_nd_2021_02_13.zip,2021-02-13,2021-02-12 20:06:39
cenace_nd_2021_02_14.zip,2021-02-14,2021-02-13 16:53:58
cenace_nd_2021_02_15.zip,2021-02-15,2021-02-14 19:19:54
cenace_nd_2021_02_16.zip,2021-02-16,2021-02-15 23:11:54
cenace_nd_2021_02_17.zip,2021-02-17,2021-02-16 23:32:27
cenace_nd_2021_02_18.zip,2021-02-18,2021-02-17 22:01:19
cenace_nd_2021_02_19.zip,2021-02-19,2021-02-18 23:03:33
cenace_nd_2021_02_20.zip,2021-02-20,2021-02-19 23:49:07
cenace_nd_2021_02_21.zip,2021-02-21,2021-02-20 18:09:12
cenace_nd_2021_02_22.zip,2021-02-22,2021-02-21 18:10:11
cenace_nd_2021_02_23.zip,2021-02-23,2021-02-22 16:46:20
cenace_nd_2021_02_24.zip,2021-02-24,2021-02-23 16:12:13
cenace_nd_2021_02_25.zip,2021-02-25,2021-02-24 16:25:30
cenace_nd_2021_02_26.zip,2021-02-26,2021-02-25 16:07:18
cenace_nd_2021_02_27.zip,2021-02-27,2021-02-26 17:03:12
cenace_nd_2021_02_28.zip,2021-02-28,2021-02-27 15:57:29
cenace_nd_2021_03_01.zip,2021-03-01,2021-02-28 17:43:54
cenace_nd_2021_03_02.zip,2021-03-02,2021-03-01 16:06:18
cenace_nd_2021_03_03.zip,2021-03-03,2021-03-02 17:17:41
cenace_nd_2021_03_04.zip,2021-03-04,2021-03-03 16:20:20
cenace_nd_2021_03_05.zip,2021-03-05,2021-03-04 15:05:41
cenace_nd_2021_03_06.zip,2021-03-06,2021-03-05 15:37:27
cenace_nd_2021_03_07.zip,2021-03-07,2021-03-06 15:26:55
cenace_nd_2021_03_08.zip,2021-03-08,2021-03-07 15:33:33
cenace_nd_2021_03_09.zip,2021-03-09,2021-03-08 16:38:13
cenace_nd_2021_03_10.zip,2021-03-10,2021-03-09 15:26:42
cenace_nd_2021_03_11.zip,2021-03-11,2021-03-10 17:04:10
cenace_nd_2021_03_12.zip,2021-03-12,2021-03-11 17:16:00
cenace_nd_2021_03_13.zip,2021-03-13,2021-03-12 17:43:31
cenace_nd_2021_03_14.zip,2021-03-14,2021-03-13 18:04:07
cenace_nd_2021_03_15.zip,2021-03-15,2021-03-14 16:27:55
cenace_nd_2021_03_16.zip,2021-03-16,2021-03-15 15:43:31
cenace_nd_2021_03_17.zip,2021-03-17,2021-03-16 15:44:35
cenace_nd_2021_03_18.zip,2021-03-18,2021-03-17 14:54:38
cenace_nd_2021_03_19.zip,2021-03-19,2021-03-18 14:42:42
cenace_nd_2021_03_20.zip,2021-03-20,2021-03-19 15:00:44
cenace_nd_2021_03_21.zip,2021-03-21,2021-03-20 15:57:19
cenace_nd_2021_03_22.zip,2021-03-22,2021-03-21 15:12:16
cenace_nd_2021_03_23.zip,2021-03-23,2021-03-22 15:41:01
cenace_nd_2021_03_24.zip,2021-03-24,2021-03-23 19:31:29
cenace_nd_2021_03_25.zip,2021-03-25,2021-03-24 16:49:30
cenace_nd_2021_03_26.zip,2021-03-26,2021-03-25 19:30:39
cenace_nd_2021_03_27.zip,2021-03-27,2021-03-26 17:05:55
cenace_nd_2021_03_28.zip,2021-03-28,2021-03-27 17:14:46
cenace_nd_2021_03_29.zip,2021-03-29,2021-03-28 16:32:25
cenace_nd_2021_03_30.zip,2021-03-30,2021-03-29 16:09:36
cenace_nd_2021_03_31.zip,2021-03-31,2021-03-30 15:34:37
cenace_nd_2021_04_01.zip,2021-04-01,2021-03-31 15:35:46
cenace_nd_2021_04_02.zip,2021-04-02,2021-04-01 17:01:14
cenace_nd_2021_04_03.zip,2021-04-03,2021-04-02 15:49:14
cenace_nd_2021_04_04.zip,2021-04-04,2021-04-03 16:47:25
cenace_nd_2021_04_05.zip,2021-04-05,2021-04-04 16:44:19
cenace_nd_2021_04_06.zip,2021-04-06,2021-04-05 17:38:16
cenace_nd_2021_04_07.zip,2021-04-07,2021-04-06 16:16:42
cenace_nd_2021_04_08.zip,2021-04-08,2021-04-07 16:48:51
cenace_nd_2021_04_09.zip,2021-04-09,2021-04-08 19:53:19
cenace_nd_2021_04_10.zip,2021-04-10,2021-04-09 16:47:43
cenace_nd_2021_04_11.zip,2021-04-11,2021-04-10 16:35:41
cenace_nd_2021_04_12.zip,2021-04-12,2021-04-11 18:35:21
cenace_nd_2021_04_13.zip,2021-04-13,2021-04-12 17:13:28
cenace_nd_2021_04_14.zip,2021-04-14,2021-04-13 16:39:20
cenace_nd_2021_04_15.zip,2021-04-15,2021-04-14 16:30:27
cenace_nd_2021_04_16.zip,2021-04-16,2021-04-15 16:59:49
cenace_nd_2021_04_17.zip,2021-04-17,2021-04-16 16:45:16
cenace_nd_2021_04_18.zip,2021-04-18,2021-04-17 16:06:25
cenace_nd_2021_04_19.zip,2021-04-19,2021-04-18 16:45:40
cenace_nd_2021_04_20.zip,2021-04-20,2021-04-19 15:43:41
cenace_nd_2021_04_21.zip,2021-04-21,2021-04-20 16:27:11
cenace_nd_2021_04_22.zip,2021-04-22,2021-04-21 17:08:06
cenace_nd_2021_04_23.zip,2021-04-23,2021-04-22 18:03:39
cenace_nd_2021_04_24.zip,2021-04-24,2021-04-23 16:59:17
cenace_nd_2021_04_25.zip,2021-04-25,2021-04-24 16:14:06
cenace_nd_2021_04_26.zip,2021-04-26,2021-04-25 17:36:13
cenace_nd_2021_04_27.zip,2021-04-27,2021-04-26 17:54:53
cenace_nd_2021_04_28.zip,2021-04-28,2021-04-27 20:17:48
cenace_nd_2021_04_29.zip,2021-04-29,2021-04-28 16:49:50
cenace_nd_2021_04_30.zip,2021-04-30,2021-04-29 19:19:35
cenace_nd_2021_05_01.zip,2021-05-01,2021-04-30 16:17:39
cenace_nd_2021_05_02.zip,2021-05-02,2021-05-01 17:02:43
cenace_nd_2021_05_03.zip,2021-05-03,2021-05-02 16:33:26
cenace_nd_2021_05_04.zip,2021-05-04,2021-05-03 16:20:27
cenace_nd_2021_05_05.zip,2021-05-05,2021-05-04 15:34:48
cenace_nd_2021_05_06.zip,2021-05-06,2021-05-05 15:21:29
cenace_nd_2021_05_07.zip,2021-05-07,2021-05-06 15:59:00
cenace_nd_2021_05_08.zip,2021-05-08,2021-05-07 15:50:53
cenace_nd_2021_05_09.zip,2021-05-09,2021-05-08 16:58:25
cenace_nd_2021_05_10.zip,2021-05-10,2021-05-09 16:30:37
cenace_nd_2021_05_11.zip,2021-05-11,2021-05-10 18:57:16
cenace_nd_2021_05_12.zip,2021-05-12,2021-05-11 16:27:08
cenace_nd_2021_05_13.zip,2021-05-13,2021-05-12 16:18:05
cenace_nd_2021_05_14.zip,2021-05-14,2021-05-13 16:44:19
cenace_nd_2021_05_15.zip,2021-05-15,2021-05-14 19:06:43
cenace_nd_2021_05_16.zip,2021-05-16,2021-05-15 16:07:10
cenace_nd_2021_05_17.zip,2021-05-17,2021-05-16 16:09:36
cenace_nd_2021_05_18.zip,2021-05-18,2021-05-17 15:33:51
cenace_nd_2021_05_19.zip,2021-05-19,2021-05-18 15:24:15
cenace_nd_2021_05_20.zip,2021-05-20,2021-05-19 17:27:54
cenace_nd_2021_05_21.zip,2021-05-21,2021-05-20 17:04:09
cenace_nd_2021_05_22.zip,2021-05-22,2021-05-21 18:38:15
cenace_nd_2021_05_23.zip,2021-05-23,2021-05-22 16:37:49
cenace_nd_2021_05_24.zip,2021-05-24,2021-05-23 16:35:24
cenace_nd_2021_05_25.zip,2021-05-25,2021-05-24 16:54:25
cenace_nd_2021_05_26.zip,2021-05-26,2021-05-25 16:52:14
cenace_nd_2021_05_27.zip,2021-05-27,2021-05-26 15:48:52
cenace_nd_2021_05_28.zip,2021-05-28,2021-05-27 16:40:35
cenace_nd_2021_05_29.zip,2021-05-29,2021-05-28 17:54:58
cenace_nd_2021_05_30.zip,2021-05-30,2021-05-29 16:49:41
cenace_nd_2021_05_31.zip,2021-05-31,2021-05-30 14:50:32
cenace_nd_2021_06_01.zip,2021-06-01,2021-05-31 16:26:00
cenace_nd_2021_06_02.zip,2021-06-02,2021-06-01 14:50:26
cenace_nd_2021_06_03.zip,2021-06-03,2021-06-02 16:34:24
cenace_nd_2021_06_04.zip,2021-06-04,2021-06-03 15:49:38
cenace_nd_2021_06_05.zip,2021-06-05,2021-06-04 16:36:55
cenace_nd_2021_06_06.zip,2021-06-06,2021-06-05 16:37:53
cenace_nd_2021_06_07.zip,2021-06-07,2021-06-06 16:31:11
cenace_nd_2021_06_08.zip,2021-06-08,2021-06-07 16:52:02
cenace_nd_2021_06_09.zip,2021-06-09,2021-06-08 16:30:23
cenace_nd_2021_06_10.zip,2021-06-10,2021-06-09 16:10:22
cenace_nd_2021_06_11.zip,2021-06-11,2021-06-10 15:46:05
cenace_nd_2021_06_12.zip,2021-06-12,2021-06-11 16:11:45
cenace_nd_2021_06_13.zip,2021-06-13,2021-06-12 16:40:31
cenace_nd_2021_06_14.zip,2021-06-14,2021-06-13 16:44:04
cenace_nd_2021_06_15.zip,2021-06-15,2021-06-14 15:41:00
cenace_nd_2021_06_16.zip,2021-06-16,2021-06-15 16:58:51
cenace_nd_2021_06_17.zip,2021-06-17,2021-06-16 16:57:47
cenace_nd_2021_06_18.zip,2021-06-18,2021-06-17 16:53:20
cenace_nd_2021_06_19.zip,2021-06-19,2021-06-18 16:25:27
cenace_nd_2021_06_20.zip,2021-06-20,2021-06-19 16:28:01
cenace_nd_2021_06_21.zip,2021-06-21,2021-06-20 18:22:29
cenace_nd_2021_06_22.zip,2021-06-22,2021-06-21 21:12:49
cenace_nd_2021_06_23.zip,2021-06-23,2021-06-22 16:20:51
cenace_nd_2021_06_24.zip,2021-06-24,2021-06-23 15:44:20
cenace_nd_2021_06_25.zip,2021-06-25,2021-06-24 16:21:58
cenace_nd_2021_06_26.zip,2021-06-26,2021-06-25 15:45:07
cenace_nd_2021_06_27.zip,2021-06-27,2021-06-26 16:03:27
cenace_nd_2021_06_28.zip,2021-06-28,2021-06-27 16:04:01
cenace_nd_2021_06_29.zip,2021-06-29,2021-06-28 15:28:54
cenace_nd_2021_06_30.zip,2021-06-30,2021-06-29 16:07:54
cenace_nd_2021_07_01.zip,2021-07-01,2021-06-30 16:42:04
cenace_nd_2021_07_02.zip,2021-07-02,2021-07-01 16:17:24
cenace_nd_2021_07_03.zip,2021-07-03,2021-07-02 16:36:42
cenace_nd_2021_07_04.zip,2021-07-04,2021-07-03 18:58:56
cenace_nd_2021_07_05.zip,2021-07-05,2021-07-04 16:42:53
cenace_nd_2021_07_06.zip,2021-07-06,2021-07-05 21:42:10
cenace_nd_2021_07_07.zip,2021-07-07,2021-07-06 15:56:26
cenace_nd_2021_07_08.zip,2021-07-08,2021-07-07 16:30:47
cenace_nd_2021_07_09.zip,2021-07-09,2021-07-08 16:34:25
cenace_nd_2021_07_10.zip,2021-07-10,2021-07-09 15:41:41
cenace_nd_2021_07_11.zip,2021-07-11,2021-07-10 16:01:08
cenace_nd_2021_07_12.zip,2021-07-12,2021-07-11 16:28:35
cenace_nd_2021_07_13.zip,2021-07-13,2021-07-12 15:31:51
cenace_nd_2021_07_14.zip,2021-07-14,2021-07-13 15:58:26
cenace_nd_2021_07_15.zip,2021-07-15,2021-07-14 18:23:02
cenace_nd_2021_07_16.zip,2021-07-16,2021-07-15 18:39:21
cenace_nd_2021_07_17.zip,2021-07-17,2021-07-16 18:21:56
cenace_nd_2021_07_18.zip,2021-07-18,2021-07-17 16:10:13
cenace_nd_2021_07_19.zip,2021-07-19,2021-07-18 16:06:10
cenace_nd_2021_07_20.zip,2021-07-20,2021-07-19 16:15:40
cenace_nd_2021_07_21.zip,2021-07-21,2021-07-20 18:00:24
cenace_nd_2021_07_22.zip,2021-07-22,2021-07-21 16:21:48
cenace_nd_2021_07_23.zip,2021-07-23,2021-07-22 16:25:29
cenace_nd_2021_07_24.zip,2021-07-24,2021-07-23 15:13:29
cenace_nd_2021_07_25.zip,2021-07-25,2021-07-24 16:00:19
cenace_nd_2021_07_26.zip,2021-07-26,2021-07-25 16:00:16
cenace_nd_2021_07_27.zip,2021-07-27,2021-07-26 16:19:44
cenace_nd_2021_07_28.zip,2021-07-28,2021-07-27 16:01:08
cenace_nd_2021_07_29.zip,2021-07-29,2021-07-28 16:50:49
cenace_nd_2021_07_30.zip,2021-07-30,2021-07-29 15:28:48
cenace_nd_2021_07_31.zip,2021-07-31,2021-07-30 16:18:33
cenace_nd_2021_08_01.zip,2021-08-01,2021-07-31 16:15:43
cenace_nd_2021_08_02.zip,2021-08-02,2021-08-01 16:56:28
cenace_nd_2021_08_03.zip,2021-08-03,2021-08-02 16:42:35
cenace_nd_2021_08_04.zip,2021-08-04,2021-08-03 16:40:29
cenace_nd_2021_08_05.zip,2021-08-05,2021-08-04 16:40:52
cenace_nd_2021_08_06.zip,2021-08-06,2021-08-05 16:17:15
cenace_nd_2021_08_07.zip,2021-08-07,2021-08-06 16:58:47
cenace_nd_2021_08_08.zip,2021-08-08,2021-08-07 16:56:24
cenace_nd_2021_08_09.zip,2021-08-09,2021-08-08 16:34:51
cenace_nd_2021_08_10.zip,2021-08-10,2021-08-09 16:06:03
cenace_nd_2021_08_11.zip,2021-08-11,2021-08-10 16:15:05
cenace_nd_2021_08_12.zip,2021-08-12,2021-08-11 17:03:16
cenace_nd_2021_08_13.zip,2021-08-13,2021-08-12 16:20:14
cenace_nd_2021_08_14.zip,2021-08-14,2021-08-13 16:42:31
cenace_nd_2021_08_15.zip,2021-08-15,2021-08-14 19:51:38
cenace_nd_2021_08_16.zip,2021-08-16,2021-08-15 16:48:27
cenace_nd_2021_08_17.zip,2021-08-17,2021-08-16 16:55:48
cenace_nd_2021_08_18.zip,2021-08-18,2021-08-17 18:13:34
cenace_nd_2021_08_19.zip,2021-08-19,2021-08-18 16:53:44
cenace_nd_2021_08_20.zip,2021-08-20,2021-08-19 16:23:48
cenace_nd_2021_08_21.zip,2021-08-21,2021-08-20 15:58:48
cenace_nd_2021_08_22.zip,2021-08-22,2021-08-21 16:36:52
cenace_nd_2021_08_23.zip,2021-08-23,2021-08-22 16:24:13
cenace_nd_2021_08_24.zip,2021-08-24,2021-08-23 15:57:09
cenace_nd_2021_08_25.zip,2021-08-25,2021-08-24 15:49:47
cenace_nd_2021_08_26.zip,2021-08-26,2021-08-25 16:59:58
cenace_nd_2021_08_27.zip,2021-08-27,2021-08-26 18:27:07
cenace_nd_2021_08_28.zip,2021-08-28,2021-08-27 19:24:07
cenace_nd_2021_08_29.zip,2021-08-29,2021-08-28 16:18:33
cenace_nd_2021_08_30.zip,2021-08-30,2021-08-29 16:55:03
cenace_nd_2021_08_31.zip,2021-08-31,2021-08-30 16:26:38
cenace_nd_2021_09_01.zip,2021-09-01,2021-08-31 16:51:58
cenace_nd_2021_09_02.zip,2021-09-02,2021-09-01 16:43:13
cenace_nd_2021_09_03.zip,2021-09-03,2021-09-02 16:42:34
cenace_nd_2021_09_04.zip,2021-09-04,2021-09-03 16:26:45
cenace_nd_2021_09_05.zip,2021-09-05,2021-09-04 16:59:57
cenace_nd_2021_09_06.zip,2021-09-06,2021-09-05 16:58:34
cenace_nd_2021_09_07.zip,2021-09-07,2021-09-06 17:05:52
cenace_nd_2021_09_08.zip,2021-09-08,2021-09-07 15:32:28
cenace_nd_2021_09_09.zip,2021-09-09,2021-09-08 16:56:03
cenace_nd_2021_09_10.zip,2021-09-10,2021-09-09 16:23:27
cenace_nd_2021_09_11.zip,2021-09-11,2021-09-10 16:56:37
cenace_nd_2021_09_12.zip,2021-09-12,2021-09-11 17:40:28
cenace_nd_2021_09_13.zip,2021-09-13,2021-09-12 16:07:48
cenace_nd_2021_09_14.zip,2021-09-14,2021-09-13 17:45:25
cenace_nd_2021_09_15.zip,2021-09-15,2021-09-14 16:51:22
cenace_nd_2021_09_16.zip,2021-09-16,2021-09-15 15:43:56
cenace_nd_2021_09_17.zip,2021-09-17,2021-09-16 15:46:28
cenace_nd_2021_09_18.zip,2021-09-18,2021-09-17 16:00:18
cenace_nd_2021_09_19.zip,2021-09-19,2021-09-18 16:50:45
cenace_nd_2021_09_20.zip,2021-09-20,2021-09-19 15:32:34
cenace_nd_2021_09_21.zip,2021-09-21,2021-09-20 16:08:52
cenace_nd_2021_09_22.zip,2021-09-22,2021-09-21 15:44:13
cenace_nd_2021_09_23.zip,2021-09-23,2021-09-22 18:55:00
cenace_nd_2021_09_24.zip,2021-09-24,2021-09-23 16:46:29
cenace_nd_2021_09_25.zip,2021-09-25,2021-09-24 15:44:49
cenace_nd_2021_09_26.zip,2021-09-26,2021-09-25 17:23:25
cenace_nd_2021_09_27.zip,2021-09-27,2021-09-26 16:55:43
cenace_nd_2021_09_28.zip,2021-09-28,2021-09-27 17:06:25
cenace_nd_2021_09_29.zip,2021-09-29,2021-09-28 17:50:46
cenace_nd_2021_09_30.zip,2021-09-30,2021-09-29 17:00:51
cenace_nd_2021_10_01.zip,2021-10-01,2021-09-30 17:29:35
cenace_nd_2021_10_02.zip,2021-10-02,2021-10-01 16:22:54
cenace_nd_2021_10_03.zip,2021-10-03,2021-10-02 16:57:17
cenace_nd_2021_10_04.zip,2021-10-04,2021-10-03 14:50:05
cenace_nd_2021_10_05.zip,2021-10-05,2021-10-04 16:11:55
cenace_nd_2021_10_06.zip,2021-10-06,2021-10-05 16:39:41
cenace_nd_2021_10_07.zip,2021-10-07,2021-10-06 17:48:46
cenace_nd_2021_10_08.zip,2021-10-08,2021-10-07 17:29:46
cenace_nd_2021_10_09.zip,2021-10-09,2021-10-08 16:40:53
cenace_nd_2021_10_10.zip,2021-10-10,2021-10-09 18:15:03
cenace_nd_2021_10_11.zip,2021-10-11,2021-10-10 18:22:17
cenace_nd_2021_10_12.zip,2021-10-12,2021-10-11 17:31:08
cenace_nd_2021_10_13.zip,2021-10-13,2021-10-12 17:44:14
cenace_nd_2021_10_14.zip,2021-10-14,2021-10-13 20:10:24
cenace_nd_2021_10_15.zip,2021-10-15,2021-10-14 18:01:04
cenace_nd_2021_10_16.zip,2021-10-16,2021-10-15 16:00:43
cenace_nd_2021_10_17.zip,2021-10-17,2021-10-16 16:38:13
cenace_nd_2021_10_18.zip,2021-10-18,2021-10-17 16:09:17
cenace_nd_2021_10_19.zip,2021-10-19,2021-10-18 16:30:41
cenace_nd_2021_10_20.zip,2021-10-20,2021-10-19 16:56:59
cenace_nd_2021_10_21.zip,2021-10-21,2021-10-20 15:52:45
cenace_nd_2021_10_22.zip,2021-10-22,2021-10-21 15:46:17
cenace_nd_2021_10_23.zip,2021-10-23,2021-10-22 15:41:56
cenace_nd_2021_10_24.zip,2021-10-24,2021-10-23 16:45:14
cenace_nd_2021_10_25.zip,2021-10-25,2021-10-24 16:48:42
cenace_nd_2021_10_26.zip,2021-10-26,2021-10-25 19:48:36
cenace_nd_2021_10_27.zip,2021-10-27,2021-10-26 18:37:07
cenace_nd_2021_10_28.zip,2021-10-28,2021-10-27 18:26:40
cenace_nd_2021_10_29.zip,2021-10-29,2021-10-28 16:38:39
cenace_nd_2021_10_30.zip,2021-10-30,2021-10-29 15:37:26
cenace_nd_2021_10_31.zip,2021-10-31,2021-10-30 16:21:10
cenace_nd_2021_11_01.zip,2021-11-01,2021-10-31 15:58:43
cenace_nd_2021_11_02.zip,2021-11-02,2021-11-01 15:16:52
cenace_nd_2021_11_03.zip,2021-11-03,2021-11-02 16:41:29
cenace_nd_2021_11_04.zip,2021-11-04,2021-11-03 16:51:51
cenace_nd_2021_11_05.zip,2021-11-05,2021-11-04 16:02:22
cenace_nd_2021_11_06.zip,2021-11-06,2021-11-05 16:29:04
cenace_nd_2021_11_07.zip,2021-11-07,2021-11-06 16:28:54
cenace_nd_2021_11_08.zip,2021-11-08,2021-11-07 16:23:49
cenace_nd_2021_11_09.zip,2021-11-09,2021-11-08 17:56:55
cenace_nd_2021_11_10.zip,2021-11-10,2021-11-09 17:04:49
cenace_nd_2021_11_11.zip,2021-11-11,2021-11-10 18:23:25
cenace_nd_2021_11_12.zip,2021-11-12,2021-11-11 15:25:34
cenace_nd_2021_11_13.zip,2021-11-13,2021-11-12 14:50:32
cenace_nd_2021_11_14.zip,2021-11-14,2021-11-13 16:16:27
cenace_nd_2021_11_15.zip,2021-11-15,2021-11-14 15:00:11
cenace_nd_2021_11_16.zip,2021-11-16,2021-11-15 16:12:20
cenace_nd_2021_11_17.zip,2021-11-17,2021-11-16 15:23:47
cenace_nd_2021_11_18.zip,2021-11-18,2021-11-17 16:35:49
cenace_nd_2021_11_19.zip,2021-11-19,2021-11-18 18:36:45
cenace_nd_2021_11_20.zip,2021-11-20,2021-11-19 16:03:03
cenace_nd_2021_11_21.zip,2021-11-21,2021-11-20 16:36:28
cenace_nd_2021_11_22.zip,2021-11-22,2021-11-21 16:33:53
cenace_nd_2021_11_23.zip,2021-11-23,2021-11-22 16:43:47
cenace_nd_2021_11_24.zip,2021-11-24,2021-11-23 16:45:13
cenace_nd_2021_11_25.zip,2021-11-25,2021-11-24 15:49:07
cenace_nd_2021_11_26.zip,2021-11-26,2021-11-25 15:52:42
cenace_nd_2021_11_27.zip,2021-11-27,2021-11-26 16:00:12
cenace_nd_2021_11_28.zip,2021-11-28,2021-11-27 14:55:26
cenace_nd_2021_11_29.zip,2021-11-29,2021-11-28 15:18:35
cenace_nd_2021_11_30.zip,2021-11-30,2021-11-29 16:21:21
cenace_nd_2021_12_01.zip,2021-12-01,2021-11-30 16:20:56
cenace_nd_2021_12_02.zip,2021-12-02,2021-12-01 16:25:09
cenace_nd_2021_12_03.zip,2021-12-03,2021-12-02 16:17:56
cenace_nd_2021_12_04.zip,2021-12-04,2021-12-03 15:54:12
cenace_nd_2021_12_05.zip,2021-12-05,2021-12-04 15:15:22
cenace_nd_2021_12_06.zip,2021-12-06,2021-12-05 14:18:17
cenace_nd_2021_12_07.zip,2021-12-07,2021-12-06 15:43:46
cenace_nd_2021_12_08.zip,2021-12-08,2021-12-07 15:30:52
cenace_nd_2021_12_09.zip,2021-12-09,2021-12-08 16:45:35
cenace_nd_2021_12_10.zip,2021-12-10,2021-12-09 16:38:53
cenace_nd_2021_12_11.zip,2021-12-11,2021-12-10 17:36:51
cenace_nd_2021_12_12.zip,2021-12-12,2021-12-11 15:54:23
cenace_nd_2021_12_13.zip,2021-12-13,2021-12-12 17:54:03
cenace_nd_2021_12_14.zip,2021-12-14,2021-12-13 16:29:38
cenace_nd_2021_12_15.zip,2021-12-15,2021-12-14 18:12:20
cenace_nd_2021_12_16.zip,2021-12-16,2021-12-15 15:59:06
cenace_nd_2021_12_17.zip,2021-12-17,2021-12-16 16:49:51
cenace_nd_2021_12_18.zip,2021-12-18,2021-12-17 16:51:31
cenace_nd_2021_12_19.zip,2021-12-19,2021-12-18 16:48:39
cenace_nd_2021_12_20.zip,2021-12-20,2021-12-19 16:11:50
cenace_nd_2021_12_21.zip,2021-12-21,2021-12-20 16:35:17
cenace_nd_2021_12_22.zip,2021-12-22,2021-12-21 15:25:59
cenace_nd_2021_12_23.zip,2021-12-23,2021-12-22 16:39:47
cenace_nd_2021_12_24.zip,2021-12-24,2021-12-23 16:45:15
cenace_nd_2021_12_25.zip,2021-12-25,2021-12-24 16:54:23
cenace_nd_2021_12_26.zip,2021-12-26,2021-12-25 16:21:42
cenace_nd_2021_12_27.zip,2021-12-27,2021-12-26 16:48:07
cenace_nd_2021_12_28.zip,2021-12-28,2021-12-27 16:19:36
cenace_nd_2021_12_29.zip,2021-12-29,2021-12-28 14:51:15
cenace_nd_2021_12_30.zip,2021-12-30,2021-12-29 14:25:03
cenace_nd_2021_12_31.zip,2021-12-31,2021-12-30 14:54:26
cenace_nd_2022_01_01.zip,2022-01-01,2021-12-31 14:55:23
cenace_nd_2022_01_02.zip,2022-01-02,2022-01-01 14:51:36
cenace_nd_2022_01_03.zip,2022-01-03,2022-01-02 14:32:29
cenace_nd_2022_01_04.zip,2022-01-04,2022-01-03 15:36:52
cenace_nd_2022_01_05.zip,2022-01-05,2022-01-04 18:05:16
cenace_nd_2022_01_06.zip,2022-01-06,2022-01-05 16:18:58
cenace_nd_2022_01_07.zip,2022-01-07,2022-01-06 14:48:10
cenace_nd_2022_01_08.zip,2022-01-08,2022-01-07 15:14:51
cenace_nd_2022_01_09.zip,2022-01-09,2022-01-08 15:10:13
cenace_nd_2022_01_10.zip,2022-01-10,2022-01-09 15:36:53
cenace_nd_2022_01_11.zip,2022-01-11,2022-01-10 14:56:35
cenace_nd_2022_01_12.zip,2022-01-12,2022-01-11 15:30:22
cenace_nd_2022_01_13.zip,2022-01-13,2022-01-12 16:21:22
cenace_nd_2022_01_14.zip,2022-01-14,2022-01-13 15:21:37
cenace_nd_2022_01_15.zip,2022-01-15,2022-01-14 15:36:46
cenace_nd_2022_01_16.zip,2022-01-16,2022-01-15 16:58:50
cenace_nd_2022_01_17.zip,2022-01-17,2022-01-16 15:37:15
cenace_nd_2022_01_18.zip,2022-01-18,2022-01-17 15:48:33
cenace_nd_2022_01_19.zip,2022-01-19,2022-01-18 15:39:47
cenace_nd_2022_01_20.zip,2022-01-20,2022-01-19 17:40:23
cenace_nd_2022_01_21.zip,2022-01-21,2022-01-20 19:28:28
cenace_nd_2022_01_22.zip,2022-01-22,2022-01-21 18:36:03
cenace_nd_2022_01_23.zip,2022-01-23,2022-01-22 16:46:38
cenace_nd_2022_01_24.zip,2022-01-24,2022-01-23 15:19:37
cenace_nd_2022_01_25.zip,2022-01-25,2022-01-24 15:39:12
cenace_nd_2022_01_26.zip,2022-01-26,2022-01-25 16:34:40
cenace_nd_2022_01_27.zip,2022-01-27,2022-01-26 16:49:15
cenace_nd_2022_01_28.zip,2022-01-28,2022-01-27 16:44:05
cenace_nd_2022_01_29.zip,2022-01-29,2022-01-28 16:33:16
cenace_nd_2022_01_30.zip,2022-01-30,2022-01-29 16:58:56
cenace_nd_2022_01_31.zip,2022-01-31,2022-01-30 15:22:41
cenace_nd_2022_02_01.zip,2022-02-01,2022-01-31 16:18:55
cenace_nd_2022_02_02.zip,2022-02-02,2022-02-01 16:32:44
cenace_nd_2022_02_03.zip,2022-02-03,2022-02-02 16:42:35
cenace_nd_2022_02_04.zip,2022-02-04,2022-02-03 16:53:39
cenace_nd_2022_02_05.zip,2022-02-05,2022-02-04 16:31:30
cenace_nd_2022_02_06.zip,2022-02-06,2022-02-05 16:39:58
cenace_nd_2022_02_07.zip,2022-02-07,2022-02-06 15:07:36
cenace_nd_2022_02_08.zip,2022-02-08,2022-02-07 15:38:06
cenace_nd_2022_02_09.zip,2022-02-09,2022-02-08 15:57:20
cenace_nd_2022_02_10.zip,2022-02-10,2022-02-09 17:23:08
cenace_nd_2022_02_11.zip,2022-02-11,2022-02-10 16:06:29
cenace_nd_2022_02_12.zip,2022-02-12,2022-02-11 17:15:21
cenace_nd_2022_02_13.zip,2022-02-13,2022-02-12 17:29:46
cenace_nd_2022_02_14.zip,2022-02-14,2022-02-13 16:45:31
cenace_nd_2022_02_15.zip,2022-02-15,2022-02-14 17:07:15
cenace_nd_2022_02_16.zip,2022-02-16,2022-02-15 16:21:27
cenace_nd_2022_02_17.zip,2022-02-17,2022-02-16 17:40:31
cenace_nd_2022_02_18.zip,2022-02-18,2022-02-17 16:08:21
cenace_nd_2022_02_19.zip,2022-02-19,2022-02-18 15:06:00
cenace_nd_2022_02_20.zip,2022-02-20,2022-02-19 17:15:30
cenace_nd_2022_02_21.zip,2022-02-21,2022-02-20 16:10:33
cenace_nd_2022_02_22.zip,2022-02-22,2022-02-21 21:44:08
cenace_nd_2022_02_23.zip,2022-02-23,2022-02-22 15:57:48
cenace_nd_2022_02_24.zip,2022-02-24,2022-02-23 16:22:31
cenace_nd_2022_02_25.zip,2022-02-25,2022-02-24 15:29:53
cenace_nd_2022_02_26.zip,2022-02-26,2022-02-25 15:43:40
cenace_nd_2022_02_27.zip,2022-02-27,2022-02-26 18:52:58
cenace_nd_2022_02_28.zip,2022-02-28,2022-02-27 16:52:24
cenace_nd_2022_03_01.zip,2022-03-01,2022-02-28 15:52:32
cenace_nd_2022_03_02.zip,2022-03-02,2022-03-01 15:21:19
cenace_nd_2022_03_03.zip,2022-03-03,2022-03-02 14:50:48
cenace_nd_2022_03_04.zip,2022-03-04,2022-03-03 15:51:26
cenace_nd_2022_03_05.zip,2022-03-05,2022-03-04 16:14:13
cenace_nd_2022_03_06.zip,2022-03-06,2022-03-05 16:13:06
cenace_nd_2022_03_07.zip,2022-03-07,2022-03-06 15:57:31
cenace_nd_2022_03_08.zip,2022-03-08,2022-03-07 18:54:13
cenace_nd_2022_03_09.zip,2022-03-09,2022-03-08 17:59:57
cenace_nd_2022_03_10.zip,2022-03-10,2022-03-09 15:41:42
cenace_nd_2022_03_11.zip,2022-03-11,2022-03-10 16:16:24
cenace_nd_2022_03_12.zip,2022-03-12,2022-03-11 15:11:45
cenace_nd_2022_03_13.zip,2022-03-13,2022-03-12 16:33:13
cenace_nd_2022_03_14.zip,2022-03-14,2022-03-13 15:28:28
cenace_nd_2022_03_15.zip,2022-03-15,2022-03-14 15:10:46
cenace_nd_2022_03_16.zip,2022-03-16,2022-03-15 14:52:15
cenace_nd_2022_03_17.zip,2022-03-17,2022-03-16 15:50:59
cenace_nd_2022_03_18.zip,2022-03-18,2022-03-17 16:06:51
cenace_nd_2022_03_19.zip,2022-03-19,2022-03-18 16:08:39
cenace_nd_2022_03_20.zip,2022-03-20,2022-03-19 17:30:40
cenace_nd_2022_03_21.zip,2022-03-21,2022-03-20 15:28:30
cenace_nd_2022_03_22.zip,2022-03-22,2022-03-21 15:23:56
cenace_nd_2022_03_23.zip,2022-03-23,2022-03-22 16:26:21
cenace_nd_2022_03_24.zip,2022-03-24,2022-03-23 16:35:41
cenace_nd_2022_03_25.zip,2022-03-25,2022-03-24 17:38:38
cenace_nd_2022_03_26.zip,2022-03-26,2022-03-25 16:34:27
cenace_nd_2022_03_27.zip,2022-03-27,2022-03-26 15:47:52
cenace_nd_2022_03_28.zip,2022-03-28,2022-03-27 17:31:53
cenace_nd_2022_03_29.zip,2022-03-29,2022-03-28 17:19:50
cenace_nd_2022_03_30.zip,2022-03-30,2022-03-29 20:27:27
cenace_nd_2022_03_31.zip,2022-03-31,2022-03-30 15:14:24
cenace_nd_2022_04_01.zip,2022-04-01,2022-03-31 16:08:55
cenace_nd_2022_04_02.zip,2022-04-02,2022-04-01 20:16:35
cenace_nd_2022_04_03.zip,2022-04-03,2022-04-02 16:17:45
cenace_nd_2022_04_04.zip,2022-04-04,2022-04-03 18:48:28
cenace_nd_2022_04_05.zip,2022-04-05,2022-04-04 16:27:14
cenace_nd_2022_04_06.zip,2022-04-06,2022-04-05 18:21:29
cenace_nd_2022_04_07.zip,2022-04-07,2022-04-06 18:53:45
cenace_nd_2022_04_08.zip,2022-04-08,2022-04-07 16:23:08
cenace_nd_2022_04_09.zip,2022-04-09,2022-04-08 16:49:12
cenace_nd_2022_04_10.zip,2022-04-10,2022-04-09 19:39:22
cenace_nd_2022_04_11.zip,2022-04-11,2022-04-10 18:47:51
cenace_nd_2022_04_12.zip,2022-04-12,2022-04-11 19:47:54
cenace_nd_2022_04_13.zip,2022-04-13,2022-04-12 17:01:56
cenace_nd_2022_04_14.zip,2022-04-14,2022-04-13 16:59:10
cenace_nd_2022_04_15.zip,2022-04-15,2022-04-14 15:37:41
cenace_nd_2022_04_16.zip,2022-04-16,2022-04-15 15:18:27
cenace_nd_2022_04_17.zip,2022-04-17,2022-04-16 15:21:01
cenace_nd_2022_04_18.zip,2022-04-18,2022-04-17 18:40:06
cenace_nd_2022_04_19.zip,2022-04-19,2022-04-18 16:49:36
cenace_nd_2022_04_20.zip,2022-04-20,2022-04-19 16:31:42
cenace_nd_2022_04_21.zip,2022-04-21,2022-04-20 16:41:04
cenace_nd_2022_04_22.zip,2022-04-22,2022-04-21 15:09:36
cenace_nd_2022_04_23.zip,2022-04-23,2022-04-22 16:26:57
cenace_nd_2022_04_24.zip,2022-04-24,2022-04-23 14:58:03
cenace_nd_2022_04_25.zip,2022-04-25,2022-04-24 18:00:11
cenace_nd_2022_04_26.zip,2022-04-26,2022-04-25 16:51:38
cenace_nd_2022_04_27.zip,2022-04-27,2022-04-26 16:58:18
cenace_nd_2022_04_28.zip,2022-04-28,2022-04-27 16:55:12
cenace_nd_2022_04_29.zip,2022-04-29,2022-04-28 17:06:07
cenace_nd_2022_04_30.zip,2022-04-30,2022-04-29 16:41:51
cenace_nd_2022_05_01.zip,2022-05-01,2022-04-30 17:14:46
cenace_nd_2022_05_02.zip,2022-05-02,2022-05-01 17:35:36
cenace_nd_2022_05_03.zip,2022-05-03,2022-05-02 17:44:04
cenace_nd_2022_05_04.zip,2022-05-04,2022-05-03 21:19:54
cenace_nd_2022_05_05.zip,2022-05-05,2022-05-04 16:56:06
cenace_nd_2022_05_06.zip,2022-05-06,2022-05-05 17:13:52
cenace_nd_2022_05_07.zip,2022-05-07,2022-05-06 16:02:15
cenace_nd_2022_05_08.zip,2022-05-08,2022-05-07 16:00:05
cenace_nd_2022_05_09.zip,2022-05-09,2022-05-08 16:33:15
cenace_nd_2022_05_10.zip,2022-05-10,2022-05-09 16:16:15
cenace_nd_2022_05_11.zip,2022-05-11,2022-05-10 16:10:42
cenace_nd_2022_05_12.zip,2022-05-12,2022-05-11 16:16:17
cenace_nd_2022_05_13.zip,2022-05-13,2022-05-12 17:53:24
cenace_nd_2022_05_14.zip,2022-05-14,2022-05-13 16:46:35
cenace_nd_2022_05_15.zip,2022-05-15,2022-05-14 17:26:37
cenace_nd_2022_05_16.zip,2022-05-16,2022-05-15 16:27:29
cenace_nd_2022_05_17.zip,2022-05-17,2022-05-16 15:52:14
cenace_nd_2022_05_18.zip,2022-05-18,2022-05-17 16:19:20
cenace_nd_2022_05_19.zip,2022-05-19,2022-05-18 16:57:11
cenace_nd_2022_05_20.zip,2022-05-20,2022-05-19 18:04:31
cenace_nd_2022_05_21.zip,2022-05-21,2022-05-20 16:06:51
cenace_nd_2022_05_22.zip,2022-05-22,2022-05-21 16:14:49
cenace_nd_2022_05_23.zip,2022-05-23,2022-05-22 16:43:39
cenace_nd_2022_05_24.zip,2022-05-24,2022-05-23 18:03:55
cenace_nd_2022_05_25.zip,2022-05-25,2022-05-24 17:32:48
cenace_nd_2022_05_26.zip,2022-05-26,2022-05-25 16:18:05
cenace_nd_2022_05_27.zip,2022-05-27,2022-05-26 16:06:37
cenace_nd_2022_05_28.zip,2022-05-28,2022-05-27 16:38:47
cenace_nd_2022_05_29.zip,2022-05-29,2022-05-28 17:05:20
cenace_nd_2022_05_30.zip,2022-05-30,2022-05-29 16:10:46
cenace_nd_2022_05_31.zip,2022-05-31,2022-05-30 16:06:28
cenace_nd_2022_06_01.zip,2022-06-01,2022-05-31 16:12:07
cenace_nd_2022_06_02.zip,2022-06-02,2022-06-01 15:29:50
cenace_nd_2022_06_03.zip,2022-06-03,2022-06-02 16:29:26
cenace_nd_2022_06_04.zip,2022-06-04,2022-06-03 15:39:38
cenace_nd_2022_06_05.zip,2022-06-05,2022-06-04 20:08:09
cenace_nd_2022_06_06.zip,2022-06-06,2022-06-05 17:00:15
cenace_nd_2022_06_07.zip,2022-06-07,2022-06-06 16:36:38
cenace_nd_2022_06_08.zip,2022-06-08,2022-06-07 16:13:53
cenace_nd_2022_06_09.zip,2022-06-09,2022-06-08 15:33:54
cenace_nd_2022_06_10.zip,2022-06-10,2022-06-09 15:29:07
cenace_nd_2022_06_11.zip,2022-06-11,2022-06-10 15:09:00
cenace_nd_2022_06_12.zip,2022-06-12,2022-06-11 15:00:15
cenace_nd_2022_06_13.zip,2022-06-13,2022-06-12 16:38:52
cenace_nd_2022_06_14.zip,2022-06-14,2022-06-13 16:12:43
cenace_nd_2022_06_15.zip,2022-06-15,2022-06-14 15:16:53
cenace_nd_2022_06_16.zip,2022-06-16,2022-06-15 16:29:58
cenace_nd_2022_06_17.zip,2022-06-17,2022-06-16 14:43:10
cenace_nd_2022_06_18.zip,2022-06-18,2022-06-17 15:32:21
cenace_nd_2022_06_19.zip,2022-06-19,2022-06-18 17:25:54
cenace_nd_2022_06_20.zip,2022-06-20,2022-06-19 17:02:58
cenace_nd_2022_06_21.zip,2022-06-21,2022-06-20 15:48:45
cenace_nd_2022_06_22.zip,2022-06-22,2022-06-21 15:49:49
cenace_nd_2022_06_23.zip,2022-06-23,2022-06-22 14:43:16
cenace_nd_2022_06_24.zip,2022-06-24,2022-06-23 15:13:20
cenace_nd_2022_06_25.zip,2022-06-25,2022-06-24 16:46:42
cenace_nd_2022_06_26.zip,2022-06-26,2022-06-25 16:48:24
cenace_nd_2022_06_27.zip,2022-06-27,2022-06-26 16:59:20
cenace_nd_2022_06_28.zip,2022-06-28,2022-06-27 16:30:10
cenace_nd_2022_06_29.zip,2022-06-29,2022-06-28 16:14:33
cenace_nd_2022_06_30.zip,2022-06-30,2022-06-29 15:43:24
cenace_nd_2022_07_01.zip,2022-07-01,2022-06-30 21:57:14
cenace_nd_2022_07_02.zip,2022-07-02,2022-07-01 16:06:16
cenace_nd_2022_07_03.zip,2022-07-03,2022-07-02 16:24:51
cenace_nd_2022_07_04.zip,2022-07-04,2022-07-03 17:53:04
cenace_nd_2022_07_05.zip,2022-07-05,2022-07-04 16:35:18
cenace_nd_2022_07_06.zip,2022-07-06,2022-07-05 16:17:22
cenace_nd_2022_07_07.zip,2022-07-07,2022-07-06 16:02:53
cenace_nd_2022_07_08.zip,2022-07-08,2022-07-07 15:17:34
cenace_nd_2022_07_09.zip,2022-07-09,2022-07-08 16:46:46
cenace_nd_2022_07_10.zip,2022-07-10,2022-07-09 15:47:47
cenace_nd_2022_07_11.zip,2022-07-11,2022-07-10 16:03:46
cenace_nd_2022_07_12.zip,2022-07-12,2022-07-11 15:52:53
cenace_nd_2022_07_13.zip,2022-07-13,2022-07-12 16:32:50
cenace_nd_2022_07_14.zip,2022-07-14,2022-07-13 15:49:20
cenace_nd_2022_07_15.zip,2022-07-15,2022-07-14 16:25:11
cenace_nd_2022_07_16.zip,2022-07-16,2022-07-15 16:26:45
cenace_nd_2022_07_17.zip,2022-07-17,2022-07-16 18:28:08
cenace_nd_2022_07_18.zip,2022-07-18,2022-07-17 15:56:25
cenace_nd_2022_07_19.zip,2022-07-19,2022-07-18 16:21:17
cenace_nd_2022_07_20.zip,2022-07-20,2022-07-19 16:00:08
cenace_nd_2022_07_21.zip,2022-07-21,2022-07-20 16:38:10
cenace_nd_2022_07_22.zip,2022-07-22,2022-07-21 15:18:51
cenace_nd_2022_07_23.zip,2022-07-23,2022-07-22 15:50:07
cenace_nd_2022_07_24.zip,2022-07-24,2022-07-23 17:51:36
cenace_nd_2022_07_25.zip,2022-07-25,2022-07-24 14:46:16
cenace_nd_2022_07_26.zip,2022-07-26,2022-07-25 15:40:42
cenace_nd_2022_07_27.zip,2022-07-27,2022-07-26 15:11:39
cenace_nd_2022_07_28.zip,2022-07-28,2022-07-27 15:22:42
cenace_nd_2022_07_29.zip,2022-07-29,2022-07-28 15:15:47
cenace_nd_2022_07_30.zip,2022-07-30,2022-07-29 15:28:15
cenace_nd_2022_07_31.zip,2022-07-31,2022-07-30 15:46:05
cenace_nd_2022_08_01.zip,2022-08-01,2022-07-31 15:47:50
cenace_nd_2022_08_02.zip,2022-08-02,2022-08-01 15:29:10
cenace_nd_2022_08_03.zip,2022-08-03,2022-08-02 15:22:51
cenace_nd_2022_08_04.zip,2022-08-04,2022-08-03 16:30:39
cenace_nd_2022_08_05.zip,2022-08-05,2022-08-04 16:03:03
cenace_nd_2022_08_06.zip,2022-08-06,2022-08-05 16:41:16
cenace_nd_2022_08_07.zip,2022-08-07,2022-08-06 15:42:19
cenace_nd_2022_08_08.zip,2022-08-08,2022-08-07 17:56:27
cenace_nd_2022_08_09.zip,2022-08-09,2022-08-08 15:57:35
cenace_nd_2022_08_10.zip,2022-08-10,2022-08-09 16:47:29
cenace_nd_2022_08_11.zip,2022-08-11,2022-08-10 16:32:42
cenace_nd_2022_08_12.zip,2022-08-12,2022-08-11 19:19:36
cenace_nd_2022_08_13.zip,2022-08-13,2022-08-12 16:40:58
cenace_nd_2022_08_14.zip,2022-08-14,2022-08-13 15:39:23
cenace_nd_2022_08_15.zip,2022-08-15,2022-08-14 16:21:16
cenace_nd_2022_08_16.zip,2022-08-16,2022-08-15 17:50:59
cenace_nd_2022_08_17.zip,2022-08-17,2022-08-16 16:12:22
cenace_nd_2022_08_18.zip,2022-08-18,2022-08-17 16:26:59
cenace_nd_2022_08_19.zip,2022-08-19,2022-08-18 20:25:01
cenace_nd_2022_08_20.zip,2022-08-20,2022-08-19 19:54:43
cenace_nd_2022_08_21.zip,2022-08-21,2022-08-20 15:52:24
cenace_nd_2022_08_22.zip,2022-08-22,2022-08-21 16:16:35
cenace_nd_2022_08_23.zip,2022-08-23,2022-08-22 16:39:53
cenace_nd_2022_08_24.zip,2022-08-24,2022-08-23 16:02:26
cenace_nd_2022_08_25.zip,2022-08-25,2022-08-24 16:11:49
cenace_nd_2022_08_26.zip,2022-08-26,2022-08-25 15:52:24
cenace_nd_2022_08_27.zip,2022-08-27,2022-08-26 16:47:06
cenace_nd_2022_08_28.zip,2022-08-28,2022-08-27 16:10:27
cenace_nd_2022_08_29.zip,2022-08-29,2022-08-28 15:38:44
cenace_nd_2022_08_30.zip,2022-08-30,2022-08-29 15:26:12
cenace_nd_2022_08_31.zip,2022-08-31,2022-08-30 15:24:07
cenace_nd_2022_09_01.zip,2022-09-01,2022-08-31 19:59:36
cenace_nd_2022_09_02.zip,2022-09-02,2022-09-01 16:56:32
cenace_nd_2022_09_03.zip,2022-09-03,2022-09-02 16:18:40
cenace_nd_2022_09_04.zip,2022-09-04,2022-09-03 15:34:54
cenace_nd_2022_09_05.zip,2022-09-05,2022-09-04 15:32:41
cenace_nd_2022_09_06.zip,2022-09-06,2022-09-05 16:58:41
cenace_nd_2022_09_07.zip,2022-09-07,2022-09-06 16:22:25
cenace_nd_2022_09_08.zip,2022-09-08,2022-09-07 15:54:45
cenace_nd_2022_09_09.zip,2022-09-09,2022-09-08 15:50:45
cenace_nd_2022_09_10.zip,2022-09-10,2022-09-09 16:54:32
cenace_nd_2022_09_11.zip,2022-09-11,2022-09-10 17:12:24
cenace_nd_2022_09_12.zip,2022-09-12,2022-09-11 15:42:03
cenace_nd_2022_09_13.zip,2022-09-13,2022-09-12 15:39:34
cenace_nd_2022_09_14.zip,2022-09-14,2022-09-13 18:05:15
cenace_nd_2022_09_15.zip,2022-09-15,2022-09-14 16:09:14
cenace_nd_2022_09_16.zip,2022-09-16,2022-09-15 16:46:53
cenace_nd_2022_09_17.zip,2022-09-17,2022-09-16 16:03:57
cenace_nd_2022_09_18.zip,2022-09-18,2022-09-17 16:10:26
cenace_nd_2022_09_19.zip,2022-09-19,2022-09-18 16:32:28
cenace_nd_2022_09_20.zip,2022-09-20,2022-09-19 17:33:48
cenace_nd_2022_09_21.zip,2022-09-21,2022-09-20 20:26:30
cenace_nd_2022_09_22.zip,2022-09-22,2022-09-21 16:09:56
cenace_nd_2022_09_23.zip,2022-09-23,2022-09-22 18:24:46
cenace_nd_2022_09_24.zip,2022-09-24,2022-09-23 16:53:51
cenace_nd_2022_09_25.zip,2022-09-25,2022-09-24 17:32:50
cenace_nd_2022_09_26.zip,2022-09-26,2022-09-25 16:51:55
cenace_nd_2022_09_27.zip,2022-09-27,2022-09-26 16:39:48
cenace_nd_2022_09_28.zip,2022-09-28,2022-09-27 16:57:59
cenace_nd_2022_09_29.zip,2022-09-29,2022-09-28 16:34:55
cenace_nd_2022_09_30.zip,2022-09-30,2022-09-29 16:40:34
cenace_nd_2022_10_01.zip,2022-10-01,2022-09-30 16:01:06
cenace_nd_2022_10_02.zip,2022-10-02,2022-10-01 15:56:09
cenace_nd_2022_10_03.zip,2022-10-03,2022-10-02 16:17:11
cenace_nd_2022_10_04.zip,2022-10-04,2022-10-03 16:28:53
cenace_nd_2022_10_05.zip,2022-10-05,2022-10-04 15:34:01
cenace_nd_2022_10_06.zip,2022-10-06,2022-10-05 16:46:14
cenace_nd_2022_10_07.zip,2022-10-07,2022-10-06 19:38:32
cenace_nd_2022_10_08.zip,2022-10-08,2022-10-07 15:45:34
cenace_nd_2022_10_09.zip,2022-10-09,2022-10-08 16:02:04
cenace_nd_2022_10_10.zip,2022-10-10,2022-10-09 15:42:53
cenace_nd_2022_10_11.zip,2022-10-11,2022-10-10 16:58:13
cenace_nd_2022_10_12.zip,2022-10-12,2022-10-11 16:59:06
cenace_nd_2022_10_13.zip,2022-10-13,2022-10-12 15:54:16
cenace_nd_2022_10_14.zip,2022-10-14,2022-10-13 15:31:41
cenace_nd_2022_10_15.zip,2022-10-15,2022-10-14 15:13:32
cenace_nd_2022_10_16.zip,2022-10-16,2022-10-15 16:54:49
cenace_nd_2022_10_17.zip,2022-10-17,2022-10-16 16:30:04
cenace_nd_2022_10_18.zip,2022-10-18,2022-10-17 16:59:06
cenace_nd_2022_10_19.zip,2022-10-19,2022-10-18 16:13:08
cenace_nd_2022_10_20.zip,2022-10-20,2022-10-19 15:54:55
cenace_nd_2022_10_21.zip,2022-10-21,2022-10-20 16:55:03
cenace_nd_2022_10_22.zip,2022-10-22,2022-10-21 15:47:26
cenace_nd_2022_10_23.zip,2022-10-23,2022-10-22 17:09:32
cenace_nd_2022_10_24.zip,2022-10-24,2022-10-23 15:54:27
cenace_nd_2022_10_25.zip,2022-10-25,2022-10-24 19:34:56
cenace_nd_2022_10_26.zip,2022-10-26,2022-10-25 16:52:21
cenace_nd_2022_10_27.zip,2022-10-27,2022-10-26 20:22:33
cenace_nd_2022_10_28.zip,2022-10-28,2022-10-27 16:12:45
cenace_nd_2022_10_29.zip,2022-10-29,2022-10-28 21:39:30
cenace_nd_2022_10_30.zip,2022-10-30,2022-10-29 16:34:52
cenace_nd_2022_10_31.zip,2022-10-31,2022-10-30 15:37:01
cenace_nd_2022_11_01.zip,2022-11-01,2022-10-31 15:25:39
cenace_nd_2022_11_02.zip,2022-11-02,2022-11-01 14:46:44
cenace_nd_2022_11_03.zip,2022-11-03,2022-11-02 16:09:05
cenace_nd_2022_11_04.zip,2022-11-04,2022-11-03 16:49:14
cenace_nd_2022_11_05.zip,2022-11-05,2022-11-04 16:57:14
cenace_nd_2022_11_06.zip,2022-11-06,2022-11-05 16:06:15
cenace_nd_2022_11_07.zip,2022-11-07,2022-11-06 15:49:40
cenace_nd_2022_11_08.zip,2022-11-08,2022-11-07 16:09:59
cenace_nd_2022_11_09.zip,2022-11-09,2022-11-08 16:53:45
cenace_nd_2022_11_10.zip,2022-11-10,2022-11-09 15:46:29
cenace_nd_2022_11_11.zip,2022-11-11,2022-11-10 16:31:03
cenace_nd_2022_11_12.zip,2022-11-12,2022-11-11 15:51:40
cenace_nd_2022_11_13.zip,2022-11-13,2022-11-12 16:17:21
cenace_nd_2022_11_14.zip,2022-11-14,2022-11-13 16:36:18
cenace_nd_2022_11_15.zip,2022-11-15,2022-11-14 16:55:30
cenace_nd_2022_11_16.zip,2022-11-16,2022-11-15 15:49:16
cenace_nd_2022_11_17.zip,2022-11-17,2022-11-16 16:38:01
cenace_nd_2022_11_18.zip,2022-11-18,2022-11-17 17:10:14
cenace_nd_2022_11_19.zip,2022-11-19,2022-11-18 16:43:15
cenace_nd_2022_11_20.zip,2022-11-20,2022-11-19 15:59:57
cenace_nd_2022_11_21.zip,2022-11-21,2022-11-20 16:51:19
cenace_nd_2022_11_22.zip,2022-11-22,2022-11-21 18:56:13
cenace_nd_2022_11_23.zip,2022-11-23,2022-11-22 18:07:39
cenace_nd_2022_11_24.zip,2022-11-24,2022-11-23 16:57:08
cenace_nd_2022_11_25.zip,2022-11-25,2022-11-24 16:48:28
cenace_nd_2022_11_26.zip,2022-11-26,2022-11-25 16:55:50
cenace_nd_2022_11_27.zip,2022-11-27,2022-11-26 17:49:34
cenace_nd_2022_11_28.zip,2022-11-28,2022-11-27 15:22:18
cenace_nd_2022_11_29.zip,2022-11-29,2022-11-28 16:59:03
cenace_nd_2022_11_30.zip,2022-11-30,2022-11-29 16:02:08
cenace_nd_2022_12_01.zip,2022-12-01,2022-11-30 15:54:33
cenace_nd_2022_12_02.zip,2022-12-02,2022-12-01 16:24:03
cenace_nd_2022_12_03.zip,2022-12-03,2022-12-02 16:18:42
cenace_nd_2022_12_04.zip,2022-12-04,2022-12-03 16:53:20
cenace_nd_2022_12_05.zip,2022-12-05,2022-12-04 16:08:22
cenace_nd_2022_12_06.zip,2022-12-06,2022-12-05 19:13:07
cenace_nd_2022_12_07.zip,2022-12-07,2022-12-06 16:55:49
cenace_nd_2022_12_08.zip,2022-12-08,2022-12-07 16:50:16
cenace_nd_2022_12_09.zip,2022-12-09,2022-12-08 15:42:34
cenace_nd_2022_12_10.zip,2022-12-10,2022-12-09 16:20:48
cenace_nd_2022_12_11.zip,2022-12-11,2022-12-10 16:50:12
cenace_nd_2022_12_12.zip,2022-12-12,2022-12-11 14:43:34
cenace_nd_2022_12_13.zip,2022-12-13,2022-12-12 16:07:35
cenace_nd_2022_12_14.zip,2022-12-14,2022-12-13 16:57:47
cenace_nd_2022_12_15.zip,2022-12-15,2022-12-14 16:52:27
cenace_nd_2022_12_16.zip,2022-12-16,2022-12-15 16:16:53
cenace_nd_2022_12_17.zip,2022-12-17,2022-12-16 15:06:14
cenace_nd_2022_12_18.zip,2022-12-18,2022-12-17 15:15:52
cenace_nd_2022_12_19.zip,2022-12-19,2022-12-18 15:35:21
cenace_nd_2022_12_20.zip,2022-12-20,2022-12-19 14:33:46
cenace_nd_2022_12_21.zip,2022-12-21,2022-12-20 14:31:58
cenace_nd_2022_12_22.zip,2022-12-22,2022-12-21 15:49:10
cenace_nd_2022_12_23.zip,2022-12-23,2022-12-22 14:56:46
cenace_nd_2022_12_24.zip,2022-12-24,2022-12-23 15:36:02
cenace_nd_2022_12_25.zip,2022-12-25,2022-12-24 16:22:57
cenace_nd_2022_12_26.zip,2022-12-26,2022-12-25 14:34:26
cenace_nd_2022_12_27.zip,2022-12-27,2022-12-26 15:55:06
cenace_nd_2022_12_28.zip,2022-12-28,2022-12-27 16:23:44
cenace_nd_2022_12_29.zip,2022-12-29,2022-12-28 15:46:19
cenace_nd_2022_12_30.zip,2022-12-30,2022-12-29 15:48:03
cenace_nd_2022_12_31.zip,2022-12-31,2022-12-30 16:23:04
cenace_nd_2023_01_01.zip,2023-01-01,2022-12-31 16:53:20
cenace_nd_2023_01_02.zip,2023-01-02,2023-01-01 17:17:09
cenace_nd_2023_01_03.zip,2023-01-03,2023-01-02 15:55:25
cenace_nd_2023_01_04.zip,2023-01-04,2023-01-03 16:54:14
cenace_nd_2023_01_05.zip,2023-01-05,2023-01-04 14:21:33
cenace_nd_2023_01_06.zip,2023-01-06,2023-01-05 15:50:09
cenace_nd_2023_01_07.zip,2023-01-07,2023-01-06 14:14:40
cenace_nd_2023_01_08.zip,2023-01-08,2023-01-07 15:23:51
cenace_nd_2023_01_09.zip,2023-01-09,2023-01-08 14:16:57
cenace_nd_2023_01_10.zip,2023-01-10,2023-01-09 15:25:56
cenace_nd_2023_01_11.zip,2023-01-11,2023-01-10 15:41:21
cenace_nd_2023_01_12.zip,2023-01-12,2023-01-11 15:51:49
cenace_nd_2023_01_13.zip,2023-01-13,2023-01-12 16:50:34
cenace_nd_2023_01_14.zip,2023-01-14,2023-01-13 16:13:32
cenace_nd_2023_01_15.zip,2023-01-15,2023-01-14 21:15:54
cenace_nd_2023_01_16.zip,2023-01-16,2023-01-15 16:53:14
cenace_nd_2023_01_17.zip,2023-01-17,2023-01-16 16:21:01
cenace_nd_2023_01_18.zip,2023-01-18,2023-01-17 15:52:24
cenace_nd_2023_01_19.zip,2023-01-19,2023-01-18 15:27:34
cenace_nd_2023_01_20.zip,2023-01-20,2023-01-19 15:24:03
cenace_nd_2023_01_21.zip,2023-01-21,2023-01-20 15:24:12
cenace_nd_2023_01_22.zip,2023-01-22,2023-01-21 16:35:34
cenace_nd_2023_01_23.zip,2023-01-23,2023-01-22 16:25:04
cenace_nd_2023_01_24.zip,2023-01-24,2023-01-23 21:04:33
cenace_nd_2023_01_25.zip,2023-01-25,2023-01-24 15:24:54
cenace_nd_2023_01_26.zip,2023-01-26,2023-01-25 16:53:14
cenace_nd_2023_01_27.zip,2023-01-27,2023-01-26 16:05:52
cenace_nd_2023_01_28.zip,2023-01-28,2023-01-27 15:30:20
cenace_nd_2023_01_29.zip,2023-01-29,2023-01-28 16:52:30
cenace_nd_2023_01_30.zip,2023-01-30,2023-01-29 16:41:26
cenace_nd_2023_01_31.zip,2023-01-31,2023-01-30 16:08:05
cenace_nd_2023_02_01.zip,2023-02-01,2023-01-31 16:22:51
cenace_nd_2023_02_02.zip,2023-02-02,2023-02-01 15:26:42
cenace_nd_2023_02_03.zip,2023-02-03,2023-02-02 15:58:10
cenace_nd_2023_02_04.zip,2023-02-04,2023-02-03 15:11:07
cenace_nd_2023_02_05.zip,2023-02-05,2023-02-04 15:17:14
cenace_nd_2023_02_06.zip,2023-02-06,2023-02-05 15:10:08
cenace_nd_2023_02_07.zip,2023-02-07,2023-02-06 15:18:08
cenace_nd_2023_02_08.zip,2023-02-08,2023-02-07 15:09:13
cenace_nd_2023_02_09.zip,2023-02-09,2023-02-08 15:43:57
cenace_nd_2023_02_10.zip,2023-02-10,2023-02-09 15:46:12
cenace_nd_2023_02_11.zip,2023-02-11,2023-02-10 16:38:01
cenace_nd_2023_02_12.zip,2023-02-12,2023-02-11 15:47:10
cenace_nd_2023_02_13.zip,2023-02-13,2023-02-12 16:31:12
cenace_nd_2023_02_14.zip,2023-02-14,2023-02-13 15:45:29
cenace_nd_2023_02_15.zip,2023-02-15,2023-02-14 15:16:25
cenace_nd_2023_02_16.zip,2023-02-16,2023-02-15 15:22:56
cenace_nd_2023_02_17.zip,2023-02-17,2023-02-16 15:47:28
cenace_nd_2023_02_18.zip,2023-02-18,2023-02-17 16:13:29
cenace_nd_2023_02_19.zip,2023-02-19,2023-02-18 16:41:51
cenace_nd_2023_02_20.zip,2023-02-20,2023-02-19 15:27:44
cenace_nd_2023_02_21.zip,2023-02-21,2023-02-20 16:57:37
cenace_nd_2023_02_22.zip,2023-02-22,2023-02-21 17:03:21
cenace_nd_2023_02_23.zip,2023-02-23,2023-02-22 16:57:28
cenace_nd_2023_02_24.zip,2023-02-24,2023-02-23 15:51:15
cenace_nd_2023_02_25.zip,2023-02-25,2023-02-24 15:29:50
cenace_nd_2023_02_26.zip,2023-02-26,2023-02-25 23:28:01
cenace_nd_2023_02_27.zip,2023-02-27,2023-02-26 15:57:39
cenace_nd_2023_02_28.zip,2023-02-28,2023-02-27 16:52:24
cenace_nd_2023_03_01.zip,2023-03-01,2023-02-28 15:29:58
cenace_nd_2023_03_02.zip,2023-03-02,2023-03-01 15:48:47
cenace_nd_2023_03_03.zip,2023-03-03,2023-03-02 16:53:54
cenace_nd_2023_03_04.zip,2023-03-04,2023-03-03 15:28:08
cenace_nd_2023_03_05.zip,2023-03-05,2023-03-04 14:39:58
cenace_nd_2023_03_06.zip,2023-03-06,2023-03-05 15:32:23
cenace_nd_2023_03_07.zip,2023-03-07,2023-03-06 18:24:46
cenace_nd_2023_03_08.zip,2023-03-08,2023-03-07 18:11:56
cenace_nd_2023_03_09.zip,2023-03-09,2023-03-08 16:51:54
cenace_nd_2023_03_10.zip,2023-03-10,2023-03-09 15:51:51
cenace_nd_2023_03_11.zip,2023-03-11,2023-03-10 16:27:17
cenace_nd_2023_03_12.zip,2023-03-12,2023-03-11 16:59:54
cenace_nd_2023_03_13.zip,2023-03-13,2023-03-12 15:52:44
cenace_nd_2023_03_14.zip,2023-03-14,2023-03-13 16:54:17
cenace_nd_2023_03_15.zip,2023-03-15,2023-03-14 15:52:29
cenace_nd_2023_03_16.zip,2023-03-16,2023-03-15 14:27:29
cenace_nd_2023_03_17.zip,2023-03-17,2023-03-16 15:14:15
cenace_nd_2023_03_18.zip,2023-03-18,2023-03-17 14:42:21
cenace_nd_2023_03_19.zip,2023-03-19,2023-03-18 15:37:21
cenace_nd_2023_03_20.zip,2023-03-20,2023-03-19 14:12:50
cenace_nd_2023_03_21.zip,2023-03-21,2023-03-20 15:12:46
cenace_nd_2023_03_22.zip,2023-03-22,2023-03-21 16:58:37
cenace_nd_2023_03_23.zip,2023-03-23,2023-03-22 16:07:42
cenace_nd_2023_03_24.zip,2023-03-24,2023-03-23 17:34:13
cenace_nd_2023_03_25.zip,2023-03-25,2023-03-24 16:53:07
cenace_nd_2023_03_26.zip,2023-03-26,2023-03-25 16:24:09
cenace_nd_2023_03_27.zip,2023-03-27,2023-03-26 16:31:58
cenace_nd_2023_03_28.zip,2023-03-28,2023-03-27 20:12:32
cenace_nd_2023_03_29.zip,2023-03-29,2023-03-28 16:50:33
cenace_nd_2023_03_30.zip,2023-03-30,2023-03-29 16:16:26
cenace_nd_2023_03_31.zip,2023-03-31,2023-03-30 15:55:52
cenace_nd_2023_04_01.zip,2023-04-01,2023-03-31 15:04:16
cenace_nd_2023_04_02.zip,2023-04-02,2023-04-01 16:17:02
cenace_nd_2023_04_03.zip,2023-04-03,2023-04-02 16:27:12
cenace_nd_2023_04_04.zip,2023-04-04,2023-04-03 16:47:52
cenace_nd_2023_04_05.zip,2023-04-05,2023-04-04 16:09:44
cenace_nd_2023_04_06.zip,2023-04-06,2023-04-05 14:59:36
cenace_nd_2023_04_07.zip,2023-04-07,2023-04-06 14:32:26
cenace_nd_2023_04_08.zip,2023-04-08,2023-04-07 15:36:50
cenace_nd_2023_04_09.zip,2023-04-09,2023-04-08 14:39:27
cenace_nd_2023_04_10.zip,2023-04-10,2023-04-09 16:53:05
cenace_nd_2023_04_11.zip,2023-04-11,2023-04-10 14:46:21
cenace_nd_2023_04_12.zip,2023-04-12,2023-04-11 14:57:46
cenace_nd_2023_04_13.zip,2023-04-13,2023-04-12 15:37:08
cenace_nd_2023_04_14.zip,2023-04-14,2023-04-13 16:28:41
cenace_nd_2023_04_15.zip,2023-04-15,2023-04-14 16:09:02
cenace_nd_2023_04_16.zip,2023-04-16,2023-04-15 16:24:48
cenace_nd_2023_04_17.zip,2023-04-17,2023-04-16 15:34:48
cenace_nd_2023_04_18.zip,2023-04-18,2023-04-17 15:38:03
cenace_nd_2023_04_19.zip,2023-04-19,2023-04-18 16:17:35
cenace_nd_2023_04_20.zip,2023-04-20,2023-04-19 21:16:18
cenace_nd_2023_04_21.zip,2023-04-21,2023-04-20 18:38:42
cenace_nd_2023_04_22.zip,2023-04-22,2023-04-21 16:40:23
cenace_nd_2023_04_23.zip,2023-04-23,2023-04-22 16:58:23
cenace_nd_2023_04_24.zip,2023-04-24,2023-04-23 16:09:02
cenace_nd_2023_04_25.zip,2023-04-25,2023-04-24 16:49:22
cenace_nd_2023_04_26.zip,2023-04-26,2023-04-25 16:03:05
cenace_nd_2023_04_27.zip,2023-04-27,2023-04-26 15:36:22
cenace_nd_2023_04_28.zip,2023-04-28,2023-04-27 15:18:38
cenace_nd_2023_04_29.zip,2023-04-29,2023-04-28 15:50:29
cenace_nd_2023_04_30.zip,2023-04-30,2023-04-29 15:51:35
cenace_nd_2023_05_01.zip,2023-05-01,2023-04-30 14:35:28
cenace_nd_2023_05_02.zip,2023-05-02,2023-05-01 20:14:49
cenace_nd_2023_05_03.zip,2023-05-03,2023-05-02 16:52:47
cenace_nd_2023_05_04.zip,2023-05-04,2023-05-03 18:33:25
cenace_nd_2023_05_05.zip,2023-05-05,2023-05-04 16:01:57
cenace_nd_2023_05_06.zip,2023-05-06,2023-05-05 16:07:26
cenace_nd_2023_05_07.zip,2023-05-07,2023-05-06 16:57:36
cenace_nd_2023_05_08.zip,2023-05-08,2023-05-07 16:01:30
cenace_nd_2023_05_09.zip,2023-05-09,2023-05-08 15:38:16
cenace_nd_2023_05_10.zip,2023-05-10,2023-05-09 16:58:05
cenace_nd_2023_05_11.zip,2023-05-11,2023-05-10 16:44:00
cenace_nd_2023_05_12.zip,2023-05-12,2023-05-11 16:18:54
cenace_nd_2023_05_13.zip,2023-05-13,2023-05-12 16:59:20
cenace_nd_2023_05_14.zip,2023-05-14,2023-05-13 17:47:33
cenace_nd_2023_05_15.zip,2023-05-15,2023-05-14 16:22:23
cenace_nd_2023_05_16.zip,2023-05-16,2023-05-15 16:00:19
cenace_nd_2023_05_17.zip,2023-05-17,2023-05-16 16:17:40
cenace_nd_2023_05_18.zip,2023-05-18,2023-05-17 16:14:36
cenace_nd_2023_05_19.zip,2023-05-19,2023-05-18 15:39:11
cenace_nd_2023_05_20.zip,2023-05-20,2023-05-19 16:03:28
cenace_nd_2023_05_21.zip,2023-05-21,2023-05-20 15:52:27
cenace_nd_2023_05_22.zip,2023-05-22,2023-05-21 15:59:11
cenace_nd_2023_05_23.zip,2023-05-23,2023-05-22 16:43:11
cenace_nd_2023_05_24.zip,2023-05-24,2023-05-23 14:54:38
cenace_nd_2023_05_25.zip,2023-05-25,2023-05-24 16:16:55
cenace_nd_2023_05_26.zip,2023-05-26,2023-05-25 16:59:39
cenace_nd_2023_05_27.zip,2023-05-27,2023-05-26 15:26:41
cenace_nd_2023_05_28.zip,2023-05-28,2023-05-27 16:18:06
cenace_nd_2023_05_29.zip,2023-05-29,2023-05-28 16:12:57
cenace_nd_2023_05_30.zip,2023-05-30,2023-05-29 16:47:55
cenace_nd_2023_05_31.zip,2023-05-31,2023-05-30 16:47:45
cenace_nd_2023_06_01.zip,2023-06-01,2023-05-31 16:17:51
cenace_nd_2023_06_02.zip,2023-06-02,2023-06-01 16:00:29
cenace_nd_2023_06_03.zip,2023-06-03,2023-06-02 16:32:23
cenace_nd_2023_06_04.zip,2023-06-04,2023-06-03 15:42:36
cenace_nd_2023_06_05.zip,2023-06-05,2023-06-04 16:41:56
cenace_nd_2023_06_06.zip,2023-06-06,2023-06-05 15:31:01
cenace_nd_2023_06_07.zip,2023-06-07,2023-06-06 16:54:41
cenace_nd_2023_06_08.zip,2023-06-08,2023-06-07 16:17:31
cenace_nd_2023_06_09.zip,2023-06-09,2023-06-08 16:58:42
cenace_nd_2023_06_10.zip,2023-06-10,2023-06-09 16:51:31
cenace_nd_2023_06_11.zip,2023-06-11,2023-06-10 16:56:29
cenace_nd_2023_06_12.zip,2023-06-12,2023-06-11 19:33:52
cenace_nd_2023_06_13.zip,2023-06-13,2023-06-12 16:57:44
cenace_nd_2023_06_14.zip,2023-06-14,2023-06-13 19:14:01
cenace_nd_2023_06_15.zip,2023-06-15,2023-06-14 19:19:41
cenace_nd_2023_06_16.zip,2023-06-16,2023-06-15 16:59:47
cenace_nd_2023_06_17.zip,2023-06-17,2023-06-16 17:45:18
cenace_nd_2023_06_18.zip,2023-06-18,2023-06-17 18:36:21
cenace_nd_2023_06_19.zip,2023-06-19,2023-06-18 17:09:50
cenace_nd_2023_06_20.zip,2023-06-20,2023-06-19 20:00:34
cenace_nd_2023_06_21.zip,2023-06-21,2023-06-20 19:19:02
cenace_nd_2023_06_22.zip,2023-06-22,2023-06-21 18:37:32
cenace_nd_2023_06_23.zip,2023-06-23,2023-06-22 16:57:40
cenace_nd_2023_06_24.zip,2023-06-24,2023-06-23 16:57:25
cenace_nd_2023_06_25.zip,2023-06-25,2023-06-24 15:29:07
cenace_nd_2023_06_26.zip,2023-06-26,2023-06-25 18:46:58
cenace_nd_2023_06_27.zip,2023-06-27,2023-06-26 16:46:37
cenace_nd_2023_06_28.zip,2023-06-28,2023-06-27 14:50:27
cenace_nd_2023_06_29.zip,2023-06-29,2023-06-28 16:08:22
cenace_nd_2023_06_30.zip,2023-06-30,2023-06-29 16:23:08
cenace_nd_2023_07_01.zip,2023-07-01,2023-06-30 18:10:06
cenace_nd_2023_07_02.zip,2023-07-02,2023-07-01 18:38:34
cenace_nd_2023_07_03.zip,2023-07-03,2023-07-02 19:18:07
cenace_nd_2023_07_04.zip,2023-07-04,2023-07-03 15:51:34
cenace_nd_2023_07_05.zip,2023-07-05,2023-07-04 19:31:32
cenace_nd_2023_07_06.zip,2023-07-06,2023-07-05 16:58:12
cenace_nd_2023_07_07.zip,2023-07-07,2023-07-06 16:53:43
cenace_nd_2023_07_08.zip,2023-07-08,2023-07-07 18:17:54
cenace_nd_2023_07_09.zip,2023-07-09,2023-07-08 15:49:21
cenace_nd_2023_07_10.zip,2023-07-10,2023-07-09 16:57:46
cenace_nd_2023_07_11.zip,2023-07-11,2023-07-10 19:30:29
cenace_nd_2023_07_12.zip,2023-07-12,2023-07-11 16:43:46
cenace_nd_2023_07_13.zip,2023-07-13,2023-07-12 16:50:00
cenace_nd_2023_07_14.zip,2023-07-14,2023-07-13 16:56:33
cenace_nd_2023_07_15.zip,2023-07-15,2023-07-14 16:33:25
cenace_nd_2023_07_16.zip,2023-07-16,2023-07-15 16:20:42
cenace_nd_2023_07_17.zip,2023-07-17,2023-07-16 16:42:38
cenace_nd_2023_07_18.zip,2023-07-18,2023-07-17 16:21:10
cenace_nd_2023_07_19.zip,2023-07-19,2023-07-18 16:52:14
cenace_nd_2023_07_20.zip,2023-07-20,2023-07-19 16:56:07
cenace_nd_2023_07_21.zip,2023-07-21,2023-07-20 15:48:21
cenace_nd_2023_07_22.zip,2023-07-22,2023-07-21 16:19:28
cenace_nd_2023_07_23.zip,2023-07-23,2023-07-22 16:25:51
cenace_nd_2023_07_24.zip,2023-07-24,2023-07-23 16:23:22
cenace_nd_2023_07_25.zip,2023-07-25,2023-07-24 16:13:03
cenace_nd_2023_07_26.zip,2023-07-26,2023-07-25 15:32:41
cenace_nd_2023_07_27.zip,2023-07-27,2023-07-26 16:18:28
cenace_nd_2023_07_28.zip,2023-07-28,2023-07-27 16:05:05
cenace_nd_2023_07_29.zip,2023-07-29,2023-07-28 16:27:10
cenace_nd_2023_07_30.zip,2023-07-30,2023-07-29 15:39:10
cenace_nd_2023_07_31.zip,2023-07-31,2023-07-30 16:29:41
cenace_nd_2023_08_01.zip,2023-08-01,2023-07-31 16:57:14
cenace_nd_2023_08_02.zip,2023-08-02,2023-08-01 16:42:16
cenace_nd_2023_08_03.zip,2023-08-03,2023-08-02 16:49:07
cenace_nd_2023_08_04.zip,2023-08-04,2023-08-03 16:27:33
cenace_nd_2023_08_05.zip,2023-08-05,2023-08-04 16:48:36
cenace_nd_2023_08_06.zip,2023-08-06,2023-08-05 15:04:51
cenace_nd_2023_08_07.zip,2023-08-07,2023-08-06 16:59:40
cenace_nd_2023_08_08.zip,2023-08-08,2023-08-07 18:35:39
cenace_nd_2023_08_09.zip,2023-08-09,2023-08-08 18:38:53
cenace_nd_2023_08_10.zip,2023-08-10,2023-08-09 18:51:10
cenace_nd_2023_08_11.zip,2023-08-11,2023-08-10 16:31:08
cenace_nd_2023_08_12.zip,2023-08-12,2023-08-11 16:49:31
cenace_nd_2023_08_13.zip,2023-08-13,2023-08-12 15:09:57
cenace_nd_2023_08_14.zip,2023-08-14,2023-08-13 19:34:44
cenace_nd_2023_08_15.zip,2023-08-15,2023-08-14 17:44:19
cenace_nd_2023_08_16.zip,2023-08-16,2023-08-15 16:22:30
cenace_nd_2023_08_17.zip,2023-08-17,2023-08-16 15:47:11
cenace_nd_2023_08_18.zip,2023-08-18,2023-08-17 16:01:57
cenace_nd_2023_08_19.zip,2023-08-19,2023-08-18 15:28:32
cenace_nd_2023_08_20.zip,2023-08-20,2023-08-19 16:06:34
cenace_nd_2023_08_21.zip,2023-08-21,2023-08-20 16:10:28
cenace_nd_2023_08_22.zip,2023-08-22,2023-08-21 15:01:08
cenace_nd_2023_08_23.zip,2023-08-23,2023-08-22 15:14:16
cenace_nd_2023_08_24.zip,2023-08-24,2023-08-23 16:52:26
cenace_nd_2023_08_25.zip,2023-08-25,2023-08-24 19:42:44
cenace_nd_2023_08_26.zip,2023-08-26,2023-08-25 16:14:39
cenace_nd_2023_08_27.zip,2023-08-27,2023-08-26 15:06:08
cenace_nd_2023_08_28.zip,2023-08-28,2023-08-27 16:54:10
cenace_nd_2023_08_29.zip,2023-08-29,2023-08-28 16:52:34
cenace_nd_2023_08_30.zip,2023-08-30,2023-08-29 15:58:28
cenace_nd_2023_08_31.zip,2023-08-31,2023-08-30 16:31:30
cenace_nd_2023_09_01.zip,2023-09-01,2023-08-31 15:55:44
cenace_nd_2023_09_02.zip,2023-09-02,2023-09-01 16:15:35
cenace_nd_2023_09_03.zip,2023-09-03,2023-09-02 16:22:59
cenace_nd_2023_09_04.zip,2023-09-04,2023-09-03 16:58:18
cenace_nd_2023_09_05.zip,2023-09-05,2023-09-04 16:00:04
cenace_nd_2023_09_06.zip,2023-09-06,2023-09-05 16:17:32
cenace_nd_2023_09_07.zip,2023-09-07,2023-09-06 16:47:22
cenace_nd_2023_09_08.zip,2023-09-08,2023-09-07 16:41:32
cenace_nd_2023_09_09.zip,2023-09-09,2023-09-08 16:43:21
cenace_nd_2023_09_10.zip,2023-09-10,2023-09-09 16:21:10
cenace_nd_2023_09_11.zip,2023-09-11,2023-09-10 16:38:46
cenace_nd_2023_09_12.zip,2023-09-12,2023-09-11 16:56:54
cenace_nd_2023_09_13.zip,2023-09-13,2023-09-12 16:52:03
cenace_nd_2023_09_14.zip,2023-09-14,2023-09-13 15:35:55
cenace_nd_2023_09_15.zip,2023-09-15,2023-09-14 15:26:57
cenace_nd_2023_09_16.zip,2023-09-16,2023-09-15 14:36:09
cenace_nd_2023_09_17.zip,2023-09-17,2023-09-16 14:44:08
cenace_nd_2023_09_18.zip,2023-09-18,2023-09-17 15:53:17
cenace_nd_2023_09_19.zip,2023-09-19,2023-09-18 15:47:06
cenace_nd_2023_09_20.zip,2023-09-20,2023-09-19 15:43:03
cenace_nd_2023_09_21.zip,2023-09-21,2023-09-20 16:22:06
cenace_nd_2023_09_22.zip,2023-09-22,2023-09-21 16:08:35
cenace_nd_2023_09_23.zip,2023-09-23,2023-09-22 16:31:23
cenace_nd_2023_09_24.zip,2023-09-24,2023-09-23 16:33:13
cenace_nd_2023_09_25.zip,2023-09-25,2023-09-24 16:42:28
cenace_nd_2023_09_26.zip,2023-09-26,2023-09-25 16:54:19
cenace_nd_2023_09_27.zip,2023-09-27,2023-09-26 16:36:22
cenace_nd_2023_09_28.zip,2023-09-28,2023-09-27 16:45:36
cenace_nd_2023_09_29.zip,2023-09-29,2023-09-28 16:48:49
cenace_nd_2023_09_30.zip,2023-09-30,2023-09-29 16:37:50
cenace_nd_2023_10_01.zip,2023-10-01,2023-09-30 15:49:20
cenace_nd_2023_10_02.zip,2023-10-02,2023-10-01 16:27:23
cenace_nd_2023_10_03.zip,2023-10-03,2023-10-02 15:52:55
cenace_nd_2023_10_04.zip,2023-10-04,2023-10-03 16:27:39
cenace_nd_2023_10_05.zip,2023-10-05,2023-10-04 16:40:05
cenace_nd_2023_10_06.zip,2023-10-06,2023-10-05 16:56:57
cenace_nd_2023_10_07.zip,2023-10-07,2023-10-06 16:50:09
cenace_nd_2023_10_08.zip,2023-10-08,2023-10-07 16:28:22
cenace_nd_2023_10_09.zip,2023-10-09,2023-10-08 16:27:41
cenace_nd_2023_10_10.zip,2023-10-10,2023-10-09 16:06:31
cenace_nd_2023_10_11.zip,2023-10-11,2023-10-10 16:38:43
cenace_nd_2023_10_12.zip,2023-10-12,2023-10-11 19:14:48
cenace_nd_2023_10_13.zip,2023-10-13,2023-10-12 16:59:24
cenace_nd_2023_10_14.zip,2023-10-14,2023-10-13 16:55:32
cenace_nd_2023_10_15.zip,2023-10-15,2023-10-14 16:45:40
cenace_nd_2023_10_16.zip,2023-10-16,2023-10-15 15:22:50
cenace_nd_2023_10_17.zip,2023-10-17,2023-10-16 15:44:24
cenace_nd_2023_10_18.zip,2023-10-18,2023-10-17 14:52:17
cenace_nd_2023_10_19.zip,2023-10-19,2023-10-18 15:32:56
cenace_nd_2023_10_20.zip,2023-10-20,2023-10-19 16:19:12
cenace_nd_2023_10_21.zip,2023-10-21,2023-10-20 15:34:55
cenace_nd_2023_10_22.zip,2023-10-22,2023-10-21 15:48:03
cenace_nd_2023_10_23.zip,2023-10-23,2023-10-22 16:26:58
cenace_nd_2023_10_24.zip,2023-10-24,2023-10-23 16:47:57
cenace_nd_2023_10_25.zip,2023-10-25,2023-10-24 16:57:34
cenace_nd_2023_10_26.zip,2023-10-26,2023-10-25 16:55:58
cenace_nd_2023_10_27.zip,2023-10-27,2023-10-26 16:57:35
cenace_nd_2023_10_28.zip,2023-10-28,2023-10-27 16:02:44
cenace_nd_2023_10_29.zip,2023-10-29,2023-10-28 18:15:06
cenace_nd_2023_10_30.zip,2023-10-30,2023-10-29 16:14:03
cenace_nd_2023_10_31.zip,2023-10-31,2023-10-30 15:48:04
cenace_nd_2023_11_01.zip,2023-11-01,2023-10-31 15:43:45
cenace_nd_2023_11_02.zip,2023-11-02,2023-11-01 14:50:07
cenace_nd_2023_11_03.zip,2023-11-03,2023-11-02 15:36:19
cenace_nd_2023_11_04.zip,2023-11-04,2023-11-03 16:09:34
cenace_nd_2023_11_05.zip,2023-11-05,2023-11-04 15:32:44
cenace_nd_2023_11_06.zip,2023-11-06,2023-11-05 16:10:13
cenace_nd_2023_11_07.zip,2023-11-07,2023-11-06 15:45:52
cenace_nd_2023_11_08.zip,2023-11-08,2023-11-07 15:22:04
cenace_nd_2023_11_09.zip,2023-11-09,2023-11-08 21:41:44
cenace_nd_2023_11_10.zip,2023-11-10,2023-11-09 16:23:37
cenace_nd_2023_11_11.zip,2023-11-11,2023-11-10 15:21:27
cenace_nd_2023_11_12.zip,2023-11-12,2023-11-11 15:08:17
cenace_nd_2023_11_13.zip,2023-11-13,2023-11-12 15:04:58
cenace_nd_2023_11_14.zip,2023-11-14,2023-11-13 17:32:42
cenace_nd_2023_11_15.zip,2023-11-15,2023-11-14 16:32:15
cenace_nd_2023_11_16.zip,2023-11-16,2023-11-15 16:38:03
cenace_nd_2023_11_17.zip,2023-11-17,2023-11-16 18:10:19
cenace_nd_2023_11_18.zip,2023-11-18,2023-11-17 16:09:09
cenace_nd_2023_11_19.zip,2023-11-19,2023-11-18 17:36:50
cenace_nd_2023_11_20.zip,2023-11-20,2023-11-19 15:18:46
cenace_nd_2023_11_21.zip,2023-11-21,2023-11-20 16:44:48
cenace_nd_2023_11_22.zip,2023-11-22,2023-11-21 16:48:00
cenace_nd_2023_11_23.zip,2023-11-23,2023-11-22 16:04:34
cenace_nd_2023_11_24.zip,2023-11-24,2023-11-23 16:04:03
cenace_nd_2023_11_25.zip,2023-11-25,2023-11-24 16:39:42
cenace_nd_2023_11_26.zip,2023-11-26,2023-11-25 16:09:54
cenace_nd_2023_11_27.zip,2023-11-27,2023-11-26 16:02:47
cenace_nd_2023_11_28.zip,2023-11-28,2023-11-27 15:41:07
cenace_nd_2023_11_29.zip,2023-11-29,2023-11-28 15:24:58
cenace_nd_2023_11_30.zip,2023-11-30,2023-11-29 16:18:50
cenace_nd_2023_12_01.zip,2023-12-01,2023-11-30 18:53:24
cenace_nd_2023_12_02.zip,2023-12-02,2023-12-01 16:50:02
cenace_nd_2023_12_03.zip,2023-12-03,2023-12-02 16:09:43
cenace_nd_2023_12_04.zip,2023-12-04,2023-12-03 17:22:53
cenace_nd_2023_12_05.zip,2023-12-05,2023-12-04 16:05:38
cenace_nd_2023_12_06.zip,2023-12-06,2023-12-05 16:28:03
cenace_nd_2023_12_07.zip,2023-12-07,2023-12-06 15:08:59
cenace_nd_2023_12_08.zip,2023-12-08,2023-12-07 16:14:40
cenace_nd_2023_12_09.zip,2023-12-09,2023-12-08 16:17:19
cenace_nd_2023_12_10.zip,2023-12-10,2023-12-09 16:19:29
cenace_nd_2023_12_11.zip,2023-12-11,2023-12-10 15:17:40
cenace_nd_2023_12_12.zip,2023-12-12,2023-12-11 15:54:28
cenace_nd_2023_12_13.zip,2023-12-13,2023-12-12 16:02:29
cenace_nd_2023_12_14.zip,2023-12-14,2023-12-13 16:23:46
cenace_nd_2023_12_15.zip,2023-12-15,2023-12-14 15:33:31
cenace_nd_2023_12_16.zip,2023-12-16,2023-12-15 14:39:08
cenace_nd_2023_12_17.zip,2023-12-17,2023-12-16 15:35:59
cenace_nd_2023_12_18.zip,2023-12-18,2023-12-17 14:24:27
cenace_nd_2023_12_19.zip,2023-12-19,2023-12-18 15:33:55
cenace_nd_2023_12_20.zip,2023-12-20,2023-12-19 14:31:05
cenace_nd_2023_12_21.zip,2023-12-21,2023-12-20 16:14:17
cenace_nd_2023_12_22.zip,2023-12-22,2023-12-21 16:16:15
cenace_nd_2023_12_23.zip,2023-12-23,2023-12-22 14:33:19
cenace_nd_2023_12_24.zip,2023-12-24,2023-12-23 15:28:17
cenace_nd_2023_12_25.zip,2023-12-25,2023-12-24 15:24:13
cenace_nd_2023_12_26.zip,2023-12-26,2023-12-25 14:32:50
cenace_nd_2023_12_27.zip,2023-12-27,2023-12-26 15:54:17
cenace_nd_2023_12_28.zip,2023-12-28,2023-12-27 15:03:08
cenace_nd_2023_12_29.zip,2023-12-29,2023-12-28 14:45:20
cenace_nd_2023_12_30.zip,2023-12-30,2023-12-29 14:55:31
cenace_nd_2023_12_31.zip,2023-12-31,2023-12-30 16:23:32
cenace_nd_2024_01_01.zip,2024-01-01,2023-12-31 16:40:47
cenace_nd_2024_01_02.zip,2024-01-02,2024-01-01 15:47:34
cenace_nd_2024_01_03.zip,2024-01-03,2024-01-02 15:51:43
cenace_nd_2024_01_04.zip,2024-01-04,2024-01-03 15:31:46
cenace_nd_2024_01_05.zip,2024-01-05,2024-01-04 15:30:07
cenace_nd_2024_01_06.zip,2024-01-06,2024-01-05 14:39:59
cenace_nd_2024_01_07.zip,2024-01-07,2024-01-06 15:29:13
cenace_nd_2024_01_08.zip,2024-01-08,2024-01-07 15:52:39
cenace_nd_2024_01_09.zip,2024-01-09,2024-01-08 15:17:45
cenace_nd_2024_01_10.zip,2024-01-10,2024-01-09 14:38:43
cenace_nd_2024_01_11.zip,2024-01-11,2024-01-10 16:11:11
cenace_nd_2024_01_12.zip,2024-01-12,2024-01-11 16:34:24
cenace_nd_2024_01_13.zip,2024-01-13,2024-01-12 21:32:23
cenace_nd_2024_01_14.zip,2024-01-14,2024-01-13 16:53:34
cenace_nd_2024_01_15.zip,2024-01-15,2024-01-14 16:54:18
cenace_nd_2024_01_16.zip,2024-01-16,2024-01-15 16:32:40
cenace_nd_2024_01_17.zip,2024-01-17,2024-01-16 16:54:13
cenace_nd_2024_01_18.zip,2024-01-18,2024-01-17 16:34:55
cenace_nd_2024_01_19.zip,2024-01-19,2024-01-18 16:28:00
cenace_nd_2024_01_20.zip,2024-01-20,2024-01-19 16:38:55
cenace_nd_2024_01_21.zip,2024-01-21,2024-01-20 15:58:26
cenace_nd_2024_01_22.zip,2024-01-22,2024-01-21 16:38:52
cenace_nd_2024_01_23.zip,2024-01-23,2024-01-22 16:45:11
cenace_nd_2024_01_24.zip,2024-01-24,2024-01-23 17:43:13
cenace_nd_2024_01_25.zip,2024-01-25,2024-01-24 17:24:58
cenace_nd_2024_01_26.zip,2024-01-26,2024-01-25 17:41:47
cenace_nd_2024_01_27.zip,2024-01-27,2024-01-26 16:58:36
cenace_nd_2024_01_28.zip,2024-01-28,2024-01-27 16:45:30
cenace_nd_2024_01_29.zip,2024-01-29,2024-01-28 17:15:09
cenace_nd_2024_01_30.zip,2024-01-30,2024-01-29 16:46:17
cenace_nd_2024_01_31.zip,2024-01-31,2024-01-30 16:31:52
cenace_nd_2024_02_01.zip,2024-02-01,2024-01-31 16:05:20
cenace_nd_2024_02_02.zip,2024-02-02,2024-02-01 15:16:31
cenace_nd_2024_02_03.zip,2024-02-03,2024-02-02 16:29:25
cenace_nd_2024_02_04.zip,2024-02-04,2024-02-03 16:48:51
cenace_nd_2024_02_05.zip,2024-02-05,2024-02-04 15:53:20
cenace_nd_2024_02_06.zip,2024-02-06,2024-02-05 14:37:42
cenace_nd_2024_02_07.zip,2024-02-07,2024-02-06 15:51:15
cenace_nd_2024_02_08.zip,2024-02-08,2024-02-07 16:24:46
cenace_nd_2024_02_09.zip,2024-02-09,2024-02-08 15:16:48
cenace_nd_2024_02_10.zip,2024-02-10,2024-02-09 15:54:57
cenace_nd_2024_02_11.zip,2024-02-11,2024-02-10 15:49:08
cenace_nd_2024_02_12.zip,2024-02-12,2024-02-11 15:22:11
cenace_nd_2024_02_13.zip,2024-02-13,2024-02-12 15:12:11
cenace_nd_2024_02_14.zip,2024-02-14,2024-02-13 15:55:42
cenace_nd_2024_02_15.zip,2024-02-15,2024-02-14 16:05:11
cenace_nd_2024_02_16.zip,2024-02-16,2024-02-15 16:58:49
cenace_nd_2024_02_17.zip,2024-02-17,2024-02-16 16:57:08
cenace_nd_2024_02_18.zip,2024-02-18,2024-02-17 15:47:20
cenace_nd_2024_02_19.zip,2024-02-19,2024-02-18 17:39:46
cenace_nd_2024_02_20.zip,2024-02-20,2024-02-19 15:47:29
cenace_nd_2024_02_21.zip,2024-02-21,2024-02-20 15:46:45
cenace_nd_2024_02_22.zip,2024-02-22,2024-02-21 16:22:09
cenace_nd_2024_02_23.zip,2024-02-23,2024-02-22 15:57:28
cenace_nd_2024_02_24.zip,2024-02-24,2024-02-23 15:42:39
cenace_nd_2024_02_25.zip,2024-02-25,2024-02-24 15:58:35
cenace_nd_2024_02_26.zip,2024-02-26,2024-02-25 15:51:50
cenace_nd_2024_02_27.zip,2024-02-27,2024-02-26 17:17:47
cenace_nd_2024_02_28.zip,2024-02-28,2024-02-27 16:52:46
cenace_nd_2024_02_29.zip,2024-02-29,2024-02-28 16:31:00
cenace_nd_2024_03_01.zip,2024-03-01,2024-02-29 16:59:19
cenace_nd_2024_03_02.zip,2024-03-02,2024-03-01 15:58:05
cenace_nd_2024_03_03.zip,2024-03-03,2024-03-02 16:41:08
cenace_nd_2024_03_04.zip,2024-03-04,2024-03-03 16:02:01
cenace_nd_2024_03_05.zip,2024-03-05,2024-03-04 16:18:02
cenace_nd_2024_03_06.zip,2024-03-06,2024-03-05 15:45:51
cenace_nd_2024_03_07.zip,2024-03-07,2024-03-06 17:36:25
cenace_nd_2024_03_08.zip,2024-03-08,2024-03-07 16:54:31
cenace_nd_2024_03_09.zip,2024-03-09,2024-03-08 15:12:25
cenace_nd_2024_03_10.zip,2024-03-10,2024-03-09 16:36:48
cenace_nd_2024_03_11.zip,2024-03-11,2024-03-10 16:33:25
cenace_nd_2024_03_12.zip,2024-03-12,2024-03-11 16:43:52
cenace_nd_2024_03_13.zip,2024-03-13,2024-03-12 20:48:29
cenace_nd_2024_03_14.zip,2024-03-14,2024-03-13 16:59:06
cenace_nd_2024_03_15.zip,2024-03-15,2024-03-14 16:04:25
cenace_nd_2024_03_16.zip,2024-03-16,2024-03-15 16:34:24
cenace_nd_2024_03_17.zip,2024-03-17,2024-03-16 15:56:51
cenace_nd_2024_03_18.zip,2024-03-18,2024-03-17 16:26:06
cenace_nd_2024_03_19.zip,2024-03-19,2024-03-18 16:52:09
cenace_nd_2024_03_20.zip,2024-03-20,2024-03-19 17:53:01
cenace_nd_2024_03_21.zip,2024-03-21,2024-03-20 19:15:09
cenace_nd_2024_03_22.zip,2024-03-22,2024-03-21 16:57:40
cenace_nd_2024_03_23.zip,2024-03-23,2024-03-22 16:57:00
cenace_nd_2024_03_24.zip,2024-03-24,2024-03-23 18:03:21
cenace_nd_2024_03_25.zip,2024-03-25,2024-03-24 15:34:33
cenace_nd_2024_03_26.zip,2024-03-26,2024-03-25 21:07:33
cenace_nd_2024_03_27.zip,2024-03-27,2024-03-26 18:39:33
cenace_nd_2024_03_28.zip,2024-03-28,2024-03-27 15:08:20
cenace_nd_2024_03_29.zip,2024-03-29,2024-03-28 14:16:24
cenace_nd_2024_03_30.zip,2024-03-30,2024-03-29 14:50:32
cenace_nd_2024_03_31.zip,2024-03-31,2024-03-30 15:35:23
cenace_nd_2024_04_01.zip,2024-04-01,2024-03-31 15:10:46
cenace_nd_2024_04_02.zip,2024-04-02,2024-04-01 15:38:34
cenace_nd_2024_04_03.zip,2024-04-03,2024-04-02 16:16:37
cenace_nd_2024_04_04.zip,2024-04-04,2024-04-03 15:32:03
cenace_nd_2024_04_05.zip,2024-04-05,2024-04-04 16:32:32
cenace_nd_2024_04_06.zip,2024-04-06,2024-04-05 18:13:37
cenace_nd_2024_04_07.zip,2024-04-07,2024-04-06 16:18:25
cenace_nd_2024_04_08.zip,2024-04-08,2024-04-07 16:10:38
cenace_nd_2024_04_09.zip,2024-04-09,2024-04-08 17:16:49
cenace_nd_2024_04_10.zip,2024-04-10,2024-04-09 16:55:27
cenace_nd_2024_04_11.zip,2024-04-11,2024-04-10 16:49:16
cenace_nd_2024_04_12.zip,2024-04-12,2024-04-11 16:33:19
cenace_nd_2024_04_13.zip,2024-04-13,2024-04-12 15:58:13
cenace_nd_2024_04_14.zip,2024-04-14,2024-04-13 17:40:13
cenace_nd_2024_04_15.zip,2024-04-15,2024-04-14 16:11:51
cenace_nd_2024_04_16.zip,2024-04-16,2024-04-15 16:58:28
cenace_nd_2024_04_17.zip,2024-04-17,2024-04-16 16:57:13
cenace_nd_2024_04_18.zip,2024-04-18,2024-04-17 23:08:01
cenace_nd_2024_04_19.zip,2024-04-19,2024-04-18 16:54:57
cenace_nd_2024_04_20.zip,2024-04-20,2024-04-19 15:58:21
cenace_nd_2024_04_21.zip,2024-04-21,2024-04-20 15:55:20
cenace_nd_2024_04_22.zip,2024-04-22,2024-04-21 15:32:12
cenace_nd_2024_04_23.zip,2024-04-23,2024-04-22 15:20:29
cenace_nd_2024_04_24.zip,2024-04-24,2024-04-23 15:37:00
cenace_nd_2024_04_25.zip,2024-04-25,2024-04-24 15:19:20
cenace_nd_2024_04_26.zip,2024-04-26,2024-04-25 16:14:39
cenace_nd_2024_04_27.zip,2024-04-27,2024-04-26 16:38:39
cenace_nd_2024_04_28.zip,2024-04-28,2024-04-27 16:59:46
cenace_nd_2024_04_29.zip,2024-04-29,2024-04-28 16:54:41
cenace_nd_2024_04_30.zip,2024-04-30,2024-04-29 16:44:41
cenace_nd_2024_05_01.zip,2024-05-01,2024-04-30 16:02:27
cenace_nd_2024_05_02.zip,2024-05-02,2024-05-01 17:58:10
cenace_nd_2024_05_03.zip,2024-05-03,2024-05-02 16:56:35
cenace_nd_2024_05_04.zip,2024-05-04,2024-05-03 18:08:31
cenace_nd_2024_05_05.zip,2024-05-05,2024-05-04 16:57:01
cenace_nd_2024_05_06.zip,2024-05-06,2024-05-05 16:56:16
cenace_nd_2024_05_07.zip,2024-05-07,2024-05-06 18:27:49
cenace_nd_2024_05_08.zip,2024-05-08,2024-05-07 22:14:26
cenace_nd_2024_05_09.zip,2024-05-09,2024-05-08 16:55:29
cenace_nd_2024_05_10.zip,2024-05-10,2024-05-09 16:39:04
cenace_nd_2024_05_11.zip,2024-05-11,2024-05-10 16:44:07
cenace_nd_2024_05_12.zip,2024-05-12,2024-05-11 16:44:17
cenace_nd_2024_05_13.zip,2024-05-13,2024-05-12 16:56:11
cenace_nd_2024_05_14.zip,2024-05-14,2024-05-13 15:39:52
cenace_nd_2024_05_15.zip,2024-05-15,2024-05-14 16:58:52
cenace_nd_2024_05_16.zip,2024-05-16,2024-05-15 16:45:54
cenace_nd_2024_05_17.zip,2024-05-17,2024-05-16 16:39:00
cenace_nd_2024_05_18.zip,2024-05-18,2024-05-17 16:56:51
cenace_nd_2024_05_19.zip,2024-05-19,2024-05-18 17:30:00
cenace_nd_2024_05_20.zip,2024-05-20,2024-05-19 18:53:10
cenace_nd_2024_05_21.zip,2024-05-21,2024-05-20 16:27:40
cenace_nd_2024_05_22.zip,2024-05-22,2024-05-21 17:46:50
cenace_nd_2024_05_23.zip,2024-05-23,2024-05-22 23:24:49
cenace_nd_2024_05_24.zip,2024-05-24,2024-05-23 22:32:25
cenace_nd_2024_05_25.zip,2024-05-25,2024-05-24 16:51:11
cenace_nd_2024_05_26.zip,2024-05-26,2024-05-25 21:52:51
cenace_nd_2024_05_27.zip,2024-05-27,2024-05-26 19:33:27
cenace_nd_2024_05_28.zip,2024-05-28,2024-05-27 16:58:52
cenace_nd_2024_05_29.zip,2024-05-29,2024-05-28 16:42:13
cenace_nd_2024_05_30.zip,2024-05-30,2024-05-29 16:33:19
cenace_nd_2024_05_31.zip,2024-05-31,2024-05-30 16:00:52
cenace_nd_2024_06_01.zip,2024-06-01,2024-05-31 16:10:39
cenace_nd_2024_06_02.zip,2024-06-02,2024-06-01 16:57:22
cenace_nd_2024_06_03.zip,2024-06-03,2024-06-02 15:54:41
cenace_nd_2024_06_04.zip,2024-06-04,2024-06-03 16:20:34
cenace_nd_2024_06_05.zip,2024-06-05,2024-06-04 16:49:48
cenace_nd_2024_06_06.zip,2024-06-06,2024-06-05 19:38:45
cenace_nd_2024_06_07.zip,2024-06-07,2024-06-06 16:50:20
cenace_nd_2024_06_08.zip,2024-06-08,2024-06-07 16:47:07
cenace_nd_2024_06_09.zip,2024-06-09,2024-06-08 15:42:25
cenace_nd_2024_06_10.zip,2024-06-10,2024-06-09 16:43:04
cenace_nd_2024_06_11.zip,2024-06-11,2024-06-10 16:05:12
cenace_nd_2024_06_12.zip,2024-06-12,2024-06-11 16:21:32
cenace_nd_2024_06_13.zip,2024-06-13,2024-06-12 21:31:23
cenace_nd_2024_06_14.zip,2024-06-14,2024-06-13 18:55:19
cenace_nd_2024_06_15.zip,2024-06-15,2024-06-14 19:20:59
cenace_nd_2024_06_16.zip,2024-06-16,2024-06-15 16:17:04
cenace_nd_2024_06_17.zip,2024-06-17,2024-06-16 18:24:01
cenace_nd_2024_06_18.zip,2024-06-18,2024-06-17 16:31:06
cenace_nd_2024_06_19.zip,2024-06-19,2024-06-18 15:14:45
cenace_nd_2024_06_20.zip,2024-06-20,2024-06-19 14:52:47
cenace_nd_2024_06_21.zip,2024-06-21,2024-06-20 14:50:48
cenace_nd_2024_06_22.zip,2024-06-22,2024-06-21 15:30:00
cenace_nd_2024_06_23.zip,2024-06-23,2024-06-22 16:43:34
cenace_nd_2024_06_24.zip,2024-06-24,2024-06-23 15:00:13
cenace_nd_2024_06_25.zip,2024-06-25,2024-06-24 16:17:36
cenace_nd_2024_06_26.zip,2024-06-26,2024-06-25 14:59:51
cenace_nd_2024_06_27.zip,2024-06-27,2024-06-26 16:19:53
cenace_nd_2024_06_28.zip,2024-06-28,2024-06-27 16:47:26
cenace_nd_2024_06_29.zip,2024-06-29,2024-06-28 16:37:29
cenace_nd_2024_06_30.zip,2024-06-30,2024-06-29 16:50:37
cenace_nd_2024_07_01.zip,2024-07-01,2024-06-30 16:45:18
cenace_nd_2024_07_02.zip,2024-07-02,2024-07-01 16:56:22
cenace_nd_2024_07_03.zip,2024-07-03,2024-07-02 16:54:23
cenace_nd_2024_07_04.zip,2024-07-04,2024-07-03 15:24:06
cenace_nd_2024_07_05.zip,2024-07-05,2024-07-04 15:55:28
cenace_nd_2024_07_06.zip,2024-07-06,2024-07-05 16:19:48
cenace_nd_2024_07_07.zip,2024-07-07,2024-07-06 16:31:09
cenace_nd_2024_07_08.zip,2024-07-08,2024-07-07 16:57:33
cenace_nd_2024_07_09.zip,2024-07-09,2024-07-08 16:12:32
cenace_nd_2024_07_10.zip,2024-07-10,2024-07-09 16:07:41
cenace_nd_2024_07_11.zip,2024-07-11,2024-07-10 16:17:51
cenace_nd_2024_07_12.zip,2024-07-12,2024-07-11 16:55:31
cenace_nd_2024_07_13.zip,2024-07-13,2024-07-12 16:12:54
cenace_nd_2024_07_14.zip,2024-07-14,2024-07-13 16:20:36
cenace_nd_2024_07_15.zip,2024-07-15,2024-07-14 15:56:43
cenace_nd_2024_07_16.zip,2024-07-16,2024-07-15 16:58:45
cenace_nd_2024_07_17.zip,2024-07-17,2024-07-16 16:25:54
cenace_nd_2024_07_18.zip,2024-07-18,2024-07-17 15:48:03
cenace_nd_2024_07_19.zip,2024-07-19,2024-07-18 15:07:44
cenace_nd_2024_07_20.zip,2024-07-20,2024-07-19 16:28:19
cenace_nd_2024_07_21.zip,2024-07-21,2024-07-20 16:04:53
cenace_nd_2024_07_22.zip,2024-07-22,2024-07-21 14:49:13
cenace_nd_2024_07_23.zip,2024-07-23,2024-07-22 15:42:32
cenace_nd_2024_07_24.zip,2024-07-24,2024-07-23 15:55:45
cenace_nd_2024_07_25.zip,2024-07-25,2024-07-24 15:17:41
cenace_nd_2024_07_26.zip,2024-07-26,2024-07-25 15:51:49
cenace_nd_2024_07_27.zip,2024-07-27,2024-07-26 16:17:56
cenace_nd_2024_07_28.zip,2024-07-28,2024-07-27 15:38:14
cenace_nd_2024_07_29.zip,2024-07-29,2024-07-28 15:08:45
cenace_nd_2024_07_30.zip,2024-07-30,2024-07-29 14:46:17
cenace_nd_2024_07_31.zip,2024-07-31,2024-07-30 14:42:31
cenace_nd_2024_08_01.zip,2024-08-01,2024-07-31 16:15:39
cenace_nd_2024_08_02.zip,2024-08-02,2024-08-01 15:59:58
cenace_nd_2024_08_03.zip,2024-08-03,2024-08-02 15:49:38
cenace_nd_2024_08_04.zip,2024-08-04,2024-08-03 15:43:31
cenace_nd_2024_08_05.zip,2024-08-05,2024-08-04 15:57:54
cenace_nd_2024_08_06.zip,2024-08-06,2024-08-05 16:06:37
cenace_nd_2024_08_07.zip,2024-08-07,2024-08-06 15:18:26
cenace_nd_2024_08_08.zip,2024-08-08,2024-08-07 16:28:11
cenace_nd_2024_08_09.zip,2024-08-09,2024-08-08 16:52:13
cenace_nd_2024_08_10.zip,2024-08-10,2024-08-09 16:10:13
cenace_nd_2024_08_11.zip,2024-08-11,2024-08-10 15:32:09
cenace_nd_2024_08_12.zip,2024-08-12,2024-08-11 15:34:48
cenace_nd_2024_08_13.zip,2024-08-13,2024-08-12 15:49:52
cenace_nd_2024_08_14.zip,2024-08-14,2024-08-13 15:42:03
cenace_nd_2024_08_15.zip,2024-08-15,2024-08-14 15:53:29
cenace_nd_2024_08_16.zip,2024-08-16,2024-08-15 14:50:11
cenace_nd_2024_08_17.zip,2024-08-17,2024-08-16 16:24:20
cenace_nd_2024_08_18.zip,2024-08-18,2024-08-17 15:30:59
cenace_nd_2024_08_19.zip,2024-08-19,2024-08-18 15:15:55
cenace_nd_2024_08_20.zip,2024-08-20,2024-08-19 16:56:49
cenace_nd_2024_08_21.zip,2024-08-21,2024-08-20 16:23:07
cenace_nd_2024_08_22.zip,2024-08-22,2024-08-21 16:15:43
cenace_nd_2024_08_23.zip,2024-08-23,2024-08-22 16:31:41
cenace_nd_2024_08_24.zip,2024-08-24,2024-08-23 16:58:08
cenace_nd_2024_08_25.zip,2024-08-25,2024-08-24 15:22:04
cenace_nd_2024_08_26.zip,2024-08-26,2024-08-25 16:12:10
cenace_nd_2024_08_27.zip,2024-08-27,2024-08-26 15:53:56
cenace_nd_2024_08_28.zip,2024-08-28,2024-08-27 16:31:06
cenace_nd_2024_08_29.zip,2024-08-29,2024-08-28 15:25:06
cenace_nd_2024_08_30.zip,2024-08-30,2024-08-29 15:36:57
cenace_nd_2024_08_31.zip,2024-08-31,2024-08-30 15:45:44
cenace_nd_2024_09_01.zip,2024-09-01,2024-08-31 15:36:30
cenace_nd_2024_09_02.zip,2024-09-02,2024-09-01 14:59:40
cenace_nd_2024_09_03.zip,2024-09-03,2024-09-02 15:40:24
cenace_nd_2024_09_04.zip,2024-09-04,2024-09-03 15:40:31
cenace_nd_2024_09_05.zip,2024-09-05,2024-09-04 15:36:28
cenace_nd_2024_09_06.zip,2024-09-06,2024-09-05 16:06:29
cenace_nd_2024_09_07.zip,2024-09-07,2024-09-06 16:37:00
cenace_nd_2024_09_08.zip,2024-09-08,2024-09-07 17:41:52
cenace_nd_2024_09_09.zip,2024-09-09,2024-09-08 16:54:43
cenace_nd_2024_09_10.zip,2024-09-10,2024-09-09 16:29:13
cenace_nd_2024_09_11.zip,2024-09-11,2024-09-10 16:03:00
cenace_nd_2024_09_12.zip,2024-09-12,2024-09-11 15:10:20
cenace_nd_2024_09_13.zip,2024-09-13,2024-09-12 16:51:36
cenace_nd_2024_09_14.zip,2024-09-14,2024-09-13 16:43:45
cenace_nd_2024_09_15.zip,2024-09-15,2024-09-14 16:54:04
cenace_nd_2024_09_16.zip,2024-09-16,2024-09-15 16:59:13
cenace_nd_2024_09_17.zip,2024-09-17,2024-09-16 15:58:30
cenace_nd_2024_09_18.zip,2024-09-18,2024-09-17 18:56:31
cenace_nd_2024_09_19.zip,2024-09-19,2024-09-18 16:01:32
cenace_nd_2024_09_20.zip,2024-09-20,2024-09-19 15:41:09
cenace_nd_2024_09_21.zip,2024-09-21,2024-09-20 16:13:15
cenace_nd_2024_09_22.zip,2024-09-22,2024-09-21 16:09:30
cenace_nd_2024_09_23.zip,2024-09-23,2024-09-22 16:07:29
cenace_nd_2024_09_24.zip,2024-09-24,2024-09-23 15:57:55
cenace_nd_2024_09_25.zip,2024-09-25,2024-09-24 15:51:05
cenace_nd_2024_09_26.zip,2024-09-26,2024-09-25 15:30:57
cenace_nd_2024_09_27.zip,2024-09-27,2024-09-26 16:06:58
cenace_nd_2024_09_28.zip,2024-09-28,2024-09-27 16:45:35
cenace_nd_2024_09_29.zip,2024-09-29,2024-09-28 15:56:30
cenace_nd_2024_09_30.zip,2024-09-30,2024-09-29 15:39:37
cenace_nd_2024_10_01.zip,2024-10-01,2024-09-30 16:35:03
cenace_nd_2024_10_02.zip,2024-10-02,2024-10-01 16:05:46
cenace_nd_2024_10_03.zip,2024-10-03,2024-10-02 16:04:27
cenace_nd_2024_10_04.zip,2024-10-04,2024-10-03 16:14:26
cenace_nd_2024_10_05.zip,2024-10-05,2024-10-04 16:04:27
cenace_nd_2024_10_06.zip,2024-10-06,2024-10-05 16:31:35
cenace_nd_2024_10_07.zip,2024-10-07,2024-10-06 15:56:19
cenace_nd_2024_10_08.zip,2024-10-08,2024-10-07 16:33:18
cenace_nd_2024_10_09.zip,2024-10-09,2024-10-08 15:25:43
cenace_nd_2024_10_10.zip,2024-10-10,2024-10-09 15:46:06
cenace_nd_2024_10_11.zip,2024-10-11,2024-10-10 15:19:05
cenace_nd_2024_10_12.zip,2024-10-12,2024-10-11 15:44:37
cenace_nd_2024_10_13.zip,2024-10-13,2024-10-12 15:42:26
cenace_nd_2024_10_14.zip,2024-10-14,2024-10-13 15:58:41
cenace_nd_2024_10_15.zip,2024-10-15,2024-10-14 15:50:05
cenace_nd_2024_10_16.zip,2024-10-16,2024-10-15 16:04:12
cenace_nd_2024_10_17.zip,2024-10-17,2024-10-16 15:49:02
cenace_nd_2024_10_18.zip,2024-10-18,2024-10-17 16:56:18
cenace_nd_2024_10_19.zip,2024-10-19,2024-10-18 15:56:20
cenace_nd_2024_10_20.zip,2024-10-20,2024-10-19 15:56:28
cenace_nd_2024_10_21.zip,2024-10-21,2024-10-20 16:10:47
cenace_nd_2024_10_22.zip,2024-10-22,2024-10-21 16:57:39
cenace_nd_2024_10_23.zip,2024-10-23,2024-10-22 15:50:28
cenace_nd_2024_10_24.zip,2024-10-24,2024-10-23 16:28:05
cenace_nd_2024_10_25.zip,2024-10-25,2024-10-24 15:48:02
cenace_nd_2024_10_26.zip,2024-10-26,2024-10-25 15:46:29
cenace_nd_2024_10_27.zip,2024-10-27,2024-10-26 16:18:29
cenace_nd_2024_10_28.zip,2024-10-28,2024-10-27 16:58:08
cenace_nd_2024_10_29.zip,2024-10-29,2024-10-28 15:10:39
cenace_nd_2024_10_30.zip,2024-10-30,2024-10-29 17:58:07
cenace_nd_2024_10_31.zip,2024-10-31,2024-10-30 16:23:06
cenace_nd_2024_11_01.zip,2024-11-01,2024-10-31 17:00:24
cenace_nd_2024_11_02.zip,2024-11-02,2024-11-01 17:10:23
cenace_nd_2024_11_03.zip,2024-11-03,2024-11-02 16:56:42
cenace_nd_2024_11_04.zip,2024-11-04,2024-11-03 16:54:47
cenace_nd_2024_11_05.zip,2024-11-05,2024-11-04 15:37:30
cenace_nd_2024_11_06.zip,2024-11-06,2024-11-05 19:23:31
cenace_nd_2024_11_07.zip,2024-11-07,2024-11-06 16:52:06
cenace_nd_2024_11_08.zip,2024-11-08,2024-11-07 16:21:03
cenace_nd_2024_11_09.zip,2024-11-09,2024-11-08 16:24:39
cenace_nd_2024_11_10.zip,2024-11-10,2024-11-09 15:23:46
cenace_nd_2024_11_11.zip,2024-11-11,2024-11-10 15:14:20
cenace_nd_2024_11_12.zip,2024-11-12,2024-11-11 15:50:35
cenace_nd_2024_11_13.zip,2024-11-13,2024-11-12 16:15:06
cenace_nd_2024_11_14.zip,2024-11-14,2024-11-13 15:54:40
cenace_nd_2024_11_15.zip,2024-11-15,2024-11-14 15:51:46
cenace_nd_2024_11_16.zip,2024-11-16,2024-11-15 15:56:17
cenace_nd_2024_11_17.zip,2024-11-17,2024-11-16 16:49:36
cenace_nd_2024_11_18.zip,2024-11-18,2024-11-17 16:11:25
cenace_nd_2024_11_19.zip,2024-11-19,2024-11-18 16:46:41
cenace_nd_2024_11_20.zip,2024-11-20,2024-11-19 15:56:01
cenace_nd_2024_11_21.zip,2024-11-21,2024-11-20 16:37:21
cenace_nd_2024_11_22.zip,2024-11-22,2024-11-21 15:51:16
cenace_nd_2024_11_23.zip,2024-11-23,2024-11-22 16:38:29
cenace_nd_2024_11_24.zip,2024-11-24,2024-11-23 16:02:10
cenace_nd_2024_11_25.zip,2024-11-25,2024-11-24 15:32:16
cenace_nd_2024_11_26.zip,2024-11-26,2024-11-25 15:30:13
cenace_nd_2024_11_27.zip,2024-11-27,2024-11-26 15:26:19
cenace_nd_2024_11_28.zip,2024-11-28,2024-11-27 16:07:50
cenace_nd_2024_11_29.zip,2024-11-29,2024-11-28 15:58:25
cenace_nd_2024_11_30.zip,2024-11-30,2024-11-29 16:51:05
cenace_nd_2024_12_01.zip,2024-12-01,2024-11-30 16:09:28
cenace_nd_2024_12_02.zip,2024-12-02,2024-12-01 22:45:18
cenace_nd_2024_12_03.zip,2024-12-03,2024-12-02 15:22:09
cenace_nd_2024_12_04.zip,2024-12-04,2024-12-03 17:03:47
cenace_nd_2024_12_05.zip,2024-12-05,2024-12-04 16:21:13
cenace_nd_2024_12_06.zip,2024-12-06,2024-12-05 14:43:35
cenace_nd_2024_12_07.zip,2024-12-07,2024-12-06 14:06:56
cenace_nd_2024_12_08.zip,2024-12-08,2024-12-07 14:06:38
cenace_nd_2024_12_09.zip,2024-12-09,2024-12-08 16:46:41
cenace_nd_2024_12_10.zip,2024-12-10,2024-12-09 15:52:19
cenace_nd_2024_12_11.zip,2024-12-11,2024-12-10 16:27:03
cenace_nd_2024_12_12.zip,2024-12-12,2024-12-11 15:24:06
cenace_nd_2024_12_13.zip,2024-12-13,2024-12-12 16:57:11
cenace_nd_2024_12_14.zip,2024-12-14,2024-12-13 16:33:39
cenace_nd_2024_12_15.zip,2024-12-15,2024-12-14 15:37:24
cenace_nd_2024_12_16.zip,2024-12-16,2024-12-15 16:26:59
cenace_nd_2024_12_17.zip,2024-12-17,2024-12-16 16:04:38
cenace_nd_2024_12_18.zip,2024-12-18,2024-12-17 16:56:53
cenace_nd_2024_12_19.zip,2024-12-19,2024-12-18 16:31:47
cenace_nd_2024_12_20.zip,2024-12-20,2024-12-19 15:49:47
cenace_nd_2024_12_21.zip,2024-12-21,2024-12-20 15:21:29
cenace_nd_2024_12_22.zip,2024-12-22,2024-12-21 16:23:43
cenace_nd_2024_12_23.zip,2024-12-23,2024-12-22 15:13:33
cenace_nd_2024_12_24.zip,2024-12-24,2024-12-23 15:20:06
cenace_nd_2024_12_25.zip,2024-12-25,2024-12-24 16:01:47
cenace_nd_2024_12_26.zip,2024-12-26,2024-12-25 15:05:47
cenace_nd_2024_12_27.zip,2024-12-27,2024-12-26 16:56:12
cenace_nd_2024_12_28.zip,2024-12-28,2024-12-27 16:40:30
cenace_nd_2024_12_29.zip,2024-12-29,2024-12-28 16:17:03
cenace_nd_2024_12_30.zip,2024-12-30,2024-12-29 22:55:18
cenace_nd_2024_12_31.zip,2024-12-31,2024-12-30 17:48:14
cenace_nd_2025_01_01.zip,2025-01-01,2024-12-31 16:59:52
cenace_nd_2025_01_02.zip,2025-01-02,2025-01-01 15:43:55
cenace_nd_2025_01_03.zip,2025-01-03,2025-01-02 14:14:56
cenace_nd_2025_01_04.zip,2025-01-04,2025-01-03 15:05:33
cenace_nd_2025_01_05.zip,2025-01-05,2025-01-04 15:10:11
cenace_nd_2025_01_06.zip,2025-01-06,2025-01-05 14:27:17
cenace_nd_2025_01_07.zip,2025-01-07,2025-01-06 15:04:08
cenace_nd_2025_01_08.zip,2025-01-08,2025-01-07 16:32:09
cenace_nd_2025_01_09.zip,2025-01-09,2025-01-08 16:13:20
cenace_nd_2025_01_10.zip,2025-01-10,2025-01-09 19:41:05
cenace_nd_2025_01_11.zip,2025-01-11,2025-01-10 15:00:22
cenace_nd_2025_01_12.zip,2025-01-12,2025-01-11 18:16:30
cenace_nd_2025_01_13.zip,2025-01-13,2025-01-12 15:59:31
cenace_nd_2025_01_14.zip,2025-01-14,2025-01-13 16:41:23
cenace_nd_2025_01_15.zip,2025-01-15,2025-01-14 15:54:35
cenace_nd_2025_01_16.zip,2025-01-16,2025-01-15 15:22:07
cenace_nd_2025_01_17.zip,2025-01-17,2025-01-16 16:17:28
cenace_nd_2025_01_18.zip,2025-01-18,2025-01-17 16:36:41
cenace_nd_2025_01_19.zip,2025-01-19,2025-01-18 16:29:52
cenace_nd_2025_01_20.zip,2025-01-20,2025-01-19 16:59:13
cenace_nd_2025_01_21.zip,2025-01-21,2025-01-20 16:04:24
cenace_nd_2025_01_22.zip,2025-01-22,2025-01-21 16:41:52
cenace_nd_2025_01_23.zip,2025-01-23,2025-01-22 15:45:24
cenace_nd_2025_01_24.zip,2025-01-24,2025-01-23 16:09:37
cenace_nd_2025_01_25.zip,2025-01-25,2025-01-24 14:40:31
cenace_nd_2025_01_26.zip,2025-01-26,2025-01-25 14:44:05
cenace_nd_2025_01_27.zip,2025-01-27,2025-01-26 15:42:58
cenace_nd_2025_01_28.zip,2025-01-28,2025-01-27 15:55:30
cenace_nd_2025_01_29.zip,2025-01-29,2025-01-28 16:12:22
cenace_nd_2025_01_30.zip,2025-01-30,2025-01-29 16:09:31
cenace_nd_2025_01_31.zip,2025-01-31,2025-01-30 16:33:05
cenace_nd_2025_02_01.zip,2025-02-01,2025-01-31 16:09:33
cenace_nd_2025_02_02.zip,2025-02-02,2025-02-01 14:42:33
cenace_nd_2025_02_03.zip,2025-02-03,2025-02-02 15:23:47
cenace_nd_2025_02_04.zip,2025-02-04,2025-02-03 14:37:16
cenace_nd_2025_02_05.zip,2025-02-05,2025-02-04 16:58:34
cenace_nd_2025_02_06.zip,2025-02-06,2025-02-05 16:50:04
cenace_nd_2025_02_07.zip,2025-02-07,2025-02-06 16:02:48
cenace_nd_2025_02_08.zip,2025-02-08,2025-02-07 15:59:12
cenace_nd_2025_02_09.zip,2025-02-09,2025-02-08 16:23:16
cenace_nd_2025_02_10.zip,2025-02-10,2025-02-09 16:56:56
cenace_nd_2025_02_11.zip,2025-02-11,2025-02-10 15:09:30
cenace_nd_2025_02_12.zip,2025-02-12,2025-02-11 16:59:17
cenace_nd_2025_02_13.zip,2025-02-13,2025-02-12 16:56:59
cenace_nd_2025_02_14.zip,2025-02-14,2025-02-13 16:02:42
cenace_nd_2025_02_15.zip,2025-02-15,2025-02-14 15:58:41
cenace_nd_2025_02_16.zip,2025-02-16,2025-02-15 16:38:49
cenace_nd_2025_02_17.zip,2025-02-17,2025-02-16 16:08:39
cenace_nd_2025_02_18.zip,2025-02-18,2025-02-17 16:10:07
cenace_nd_2025_02_19.zip,2025-02-19,2025-02-18 15:52:59
cenace_nd_2025_02_20.zip,2025-02-20,2025-02-19 19:09:36
cenace_nd_2025_02_21.zip,2025-02-21,2025-02-20 16:06:36
cenace_nd_2025_02_22.zip,2025-02-22,2025-02-21 16:10:08
cenace_nd_2025_02_23.zip,2025-02-23,2025-02-22 16:49:34
cenace_nd_2025_02_24.zip,2025-02-24,2025-02-23 15:59:51
cenace_nd_2025_02_25.zip,2025-02-25,2025-02-24 16:08:55
cenace_nd_2025_02_26.zip,2025-02-26,2025-02-25 16:29:05
cenace_nd_2025_02_27.zip,2025-02-27,2025-02-26 15:31:38
cenace_nd_2025_02_28.zip,2025-02-28,2025-02-27 15:05:37
cenace_nd_2025_03_01.zip,2025-03-01,2025-02-28 16:02:29
cenace_nd_2025_03_02.zip,2025-03-02,2025-03-01 16:58:32
cenace_nd_2025_03_03.zip,2025-03-03,2025-03-02 15:13:50
cenace_nd_2025_03_04.zip,2025-03-04,2025-03-03 16:34:06
cenace_nd_2025_03_05.zip,2025-03-05,2025-03-04 16:36:28
cenace_nd_2025_03_06.zip,2025-03-06,2025-03-05 16:58:31
cenace_nd_2025_03_07.zip,2025-03-07,2025-03-06 17:57:13
cenace_nd_2025_03_08.zip,2025-03-08,2025-03-07 16:28:45
cenace_nd_2025_03_09.zip,2025-03-09,2025-03-08 17:01:29
cenace_nd_2025_03_10.zip,2025-03-10,2025-03-09 15:27:40
cenace_nd_2025_03_11.zip,2025-03-11,2025-03-10 14:53:53
cenace_nd_2025_03_12.zip,2025-03-12,2025-03-11 16:13:06
cenace_nd_2025_03_13.zip,2025-03-13,2025-03-12 15:40:26
cenace_nd_2025_03_14.zip,2025-03-14,2025-03-13 16:03:15
cenace_nd_2025_03_15.zip,2025-03-15,2025-03-14 16:01:14
cenace_nd_2025_03_16.zip,2025-03-16,2025-03-15 15:46:11
cenace_nd_2025_03_17.zip,2025-03-17,2025-03-16 15:41:23
cenace_nd_2025_03_18.zip,2025-03-18,2025-03-17 15:46:03
cenace_nd_2025_03_19.zip,2025-03-19,2025-03-18 15:54:23
cenace_nd_2025_03_20.zip,2025-03-20,2025-03-19 15:47:05
cenace_nd_2025_03_21.zip,2025-03-21,2025-03-20 16:36:53
cenace_nd_2025_03_22.zip,2025-03-22,2025-03-21 16:34:35
cenace_nd_2025_03_23.zip,2025-03-23,2025-03-22 17:29:11
cenace_nd_2025_03_24.zip,2025-03-24,2025-03-23 16:57:04
cenace_nd_2025_03_25.zip,2025-03-25,2025-03-24 16:53:26
cenace_nd_2025_03_26.zip,2025-03-26,2025-03-25 16:56:58
cenace_nd_2025_03_27.zip,2025-03-27,2025-03-26 16:54:05
cenace_nd_2025_03_28.zip,2025-03-28,2025-03-27 16:46:16
cenace_nd_2025_03_29.zip,2025-03-29,2025-03-28 17:58:57
cenace_nd_2025_03_30.zip,2025-03-30,2025-03-29 15:43:19
cenace_nd_2025_03_31.zip,2025-03-31,2025-03-30 16:54:19
cenace_nd_2025_04_01.zip,2025-04-01,2025-03-31 16:59:39
cenace_nd_2025_04_02.zip,2025-04-02,2025-04-01 16:54:07
cenace_nd_2025_04_03.zip,2025-04-03,2025-04-02 16:42:47
cenace_nd_2025_04_04.zip,2025-04-04,2025-04-03 16:47:28
cenace_nd_2025_04_05.zip,2025-04-05,2025-04-04 16:55:57
cenace_nd_2025_04_06.zip,2025-04-06,2025-04-05 16:54:28
cenace_nd_2025_04_07.zip,2025-04-07,2025-04-06 15:20:52
cenace_nd_2025_04_08.zip,2025-04-08,2025-04-07 15:52:34
cenace_nd_2025_04_09.zip,2025-04-09,2025-04-08 15:56:27
cenace_nd_2025_04_10.zip,2025-04-10,2025-04-09 16:40:10
cenace_nd_2025_04_11.zip,2025-04-11,2025-04-10 16:19:30
cenace_nd_2025_04_12.zip,2025-04-12,2025-04-11 16:37:16
cenace_nd_2025_04_13.zip,2025-04-13,2025-04-12 15:54:31
cenace_nd_2025_04_14.zip,2025-04-14,2025-04-13 16:47:04
cenace_nd_2025_04_15.zip,2025-04-15,2025-04-14 16:09:00
cenace_nd_2025_04_16.zip,2025-04-16,2025-04-15 15:50:47
cenace_nd_2025_04_17.zip,2025-04-17,2025-04-16 15:17:08
cenace_nd_2025_04_18.zip,2025-04-18,2025-04-17 16:54:14
cenace_nd_2025_04_19.zip,2025-04-19,2025-04-18 15:54:33
cenace_nd_2025_04_20.zip,2025-04-20,2025-04-19 16:47:32
cenace_nd_2025_04_21.zip,2025-04-21,2025-04-20 16:55:15
cenace_nd_2025_04_22.zip,2025-04-22,2025-04-21 18:39:49
cenace_nd_2025_04_23.zip,2025-04-23,2025-04-22 16:58:43
cenace_nd_2025_04_24.zip,2025-04-24,2025-04-23 16:44:02
cenace_nd_2025_04_25.zip,2025-04-25,2025-04-24 16:55:39
cenace_nd_2025_04_26.zip,2025-04-26,2025-04-25 16:55:05
cenace_nd_2025_04_27.zip,2025-04-27,2025-04-26 16:05:03
cenace_nd_2025_04_28.zip,2025-04-28,2025-04-27 16:00:29
cenace_nd_2025_04_29.zip,2025-04-29,2025-04-28 16:31:04
cenace_nd_2025_04_30.zip,2025-04-30,2025-04-29 18:42:35
cenace_nd_2025_05_01.zip,2025-05-01,2025-04-30 16:43:55
cenace_nd_2025_05_02.zip,2025-05-02,2025-05-01 15:40:59
cenace_nd_2025_05_03.zip,2025-05-03,2025-05-02 15:45:01
cenace_nd_2025_05_04.zip,2025-05-04,2025-05-03 18:34:37
cenace_nd_2025_05_05.zip,2025-05-05,2025-05-04 19:24:37
cenace_nd_2025_05_06.zip,2025-05-06,2025-05-05 16:32:01
cenace_nd_2025_05_07.zip,2025-05-07,2025-05-06 18:13:04
cenace_nd_2025_05_08.zip,2025-05-08,2025-05-07 18:59:22
cenace_nd_2025_05_09.zip,2025-05-09,2025-05-08 16:07:14
cenace_nd_2025_05_10.zip,2025-05-10,2025-05-09 16:13:24
cenace_nd_2025_05_11.zip,2025-05-11,2025-05-10 15:30:13
cenace_nd_2025_05_12.zip,2025-05-12,2025-05-11 15:30:14
cenace_nd_2025_05_13.zip,2025-05-13,2025-05-12 15:33:58
cenace_nd_2025_05_14.zip,2025-05-14,2025-05-13 15:58:19
cenace_nd_2025_05_15.zip,2025-05-15,2025-05-14 17:13:26
cenace_nd_2025_05_16.zip,2025-05-16,2025-05-15 18:47:52
cenace_nd_2025_05_17.zip,2025-05-17,2025-05-16 19:53:35
cenace_nd_2025_05_18.zip,2025-05-18,2025-05-17 18:47:29
cenace_nd_2025_05_19.zip,2025-05-19,2025-05-18 16:29:55
cenace_nd_2025_05_20.zip,2025-05-20,2025-05-19 18:42:31
cenace_nd_2025_05_21.zip,2025-05-21,2025-05-20 16:50:24
cenace_nd_2025_05_22.zip,2025-05-22,2025-05-21 18:36:29
cenace_nd_2025_05_23.zip,2025-05-23,2025-05-22 16:36:22
cenace_nd_2025_05_24.zip,2025-05-24,2025-05-23 16:49:37
cenace_nd_2025_05_25.zip,2025-05-25,2025-05-24 16:54:35
cenace_nd_2025_05_26.zip,2025-05-26,2025-05-25 15:51:06
cenace_nd_2025_05_27.zip,2025-05-27,2025-05-26 15:56:08
cenace_nd_2025_05_28.zip,2025-05-28,2025-05-27 16:30:46
cenace_nd_2025_05_29.zip,2025-05-29,2025-05-28 16:59:04
cenace_nd_2025_05_30.zip,2025-05-30,2025-05-29 16:20:47
cenace_nd_2025_05_31.zip,2025-05-31,2025-05-30 16:40:07
cenace_nd_2025_06_01.zip,2025-06-01,2025-05-31 16:55:13
cenace_nd_2025_06_02.zip,2025-06-02,2025-06-01 16:24:29
cenace_nd_2025_06_03.zip,2025-06-03,2025-06-02 15:53:27
cenace_nd_2025_06_04.zip,2025-06-04,2025-06-03 16:28:05
cenace_nd_2025_06_05.zip,2025-06-05,2025-06-04 15:53:58
cenace_nd_2025_06_06.zip,2025-06-06,2025-06-05 16:44:45
cenace_nd_2025_06_07.zip,2025-06-07,2025-06-06 15:44:24
cenace_nd_2025_06_08.zip,2025-06-08,2025-06-07 15:58:50
cenace_nd_2025_06_09.zip,2025-06-09,2025-06-08 15:43:39
cenace_nd_2025_06_10.zip,2025-06-10,2025-06-09 16:16:43
cenace_nd_2025_06_11.zip,2025-06-11,2025-06-10 15:45:45
cenace_nd_2025_06_12.zip,2025-06-12,2025-06-11 16:46:03
cenace_nd_2025_06_13.zip,2025-06-13,2025-06-12 16:53:08
cenace_nd_2025_06_14.zip,2025-06-14,2025-06-13 16:58:53
cenace_nd_2025_06_15.zip,2025-06-15,2025-06-14 16:55:33
cenace_nd_2025_06_16.zip,2025-06-16,2025-06-15 18:02:21
cenace_nd_2025_06_17.zip,2025-06-17,2025-06-16 16:55:42
cenace_nd_2025_06_18.zip,2025-06-18,2025-06-17 16:54:06
cenace_nd_2025_06_19.zip,2025-06-19,2025-06-18 16:49:46
cenace_nd_2025_06_20.zip,2025-06-20,2025-06-19 15:11:39
cenace_nd_2025_06_21.zip,2025-06-21,2025-06-20 16:42:45
cenace_nd_2025_06_22.zip,2025-06-22,2025-06-21 19:06:20
cenace_nd_2025_06_23.zip,2025-06-23,2025-06-22 14:55:04
cenace_nd_2025_06_24.zip,2025-06-24,2025-06-23 15:17:25
cenace_nd_2025_06_25.zip,2025-06-25,2025-06-24 15:15:48
cenace_nd_2025_06_26.zip,2025-06-26,2025-06-25 15:30:17
cenace_nd_2025_06_27.zip,2025-06-27,2025-06-26 16:15:45
cenace_nd_2025_06_28.zip,2025-06-28,2025-06-27 15:37:24
cenace_nd_2025_06_29.zip,2025-06-29,2025-06-28 14:51:13
cenace_nd_2025_06_30.zip,2025-06-30,2025-06-29 14:52:54
cenace_nd_2025_07_01.zip,2025-07-01,2025-06-30 16:33:27
cenace_nd_2025_07_02.zip,2025-07-02,2025-07-01 16:40:18
cenace_nd_2025_07_03.zip,2025-07-03,2025-07-02 16:04:30
cenace_nd_2025_07_04.zip,2025-07-04,2025-07-03 15:41:02
cenace_nd_2025_07_05.zip,2025-07-05,2025-07-04 16:22:27
cenace_nd_2025_07_06.zip,2025-07-06,2025-07-05 16:45:59
cenace_nd_2025_07_07.zip,2025-07-07,2025-07-06 15:27:46
cenace_nd_2025_07_08.zip,2025-07-08,2025-07-07 16:06:21
cenace_nd_2025_07_09.zip,2025-07-09,2025-07-08 16:30:05
cenace_nd_2025_07_10.zip,2025-07-10,2025-07-09 16:53:00
cenace_nd_2025_07_11.zip,2025-07-11,2025-07-10 16:22:49
cenace_nd_2025_07_12.zip,2025-07-12,2025-07-11 16:35:57
cenace_nd_2025_07_13.zip,2025-07-13,2025-07-12 16:40:01
cenace_nd_2025_07_14.zip,2025-07-14,2025-07-13 16:40:12
cenace_nd_2025_07_15.zip,2025-07-15,2025-07-14 16:47:40
cenace_nd_2025_07_16.zip,2025-07-16,2025-07-15 17:05:30
cenace_nd_2025_07_17.zip,2025-07-17,2025-07-16 16:12:54
cenace_nd_2025_07_18.zip,2025-07-18,2025-07-17 15:20:03
cenace_nd_2025_07_19.zip,2025-07-19,2025-07-18 16:16:39
cenace_nd_2025_07_20.zip,2025-07-20,2025-07-19 15:16:23
cenace_nd_2025_07_21.zip,2025-07-21,2025-07-20 14:42:53
cenace_nd_2025_07_22.zip,2025-07-22,2025-07-21 14:53:55
cenace_nd_2025_07_23.zip,2025-07-23,2025-07-22 16:44:42
cenace_nd_2025_07_24.zip,2025-07-24,2025-07-23 16:07:42
cenace_nd_2025_07_25.zip,2025-07-25,2025-07-24 17:30:40
cenace_nd_2025_07_26.zip,2025-07-26,2025-07-25 15:25:24
cenace_nd_2025_07_27.zip,2025-07-27,2025-07-26 15:00:52
cenace_nd_2025_07_28.zip,2025-07-28,2025-07-27 15:45:21
cenace_nd_2025_07_29.zip,2025-07-29,2025-07-28 15:53:53
cenace_nd_2025_07_30.zip,2025-07-30,2025-07-29 15:39:58
cenace_nd_2025_07_31.zip,2025-07-31,2025-07-30 15:58:21
cenace_nd_2025_08_01.zip,2025-08-01,2025-07-31 16:34:42
cenace_nd_2025_08_02.zip,2025-08-02,2025-08-01 15:29:05
cenace_nd_2025_08_03.zip,2025-08-03,2025-08-02 15:39:09
cenace_nd_2025_08_04.zip,2025-08-04,2025-08-03 16:37:05
cenace_nd_2025_08_05.zip,2025-08-05,2025-08-04 16:18:39
cenace_nd_2025_08_06.zip,2025-08-06,2025-08-05 16:05:05
cenace_nd_2025_08_07.zip,2025-08-07,2025-08-06 20:13:27
cenace_nd_2025_08_08.zip,2025-08-08,2025-08-07 16:55:39
cenace_nd_2025_08_09.zip,2025-08-09,2025-08-08 18:20:10
cenace_nd_2025_08_10.zip,2025-08-10,2025-08-09 16:58:24
cenace_nd_2025_08_11.zip,2025-08-11,2025-08-10 16:56:15
cenace_nd_2025_08_12.zip,2025-08-12,2025-08-11 16:56:37
cenace_nd_2025_08_13.zip,2025-08-13,2025-08-12 16:54:41
cenace_nd_2025_08_14.zip,2025-08-14,2025-08-13 16:52:14
cenace_nd_2025_08_15.zip,2025-08-15,2025-08-14 16:59:38
cenace_nd_2025_08_16.zip,2025-08-16,2025-08-15 15:42:51
cenace_nd_2025_08_17.zip,2025-08-17,2025-08-16 15:27:50
cenace_nd_2025_08_18.zip,2025-08-18,2025-08-17 16:56:14
cenace_nd_2025_08_19.zip,2025-08-19,2025-08-18 16:58:07
cenace_nd_2025_08_20.zip,2025-08-20,2025-08-19 16:52:59
cenace_nd_2025_08_21.zip,2025-08-21,2025-08-20 16:43:10
cenace_nd_2025_08_22.zip,2025-08-22,2025-08-21 15:38:27
cenace_nd_2025_08_23.zip,2025-08-23,2025-08-22 15:30:33
cenace_nd_2025_08_24.zip,2025-08-24,2025-08-23 15:32:31
cenace_nd_2025_08_25.zip,2025-08-25,2025-08-24 15:34:08
cenace_nd_2025_08_26.zip,2025-08-26,2025-08-25 15:11:23
cenace_nd_2025_08_27.zip,2025-08-27,2025-08-26 16:01:05
cenace_nd_2025_08_28.zip,2025-08-28,2025-08-27 17:01:41
cenace_nd_2025_08_29.zip,2025-08-29,2025-08-28 15:57:46
cenace_nd_2025_08_30.zip,2025-08-30,2025-08-29 15:54:45
cenace_nd_2025_08_31.zip,2025-08-31,2025-08-30 15:51:14
cenace_nd_2025_09_01.zip,2025-09-01,2025-08-31 16:16:36
cenace_nd_2025_09_02.zip,2025-09-02,2025-09-01 15:15:34
cenace_nd_2025_09_03.zip,2025-09-03,2025-09-02 16:18:02
cenace_nd_2025_09_04.zip,2025-09-04,2025-09-03 16:56:28
cenace_nd_2025_09_05.zip,2025-09-05,2025-09-04 16:52:06
cenace_nd_2025_09_06.zip,2025-09-06,2025-09-05 16:58:46
cenace_nd_2025_09_07.zip,2025-09-07,2025-09-06 16:29:22
cenace_nd_2025_09_08.zip,2025-09-08,2025-09-07 16:36:39
cenace_nd_2025_09_09.zip,2025-09-09,2025-09-08 16:57:18
cenace_nd_2025_09_10.zip,2025-09-10,2025-09-09 16:55:07
cenace_nd_2025_09_11.zip,2025-09-11,2025-09-10 16:56:33
cenace_nd_2025_09_12.zip,2025-09-12,2025-09-11 16:07:14
cenace_nd_2025_09_13.zip,2025-09-13,2025-09-12 15:37:53
cenace_nd_2025_09_14.zip,2025-09-14,2025-09-13 16:05:53
cenace_nd_2025_09_15.zip,2025-09-15,2025-09-14 15:49:20
cenace_nd_2025_09_16.zip,2025-09-16,2025-09-15 14:50:53
cenace_nd_2025_09_17.zip,2025-09-17,2025-09-16 14:37:47
cenace_nd_2025_09_18.zip,2025-09-18,2025-09-17 15:44:16
cenace_nd_2025_09_19.zip,2025-09-19,2025-09-18 16:41:33
cenace_nd_2025_09_20.zip,2025-09-20,2025-09-19 16:32:25
cenace_nd_2025_09_21.zip,2025-09-21,2025-09-20 15:45:25
cenace_nd_2025_09_22.zip,2025-09-22,2025-09-21 15:33:44
cenace_nd_2025_09_23.zip,2025-09-23,2025-09-22 16:56:33
cenace_nd_2025_09_24.zip,2025-09-24,2025-09-23 16:54:52
cenace_nd_2025_09_25.zip,2025-09-25,2025-09-24 15:38:20
cenace_nd_2025_09_26.zip,2025-09-26,2025-09-25 16:20:15
cenace_nd_2025_09_27.zip,2025-09-27,2025-09-26 16:19:12
cenace_nd_2025_09_28.zip,2025-09-28,2025-09-27 16:27:07
cenace_nd_2025_09_29.zip,2025-09-29,2025-09-28 15:40:34
cenace_nd_2025_09_30.zip,2025-09-30,2025-09-29 16:05:39
cenace_nd_2025_10_01.zip,2025-10-01,2025-09-30 16:59:21
cenace_nd_2025_10_02.zip,2025-10-02,2025-10-01 16:56:54
cenace_nd_2025_10_03.zip,2025-10-03,2025-10-02 16:53:07
cenace_nd_2025_10_04.zip,2025-10-04,2025-10-03 16:56:05
cenace_nd_2025_10_05.zip,2025-10-05,2025-10-04 16:56:20
cenace_nd_2025_10_06.zip,2025-10-06,2025-10-05 16:55:42
cenace_nd_2025_10_07.zip,2025-10-07,2025-10-06 16:55:35
cenace_nd_2025_10_08.zip,2025-10-08,2025-10-07 16:59:11
cenace_nd_2025_10_09.zip,2025-10-09,2025-10-08 16:42:33
cenace_nd_2025_10_10.zip,2025-10-10,2025-10-09 16:40:09
cenace_nd_2025_10_11.zip,2025-10-11,2025-10-10 16:01:42
cenace_nd_2025_10_12.zip,2025-10-12,2025-10-11 14:16:42
cenace_nd_2025_10_13.zip,2025-10-13,2025-10-12 16:00:17
cenace_nd_2025_10_14.zip,2025-10-14,2025-10-13 15:46:42
cenace_nd_2025_10_15.zip,2025-10-15,2025-10-14 16:29:42
cenace_nd_2025_10_16.zip,2025-10-16,2025-10-15 17:56:17
cenace_nd_2025_10_17.zip,2025-10-17,2025-10-16 18:16:32
cenace_nd_2025_10_18.zip,2025-10-18,2025-10-17 20:11:44
cenace_nd_2025_10_19.zip,2025-10-19,2025-10-18 15:53:16
cenace_nd_2025_10_20.zip,2025-10-20,2025-10-19 16:08:55
cenace_nd_2025_10_21.zip,2025-10-21,2025-10-20 15:29:18
cenace_nd_2025_10_22.zip,2025-10-22,2025-10-21 15:42:48
cenace_nd_2025_10_23.zip,2025-10-23,2025-10-22 16:19:02
cenace_nd_2025_10_24.zip,2025-10-24,2025-10-23 15:35:31
cenace_nd_2025_10_25.zip,2025-10-25,2025-10-24 18:12:48
cenace_nd_2025_10_26.zip,2025-10-26,2025-10-25 16:49:54
cenace_nd_2025_10_27.zip,2025-10-27,2025-10-26 15:42:32
cenace_nd_2025_10_28.zip,2025-10-28,2025-10-27 18:46:53
cenace_nd_2025_10_29.zip,2025-10-29,2025-10-28 14:54:15
cenace_nd_2025_10_30.zip,2025-10-30,2025-10-29 16:10:13
cenace_nd_2025_10_31.zip,2025-10-31,2025-10-30 14:27:58
cenace_nd_2025_11_01.zip,2025-11-01,2025-10-31 15:12:39
cenace_nd_2025_11_02.zip,2025-11-02,2025-11-01 16:52:32
cenace_nd_2025_11_03.zip,2025-11-03,2025-11-02 16:42:49
cenace_nd_2025_11_04.zip,2025-11-04,2025-11-03 16:57:26
cenace_nd_2025_11_05.zip,2025-11-05,2025-11-04 16:52:17
cenace_nd_2025_11_06.zip,2025-11-06,2025-11-05 16:20:39
cenace_nd_2025_11_07.zip,2025-11-07,2025-11-06 17:45:14
cenace_nd_2025_11_08.zip,2025-11-08,2025-11-07 16:17:16
cenace_nd_2025_11_09.zip,2025-11-09,2025-11-08 15:22:42
cenace_nd_2025_11_10.zip,2025-11-10,2025-11-09 14:46:53
cenace_nd_2025_11_11.zip,2025-11-11,2025-11-10 15:46:52
cenace_nd_2025_11_12.zip,2025-11-12,2025-11-11 16:18:44
cenace_nd_2025_11_13.zip,2025-11-13,2025-11-12 15:32:09
cenace_nd_2025_11_14.zip,2025-11-14,2025-11-13 16:27:19
cenace_nd_2025_11_15.zip,2025-11-15,2025-11-14 16:09:02
cenace_nd_2025_11_16.zip,2025-11-16,2025-11-15 16:10:13
cenace_nd_2025_11_17.zip,2025-11-17,2025-11-16 15:27:06
cenace_nd_2025_11_18.zip,2025-11-18,2025-11-17 16:34:54
cenace_nd_2025_11_19.zip,2025-11-19,2025-11-18 18:36:01
cenace_nd_2025_11_20.zip,2025-11-20,2025-11-19 16:54:10
cenace_nd_2025_11_21.zip,2025-11-21,2025-11-20 18:14:03
cenace_nd_2025_11_22.zip,2025-11-22,2025-11-21 16:09:54
cenace_nd_2025_11_23.zip,2025-11-23,2025-11-22 16:20:30
cenace_nd_2025_11_24.zip,2025-11-24,2025-11-23 15:37:13
cenace_nd_2025_11_25.zip,2025-11-25,2025-11-24 16:07:04
cenace_nd_2025_11_26.zip,2025-11-26,2025-11-25 16:22:37
cenace_nd_2025_11_27.zip,2025-11-27,2025-11-26 16:56:26
cenace_nd_2025_11_28.zip,2025-11-28,2025-11-27 16:03:13
cenace_nd_2025_11_29.zip,2025-11-29,2025-11-28 17:19:26
cenace_nd_2025_11_30.zip,2025-11-30,2025-11-29 16:20:42
cenace_nd_2025_12_01.zip,2025-12-01,2025-11-30 16:57:00
cenace_nd_2025_12_02.zip,2025-12-02,2025-12-01 16:48:56
cenace_nd_2025_12_03.zip,2025-12-03,2025-12-02 15:38:28
cenace_nd_2025_12_04.zip,2025-12-04,2025-12-03 16:32:52
cenace_nd_2025_12_05.zip,2025-12-05,2025-12-04 16:13:44
cenace_nd_2025_12_06.zip,2025-12-06,2025-12-05 16:30:33
cenace_nd_2025_12_07.zip,2025-12-07,2025-12-06 15:53:07
cenace_nd_2025_12_08.zip,2025-12-08,2025-12-07 15:45:35
cenace_nd_2025_12_09.zip,2025-12-09,2025-12-08 16:58:06
cenace_nd_2025_12_10.zip,2025-12-10,2025-12-09 16:48:24
cenace_nd_2025_12_11.zip,2025-12-11,2025-12-10 15:44:38
cenace_nd_2025_12_12.zip,2025-12-12,2025-12-11 16:22:33
cenace_nd_2025_12_13.zip,2025-12-13,2025-12-12 16:24:13
cenace_nd_2025_12_14.zip,2025-12-14,2025-12-13 16:35:29
cenace_nd_2025_12_15.zip,2025-12-15,2025-12-14 16:24:55
cenace_nd_2025_12_16.zip,2025-12-16,2025-12-15 15:17:03
cenace_nd_2025_12_17.zip,2025-12-17,2025-12-16 17:08:22
cenace_nd_2025_12_18.zip,2025-12-18,2025-12-17 16:51:21
cenace_nd_2025_12_19.zip,2025-12-19,2025-12-18 15:57:53
cenace_nd_2025_12_20.zip,2025-12-20,2025-12-19 16:03:33
cenace_nd_2025_12_21.zip,2025-12-21,2025-12-20 15:46:31
cenace_nd_2025_12_22.zip,2025-12-22,2025-12-21 15:41:16
cenace_nd_2025_12_23.zip,2025-12-23,2025-12-22 16:09:49
cenace_nd_2025_12_24.zip,2025-12-24,2025-12-23 15:57:18
cenace_nd_2025_12_25.zip,2025-12-25,2025-12-24 16:33:01
cenace_nd_2025_12_26.zip,2025-12-26,2025-12-25 16:23:13
cenace_nd_2025_12_27.zip,2025-12-27,2025-12-26 16:57:07
cenace_nd_2025_12_28.zip,2025-12-28,2025-12-27 16:56:28
cenace_nd_2025_12_29.zip,2025-12-29,2025-12-28 16:54:14
cenace_nd_2025_12_30.zip,2025-12-30,2025-12-29 16:50:21
cenace_nd_2025_12_31.zip,2025-12-31,2025-12-30 16:49:46
cenace_nd_2026_01_01.zip,2026-01-01,2025-12-31 17:04:19
cenace_nd_2026_01_02.zip,2026-01-02,2026-01-01 16:15:08
cenace_nd_2026_01_03.zip,2026-01-03,2026-01-02 16:07:20
cenace_nd_2026_01_04.zip,2026-01-04,2026-01-03 15:53:31
cenace_nd_2026_01_05.zip,2026-01-05,2026-01-04 17:18:08
cenace_nd_2026_01_06.zip,2026-01-06,2026-01-05 16:15:22
cenace_nd_2026_01_07.zip,2026-01-07,2026-01-06 15:58:43
cenace_nd_2026_01_08.zip,2026-01-08,2026-01-07 18:35:17
cenace_nd_2026_01_09.zip,2026-01-09,2026-01-08 18:29:21
cenace_nd_2026_01_10.zip,2026-01-10,2026-01-09 16:47:56
cenace_nd_2026_01_11.zip,2026-01-11,2026-01-10 15:45:29
cenace_nd_2026_01_12.zip,2026-01-12,2026-01-11 16:57:24
cenace_nd_2026_01_13.zip,2026-01-13,2026-01-12 16:12:10
cenace_nd_2026_01_14.zip,2026-01-14,2026-01-13 16:12:43
cenace_nd_2026_01_15.zip,2026-01-15,2026-01-14 14:55:55
cenace_nd_2026_01_16.zip,2026-01-16,2026-01-15 15:28:55
cenace_nd_2026_01_17.zip,2026-01-17,2026-01-16 15:37:21
cenace_nd_2026_01_18.zip,2026-01-18,2026-01-17 14:40:31
cenace_nd_2026_01_19.zip,2026-01-19,2026-01-18 16:08:58
cenace_nd_2026_01_20.zip,2026-01-20,2026-01-19 15:10:51
cenace_nd_2026_01_21.zip,2026-01-21,2026-01-20 16:06:45
cenace_nd_2026_01_22.zip,2026-01-22,2026-01-21 16:57:37
cenace_nd_2026_01_23.zip,2026-01-23,2026-01-22 16:58:24
cenace_nd_2026_01_24.zip,2026-01-24,2026-01-23 18:10:36
cenace_nd_2026_01_25.zip,2026-01-25,2026-01-24 16:58:53
cenace_nd_2026_01_26.zip,2026-01-26,2026-01-25 16:58:34
cenace_nd_2026_01_27.zip,2026-01-27,2026-01-26 16:48:21
cenace_nd_2026_01_28.zip,2026-01-28,2026-01-27 16:58:05
cenace_nd_2026_01_29.zip,2026-01-29,2026-01-28 15:53:55
cenace_nd_2026_01_30.zip,2026-01-30,2026-01-29 16:01:52
cenace_nd_2026_01_31.zip,2026-01-31,2026-01-30 15:53:50
cenace_nd_2026_02_01.zip,2026-02-01,2026-01-31 16:11:31
cenace_nd_2026_02_02.zip,2026-02-02,2026-02-01 15:15:14
cenace_nd_2026_02_03.zip,2026-02-03,2026-02-02 15:13:07
cenace_nd_2026_02_04.zip,2026-02-04,2026-02-03 16:00:46
cenace_nd_2026_02_05.zip,2026-02-05,2026-02-04 15:28:57
cenace_nd_2026_02_06.zip,2026-02-06,2026-02-05 15:51:07
cenace_nd_2026_02_07.zip,2026-02-07,2026-02-06 16:58:08
cenace_nd_2026_02_08.zip,2026-02-08,2026-02-07 16:12:27
cenace_nd_2026_02_09.zip,2026-02-09,2026-02-08 15:54:03
cenace_nd_2026_02_10.zip,2026-02-10,2026-02-09 16:38:27
cenace_nd_2026_02_11.zip,2026-02-11,2026-02-10 16:33:23
cenace_nd_2026_02_12.zip,2026-02-12,2026-02-11 15:18:12
cenace_nd_2026_02_13.zip,2026-02-13,2026-02-12 16:59:20
cenace_nd_2026_02_14.zip,2026-02-14,2026-02-13 16:35:21
cenace_nd_2026_02_15.zip,2026-02-15,2026-02-14 15:44:31
cenace_nd_2026_02_16.zip,2026-02-16,2026-02-15 16:23:26
cenace_nd_2026_02_17.zip,2026-02-17,2026-02-16 16:32:42
cenace_nd_2026_02_18.zip,2026-02-18,2026-02-17 16:03:58
cenace_nd_2026_02_19.zip,2026-02-19,2026-02-18 16:09:36
cenace_nd_2026_02_20.zip,2026-02-20,2026-02-19 16:50:15
cenace_nd_2026_02_21.zip,2026-02-21,2026-02-20 18:34:08
cenace_nd_2026_02_22.zip,2026-02-22,2026-02-21 16:24:25
cenace_nd_2026_02_23.zip,2026-02-23,2026-02-22 16:44:06
cenace_nd_2026_02_24.zip,2026-02-24,2026-02-23 16:41:16
cenace_nd_2026_02_25.zip,2026-02-25,2026-02-24 14:46:30
cenace_nd_2026_02_26.zip,2026-02-26,2026-02-25 16:07:57
cenace_nd_2026_02_27.zip,2026-02-27,2026-02-26 15:52:56
cenace_nd_2026_02_28.zip,2026-02-28,2026-02-27 15:56:24
cenace_nd_2026_03_01.zip,2026-03-01,2026-02-28 16:20:50
cenace_nd_2026_03_02.zip,2026-03-02,2026-03-01 16:16:42
cenace_nd_2026_03_03.zip,2026-03-03,2026-03-02 15:53:57
cenace_nd_2026_03_04.zip,2026-03-04,2026-03-03 16:10:28
cenace_nd_2026_03_05.zip,2026-03-05,2026-03-04 16:19:06
cenace_nd_2026_03_06.zip,2026-03-06,2026-03-05 16:59:13
cenace_nd_2026_03_07.zip,2026-03-07,2026-03-06 18:32:25
cenace_nd_2026_03_08.zip,2026-03-08,2026-03-07 15:45:45
cenace_nd_2026_03_09.zip,2026-03-09,2026-03-08 14:25:21
cenace_nd_2026_03_10.zip,2026-03-10,2026-03-09 16:17:28
cenace_nd_2026_03_11.zip,2026-03-11,2026-03-10 16:30:20
cenace_nd_2026_03_12.zip,2026-03-12,2026-03-11 16:24:26
cenace_nd_2026_03_13.zip,2026-03-13,2026-03-12 17:28:02
cenace_nd_2026_03_14.zip,2026-03-14,2026-03-13 16:40:13
cenace_nd_2026_03_15.zip,2026-03-15,2026-03-15 01:23:29
cenace_nd_2026_03_16.zip,2026-03-16,2026-03-15 16:58:54
cenace_nd_2026_03_17.zip,2026-03-17,2026-03-16 16:44:21
cenace_nd_2026_03_18.zip,2026-03-18,2026-03-17 16:03:06
cenace_nd_2026_03_19.zip,2026-03-19,2026-03-18 16:48:16
cenace_nd_2026_03_20.zip,2026-03-20,2026-03-19 16:55:09
cenace_nd_2026_03_21.zip,2026-03-21,2026-03-20 16:11:33
cenace_nd_2026_03_22.zip,2026-03-22,2026-03-21 17:33:35
cenace_nd_2026_03_23.zip,2026-03-23,2026-03-22 16:31:51
cenace_nd_2026_03_24.zip,2026-03-24,2026-03-23 15:41:14
cenace_nd_2026_03_25.zip,2026-03-25,2026-03-24 15:53:51
cenace_nd_2026_03_26.zip,2026-03-26,2026-03-25 16:37:04
cenace_nd_2026_03_27.zip,2026-03-27,2026-03-26 15:56:29
cenace_nd_2026_03_28.zip,2026-03-28,2026-03-27 19:26:05
cenace_nd_2026_03_29.zip,2026-03-29,2026-03-28 16:19:38
cenace_nd_2026_03_30.zip,2026-03-30,2026-03-29 15:11:26
cenace_nd_2026_03_31.zip,2026-03-31,2026-03-30 15:21:37
cenace_nd_2026_04_01.zip,2026-04-01,2026-03-31 15:58:27
cenace_nd_2026_04_02.zip,2026-04-02,2026-04-01 15:17:03
cenace_nd_2026_04_03.zip,2026-04-03,2026-04-02 16:40:54
cenace_nd_2026_04_04.zip,2026-04-04,2026-04-03 16:25:28
cenace_nd_2026_04_05.zip,2026-04-05,2026-04-04 15:02:04
cenace_nd_2026_04_06.zip,2026-04-06,2026-04-05 16:05:36
cenace_nd_2026_04_07.zip,2026-04-07,2026-04-06 15:38:10
cenace_nd_2026_04_08.zip,2026-04-08,2026-04-07 16:56:26
cenace_nd_2026_04_09.zip,2026-04-09,2026-04-08 16:27:12
cenace_nd_2026_04_10.zip,2026-04-10,2026-04-09 15:49:44
cenace_nd_2026_04_11.zip,2026-04-11,2026-04-10 15:41:31
cenace_nd_2026_04_12.zip,2026-04-12,2026-04-11 15:28:24
cenace_nd_2026_04_13.zip,2026-04-13,2026-04-12 15:40:24
cenace_nd_2026_04_14.zip,2026-04-14,2026-04-13 16:10:06
cenace_nd_2026_04_15.zip,2026-04-15,2026-04-14 16:24:32
cenace_nd_2026_04_16.zip,2026-04-16,2026-04-15 15:59:27
cenace_nd_2026_04_17.zip,2026-04-17,2026-04-16 16:51:02
cenace_nd_2026_04_18.zip,2026-04-18,2026-04-17 16:46:09
cenace_nd_2026_04_19.zip,2026-04-19,2026-04-18 16:55:36
cenace_nd_2026_04_20.zip,2026-04-20,2026-04-19 16:44:22
cenace_nd_2026_04_21.zip,2026-04-21,2026-04-20 16:57:49
cenace_nd_2026_04_22.zip,2026-04-22,2026-04-21 16:57:41
cenace_nd_2026_04_23.zip,2026-04-23,2026-04-22 16:31:07
cenace_nd_2026_04_24.zip,2026-04-24,2026-04-23 16:50:22
cenace_nd_2026_04_25.zip,2026-04-25,2026-04-24 16:57:40
cenace_nd_2026_04_26.zip,2026-04-26,2026-04-25 15:51:41
cenace_nd_2026_04_27.zip,2026-04-27,2026-04-26 16:04:29
cenace_nd_2026_04_28.zip,2026-04-28,2026-04-27 17:51:51
cenace_nd_2026_04_29.zip,2026-04-29,2026-04-28 16:43:34
cenace_nd_2026_04_30.zip,2026-04-30,2026-04-29 16:58:58
cenace_nd_2026_05_01.zip,2026-05-01,2026-04-30 16:08:50
cenace_nd_2026_05_02.zip,2026-05-02,2026-05-01 16:26:09
cenace_nd_2026_05_03.zip,2026-05-03,2026-05-02 16:42:49
cenace_nd_2026_05_04.zip,2026-05-04,2026-05-03 15:56:14
cenace_nd_2026_05_05.zip,2026-05-05,2026-05-04 16:58:20
cenace_nd_2026_05_06.zip,2026-05-06,2026-05-05 16:37:52
cenace_nd_2026_05_07.zip,2026-05-07,2026-05-06 16:59:37
cenace_nd_2026_05_08.zip,2026-05-08,2026-05-07 18:11:50
cenace_nd_2026_05_09.zip,2026-05-09,2026-05-08 16:28:00
cenace_nd_2026_05_10.zip,2026-05-10,2026-05-09 16:26:40
cenace_nd_2026_05_11.zip,2026-05-11,2026-05-10 15:49:17
cenace_nd_2026_05_12.zip,2026-05-12,2026-05-11 15:10:56
cenace_nd_2026_05_13.zip,2026-05-13,2026-05-12 14:58:51
cenace_nd_2026_05_14.zip,2026-05-14,2026-05-13 15:42:14
cenace_nd_2026_05_15.zip,2026-05-15,2026-05-14 16:07:34
cenace_nd_2026_05_16.zip,2026-05-16,2026-05-15 15:58:54
cenace_nd_2026_05_17.zip,2026-05-17,2026-05-16 16:41:11
cenace_nd_2026_05_18.zip,2026-05-18,2026-05-17 15:53:44
cenace_nd_2026_05_19.zip,2026-05-19,2026-05-18 15:39:05
cenace_nd_2026_05_20.zip,2026-05-20,2026-05-19 15:28:39
cenace_nd_2026_05_21.zip,2026-05-21,2026-05-20 16:06:43
cenace_nd_2026_05_22.zip,2026-05-22,2026-05-21 15:47:21
cenace_nd_2026_05_23.zip,2026-05-23,2026-05-22 16:56:18
cenace_nd_2026_05_24.zip,2026-05-24,2026-05-23 16:10:39
cenace_nd_2026_05_25.zip,2026-05-25,2026-05-24 15:34:49
cenace_nd_2026_05_26.zip,2026-05-26,2026-05-25 15:31:12
cenace_nd_2026_05_27.zip,2026-05-27,2026-05-26 15:48:20
cenace_nd_2026_05_28.zip,2026-05-28,2026-05-27 15:27:10
cenace_nd_2026_05_29.zip,2026-05-29,2026-05-28 15:48:31
cenace_nd_2026_05_30.zip,2026-05-30,2026-05-29 16:02:42
cenace_nd_2026_05_31.zip,2026-05-31,2026-05-30 13:57:15
cenace_nd_2026_06_01.zip,2026-06-01,2026-05-31 15:25:14
cenace_nd_2026_06_02.zip,2026-06-02,2026-06-01 15:30:36
cenace_nd_2026_06_03.zip,2026-06-03,2026-06-02 16:01:06
cenace_nd_2026_06_04.zip,2026-06-04,2026-06-03 16:55:26
cenace_nd_2026_06_05.zip,2026-06-05,2026-06-04 15:54:56
cenace_nd_2026_06_06.zip,2026-06-06,2026-06-05 16:28:32
cenace_nd_2026_06_07.zip,2026-06-07,2026-06-06 16:20:05
cenace_nd_2026_06_08.zip,2026-06-08,2026-06-07 15:31:51
cenace_nd_2026_06_09.zip,2026-06-09,2026-06-08 15:49:52
cenace_nd_2026_06_10.zip,2026-06-10,2026-06-09 16:48:29
cenace_nd_2026_06_11.zip,2026-06-11,2026-06-10 16:54:23
cenace_nd_2026_06_12.zip,2026-06-12,2026-06-11 15:45:38
cenace_nd_2026_06_13.zip,2026-06-13,2026-06-12 16:29:20
cenace_nd_2026_06_14.zip,2026-06-14,2026-06-13 15:19:43
cenace_nd_2026_06_15.zip,2026-06-15,2026-06-14 16:22:50
cenace_nd_2026_06_16.zip,2026-06-16,2026-06-15 15:27:11
cenace_nd_2026_06_17.zip,2026-06-17,2026-06-16 15:43:45
cenace_nd_2026_06_18.zip,2026-06-18,2026-06-17 16:53:23
cenace_nd_2026_06_19.zip,2026-06-19,2026-06-18 16:09:06
cenace_nd_2026_06_20.zip,2026-06-20,2026-06-19 15:40:54
cenace_nd_2026_06_21.zip,2026-06-21,2026-06-20 15:17:19
cenace_nd_2026_06_22.zip,2026-06-22,2026-06-21 15:05:29
cenace_nd_2026_06_23.zip,2026-06-23,2026-06-22 15:58:28
cenace_nd_2026_06_24.zip,2026-06-24,2026-06-23 16:23:18
cenace_nd_2026_06_25.zip,2026-06-25,2026-06-24 15:27:05
cenace_nd_2026_06_26.zip,2026-06-26,2026-06-25 15:16:22
cenace_nd_2026_06_27.zip,2026-06-27,2026-06-26 15:58:37
cenace_nd_2026_06_28.zip,2026-06-28,2026-06-27 15:27:33
cenace_nd_2026_06_29.zip,2026-06-29,2026-06-28 14:56:03
cenace_nd_2026_06_30.zip,2026-06-30,2026-06-29 15:13:24
cenace_nd_2026_07_01.zip,2026-07-01,2026-06-30 16:41:13
cenace_nd_2026_07_02.zip,2026-07-02,2026-07-01 17:38:59
cenace_nd_2026_07_03.zip,2026-07-03,2026-07-02 16:00:50
cenace_nd_2026_07_04.zip,2026-07-04,2026-07-03 15:39:17
cenace_nd_2026_07_05.zip,2026-07-05,2026-07-04 15:53:55
cenace_nd_2026_07_06.zip,2026-07-06,2026-07-05 16:57:08
cenace_nd_2026_07_07.zip,2026-07-07,2026-07-06 16:56:00
cenace_nd_2026_07_08.zip,2026-07-08,2026-07-07 15:51:55
cenace_nd_2026_07_09.zip,2026-07-09,2026-07-08 15:55:54
cenace_nd_2026_07_10.zip,2026-07-10,2026-07-09 16:38:18
cenace_nd_2026_07_11.zip,2026-07-11,2026-07-10 15:25:05
cenace_nd_2026_07_12.zip,2026-07-12,2026-07-11 15:37:29
cenace_nd_2026_07_13.zip,2026-07-13,2026-07-12 15:18:26
cenace_nd_2026_07_14.zip,2026-07-14,2026-07-13 15:50:13
cenace_nd_2026_07_15.zip,2026-07-15,2026-07-14 16:27:47
cenace_nd_2026_07_16.zip,2026-07-16,2026-07-15 16:43:12
cenace_nd_2026_07_17.zip,2026-07-17,2026-07-16 16:51:35
cenace_nd_2026_07_18.zip,2026-07-18,2026-07-17 15:50:42
cenace_nd_2026_07_19.zip,2026-07-19,2026-07-18 15:10:42
cenace_nd_2026_07_20.zip,2026-07-20,2026-07-19 16:20:21
cenace_nd_2026_07_21.zip,2026-07-21,2026-07-20 16:40:40
cenace_nd_2026_07_22.zip,2026-07-22,2026-07-21 16:19:20
cenace_nd_2026_07_23.zip,2026-07-23,2026-07-22 16:54:48
cenace_nd_2026_07_24.zip,2026-07-24,2026-07-23 15:22:58
cenace_nd_2026_07_25.zip,2026-07-25,2026-07-24 15:35:49
cenace_nd_2026_07_26.zip,2026-07-26,2026-07-25 14:41:05
cenace_nd_2026_07_27.zip,2026-07-27,2026-07-26 14:23:38
cenace_nd_2026_07_28.zip,2026-07-28,2026-07-27 16:55:20
cenace_nd_2026_07_29.zip,2026-07-29,2026-07-28 16:17:26
cenace_nd_2026_07_30.zip,2026-07-30,2026-07-29 16:21:01
cenace_nd_2026_07_31.zip,2026-07-31,2026-07-30 16:56:21
cenace_nd_2026_08_01.zip,2026-08-01,2026-07-31 16:09:59
cenace_nd_2026_08_02.zip,2026-08-02,2026-08-01 16:33:23
cenace_nd_2026_08_03.zip,2026-08-03,2026-08-02 16:56:57
cenace_nd_2026_08_04.zip,2026-08-04,2026-08-03 16:48:32
cenace_nd_2026_08_05.zip,2026-08-05,2026-08-04 16:00:27
cenace_nd_2026_08_06.zip,2026-08-06,2026-08-05 17:23:16
cenace_nd_2026_08_07.zip,2026-08-07,2026-08-06 15:41:42
cenace_nd_2026_08_08.zip,2026-08-08,2026-08-07 15:30:45
cenace_nd_2026_08_09.zip,2026-08-09,2026-08-08 15:06:37
cenace_nd_2026_08_10.zip,2026-08-10,2026-08-09 16:13:35
cenace_nd_2026_08_11.zip,2026-08-11,2026-08-10 16:26:15
cenace_nd_2026_08_12.zip,2026-08-12,2026-08-11 16:39:43
cenace_nd_2026_08_13.zip,2026-08-13,2026-08-12 16:55:09
cenace_nd_2026_08_14.zip,2026-08-14,2026-08-13 15:32:06
cenace_nd_2026_08_15.zip,2026-08-15,2026-08-14 16:32:12
cenace_nd_2026_08_16.zip,2026-08-16,2026-08-15 16:00:02
cenace_nd_2026_08_17.zip,2026-08-17,2026-08-16 16:49:09
cenace_nd_2026_08_18.zip,2026-08-18,2026-08-17 16:46:38
cenace_nd_2026_08_19.zip,2026-08-19,2026-08-18 16:15:16
cenace_nd_2026_08_20.zip,2026-08-20,2026-08-19 16:32:16
cenace_nd_2026_08_21.zip,2026-08-21,2026-08-20 17:24:13
cenace_nd_2026_08_22.zip,2026-08-22,2026-08-21 16:47:24
cenace_nd_2026_08_23.zip,2026-08-23,2026-08-22 16:53:18
cenace_nd_2026_08_24.zip,2026-08-24,2026-08-23 14:38:42
cenace_nd_2026_08_25.zip,2026-08-25,2026-08-24 15:26:37
cenace_nd_2026_08_26.zip,2026-08-26,2026-08-25 15:42:25
cenace_nd_2026_08_27.zip,2026-08-27,2026-08-26 17:09:01
cenace_nd_2026_08_28.zip,2026-08-28,2026-08-27 16:19:08
cenace_nd_2026_08_29.zip,2026-08-29,2026-08-28 16:57:43
cenace_nd_2026_08_30.zip,2026-08-30,2026-08-29 15:24:17
cenace_nd_2026_08_31.zip,2026-08-31,2026-08-30 16:56:59
cenace_nd_2026_09_01.zip,2026-09-01,2026-08-31 17:29:14
cenace_nd_2026_09_02.zip,2026-09-02,2026-09-01 16:23:25
cenace_nd_2026_09_03.zip,2026-09-03,2026-09-02 17:37:06
cenace_nd_2026_09_04.zip,2026-09-04,2026-09-03 17:45:35
cenace_nd_2026_09_05.zip,2026-09-05,2026-09-04 16:28:23
cenace_nd_2026_09_06.zip,2026-09-06,2026-09-05 15:56:07
cenace_nd_2026_09_07.zip,2026-09-07,2026-09-06 16:11:03
cenace_nd_2026_09_08.zip,2026-09-08,2026-09-07 16:32:50
cenace_nd_2026_09_09.zip,2026-09-09,2026-09-08 16:57:42
cenace_nd_2026_09_10.zip,2026-09-10,2026-09-09 16:59:22
cenace_nd_2026_09_11.zip,2026-09-11,2026-09-10 16:38:42
cenace_nd_2026_09_12.zip,2026-09-12,2026-09-11 19:41:45
cenace_nd_2026_09_13.zip,2026-09-13,2026-09-12 16:16:14
cenace_nd_2026_09_14.zip,2026-09-14,2026-09-13 15:59:10
cenace_nd_2026_09_15.zip,2026-09-15,2026-09-14 15:50:21
cenace_nd_2026_09_16.zip,2026-09-16,2026-09-15 15:42:23
cenace_nd_2026_09_17.zip,2026-09-17,2026-09-16 16:22:59
cenace_nd_2026_09_18.zip,2026-09-18,2026-09-17 16:22:10
cenace_nd_2026_09_19.zip,2026-09-19,2026-09-18 16:28:44
cenace_nd_2026_09_20.zip,2026-09-20,2026-09-19 15:32:55
cenace_nd_2026_09_21.zip,2026-09-21,2026-09-20 15:19:17
cenace_nd_2026_09_22.zip,2026-09-22,2026-09-21 16:04:16
cenace_nd_2026_09_23.zip,2026-09-23,2026-09-22 17:04:34
cenace_nd_2026_09_24.zip,2026-09-24,2026-09-23 19:08:52
cenace_nd_2026_09_25.zip,2026-09-25,2026-09-24 16:59:31
cenace_nd_2026_09_26.zip,2026-09-26,2026-09-25 16:58:59
cenace_nd_2026_09_27.zip,2026-09-27,2026-09-26 15:23:10
cenace_nd_2026_09_28.zip,2026-09-28,2026-09-27 16:55:55
cenace_nd_2026_09_29.zip,2026-09-29,2026-09-28 16:58:35
cenace_nd_2026_09_30.zip,2026-09-30,2026-09-29 20:18:53
cenace_nd_2026_10_01.zip,2026-10-01,2026-09-30 18:45:02
cenace_nd_2026_10_02.zip,2026-10-02,2026-10-01 17:11:52
cenace_nd_2026_10_03.zip,2026-10-03,2026-10-02 16:18:42
cenace_nd_2026_10_04.zip,2026-10-04,2026-10-03 16:17:30
cenace_nd_2026_10_05.zip,2026-10-05,2026-10-04 15:51:18
cenace_nd_2026_10_06.zip,2026-10-06,2026-10-05 16:27:00
