origin,variant,time_s,crps,reliability,sharp80,sharp95,cover80,cover95,winkler95,mae,rmse,pinball95,hit_0.05,hit_0.1,hit_0.15,hit_0.2,hit_0.25,hit_0.3,hit_0.35,hit_0.4,hit_0.45,hit_0.5,hit_0.55,hit_0.6,hit_0.65,hit_0.7,hit_0.75,hit_0.8,hit_0.85,hit_0.9,hit_0.95
2026-03-01 23:00:00,ols,0.014600992202758789,15.974436736095193,0.16271929824561404,227.53184369028472,313.35472755049955,0.9583333333333334,1.0,313.35472755049955,39.233326025691646,65.04639813583184,10.086094744247246,0.0,0.041666666666666664,0.20833333333333334,0.25,0.3333333333333333,0.3333333333333333,0.4166666666666667,0.5833333333333334,0.75,0.8333333333333334,0.9166666666666666,0.9166666666666666,0.9583333333333334,0.9583333333333334,0.9583333333333334,0.9583333333333334,0.9583333333333334,1.0,1.0
2026-03-01 23:00:00,rescale,0.009676456451416016,20.474473897347526,0.11447368421052631,309.22200553690624,427.4141957551405,1.0,1.0,427.4141957551405,46.95606048143893,87.82377775087093,13.28826009637865,0.0,0.0,0.16666666666666666,0.16666666666666666,0.20833333333333334,0.2916666666666667,0.2916666666666667,0.3333333333333333,0.5,0.6666666666666666,0.7916666666666666,0.875,0.9166666666666666,0.9166666666666666,0.9166666666666666,0.9583333333333334,0.9583333333333334,1.0,1.0
2026-03-01 23:00:00,raw,0.008729934692382812,72.17413404605263,0.38596491228070173,633.5789166666667,832.3846666666658,0.625,0.8333333333333334,1000.979249999999,199.21583333333334,218.49723665777407,38.49783749999998,0.16666666666666666,0.375,0.5,0.8333333333333334,0.9583333333333334,1.0,1.0,1.0,1.0,1.0,1.0,1.0,1.0,1.0,1.0,1.0,1.0,1.0,1.0
2026-03-01 23:00:00,ols-weighted,0.011447906494140625,16.317714362781256,0.1605263157894737,238.41212427166116,363.13720545961115,0.9583333333333334,1.0,363.13720545961115,39.641252650029465,65.45906372843017,11.116815741023586,0.0,0.041666666666666664,0.16666666666666666,0.25,0.3333333333333333,0.3333333333333333,0.4166666666666667,0.5833333333333334,0.75,0.8333333333333334,0.9166666666666666,0.9166666666666666,0.9583333333333334,0.9583333333333334,0.9583333333333334,0.9583333333333334,0.9583333333333334,1.0,1.0
2026-03-01 23:00:00,ols-noclip,,15.974436736095193,0.16271929824561404,227.53184369028472,313.35472755049955,0.9583333333333334,1.0,313.35472755049955,39.233326025691646,65.04639813583184,10.086094744247246,0.0,0.041666666666666664,0.20833333333333334,0.25,0.3333333333333333,0.3333333333333333,0.4166666666666667,0.5833333333333334,0.75,0.8333333333333334,0.9166666666666666,0.9166666666666666,0.9583333333333334,0.9583333333333334,0.9583333333333334,0.9583333333333334,0.9583333333333334,1.0,1.0
2026-03-03 23:00:00,ols,0.014629602432250977,23.550310607227928,0.3508771929824562,105.71816880466402,148.33695660615274,0.5,0.6666666666666666,257.8712869038648,65.82075422885201,90.78956894409076,7.30838014463851,0.0,0.0,0.0,0.0,0.0,0.0,0.041666666666666664,0.041666666666666664,0.041666666666666664,0.08333333333333333,0.125,0.125,0.16666666666666666,0.20833333333333334,0.25,0.25,0.3333333333333333,0.5,0.6666666666666666
2026-03-03 23:00:00,rescale,0.00980997085571289,22.04632987398459,0.33991228070175444,129.7071617869834,185.42685280831998,0.625,0.75,247.44350623280988,63.736022088568895,85.836595349757,6.296607358875176,0.0,0.0,0.0,0.0,0.0,0.0,0.0,0.0,0.0,0.0,0.08333333333333333,0.16666666666666666,0.20833333333333334,0.20833333333333334,0.2916666666666667,0.2916666666666667,0.4166666666666667,0.625,0.75
2026-03-03 23:00:00,raw,0.008824348449707031,83.59548722587718,0.48026315789473684,554.2190000000002,792.1252499999997,0.125,0.16666666666666666,1401.1864999999998,219.04833333333337,234.14252432190386,40.52003229166669,0.8333333333333334,0.875,0.9166666666666666,1.0,1.0,1.0,1.0,1.0,1.0,1.0,1.0,1.0,1.0,1.0,1.0,1.0,1.0,1.0,1.0
2026-03-03 23:00:00,ols-weighted,0.010988950729370117,23.210681912301006,0.3442982456140351,113.86779643721366,177.79311500881428,0.5416666666666666,0.75,259.3225324777871,65.41355352476832,90.29618572087112,6.955223637155661,0.0,0.0,0.0,0.0,0.0,0.0,0.041666666666666664,0.041666666666666664,0.041666666666666664,0.08333333333333333,0.125,0.125,0.16666666666666666,0.20833333333333334,0.25,0.25,0.3333333333333333,0.5416666666666666,0.75
2026-03-03 23:00:00,ols-noclip,,23.550310607227928,0.3508771929824562,105.71816880466402,148.33695660615274,0.5,0.6666666666666666,257.8712869038648,65.82075422885201,90.78956894409076,7.30838014463851,0.0,0.0,0.0,0.0,0.0,0.0,0.041666666666666664,0.041666666666666664,0.041666666666666664,0.08333333333333333,0.125,0.125,0.16666666666666666,0.20833333333333334,0.25,0.25,0.3333333333333333,0.5,0.6666666666666666
2026-03-05 23:00:00,ols,0.014184951782226562,37.8830852424377,0.05175438596491229,342.4978643136902,502.26724387948826,0.875,0.9583333333333334,670.9305017530002,104.72661955875726,182.4275551416181,23.31023547402773,0.0,0.08333333333333333,0.125,0.16666666666666666,0.2916666666666667,0.3333333333333333,0.3333333333333333,0.3333333333333333,0.4166666666666667,0.4166666666666667,0.5,0.5,0.5833333333333334,0.6666666666666666,0.8333333333333334,0.875,0.9583333333333334,0.9583333333333334,0.9583333333333334
2026-03-05 23:00:00,rescale,0.01168966293334961,36.89831510130903,0.060526315789473706,373.99974353558423,547.3452075323772,0.9583333333333334,0.9583333333333334,672.648597677135,100.39175426209412,169.48634104555734,22.82692891980898,0.0,0.0,0.125,0.16666666666666666,0.2916666666666667,0.3333333333333333,0.3333333333333333,0.3333333333333333,0.375,0.4583333333333333,0.5,0.5,0.5833333333333334,0.6666666666666666,0.875,0.9166666666666666,0.9583333333333334,0.9583333333333334,0.9583333333333334
2026-03-05 23:00:00,raw,0.011512517929077148,49.39680252192983,0.22587719298245615,508.56783333333345,752.8576874999995,0.7083333333333334,0.9166666666666666,772.7335208333328,136.04208333333332,176.05617874701244,29.896921875000004,0.08333333333333333,0.25,0.3333333333333333,0.4166666666666667,0.5416666666666666,0.7083333333333334,0.7083333333333334,0.7916666666666666,0.8333333333333334,0.8333333333333334,0.875,0.875,0.875,0.9166666666666666,0.9166666666666666,0.9166666666666666,0.9583333333333334,0.9583333333333334,1.0
2026-03-05 23:00:00,ols-weighted,0.011268854141235352,37.711094102620386,0.05614035087719299,363.9955821294341,567.0964551147113,0.9166666666666666,0.9583333333333334,652.661853405049,103.95167134444523,180.83702214208114,21.655203424221188,0.0,0.041666666666666664,0.125,0.16666666666666666,0.2916666666666667,0.3333333333333333,0.3333333333333333,0.3333333333333333,0.4166666666666667,0.4166666666666667,0.5,0.5,0.5833333333333334,0.6666666666666666,0.8333333333333334,0.9166666666666666,0.9583333333333334,0.9583333333333334,0.9583333333333334
2026-03-05 23:00:00,ols-noclip,,37.8830852424377,0.05175438596491229,342.4978643136902,502.26724387948826,0.875,0.9583333333333334,670.9305017530002,104.72661955875726,182.4275551416181,23.31023547402773,0.0,0.08333333333333333,0.125,0.16666666666666666,0.2916666666666667,0.3333333333333333,0.3333333333333333,0.3333333333333333,0.4166666666666667,0.4166666666666667,0.5,0.5,0.5833333333333334,0.6666666666666666,0.8333333333333334,0.875,0.9583333333333334,0.9583333333333334,0.9583333333333334
2026-03-07 23:00:00,ols,0.041866302490234375,66.15649109632459,0.37280701754385964,417.0928109259096,590.7165191891917,0.4583333333333333,0.75,989.5808370208616,171.39616764790506,201.14271272049842,28.27700705740108,0.25,0.5416666666666666,0.6666666666666666,0.8333333333333334,0.9166666666666666,0.9166666666666666,0.9166666666666666,0.9166666666666666,0.9166666666666666,0.9166666666666666,0.9583333333333334,0.9583333333333334,0.9583333333333334,0.9583333333333334,0.9583333333333334,1.0,1.0,1.0,1.0
2026-03-07 23:00:00,rescale,0.028957605361938477,60.92868695263086,0.293859649122807,542.288825467694,771.2574649003403,0.75,0.9166666666666666,806.6006062223386,163.46621046934567,202.89955826282082,33.93933629905802,0.08333333333333333,0.25,0.4583333333333333,0.5833333333333334,0.6666666666666666,0.7083333333333334,0.75,0.9166666666666666,0.9166666666666666,0.9583333333333334,0.9583333333333334,0.9583333333333334,0.9583333333333334,0.9583333333333334,0.9583333333333334,1.0,1.0,1.0,1.0
2026-03-07 23:00:00,raw,0.019757509231567383,52.30638519736843,0.22149122807017543,451.8934166666667,614.5191249999997,0.7083333333333334,0.75,922.2495416666665,135.30208333333334,172.4083732075775,26.485469791666684,0.25,0.2916666666666667,0.2916666666666667,0.3333333333333333,0.5,0.5833333333333334,0.6666666666666666,0.6666666666666666,0.6666666666666666,0.7916666666666666,0.875,0.9166666666666666,0.9583333333333334,0.9583333333333334,0.9583333333333334,1.0,1.0,1.0,1.0
2026-03-07 23:00:00,ols-weighted,0.03192710876464844,65.86409699821425,0.36403508771929827,443.4909547827139,658.9841294185503,0.5,0.75,948.4449243739218,171.93134946912463,201.74420890659843,31.03817821405247,0.25,0.5,0.625,0.75,0.9166666666666666,0.9166666666666666,0.9166666666666666,0.9166666666666666,0.9166666666666666,0.9166666666666666,0.9583333333333334,0.9583333333333334,0.9583333333333334,0.9583333333333334,0.9583333333333334,1.0,1.0,1.0,1.0
2026-03-07 23:00:00,ols-noclip,,66.15649109632459,0.37280701754385964,417.0928109259096,590.7165191891917,0.4583333333333333,0.75,989.5808370208616,171.39616764790506,201.14271272049842,28.27700705740108,0.25,0.5416666666666666,0.6666666666666666,0.8333333333333334,0.9166666666666666,0.9166666666666666,0.9166666666666666,0.9166666666666666,0.9166666666666666,0.9166666666666666,0.9583333333333334,0.9583333333333334,0.9583333333333334,0.9583333333333334,0.9583333333333334,1.0,1.0,1.0,1.0
2026-03-09 23:00:00,ols,0.03423762321472168,30.14999248497004,0.12719298245614033,196.90116081933573,255.47129293499142,0.5,0.625,493.3991636773397,77.19837004003593,125.90203831659457,14.543978971003193,0.16666666666666666,0.20833333333333334,0.20833333333333334,0.20833333333333334,0.25,0.25,0.25,0.25,0.2916666666666667,0.3333333333333333,0.375,0.375,0.5,0.5833333333333334,0.5833333333333334,0.6666666666666666,0.6666666666666666,0.7083333333333334,0.7916666666666666
2026-03-09 23:00:00,rescale,0.011561155319213867,28.60908685274341,0.081140350877193,266.8691557040598,339.541596976491,0.5416666666666666,0.75,422.39537940107834,73.77242592550887,116.94591400509732,14.735517766219843,0.08333333333333333,0.20833333333333334,0.20833333333333334,0.20833333333333334,0.20833333333333334,0.25,0.3333333333333333,0.3333333333333333,0.3333333333333333,0.3333333333333333,0.4583333333333333,0.5416666666666666,0.625,0.625,0.6666666666666666,0.6666666666666666,0.7083333333333334,0.75,0.8333333333333334
2026-03-09 23:00:00,raw,0.01408839225769043,39.42881118421053,0.10614035087719298,630.2056250000005,1385.8824374999983,0.8333333333333334,0.8333333333333334,1411.8582708333315,77.91250000000001,106.33530831172683,62.31519062499996,0.16666666666666666,0.16666666666666666,0.20833333333333334,0.25,0.25,0.2916666666666667,0.4166666666666667,0.5416666666666666,0.5416666666666666,0.625,0.6666666666666666,0.7083333333333334,0.8333333333333334,0.9166666666666666,0.9166666666666666,1.0,1.0,1.0,1.0
2026-03-09 23:00:00,ols-weighted,0.014982223510742188,30.02128585381464,0.12719298245614033,206.18661306184632,282.6113563836438,0.5,0.625,474.9489820264327,77.22285250068322,125.91700903716396,14.501231959609994,0.16666666666666666,0.20833333333333334,0.20833333333333334,0.20833333333333334,0.25,0.25,0.25,0.25,0.2916666666666667,0.3333333333333333,0.375,0.375,0.5,0.5833333333333334,0.5833333333333334,0.6666666666666666,0.6666666666666666,0.7083333333333334,0.7916666666666666
2026-03-09 23:00:00,ols-noclip,,30.14999248497004,0.12719298245614033,196.90116081933573,255.47129293499142,0.5,0.625,493.3991636773397,77.19837004003593,125.90203831659457,14.543978971003193,0.16666666666666666,0.20833333333333334,0.20833333333333334,0.20833333333333334,0.25,0.25,0.25,0.25,0.2916666666666667,0.3333333333333333,0.375,0.375,0.5,0.5833333333333334,0.5833333333333334,0.6666666666666666,0.6666666666666666,0.7083333333333334,0.7916666666666666
2026-03-11 23:00:00,ols,0.014432191848754883,34.21327336473985,0.3399122807017544,328.6590301529307,458.7677288007462,0.7083333333333334,0.7916666666666666,505.22240244738913,88.45397799190589,125.71816224513677,20.031358499463284,0.20833333333333334,0.2916666666666667,0.5833333333333334,0.625,0.7916666666666666,0.7916666666666666,0.9166666666666666,0.9166666666666666,0.9583333333333334,0.9583333333333334,0.9583333333333334,0.9583333333333334,1.0,1.0,1.0,1.0,1.0,1.0,1.0
2026-03-11 23:00:00,rescale,0.009698152542114258,34.88209185875424,0.2741228070175438,383.4033173974662,535.4920900101089,0.7916666666666666,0.9166666666666666,543.4476231561827,88.30725992912119,139.07623636869886,23.002315965694482,0.08333333333333333,0.20833333333333334,0.4166666666666667,0.4583333333333333,0.5833333333333334,0.75,0.7916666666666666,0.7916666666666666,0.875,0.875,0.9166666666666666,0.9583333333333334,1.0,1.0,1.0,1.0,1.0,1.0,1.0
2026-03-11 23:00:00,raw,0.00807952880859375,66.38032730263157,0.4254385964912281,536.8853750000001,751.2459374999994,0.3333333333333333,0.7083333333333334,927.8642708333327,165.19083333333336,210.0017622346695,35.760081250000006,0.2916666666666667,0.6666666666666666,0.9166666666666666,0.9583333333333334,0.9583333333333334,0.9583333333333334,0.9583333333333334,0.9583333333333334,0.9583333333333334,0.9583333333333334,1.0,1.0,1.0,1.0,1.0,1.0,1.0,1.0,1.0
2026-03-11 23:00:00,ols-weighted,0.011808633804321289,34.08603236908852,0.331140350877193,345.9716279432671,499.86684706545446,0.7083333333333334,0.875,528.5542909748303,87.80048848857557,124.24288882069513,21.82869541848689,0.125,0.2916666666666667,0.5416666666666666,0.625,0.75,0.7916666666666666,0.9166666666666666,0.9166666666666666,0.9583333333333334,0.9583333333333334,0.9583333333333334,0.9583333333333334,1.0,1.0,1.0,1.0,1.0,1.0,1.0
2026-03-11 23:00:00,ols-noclip,,34.21327336473985,0.3399122807017544,328.6590301529307,458.7677288007462,0.7083333333333334,0.7916666666666666,505.22240244738913,88.45397799190589,125.71816224513677,20.031358499463284,0.20833333333333334,0.2916666666666667,0.5833333333333334,0.625,0.7916666666666666,0.7916666666666666,0.9166666666666666,0.9166666666666666,0.9583333333333334,0.9583333333333334,0.9583333333333334,0.9583333333333334,1.0,1.0,1.0,1.0,1.0,1.0,1.0
2026-03-13 23:00:00,ols,0.010731935501098633,60.98872730243738,0.25219298245614036,590.5620400975587,864.1568856915814,0.7083333333333334,0.8333333333333334,979.151958105727,148.4732859671537,203.8673207916854,37.42494706642602,0.16666666666666666,0.2916666666666667,0.375,0.5416666666666666,0.5416666666666666,0.625,0.625,0.7083333333333334,0.75,0.7916666666666666,0.9583333333333334,0.9583333333333334,0.9583333333333334,1.0,1.0,1.0,1.0,1.0,1.0
2026-03-13 23:00:00,rescale,0.009603500366210938,65.54821368760645,0.19078947368421054,714.7817327784295,1047.461628116556,0.75,0.9166666666666666,1078.9212794124257,160.03944095390133,224.5138374419244,43.76632736485521,0.08333333333333333,0.25,0.3333333333333333,0.4166666666666667,0.4583333333333333,0.5416666666666666,0.5416666666666666,0.5833333333333334,0.625,0.7083333333333334,0.75,0.875,0.9583333333333334,1.0,1.0,1.0,1.0,1.0,1.0
2026-03-13 23:00:00,raw,0.01115560531616211,59.008849506578954,0.24780701754385964,641.7037916666669,1032.3953333333325,0.7083333333333334,0.875,1142.0744999999993,137.31854166666668,186.25970816700627,46.09135,0.125,0.2916666666666667,0.375,0.4166666666666667,0.5416666666666666,0.5833333333333334,0.625,0.7083333333333334,0.7083333333333334,0.875,0.9583333333333334,1.0,1.0,1.0,1.0,1.0,1.0,1.0,1.0
2026-03-13 23:00:00,ols-weighted,0.018204927444458008,61.522112645895554,0.2456140350877193,638.0194848767933,980.6076688045017,0.7083333333333334,0.875,1074.9020595454551,148.6786929055515,204.12479796417932,42.17064966404669,0.125,0.2916666666666667,0.3333333333333333,0.5,0.5416666666666666,0.625,0.625,0.7083333333333334,0.75,0.7916666666666666,0.9583333333333334,0.9583333333333334,0.9583333333333334,1.0,1.0,1.0,1.0,1.0,1.0
2026-03-13 23:00:00,ols-noclip,,60.98872730243738,0.25219298245614036,590.5620400975587,864.1568856915814,0.7083333333333334,0.8333333333333334,979.151958105727,148.4732859671537,203.8673207916854,37.42494706642602,0.16666666666666666,0.2916666666666667,0.375,0.5416666666666666,0.5416666666666666,0.625,0.625,0.7083333333333334,0.75,0.7916666666666666,0.9583333333333334,0.9583333333333334,0.9583333333333334,1.0,1.0,1.0,1.0,1.0,1.0
2026-03-15 23:00:00,ols,0.01412200927734375,67.83946372772805,0.4890350877192983,218.98624223005197,272.60525784480507,0.041666666666666664,0.125,1893.942876896129,154.09687834884562,176.271990869166,17.56366455921446,0.875,0.9583333333333334,0.9583333333333334,1.0,1.0,1.0,1.0,1.0,1.0,1.0,1.0,1.0,1.0,1.0,1.0,1.0,1.0,1.0,1.0
2026-03-15 23:00:00,rescale,0.016040802001953125,69.66781106686297,0.48026315789473684,290.8495566253062,360.0588738828498,0.08333333333333333,0.16666666666666666,1697.0146271105116,164.1152517511249,189.43014920074154,21.122864609840338,0.8333333333333334,0.9166666666666666,0.9166666666666666,0.9583333333333334,1.0,1.0,1.0,1.0,1.0,1.0,1.0,1.0,1.0,1.0,1.0,1.0,1.0,1.0,1.0
2026-03-15 23:00:00,raw,0.011816263198852539,137.7014867872807,0.3815789473684211,1404.0882083333336,1940.7727708333302,0.625,0.7083333333333334,2474.816937499997,361.2791666666667,422.8658556504651,96.24208437499993,0.2916666666666667,0.375,0.5,0.6666666666666666,0.9166666666666666,1.0,1.0,1.0,1.0,1.0,1.0,1.0,1.0,1.0,1.0,1.0,1.0,1.0,1.0
2026-03-15 23:00:00,ols-weighted,0.010595321655273438,67.75065727297752,0.4890350877192983,230.3110997636893,298.45838058389256,0.041666666666666664,0.125,1840.3067110400018,154.84693090953388,177.30170625971067,18.61710633397205,0.875,0.9583333333333334,0.9583333333333334,1.0,1.0,1.0,1.0,1.0,1.0,1.0,1.0,1.0,1.0,1.0,1.0,1.0,1.0,1.0,1.0
2026-03-15 23:00:00,ols-noclip,,67.83946372772805,0.4890350877192983,218.98624223005197,272.60525784480507,0.041666666666666664,0.125,1893.942876896129,154.09687834884562,176.271990869166,17.56366455921446,0.875,0.9583333333333334,0.9583333333333334,1.0,1.0,1.0,1.0,1.0,1.0,1.0,1.0,1.0,1.0,1.0,1.0,1.0,1.0,1.0,1.0
2026-03-17 23:00:00,ols,0.01140737533569336,8.334086354075518,0.1692982456140351,152.6788679475252,217.4800996251753,1.0,1.0,217.4800996251753,18.073423300452248,25.81071444807988,7.371601292573172,0.0,0.0,0.0,0.0,0.0,0.041666666666666664,0.125,0.16666666666666666,0.16666666666666666,0.16666666666666666,0.3333333333333333,0.375,0.7083333333333334,0.7083333333333334,0.875,1.0,1.0,1.0,1.0
2026-03-17 23:00:00,rescale,0.017101764678955078,10.976672338271413,0.14254385964912278,203.31068651242103,290.75122813921536,1.0,1.0,290.75122813921536,22.985614312057592,38.16165542889552,10.523714246884621,0.0,0.0,0.0,0.0,0.08333333333333333,0.125,0.16666666666666666,0.16666666666666666,0.2916666666666667,0.4166666666666667,0.5833333333333334,0.6666666666666666,0.7916666666666666,0.9166666666666666,1.0,1.0,1.0,1.0,1.0
2026-03-17 23:00:00,raw,0.02017807960510254,31.293072642543862,0.23903508771929827,602.0417500000002,952.4332291666656,1.0,1.0,952.4332291666656,64.15604166666667,98.92738342150267,42.27478645833332,0.0,0.0,0.0,0.0,0.16666666666666666,0.375,0.6666666666666666,0.75,0.9166666666666666,1.0,1.0,1.0,1.0,1.0,1.0,1.0,1.0,1.0,1.0
2026-03-17 23:00:00,ols-weighted,0.015991926193237305,8.481287925517421,0.17587719298245616,163.4038954852932,243.98146754266273,1.0,1.0,243.98146754266273,17.92585574674614,25.509941359403143,8.34397566561307,0.0,0.0,0.0,0.0,0.0,0.041666666666666664,0.08333333333333333,0.125,0.16666666666666666,0.16666666666666666,0.3333333333333333,0.375,0.7083333333333334,0.7083333333333334,0.9166666666666666,1.0,1.0,1.0,1.0
2026-03-17 23:00:00,ols-noclip,,8.334086354075518,0.1692982456140351,152.6788679475252,217.4800996251753,1.0,1.0,217.4800996251753,18.073423300452248,25.81071444807988,7.371601292573172,0.0,0.0,0.0,0.0,0.0,0.041666666666666664,0.125,0.16666666666666666,0.16666666666666666,0.16666666666666666,0.3333333333333333,0.375,0.7083333333333334,0.7083333333333334,0.875,1.0,1.0,1.0,1.0
2026-03-19 23:00:00,ols,0.01551508903503418,7.744494993235423,0.20394736842105263,75.73349656619493,110.18140979771711,0.7916666666666666,0.9166666666666666,112.05985243984232,21.212975904809536,27.55480292477855,2.0626348570361395,0.0,0.0,0.0,0.0,0.08333333333333333,0.08333333333333333,0.08333333333333333,0.125,0.20833333333333334,0.25,0.2916666666666667,0.3333333333333333,0.375,0.4166666666666667,0.5,0.5833333333333334,0.5833333333333334,0.7916666666666666,0.9166666666666666
2026-03-19 23:00:00,rescale,0.011063098907470703,8.963777844384666,0.21359649122807023,97.98874515280427,140.94747531248,0.7916666666666666,0.9583333333333334,145.1389206232558,23.358852276683695,29.172609202584496,2.879272869335111,0.0,0.0,0.0,0.0,0.0,0.0,0.041666666666666664,0.08333333333333333,0.125,0.20833333333333334,0.25,0.2916666666666667,0.375,0.5,0.5833333333333334,0.625,0.625,0.7916666666666666,0.9583333333333334
2026-03-19 23:00:00,raw,0.02158212661743164,53.059933497807016,0.26842105263157895,621.7576250000001,803.9986666666663,1.0,1.0,803.9986666666663,148.32645833333333,165.67690226700782,34.63276354166668,0.0,0.0,0.125,0.375,0.4583333333333333,0.5833333333333334,0.8333333333333334,0.9166666666666666,0.9583333333333334,1.0,1.0,1.0,1.0,1.0,1.0,1.0,1.0,1.0,1.0
2026-03-19 23:00:00,ols-weighted,0.021628618240356445,7.7964625258869065,0.20701754385964913,82.06476385347159,124.33459898765243,0.7916666666666666,1.0,124.33459898765243,21.182977713537138,27.454989079038818,2.319452989929434,0.0,0.0,0.0,0.0,0.0,0.08333333333333333,0.08333333333333333,0.125,0.20833333333333334,0.25,0.2916666666666667,0.3333333333333333,0.375,0.4166666666666667,0.5,0.5833333333333334,0.625,0.7916666666666666,1.0
2026-03-19 23:00:00,ols-noclip,,7.744494993235423,0.20394736842105263,75.73349656619493,110.18140979771711,0.7916666666666666,0.9166666666666666,112.05985243984232,21.212975904809536,27.55480292477855,2.0626348570361395,0.0,0.0,0.0,0.0,0.08333333333333333,0.08333333333333333,0.08333333333333333,0.125,0.20833333333333334,0.25,0.2916666666666667,0.3333333333333333,0.375,0.4166666666666667,0.5,0.5833333333333334,0.5833333333333334,0.7916666666666666,0.9166666666666666
2026-03-21 23:00:00,ols,0.014726400375366211,72.29921429862611,0.2390350877192982,170.8443515897003,233.53767450324665,0.4583333333333333,0.5416666666666666,1428.4973642380648,174.4330145914191,242.66978203289725,11.775823848497703,0.4583333333333333,0.4583333333333333,0.5,0.5,0.5416666666666666,0.6666666666666666,0.7083333333333334,0.7083333333333334,0.7083333333333334,0.8333333333333334,0.8333333333333334,0.8333333333333334,0.8333333333333334,0.875,0.875,0.875,0.9166666666666666,0.9166666666666666,1.0
2026-03-21 23:00:00,rescale,0.019295454025268555,66.67594023940765,0.21271929824561406,245.18567787770644,328.2389738244029,0.5,0.6666666666666666,839.7565206764681,172.5526366337734,237.94474334139295,13.288495723678594,0.3333333333333333,0.4583333333333333,0.4583333333333333,0.4583333333333333,0.5416666666666666,0.5416666666666666,0.5833333333333334,0.5833333333333334,0.7083333333333334,0.8333333333333334,0.8333333333333334,0.8333333333333334,0.875,0.875,0.875,0.875,0.9166666666666666,0.9583333333333334,1.0
2026-03-21 23:00:00,raw,0.018802642822265625,111.9198987390351,0.42105263157894735,481.9231666666667,698.228895833333,0.4166666666666667,0.5,2396.899729166667,262.1791666666667,307.90989208830774,37.00955312500002,0.5,0.5833333333333334,0.75,0.8333333333333334,0.875,0.9583333333333334,1.0,1.0,1.0,1.0,1.0,1.0,1.0,1.0,1.0,1.0,1.0,1.0,1.0
2026-03-21 23:00:00,ols-weighted,0.01100468635559082,70.93439778442327,0.24122807017543857,181.4684995116056,259.92083991915825,0.4583333333333333,0.5416666666666666,1186.5052703498452,174.5340494251584,242.80488367220127,11.989828958956904,0.4583333333333333,0.4583333333333333,0.5,0.5,0.5416666666666666,0.6666666666666666,0.7083333333333334,0.7083333333333334,0.7083333333333334,0.8333333333333334,0.8333333333333334,0.8333333333333334,0.875,0.875,0.875,0.875,0.9166666666666666,0.9166666666666666,1.0
2026-03-21 23:00:00,ols-noclip,,72.29921429862611,0.2390350877192982,170.8443515897003,233.53767450324665,0.4583333333333333,0.5416666666666666,1428.4973642380648,174.4330145914191,242.66978203289725,11.775823848497703,0.4583333333333333,0.4583333333333333,0.5,0.5,0.5416666666666666,0.6666666666666666,0.7083333333333334,0.7083333333333334,0.7083333333333334,0.8333333333333334,0.8333333333333334,0.8333333333333334,0.8333333333333334,0.875,0.875,0.875,0.9166666666666666,0.9166666666666666,1.0
2026-03-23 23:00:00,ols,0.04798555374145508,41.08872088853019,0.08728070175438597,511.7566244998011,694.4061579980186,0.875,1.0,694.4061579980186,101.35627363805297,195.5105102171386,28.759215130714296,0.0,0.125,0.20833333333333334,0.25,0.25,0.25,0.25,0.375,0.5,0.5,0.6666666666666666,0.7083333333333334,0.7916666666666666,0.875,0.9583333333333334,1.0,1.0,1.0,1.0
2026-03-23 23:00:00,rescale,0.022580385208129883,50.02460801035974,0.0881578947368421,600.8833339016621,816.0497178578775,0.875,0.9583333333333334,816.1838473271824,126.96466858022568,248.88864450108372,33.712582448354915,0.041666666666666664,0.125,0.20833333333333334,0.25,0.25,0.25,0.25,0.3333333333333333,0.4583333333333333,0.5,0.5416666666666666,0.75,0.8333333333333334,0.9583333333333334,0.9583333333333334,1.0,1.0,1.0,1.0
2026-03-23 23:00:00,raw,0.027323007583618164,97.16476403508773,0.49561403508771934,534.3473333333334,685.0717083333328,0.041666666666666664,0.041666666666666664,1905.309208333333,243.65750000000003,306.7123442385933,37.281055208333335,0.9583333333333334,0.9583333333333334,1.0,1.0,1.0,1.0,1.0,1.0,1.0,1.0,1.0,1.0,1.0,1.0,1.0,1.0,1.0,1.0,1.0
2026-03-23 23:00:00,ols-weighted,0.052191972732543945,42.23296552146215,0.08947368421052632,545.7361460627766,788.0125061197749,0.875,1.0,788.0125061197749,102.65566982736134,198.41330583326086,32.45681370726351,0.0,0.125,0.20833333333333334,0.25,0.25,0.25,0.25,0.375,0.5,0.5,0.6666666666666666,0.75,0.7916666666666666,0.875,0.9583333333333334,1.0,1.0,1.0,1.0
2026-03-23 23:00:00,ols-noclip,,41.08872088853019,0.08728070175438597,511.7566244998011,694.4061579980186,0.875,1.0,694.4061579980186,101.35627363805297,195.5105102171386,28.759215130714296,0.0,0.125,0.20833333333333334,0.25,0.25,0.25,0.25,0.375,0.5,0.5,0.6666666666666666,0.7083333333333334,0.7916666666666666,0.875,0.9583333333333334,1.0,1.0,1.0,1.0
2026-03-25 23:00:00,ols,0.019667863845825195,36.86185697956776,0.37938596491228066,201.2653772912125,279.41875254474,0.5,0.6666666666666666,878.4861828671268,87.02476854324591,124.03441620818371,14.553291812066867,0.3333333333333333,0.5,0.5,0.75,0.875,0.9166666666666666,0.9583333333333334,0.9583333333333334,0.9583333333333334,0.9583333333333334,1.0,1.0,1.0,1.0,1.0,1.0,1.0,1.0,1.0
2026-03-25 23:00:00,rescale,0.024667024612426758,37.5161937937642,0.35964912280701755,233.41773923694737,323.1976283453209,0.5833333333333334,0.6666666666666666,842.1775381829875,90.14016543708044,131.11963892588457,16.211234316703155,0.3333333333333333,0.4166666666666667,0.5,0.7083333333333334,0.75,0.8333333333333334,0.9166666666666666,0.9583333333333334,0.9583333333333334,0.9583333333333334,1.0,1.0,1.0,1.0,1.0,1.0,1.0,1.0,1.0
2026-03-25 23:00:00,raw,0.01917409896850586,103.37575263157895,0.5,532.3079166666666,732.6620624999996,0.0,0.0,2198.6228958333327,253.95749999999998,290.603511793417,40.29800520833336,1.0,1.0,1.0,1.0,1.0,1.0,1.0,1.0,1.0,1.0,1.0,1.0,1.0,1.0,1.0,1.0,1.0,1.0,1.0
2026-03-25 23:00:00,ols-weighted,0.020482301712036133,36.97183348469774,0.37719298245614036,214.83916781159894,317.0250825562585,0.5,0.6666666666666666,854.9568337599788,87.80324018208692,125.14083389337776,16.033349928065704,0.3333333333333333,0.5,0.5,0.7083333333333334,0.875,0.9166666666666666,0.9583333333333334,0.9583333333333334,0.9583333333333334,0.9583333333333334,1.0,1.0,1.0,1.0,1.0,1.0,1.0,1.0,1.0
2026-03-25 23:00:00,ols-noclip,,36.86185697956776,0.37938596491228066,201.2653772912125,279.41875254474,0.5,0.6666666666666666,878.4861828671268,87.02476854324591,124.03441620818371,14.553291812066867,0.3333333333333333,0.5,0.5,0.75,0.875,0.9166666666666666,0.9583333333333334,0.9583333333333334,0.9583333333333334,0.9583333333333334,1.0,1.0,1.0,1.0,1.0,1.0,1.0,1.0,1.0
2026-03-27 23:00:00,ols,0.019965171813964844,31.184829120952152,0.11622807017543862,209.74826852514798,319.577480634203,0.625,0.875,538.9056667133465,77.93511439756881,98.85937062213527,13.528461655990654,0.125,0.25,0.375,0.4166666666666667,0.4166666666666667,0.5416666666666666,0.5833333333333334,0.5833333333333334,0.5833333333333334,0.625,0.625,0.6666666666666666,0.6666666666666666,0.6666666666666666,0.7083333333333334,0.7083333333333334,0.7916666666666666,0.875,1.0
2026-03-27 23:00:00,rescale,0.017476797103881836,33.03034260065563,0.11271929824561408,256.4875218732442,369.71208673807877,0.7083333333333334,0.875,514.7353089670365,84.17285452518932,109.63848405905149,15.266139147053188,0.125,0.16666666666666666,0.2916666666666667,0.4166666666666667,0.5,0.5833333333333334,0.5833333333333334,0.5833333333333334,0.5833333333333334,0.625,0.6666666666666666,0.6666666666666666,0.6666666666666666,0.7083333333333334,0.7083333333333334,0.75,0.7916666666666666,0.875,1.0
2026-03-27 23:00:00,raw,0.02103447914123535,73.06875882675439,0.37719298245614036,592.0208333333334,795.2697083333327,0.375,0.6666666666666666,1178.8588749999992,191.94500000000002,253.35705236549728,39.184526041666665,0.3333333333333333,0.625,0.6666666666666666,0.7083333333333334,0.7083333333333334,0.75,0.9166666666666666,0.9583333333333334,1.0,1.0,1.0,1.0,1.0,1.0,1.0,1.0,1.0,1.0,1.0
2026-03-27 23:00:00,ols-weighted,0.021192550659179688,31.50116505577779,0.1118421052631579,230.5415849469076,348.53457199547,0.6666666666666666,0.875,553.6684105890486,78.23128670130251,99.3611841272443,14.703391252857779,0.125,0.20833333333333334,0.3333333333333333,0.4166666666666667,0.4166666666666667,0.5416666666666666,0.5833333333333334,0.5833333333333334,0.5833333333333334,0.625,0.6666666666666666,0.6666666666666666,0.6666666666666666,0.6666666666666666,0.7083333333333334,0.75,0.7916666666666666,0.875,1.0
2026-03-27 23:00:00,ols-noclip,,31.184829120952152,0.11622807017543862,209.74826852514798,319.577480634203,0.625,0.875,538.9056667133465,77.93511439756881,98.85937062213527,13.528461655990654,0.125,0.25,0.375,0.4166666666666667,0.4166666666666667,0.5416666666666666,0.5833333333333334,0.5833333333333334,0.5833333333333334,0.625,0.625,0.6666666666666666,0.6666666666666666,0.6666666666666666,0.7083333333333334,0.7083333333333334,0.7916666666666666,0.875,1.0
2026-03-29 23:00:00,ols,0.029793500900268555,21.341084002500047,0.09078947368421054,160.2079102845995,209.76091126433218,0.75,0.8333333333333334,488.45981454416483,55.91028245384422,73.6240985073427,7.969585908820231,0.16666666666666666,0.25,0.2916666666666667,0.2916666666666667,0.3333333333333333,0.3333333333333333,0.375,0.4583333333333333,0.4583333333333333,0.4583333333333333,0.5,0.5416666666666666,0.5416666666666666,0.75,0.9583333333333334,1.0,1.0,1.0,1.0
2026-03-29 23:00:00,rescale,0.011055946350097656,23.569685983576086,0.09912280701754388,260.4930235606295,340.1584714439885,0.875,0.875,541.186836614325,57.75471015310405,77.13420776943464,12.167494719030765,0.125,0.125,0.16666666666666666,0.20833333333333334,0.20833333333333334,0.20833333333333334,0.25,0.25,0.2916666666666667,0.375,0.4583333333333333,0.5416666666666666,0.7083333333333334,0.875,0.9583333333333334,1.0,1.0,1.0,1.0
2026-03-29 23:00:00,raw,0.014679431915283203,90.82389298245614,0.38596491228070173,1031.7539583333335,1378.0193541666658,0.5416666666666666,0.75,1702.8476874999994,219.05291666666668,253.4898666695903,66.28414375000001,0.25,0.4583333333333333,0.5416666666666666,0.7083333333333334,0.875,1.0,1.0,1.0,1.0,1.0,1.0,1.0,1.0,1.0,1.0,1.0,1.0,1.0,1.0
2026-03-29 23:00:00,ols-weighted,0.016767263412475586,21.46722073943291,0.08859649122807017,170.1192949009237,244.7934231088792,0.75,0.8333333333333334,513.519660396264,55.560308801469596,73.2718129268897,9.539254317444696,0.16666666666666666,0.25,0.2916666666666667,0.2916666666666667,0.3333333333333333,0.3333333333333333,0.375,0.4583333333333333,0.4583333333333333,0.4583333333333333,0.5,0.5416666666666666,0.5833333333333334,0.75,0.9583333333333334,1.0,1.0,1.0,1.0
2026-03-29 23:00:00,ols-noclip,,21.341084002500047,0.09078947368421054,160.2079102845995,209.76091126433218,0.75,0.8333333333333334,488.45981454416483,55.91028245384422,73.6240985073427,7.969585908820231,0.16666666666666666,0.25,0.2916666666666667,0.2916666666666667,0.3333333333333333,0.3333333333333333,0.375,0.4583333333333333,0.4583333333333333,0.4583333333333333,0.5,0.5416666666666666,0.5416666666666666,0.75,0.9583333333333334,1.0,1.0,1.0,1.0
2026-03-31 23:00:00,ols,0.012160301208496094,12.518554702067668,0.11271929824561404,170.67669993057675,254.0365730166734,0.9583333333333334,1.0,254.0365730166734,31.181420093690168,46.13193794923403,7.45739689753698,0.0,0.041666666666666664,0.125,0.125,0.16666666666666666,0.20833333333333334,0.20833333333333334,0.20833333333333334,0.20833333333333334,0.3333333333333333,0.4166666666666667,0.4583333333333333,0.5,0.7083333333333334,0.9166666666666666,0.9583333333333334,0.9583333333333334,1.0,1.0
2026-03-31 23:00:00,rescale,0.02018117904663086,12.840902242790907,0.12368421052631577,228.834757575229,333.828224079808,1.0,1.0,333.828224079808,27.918958263051092,39.577717099718825,10.414106247448485,0.0,0.0,0.041666666666666664,0.041666666666666664,0.125,0.125,0.16666666666666666,0.20833333333333334,0.2916666666666667,0.375,0.5,0.625,0.75,0.875,0.9166666666666666,0.9583333333333334,1.0,1.0,1.0
2026-03-31 23:00:00,raw,0.013770580291748047,115.80703300438597,0.4232456140350877,1423.888541666667,1954.6006874999978,0.5416666666666666,0.625,2088.1898541666646,292.57666666666665,336.3500404278753,93.9542020833333,0.375,0.4583333333333333,0.75,0.9583333333333334,1.0,1.0,1.0,1.0,1.0,1.0,1.0,1.0,1.0,1.0,1.0,1.0,1.0,1.0,1.0
2026-03-31 23:00:00,ols-weighted,0.01696491241455078,12.606047582048381,0.11710526315789477,184.95968983660282,297.9240214046768,1.0,1.0,297.9240214046768,30.69770533225818,45.77663009889604,8.555797233807736,0.0,0.0,0.125,0.125,0.16666666666666666,0.20833333333333334,0.20833333333333334,0.20833333333333334,0.20833333333333334,0.3333333333333333,0.4166666666666667,0.4583333333333333,0.5,0.75,0.9166666666666666,0.9583333333333334,0.9583333333333334,1.0,1.0
2026-03-31 23:00:00,ols-noclip,,12.518554702067668,0.11271929824561404,170.67669993057675,254.0365730166734,0.9583333333333334,1.0,254.0365730166734,31.181420093690168,46.13193794923403,7.45739689753698,0.0,0.041666666666666664,0.125,0.125,0.16666666666666666,0.20833333333333334,0.20833333333333334,0.20833333333333334,0.20833333333333334,0.3333333333333333,0.4166666666666667,0.4583333333333333,0.5,0.7083333333333334,0.9166666666666666,0.9583333333333334,0.9583333333333334,1.0,1.0
2026-04-02 23:00:00,ols,0.01112985610961914,43.937553739906065,0.12938596491228072,106.65985957397595,140.4284947349876,0.5833333333333334,0.5833333333333334,1394.2049575492047,96.90107423400627,145.85048833955543,11.294859039178455,0.375,0.375,0.4166666666666667,0.4166666666666667,0.4166666666666667,0.4166666666666667,0.4166666666666667,0.4166666666666667,0.5833333333333334,0.5833333333333334,0.5833333333333334,0.625,0.7916666666666666,0.875,0.9166666666666666,0.9166666666666666,0.9166666666666666,0.9583333333333334,0.9583333333333334
2026-04-02 23:00:00,rescale,0.013727426528930664,42.18510993782228,0.12938596491228072,142.06898707669907,184.96139688932996,0.625,0.6666666666666666,1254.2149518842407,95.34357453324505,141.92127068649808,10.923431827682966,0.2916666666666667,0.3333333333333333,0.3333333333333333,0.4166666666666667,0.4166666666666667,0.4166666666666667,0.4583333333333333,0.5,0.5416666666666666,0.5416666666666666,0.5833333333333334,0.75,0.7916666666666666,0.875,0.9166666666666666,0.9166666666666666,0.9583333333333334,0.9583333333333334,0.9583333333333334
2026-04-02 23:00:00,raw,0.020922422409057617,89.70575707236843,0.42105263157894735,623.5079583333335,955.0575416666655,0.4583333333333333,0.625,2042.8383749999987,225.32375,248.1946191457757,48.36609374999998,0.375,0.5416666666666666,0.8333333333333334,0.9166666666666666,0.9166666666666666,0.9583333333333334,0.9583333333333334,1.0,1.0,1.0,1.0,1.0,1.0,1.0,1.0,1.0,1.0,1.0,1.0
2026-04-02 23:00:00,ols-weighted,0.023801565170288086,43.900670076618745,0.1337719298245614,110.69271865950991,155.44166988909453,0.5833333333333334,0.5833333333333334,1380.3597116426765,97.05684150610254,146.04656165264046,11.589622907818054,0.375,0.375,0.4166666666666667,0.4166666666666667,0.4166666666666667,0.4166666666666667,0.4166666666666667,0.4166666666666667,0.5833333333333334,0.5833333333333334,0.5833333333333334,0.625,0.8333333333333334,0.875,0.9166666666666666,0.9166666666666666,0.9583333333333334,0.9583333333333334,0.9583333333333334
2026-04-02 23:00:00,ols-noclip,,43.937553739906065,0.12938596491228072,106.65985957397595,140.4284947349876,0.5833333333333334,0.5833333333333334,1394.2049575492047,96.90107423400627,145.85048833955543,11.294859039178455,0.375,0.375,0.4166666666666667,0.4166666666666667,0.4166666666666667,0.4166666666666667,0.4166666666666667,0.4166666666666667,0.5833333333333334,0.5833333333333334,0.5833333333333334,0.625,0.7916666666666666,0.875,0.9166666666666666,0.9166666666666666,0.9166666666666666,0.9583333333333334,0.9583333333333334
2026-04-04 23:00:00,ols,0.01914691925048828,23.42895861696976,0.08991228070175437,244.41761064044758,326.91042569935445,0.9166666666666666,0.9166666666666666,428.7683179349661,55.948738382421034,90.4431378599417,14.721625631349596,0.0,0.0,0.08333333333333333,0.08333333333333333,0.125,0.16666666666666666,0.20833333333333334,0.20833333333333334,0.25,0.375,0.4583333333333333,0.5416666666666666,0.625,0.7083333333333334,0.875,0.875,0.875,0.9166666666666666,0.9166666666666666
2026-04-04 23:00:00,rescale,0.01763772964477539,26.10789266649898,0.08859649122807019,342.1668821210342,460.29607422492654,0.9166666666666666,0.9583333333333334,466.19331281340345,63.53021853237101,92.8545085829842,14.973939744449403,0.0,0.0,0.0,0.041666666666666664,0.08333333333333333,0.125,0.25,0.2916666666666667,0.3333333333333333,0.4166666666666667,0.5,0.5833333333333334,0.5833333333333334,0.75,0.875,0.875,0.9166666666666666,0.9166666666666666,0.9583333333333334
2026-04-04 23:00:00,raw,0.011687994003295898,126.08212823464913,0.37938596491228066,2108.3307916666677,3124.180395833331,0.375,0.625,3312.5558124999975,273.5464583333333,320.96822148805995,153.43775625000004,0.375,0.625,0.75,0.8333333333333334,0.8333333333333334,0.8333333333333334,0.875,0.875,0.875,0.9166666666666666,0.9583333333333334,0.9583333333333334,1.0,1.0,1.0,1.0,1.0,1.0,1.0
2026-04-04 23:00:00,ols-weighted,0.01729750633239746,23.59711301283159,0.09429824561403508,259.2868210872058,369.73093196073233,0.9166666666666666,0.9166666666666666,444.9635024897334,56.079952313795864,90.49700628116652,14.917306552380419,0.0,0.0,0.08333333333333333,0.08333333333333333,0.08333333333333333,0.16666666666666666,0.20833333333333334,0.20833333333333334,0.25,0.375,0.4583333333333333,0.5416666666666666,0.625,0.75,0.875,0.875,0.875,0.9166666666666666,0.9166666666666666
2026-04-04 23:00:00,ols-noclip,,23.42895861696976,0.08991228070175437,244.41761064044758,326.91042569935445,0.9166666666666666,0.9166666666666666,428.7683179349661,55.948738382421034,90.4431378599417,14.721625631349596,0.0,0.0,0.08333333333333333,0.08333333333333333,0.125,0.16666666666666666,0.20833333333333334,0.20833333333333334,0.25,0.375,0.4583333333333333,0.5416666666666666,0.625,0.7083333333333334,0.875,0.875,0.875,0.9166666666666666,0.9166666666666666
2026-04-06 23:00:00,ols,0.014479875564575195,31.98887417726308,0.2850877192982456,273.53165283501363,377.9837639815057,0.6666666666666666,0.8333333333333334,463.0710227015455,81.71516283656443,145.16034835229655,17.64649927132398,0.16666666666666666,0.3333333333333333,0.4166666666666667,0.5,0.5,0.625,0.7083333333333334,0.8333333333333334,0.875,0.9583333333333334,1.0,1.0,1.0,1.0,1.0,1.0,1.0,1.0,1.0
2026-04-06 23:00:00,rescale,0.022011280059814453,35.17650046477299,0.23026315789473684,322.8106712326553,444.7319009975103,0.7083333333333334,0.875,518.2899862515122,87.26794642007587,164.33181296937963,20.374066638738274,0.125,0.2916666666666667,0.3333333333333333,0.375,0.4166666666666667,0.4166666666666667,0.5833333333333334,0.7083333333333334,0.875,0.875,0.9166666666666666,0.9583333333333334,1.0,1.0,1.0,1.0,1.0,1.0,1.0
2026-04-06 23:00:00,raw,0.021221160888671875,65.82085093201754,0.34868421052631576,586.0931666666668,824.3434999999995,0.6666666666666666,0.7083333333333334,1064.1334999999997,175.52854166666665,265.07571345081453,39.504236458333345,0.2916666666666667,0.3333333333333333,0.375,0.5416666666666666,0.7916666666666666,0.8333333333333334,0.9583333333333334,1.0,1.0,1.0,1.0,1.0,1.0,1.0,1.0,1.0,1.0,1.0,1.0
2026-04-06 23:00:00,ols-weighted,0.012932300567626953,31.815897055353236,0.2807017543859649,294.665300097732,416.6981917562526,0.6666666666666666,0.875,454.97648645628624,80.97549326919389,144.16196135605497,19.30612891761862,0.125,0.3333333333333333,0.4166666666666667,0.5,0.5,0.5833333333333334,0.7083333333333334,0.8333333333333334,0.875,0.9583333333333334,1.0,1.0,1.0,1.0,1.0,1.0,1.0,1.0,1.0
2026-04-06 23:00:00,ols-noclip,,31.98887417726308,0.2850877192982456,273.53165283501363,377.9837639815057,0.6666666666666666,0.8333333333333334,463.0710227015455,81.71516283656443,145.16034835229655,17.64649927132398,0.16666666666666666,0.3333333333333333,0.4166666666666667,0.5,0.5,0.625,0.7083333333333334,0.8333333333333334,0.875,0.9583333333333334,1.0,1.0,1.0,1.0,1.0,1.0,1.0,1.0,1.0
2026-04-08 23:00:00,ols,0.015737295150756836,12.965240642950997,0.41666666666666663,48.87754946502685,73.54332747222777,0.4166666666666667,0.5833333333333334,257.89544789806325,33.96519737948372,38.93516156663436,9.662467453439467,0.0,0.0,0.0,0.0,0.0,0.0,0.0,0.0,0.0,0.041666666666666664,0.041666666666666664,0.041666666666666664,0.041666666666666664,0.041666666666666664,0.041666666666666664,0.041666666666666664,0.2916666666666667,0.4166666666666667,0.5833333333333334
2026-04-08 23:00:00,rescale,0.023354530334472656,12.995303495238947,0.3815789473684211,64.81933012074187,97.41421613550017,0.5416666666666666,0.625,255.43135092948123,34.34343914886255,39.077638597344865,8.965416699718098,0.0,0.0,0.0,0.0,0.0,0.0,0.0,0.0,0.0,0.0,0.041666666666666664,0.08333333333333333,0.08333333333333333,0.08333333333333333,0.125,0.2916666666666667,0.375,0.5416666666666666,0.625
2026-04-08 23:00:00,raw,0.010852575302124023,39.45645372807017,0.16447368421052633,665.848375,998.3999583333315,1.0,1.0,998.3999583333315,75.19500000000001,123.90426552214952,42.984322916666606,0.0,0.0,0.0,0.16666666666666666,0.3333333333333333,0.375,0.375,0.4583333333333333,0.5833333333333334,0.7083333333333334,0.9583333333333334,1.0,1.0,1.0,1.0,1.0,1.0,1.0,1.0
2026-04-08 23:00:00,ols-weighted,0.019802331924438477,12.896858464051629,0.41228070175438597,52.276126007464654,83.36231088771481,0.4166666666666667,0.625,252.49826331037016,33.89188414681394,38.92720473674389,9.161352539313901,0.0,0.0,0.0,0.0,0.0,0.0,0.0,0.0,0.0,0.041666666666666664,0.041666666666666664,0.041666666666666664,0.041666666666666664,0.041666666666666664,0.041666666666666664,0.08333333333333333,0.2916666666666667,0.4166666666666667,0.625
2026-04-08 23:00:00,ols-noclip,,12.965240642950997,0.41666666666666663,48.87754946502685,73.54332747222777,0.4166666666666667,0.5833333333333334,257.89544789806325,33.96519737948372,38.93516156663436,9.662467453439467,0.0,0.0,0.0,0.0,0.0,0.0,0.0,0.0,0.0,0.041666666666666664,0.041666666666666664,0.041666666666666664,0.041666666666666664,0.041666666666666664,0.041666666666666664,0.041666666666666664,0.2916666666666667,0.4166666666666667,0.5833333333333334
2026-04-10 23:00:00,ols,0.019138813018798828,18.87934653734519,0.4100877192982456,82.39708153286377,110.38445192164379,0.2916666666666667,0.375,412.7674130434987,46.7724209542001,58.47956691507333,6.081855875642606,0.625,0.7083333333333334,0.75,0.875,0.875,0.875,0.9166666666666666,0.9166666666666666,0.9166666666666666,0.9166666666666666,0.9583333333333334,0.9583333333333334,1.0,1.0,1.0,1.0,1.0,1.0,1.0
2026-04-10 23:00:00,rescale,0.012929439544677734,19.022350414955312,0.37938596491228066,97.09602526890735,131.58744267026717,0.375,0.4583333333333333,375.8922368352434,48.34212072608437,62.68791778696598,6.886697790460069,0.5416666666666666,0.625,0.7083333333333334,0.7916666666666666,0.8333333333333334,0.875,0.875,0.875,0.875,0.9166666666666666,0.9166666666666666,0.9166666666666666,0.9583333333333334,1.0,1.0,1.0,1.0,1.0,1.0
2026-04-10 23:00:00,raw,0.01317286491394043,72.2906399122807,0.375,643.8152083333335,1000.3369166666657,0.6666666666666666,0.7916666666666666,1332.9431666666658,193.44083333333333,259.25525976663744,48.322897916666655,0.20833333333333334,0.3333333333333333,0.4583333333333333,0.7083333333333334,0.9166666666666666,1.0,1.0,1.0,1.0,1.0,1.0,1.0,1.0,1.0,1.0,1.0,1.0,1.0,1.0
2026-04-10 23:00:00,ols-weighted,0.013099193572998047,18.840313865503088,0.4100877192982456,86.74300947409449,124.29912556800905,0.2916666666666667,0.375,407.48410201461394,46.83870725166384,58.563863862033685,6.652730243549203,0.625,0.7083333333333334,0.75,0.875,0.875,0.875,0.9166666666666666,0.9166666666666666,0.9166666666666666,0.9166666666666666,0.9583333333333334,0.9583333333333334,1.0,1.0,1.0,1.0,1.0,1.0,1.0
2026-04-10 23:00:00,ols-noclip,,18.87934653734519,0.4100877192982456,82.39708153286377,110.38445192164379,0.2916666666666667,0.375,412.7674130434987,46.7724209542001,58.47956691507333,6.081855875642606,0.625,0.7083333333333334,0.75,0.875,0.875,0.875,0.9166666666666666,0.9166666666666666,0.9166666666666666,0.9166666666666666,0.9583333333333334,0.9583333333333334,1.0,1.0,1.0,1.0,1.0,1.0,1.0
2026-04-12 23:00:00,ols,0.017312049865722656,11.668087870100898,0.1276315789473684,188.61685073149738,268.6133075274521,0.9583333333333334,1.0,268.6133075274521,25.735882965165704,50.34424445474924,4.909188410989908,0.0,0.0,0.0,0.0,0.041666666666666664,0.20833333333333334,0.2916666666666667,0.4166666666666667,0.625,0.625,0.7083333333333334,0.8333333333333334,0.875,0.875,0.9166666666666666,0.9166666666666666,0.9166666666666666,0.9583333333333334,1.0
2026-04-12 23:00:00,rescale,0.015035152435302734,12.948571640702292,0.14692982456140352,268.39891411408144,378.13092611298276,1.0,1.0,378.13092611298276,24.895285000827226,46.06238535528278,6.935004565688883,0.0,0.0,0.0,0.0,0.0,0.08333333333333333,0.16666666666666666,0.25,0.4166666666666667,0.5833333333333334,0.7083333333333334,0.7916666666666666,0.875,0.9166666666666666,0.9166666666666666,0.9166666666666666,1.0,1.0,1.0
2026-04-12 23:00:00,raw,0.013504743576049805,28.288193475877193,0.2631578947368421,429.0965833333334,602.8961041666663,1.0,1.0,602.8961041666663,74.51145833333332,81.0528368373063,22.81348645833334,0.0,0.0,0.08333333333333333,0.16666666666666666,0.5833333333333334,0.75,0.8333333333333334,0.9166666666666666,0.9166666666666666,0.9166666666666666,0.9166666666666666,0.9583333333333334,0.9583333333333334,1.0,1.0,1.0,1.0,1.0,1.0
2026-04-12 23:00:00,ols-weighted,0.02182936668395996,11.875780823452132,0.1320175438596491,202.80226736466088,289.17020362479747,0.9583333333333334,1.0,289.17020362479747,25.803928968610602,50.179176490795,5.639973192103006,0.0,0.0,0.0,0.0,0.041666666666666664,0.20833333333333334,0.2916666666666667,0.4583333333333333,0.625,0.6666666666666666,0.7083333333333334,0.8333333333333334,0.875,0.875,0.9166666666666666,0.9166666666666666,0.9166666666666666,0.9583333333333334,1.0
2026-04-12 23:00:00,ols-noclip,,11.668087870100898,0.1276315789473684,188.61685073149738,268.6133075274521,0.9583333333333334,1.0,268.6133075274521,25.735882965165704,50.34424445474924,4.909188410989908,0.0,0.0,0.0,0.0,0.041666666666666664,0.20833333333333334,0.2916666666666667,0.4166666666666667,0.625,0.625,0.7083333333333334,0.8333333333333334,0.875,0.875,0.9166666666666666,0.9166666666666666,0.9166666666666666,0.9583333333333334,1.0
2026-04-14 23:00:00,ols,0.020109176635742188,40.65231650351819,0.31798245614035087,114.81506194898871,148.2508387990729,0.7916666666666666,0.8333333333333334,916.2248179522821,101.05983400029281,240.6817760893227,38.69153934344573,0.0,0.0,0.0,0.0,0.0,0.0,0.0,0.0,0.0,0.0,0.0,0.0,0.08333333333333333,0.20833333333333334,0.375,0.5,0.6666666666666666,0.7916666666666666,0.8333333333333334
2026-04-14 23:00:00,rescale,0.010946512222290039,39.93760707509346,0.3114035087719298,126.95032416937518,165.72175633932537,0.7916666666666666,0.8333333333333334,828.9320743118452,101.02237772321494,236.42558926710677,34.12041369887485,0.0,0.0,0.0,0.0,0.0,0.0,0.0,0.0,0.0,0.0,0.0,0.0,0.08333333333333333,0.2916666666666667,0.375,0.5416666666666666,0.6666666666666666,0.7916666666666666,0.8333333333333334
2026-04-14 23:00:00,raw,0.013865470886230469,56.52835537280702,0.3947368421052631,561.9565416666667,786.8112708333329,0.2916666666666667,0.625,942.2421041666663,135.01604166666667,147.52037567245304,35.46267083333334,0.375,0.7083333333333334,0.875,0.875,0.875,0.875,0.875,0.875,0.9166666666666666,0.9166666666666666,0.9166666666666666,0.9166666666666666,1.0,1.0,1.0,1.0,1.0,1.0,1.0
2026-04-14 23:00:00,ols-weighted,0.016829490661621094,40.25381467191383,0.3092105263157895,120.74373583369693,158.1739705651365,0.7916666666666666,0.875,865.8757779476363,101.14275007545298,240.74741688429842,36.03763784737175,0.0,0.0,0.0,0.0,0.0,0.0,0.0,0.0,0.0,0.0,0.0,0.0,0.08333333333333333,0.2916666666666667,0.375,0.5416666666666666,0.6666666666666666,0.7916666666666666,0.875
2026-04-14 23:00:00,ols-noclip,,40.65231650351819,0.31798245614035087,114.81506194898871,148.2508387990729,0.7916666666666666,0.8333333333333334,916.2248179522821,101.05983400029281,240.6817760893227,38.69153934344573,0.0,0.0,0.0,0.0,0.0,0.0,0.0,0.0,0.0,0.0,0.0,0.0,0.08333333333333333,0.20833333333333334,0.375,0.5,0.6666666666666666,0.7916666666666666,0.8333333333333334
2026-04-16 23:00:00,ols,0.01815342903137207,16.027545791132418,0.13026315789473686,264.6725148460427,377.6508648525778,1.0,1.0,377.6508648525778,37.66609660541122,77.96538880051585,11.121722505728606,0.0,0.0,0.0,0.0,0.041666666666666664,0.20833333333333334,0.20833333333333334,0.25,0.25,0.3333333333333333,0.4583333333333333,0.625,0.7916666666666666,0.875,0.9166666666666666,0.9583333333333334,0.9583333333333334,1.0,1.0
2026-04-16 23:00:00,rescale,0.017871379852294922,17.04395668743988,0.14517543859649126,299.03523208774067,426.68502760750715,1.0,1.0,426.68502760750715,40.80702755611191,76.11765959926198,12.349422743717648,0.0,0.0,0.0,0.0,0.0,0.041666666666666664,0.20833333333333334,0.25,0.25,0.2916666666666667,0.4166666666666667,0.5416666666666666,0.75,0.875,0.9166666666666666,0.9583333333333334,0.9583333333333334,1.0,1.0
2026-04-16 23:00:00,raw,0.016916751861572266,37.86134396929825,0.2815789473684211,604.3327500000001,944.5630416666662,1.0,1.0,944.5630416666662,92.881875,102.60295794042683,40.57819375000001,0.0,0.0,0.125,0.4583333333333333,0.5833333333333334,0.6666666666666666,0.875,0.9166666666666666,0.9583333333333334,0.9583333333333334,0.9583333333333334,1.0,1.0,1.0,1.0,1.0,1.0,1.0,1.0
2026-04-16 23:00:00,ols-weighted,0.024725914001464844,16.347651814008273,0.13684210526315793,278.6184228049743,433.0631068428559,1.0,1.0,433.0631068428559,37.628829869286655,78.27858185237062,13.19748637862842,0.0,0.0,0.0,0.0,0.0,0.20833333333333334,0.20833333333333334,0.20833333333333334,0.25,0.3333333333333333,0.4583333333333333,0.625,0.7916666666666666,0.9166666666666666,0.9166666666666666,0.9583333333333334,0.9583333333333334,1.0,1.0
2026-04-16 23:00:00,ols-noclip,,16.027545791132418,0.13026315789473686,264.6725148460427,377.6508648525778,1.0,1.0,377.6508648525778,37.66609660541122,77.96538880051585,11.121722505728606,0.0,0.0,0.0,0.0,0.041666666666666664,0.20833333333333334,0.20833333333333334,0.25,0.25,0.3333333333333333,0.4583333333333333,0.625,0.7916666666666666,0.875,0.9166666666666666,0.9583333333333334,0.9583333333333334,1.0,1.0
2026-04-18 23:00:00,ols,0.029938936233520508,55.8556678448603,0.4890350877192983,154.71204529341534,210.67721628108168,0.0,0.20833333333333334,1172.055165881571,132.10508918318624,156.37182601188042,12.886403420587408,0.7916666666666666,1.0,1.0,1.0,1.0,1.0,1.0,1.0,1.0,1.0,1.0,1.0,1.0,1.0,1.0,1.0,1.0,1.0,1.0
2026-04-18 23:00:00,rescale,0.019969940185546875,50.93352188178912,0.46710526315789475,197.67616944196394,271.66478358972483,0.08333333333333333,0.5416666666666666,778.5311274506198,127.32767727760968,151.1090496373023,14.389021253318218,0.4583333333333333,0.9166666666666666,1.0,1.0,1.0,1.0,1.0,1.0,1.0,1.0,1.0,1.0,1.0,1.0,1.0,1.0,1.0,1.0,1.0
2026-04-18 23:00:00,raw,0.029026508331298828,84.14444396929825,0.46929824561403516,460.88612500000005,714.0046458333328,0.125,0.4583333333333333,1249.2813124999996,222.3116666666667,240.5180731298239,36.224938541666674,0.5416666666666666,0.875,1.0,1.0,1.0,1.0,1.0,1.0,1.0,1.0,1.0,1.0,1.0,1.0,1.0,1.0,1.0,1.0,1.0
2026-04-18 23:00:00,ols-weighted,0.02115774154663086,55.02120202199474,0.48245614035087725,164.85930626564937,237.40380744443283,0.0,0.3333333333333333,987.184749533797,132.01550371559196,156.27710641983583,13.515950114943458,0.6666666666666666,1.0,1.0,1.0,1.0,1.0,1.0,1.0,1.0,1.0,1.0,1.0,1.0,1.0,1.0,1.0,1.0,1.0,1.0
2026-04-18 23:00:00,ols-noclip,,55.8556678448603,0.4890350877192983,154.71204529341534,210.67721628108168,0.0,0.20833333333333334,1172.055165881571,132.10508918318624,156.37182601188042,12.886403420587408,0.7916666666666666,1.0,1.0,1.0,1.0,1.0,1.0,1.0,1.0,1.0,1.0,1.0,1.0,1.0,1.0,1.0,1.0,1.0,1.0
2026-04-20 23:00:00,ols,0.01336669921875,9.724723339042093,0.16666666666666669,119.92021747375958,180.83898744180695,1.0,1.0,180.83898744180695,25.71430565384814,51.647620469444846,4.799283300013731,0.0,0.0,0.0,0.0,0.0,0.041666666666666664,0.041666666666666664,0.125,0.16666666666666666,0.25,0.3333333333333333,0.4166666666666667,0.4166666666666667,0.625,0.7916666666666666,0.8333333333333334,0.9583333333333334,1.0,1.0
2026-04-20 23:00:00,rescale,0.019421815872192383,9.55367734948418,0.14780701754385966,156.0270726060822,227.44432228977564,1.0,1.0,227.44432228977564,22.718153528204343,44.83494873986365,6.769719015967205,0.0,0.0,0.0,0.0,0.0,0.0,0.041666666666666664,0.125,0.20833333333333334,0.2916666666666667,0.4166666666666667,0.5,0.625,0.7083333333333334,0.875,0.875,0.9583333333333334,1.0,1.0
2026-04-20 23:00:00,raw,0.015011310577392578,37.655550603070175,0.3359649122807018,483.8064166666668,766.7013333333317,0.9166666666666666,1.0,766.7013333333317,92.05520833333334,94.43522459756035,35.52017812499995,0.0,0.08333333333333333,0.3333333333333333,0.7083333333333334,0.875,0.9166666666666666,0.9583333333333334,0.9583333333333334,0.9583333333333334,0.9583333333333334,1.0,1.0,1.0,1.0,1.0,1.0,1.0,1.0,1.0
2026-04-20 23:00:00,ols-weighted,0.016568899154663086,9.797106386933352,0.17105263157894737,125.9599977825569,197.20497292979204,1.0,1.0,197.20497292979204,25.8657666596291,51.87506252536507,5.303387010151325,0.0,0.0,0.0,0.0,0.0,0.041666666666666664,0.041666666666666664,0.125,0.16666666666666666,0.20833333333333334,0.3333333333333333,0.4166666666666667,0.4166666666666667,0.5833333333333334,0.7916666666666666,0.8333333333333334,0.9583333333333334,1.0,1.0
2026-04-20 23:00:00,ols-noclip,,9.724723339042093,0.16666666666666669,119.92021747375958,180.83898744180695,1.0,1.0,180.83898744180695,25.71430565384814,51.647620469444846,4.799283300013731,0.0,0.0,0.0,0.0,0.0,0.041666666666666664,0.041666666666666664,0.125,0.16666666666666666,0.25,0.3333333333333333,0.4166666666666667,0.4166666666666667,0.625,0.7916666666666666,0.8333333333333334,0.9583333333333334,1.0,1.0
2026-04-22 23:00:00,ols,0.010145425796508789,13.802148819320717,0.11885964912280701,126.32534945106265,170.6660920118105,0.7916666666666666,0.9166666666666666,215.68695274065556,39.168974845023314,66.17990033817696,5.0604573186448265,0.041666666666666664,0.08333333333333333,0.08333333333333333,0.125,0.125,0.125,0.125,0.125,0.25,0.3333333333333333,0.375,0.375,0.5,0.5416666666666666,0.625,0.8333333333333334,0.875,0.875,0.9583333333333334
2026-04-22 23:00:00,rescale,0.020885944366455078,13.91184629838587,0.12543859649122807,146.98100866170142,197.29461880484777,0.8333333333333334,0.9166666666666666,229.1488895981477,39.231296476557134,60.496081993950064,5.817233826816744,0.041666666666666664,0.041666666666666664,0.08333333333333333,0.125,0.125,0.125,0.125,0.16666666666666666,0.20833333333333334,0.25,0.2916666666666667,0.4166666666666667,0.5416666666666666,0.5416666666666666,0.6666666666666666,0.875,0.875,0.875,0.9583333333333334
2026-04-22 23:00:00,raw,0.010759830474853516,55.809010307017545,0.45833333333333337,404.68962500000015,561.4663541666662,0.125,0.2916666666666667,909.0601041666663,143.021875,158.64848292490856,27.77418541666667,0.7083333333333334,0.875,0.9166666666666666,0.9166666666666666,0.9166666666666666,0.9583333333333334,0.9583333333333334,0.9583333333333334,1.0,1.0,1.0,1.0,1.0,1.0,1.0,1.0,1.0,1.0,1.0
2026-04-22 23:00:00,ols-weighted,0.009538650512695312,13.82613312980012,0.11842105263157894,136.74349221102867,185.45506572915687,0.875,0.9583333333333334,220.40697807795755,39.03348994214438,65.88939072075863,5.414794250125776,0.041666666666666664,0.041666666666666664,0.08333333333333333,0.125,0.125,0.125,0.125,0.125,0.25,0.3333333333333333,0.375,0.375,0.5416666666666666,0.5416666666666666,0.6666666666666666,0.8333333333333334,0.875,0.9166666666666666,1.0
2026-04-22 23:00:00,ols-noclip,,13.802148819320717,0.11885964912280701,126.32534945106265,170.6660920118105,0.7916666666666666,0.9166666666666666,215.68695274065556,39.168974845023314,66.17990033817696,5.0604573186448265,0.041666666666666664,0.08333333333333333,0.08333333333333333,0.125,0.125,0.125,0.125,0.125,0.25,0.3333333333333333,0.375,0.375,0.5,0.5416666666666666,0.625,0.8333333333333334,0.875,0.875,0.9583333333333334
2026-04-24 23:00:00,ols,0.017893314361572266,27.3315799728639,0.1885964912280702,103.99152419018488,154.49179944898492,0.6666666666666666,0.7083333333333334,752.7857291357897,60.561414653264954,97.8818876875786,32.271301031324164,0.0,0.0,0.041666666666666664,0.041666666666666664,0.041666666666666664,0.08333333333333333,0.16666666666666666,0.16666666666666666,0.20833333333333334,0.2916666666666667,0.4166666666666667,0.4166666666666667,0.4166666666666667,0.4583333333333333,0.5833333333333334,0.5833333333333334,0.625,0.6666666666666666,0.7083333333333334
2026-04-24 23:00:00,rescale,0.020914316177368164,28.063118536707712,0.19517543859649122,121.98747524632165,179.05775421970475,0.6666666666666666,0.7083333333333334,751.3586627853588,62.22058111734913,99.04090918947225,31.650002318485992,0.0,0.0,0.041666666666666664,0.041666666666666664,0.041666666666666664,0.041666666666666664,0.08333333333333333,0.16666666666666666,0.25,0.25,0.3333333333333333,0.4166666666666667,0.4166666666666667,0.5416666666666666,0.5833333333333334,0.5833333333333334,0.625,0.6666666666666666,0.7083333333333334
2026-04-24 23:00:00,raw,0.014644384384155273,49.8342839364035,0.21140350877192982,530.5068333333334,737.8701458333326,0.875,0.9583333333333334,738.4713958333327,144.85145833333334,173.38762829820067,30.98777499999999,0.041666666666666664,0.125,0.2916666666666667,0.4166666666666667,0.5833333333333334,0.7083333333333334,0.7916666666666666,0.7916666666666666,0.7916666666666666,0.7916666666666666,0.7916666666666666,0.7916666666666666,0.8333333333333334,0.8333333333333334,0.9166666666666666,1.0,1.0,1.0,1.0
2026-04-24 23:00:00,ols-weighted,0.020835399627685547,27.22299856118581,0.1842105263157895,112.91868004234324,183.2800458581406,0.7083333333333334,0.7083333333333334,723.3829257536614,60.55385491163852,97.81936764029923,30.129145577118333,0.0,0.0,0.041666666666666664,0.041666666666666664,0.041666666666666664,0.08333333333333333,0.16666666666666666,0.16666666666666666,0.20833333333333334,0.3333333333333333,0.4166666666666667,0.4166666666666667,0.4166666666666667,0.4583333333333333,0.5833333333333334,0.5833333333333334,0.625,0.7083333333333334,0.7083333333333334
2026-04-24 23:00:00,ols-noclip,,27.3315799728639,0.1885964912280702,103.99152419018488,154.49179944898492,0.6666666666666666,0.7083333333333334,752.7857291357897,60.561414653264954,97.8818876875786,32.271301031324164,0.0,0.0,0.041666666666666664,0.041666666666666664,0.041666666666666664,0.08333333333333333,0.16666666666666666,0.16666666666666666,0.20833333333333334,0.2916666666666667,0.4166666666666667,0.4166666666666667,0.4166666666666667,0.4583333333333333,0.5833333333333334,0.5833333333333334,0.625,0.6666666666666666,0.7083333333333334
2026-04-26 23:00:00,ols,0.015940189361572266,21.774254677824462,0.1219298245614035,163.90559037459573,243.82397598251768,0.9166666666666666,0.9166666666666666,432.9921773659318,50.31744928125047,121.60950699248953,14.224646235405833,0.0,0.0,0.0,0.041666666666666664,0.20833333333333334,0.3333333333333333,0.4166666666666667,0.5416666666666666,0.5833333333333334,0.7083333333333334,0.7916666666666666,0.7916666666666666,0.875,0.875,0.9166666666666666,0.9166666666666666,0.9166666666666666,0.9166666666666666,0.9166666666666666
2026-04-26 23:00:00,rescale,0.011522054672241211,21.59173653009671,0.12719298245614033,241.94458204682678,361.77952302591876,0.9166666666666666,1.0,361.77952302591876,46.27607100745323,114.86448029017268,7.457974062908957,0.0,0.0,0.0,0.0,0.041666666666666664,0.041666666666666664,0.125,0.2916666666666667,0.375,0.5833333333333334,0.625,0.7083333333333334,0.8333333333333334,0.875,0.9166666666666666,0.9166666666666666,0.9166666666666666,0.9166666666666666,1.0
2026-04-26 23:00:00,raw,0.018558502197265625,42.06084078947368,0.22587719298245612,653.7149166666668,906.9557291666661,1.0,1.0,906.9557291666661,114.570625,135.55445288471714,38.194879166666674,0.0,0.0,0.0,0.08333333333333333,0.20833333333333334,0.4583333333333333,0.625,0.9166666666666666,0.9166666666666666,0.9166666666666666,0.9166666666666666,0.9166666666666666,0.9166666666666666,1.0,1.0,1.0,1.0,1.0,1.0
2026-04-26 23:00:00,ols-weighted,0.020761489868164062,21.759678400784292,0.1219298245614035,178.74792395982672,275.06380208018544,0.9166666666666666,0.9166666666666666,396.6701721975651,50.461529620269005,121.68772614144322,11.499748425725485,0.0,0.0,0.0,0.0,0.20833333333333334,0.3333333333333333,0.4166666666666667,0.5,0.5833333333333334,0.7083333333333334,0.75,0.8333333333333334,0.875,0.875,0.9166666666666666,0.9166666666666666,0.9166666666666666,0.9166666666666666,0.9166666666666666
2026-04-26 23:00:00,ols-noclip,,21.774254677824462,0.1219298245614035,163.90559037459573,243.82397598251768,0.9166666666666666,0.9166666666666666,432.9921773659318,50.31744928125047,121.60950699248953,14.224646235405833,0.0,0.0,0.0,0.041666666666666664,0.20833333333333334,0.3333333333333333,0.4166666666666667,0.5416666666666666,0.5833333333333334,0.7083333333333334,0.7916666666666666,0.7916666666666666,0.875,0.875,0.9166666666666666,0.9166666666666666,0.9166666666666666,0.9166666666666666,0.9166666666666666
2026-04-28 23:00:00,ols,0.015758752822875977,15.829522783129677,0.12061403508771931,208.22775127333315,264.5346542661041,1.0,1.0,264.5346542661041,41.18640508612035,73.23722550397139,8.80005148216457,0.0,0.0,0.041666666666666664,0.041666666666666664,0.125,0.125,0.16666666666666666,0.20833333333333334,0.25,0.3333333333333333,0.4583333333333333,0.4583333333333333,0.4583333333333333,0.6666666666666666,0.6666666666666666,0.8333333333333334,0.9583333333333334,1.0,1.0
2026-04-28 23:00:00,rescale,0.01583719253540039,18.197962981830038,0.13157894736842105,238.94346858032586,301.0211922353583,1.0,1.0,301.0211922353583,46.73693104345176,82.62276459730583,9.93708450319209,0.0,0.0,0.041666666666666664,0.041666666666666664,0.041666666666666664,0.16666666666666666,0.16666666666666666,0.20833333333333334,0.25,0.2916666666666667,0.4166666666666667,0.4166666666666667,0.4583333333333333,0.625,0.6666666666666666,0.8333333333333334,0.9583333333333334,1.0,1.0
2026-04-28 23:00:00,raw,0.01026606559753418,47.28804139254386,0.3684210526315789,481.16825,631.0740833333326,0.75,0.9166666666666666,647.9182499999991,133.94333333333336,193.21002899478762,29.411820833333326,0.08333333333333333,0.25,0.4166666666666667,0.7916666666666666,0.9583333333333334,1.0,1.0,1.0,1.0,1.0,1.0,1.0,1.0,1.0,1.0,1.0,1.0,1.0,1.0
2026-04-28 23:00:00,ols-weighted,0.011007070541381836,15.999497497209989,0.118421052631579,216.36726583971503,291.01366915103154,1.0,1.0,291.01366915103154,41.060830541524325,73.27344467081764,9.976486003591061,0.0,0.0,0.041666666666666664,0.041666666666666664,0.08333333333333333,0.125,0.16666666666666666,0.20833333333333334,0.25,0.3333333333333333,0.4583333333333333,0.4583333333333333,0.5416666666666666,0.6666666666666666,0.6666666666666666,0.8333333333333334,0.9583333333333334,1.0,1.0
2026-04-28 23:00:00,ols-noclip,,15.829522783129677,0.12061403508771931,208.22775127333315,264.5346542661041,1.0,1.0,264.5346542661041,41.18640508612035,73.23722550397139,8.80005148216457,0.0,0.0,0.041666666666666664,0.041666666666666664,0.125,0.125,0.16666666666666666,0.20833333333333334,0.25,0.3333333333333333,0.4583333333333333,0.4583333333333333,0.4583333333333333,0.6666666666666666,0.6666666666666666,0.8333333333333334,0.9583333333333334,1.0,1.0
2026-04-30 23:00:00,ols,0.01486968994140625,32.41936037844834,0.4912280701754386,102.44163635523266,142.179311457674,0.041666666666666664,0.125,860.9342600532883,75.71399066791498,87.88681896182149,8.886709592652489,0.875,0.9583333333333334,1.0,1.0,1.0,1.0,1.0,1.0,1.0,1.0,1.0,1.0,1.0,1.0,1.0,1.0,1.0,1.0,1.0
2026-04-30 23:00:00,rescale,0.019059419631958008,32.33442783072601,0.47807017543859653,124.6018387014824,172.72452553105236,0.125,0.16666666666666666,783.230302122181,77.2508384962108,92.60855054306582,10.099799825198911,0.8333333333333334,0.875,0.9166666666666666,0.9583333333333334,1.0,1.0,1.0,1.0,1.0,1.0,1.0,1.0,1.0,1.0,1.0,1.0,1.0,1.0,1.0
2026-04-30 23:00:00,raw,0.011437654495239258,80.9915526864035,0.4890350877192983,560.0467916666668,841.5972499999992,0.041666666666666664,0.16666666666666666,1396.7489166666662,210.62708333333333,279.9646739248245,43.36187291666668,0.8333333333333334,0.9583333333333334,1.0,1.0,1.0,1.0,1.0,1.0,1.0,1.0,1.0,1.0,1.0,1.0,1.0,1.0,1.0,1.0,1.0
2026-04-30 23:00:00,ols-weighted,0.013493061065673828,32.190123316389844,0.4912280701754386,108.70305627635355,156.78584551400527,0.041666666666666664,0.125,825.2664230001484,75.5270176804907,87.56452839719684,9.476464132598426,0.875,0.9583333333333334,1.0,1.0,1.0,1.0,1.0,1.0,1.0,1.0,1.0,1.0,1.0,1.0,1.0,1.0,1.0,1.0,1.0
2026-04-30 23:00:00,ols-noclip,,32.41936037844834,0.4912280701754386,102.44163635523266,142.179311457674,0.041666666666666664,0.125,860.9342600532883,75.71399066791498,87.88681896182149,8.886709592652489,0.875,0.9583333333333334,1.0,1.0,1.0,1.0,1.0,1.0,1.0,1.0,1.0,1.0,1.0,1.0,1.0,1.0,1.0,1.0,1.0
2026-05-02 23:00:00,ols,0.015554666519165039,26.756953739561983,0.22587719298245612,129.26991459910366,196.68192302467557,0.5833333333333334,0.8333333333333334,457.721728037181,66.3727659482698,95.14249182705423,8.766712784751334,0.16666666666666666,0.4166666666666667,0.4583333333333333,0.4583333333333333,0.5833333333333334,0.625,0.7083333333333334,0.7083333333333334,0.7083333333333334,0.7083333333333334,0.7916666666666666,0.8333333333333334,0.8333333333333334,0.875,0.9166666666666666,1.0,1.0,1.0,1.0
2026-05-02 23:00:00,rescale,0.0133209228515625,27.33462483093477,0.21491228070175436,168.895181855806,259.8562201695703,0.7083333333333334,0.8333333333333334,374.62945858214204,70.92365395189064,101.29725330956505,10.682615883656183,0.16666666666666666,0.2916666666666667,0.4166666666666667,0.4583333333333333,0.5833333333333334,0.5833333333333334,0.6666666666666666,0.6666666666666666,0.7083333333333334,0.7083333333333334,0.7916666666666666,0.8333333333333334,0.8333333333333334,0.9166666666666666,0.9583333333333334,1.0,1.0,1.0,1.0
2026-05-02 23:00:00,raw,0.01750493049621582,71.88927379385964,0.41447368421052627,585.4776666666668,977.7403958333285,0.4583333333333333,0.7916666666666666,1098.717479166662,191.76,231.58330970372913,46.81726145833314,0.20833333333333334,0.5416666666666666,0.7083333333333334,0.9166666666666666,1.0,1.0,1.0,1.0,1.0,1.0,1.0,1.0,1.0,1.0,1.0,1.0,1.0,1.0,1.0
2026-05-02 23:00:00,ols-weighted,0.011214733123779297,26.721479431993995,0.2236842105263158,140.8300646210339,232.77621351442147,0.6666666666666666,0.8333333333333334,484.5101541410424,66.50199376311572,95.25569810962024,10.280725644974579,0.16666666666666666,0.3333333333333333,0.4583333333333333,0.4583333333333333,0.5833333333333334,0.625,0.7083333333333334,0.7083333333333334,0.7083333333333334,0.7083333333333334,0.7916666666666666,0.8333333333333334,0.8333333333333334,0.875,0.9583333333333334,1.0,1.0,1.0,1.0
2026-05-02 23:00:00,ols-noclip,,26.756953739561983,0.22587719298245612,129.26991459910366,196.68192302467557,0.5833333333333334,0.8333333333333334,457.721728037181,66.3727659482698,95.14249182705423,8.766712784751334,0.16666666666666666,0.4166666666666667,0.4583333333333333,0.4583333333333333,0.5833333333333334,0.625,0.7083333333333334,0.7083333333333334,0.7083333333333334,0.7083333333333334,0.7916666666666666,0.8333333333333334,0.8333333333333334,0.875,0.9166666666666666,1.0,1.0,1.0,1.0
2026-05-04 23:00:00,ols,0.016258716583251953,40.40571343907187,0.12017543859649123,82.22223429639499,126.48207004315857,0.875,0.875,1221.0297083704613,87.07318596432923,257.76310386928395,54.72055845907649,0.0,0.0,0.0,0.0,0.0,0.041666666666666664,0.16666666666666666,0.3333333333333333,0.4166666666666667,0.4166666666666667,0.5833333333333334,0.75,0.875,0.875,0.875,0.875,0.875,0.875,0.875
2026-05-04 23:00:00,rescale,0.011388778686523438,39.30208913649233,0.13640350877192978,107.30363240302584,165.86523082207717,0.875,0.9166666666666666,1111.4908911065504,85.56116655973749,251.75875312327247,48.88572919534582,0.0,0.0,0.0,0.0,0.0,0.0,0.20833333333333334,0.3333333333333333,0.5,0.625,0.75,0.875,0.875,0.875,0.875,0.875,0.875,0.875,0.9166666666666666
2026-05-04 23:00:00,raw,0.010640859603881836,47.88488097587719,0.2657894736842105,555.2813333333337,894.4989374999986,0.9583333333333334,1.0,894.4989374999986,136.90895833333332,223.41507621978346,38.183169791666636,0.0,0.041666666666666664,0.2916666666666667,0.625,0.6666666666666666,0.7916666666666666,0.875,0.875,0.875,0.875,0.875,0.875,0.875,0.9166666666666666,0.9166666666666666,0.9583333333333334,1.0,1.0,1.0
2026-05-04 23:00:00,ols-weighted,0.021559953689575195,40.279643760110886,0.12017543859649123,85.3616005620658,140.03290760725238,0.875,0.875,1173.537999304255,87.44058751844074,258.37153028412285,52.04915334926492,0.0,0.0,0.0,0.0,0.0,0.041666666666666664,0.16666666666666666,0.3333333333333333,0.4166666666666667,0.4166666666666667,0.5833333333333334,0.75,0.875,0.875,0.875,0.875,0.875,0.875,0.875
2026-05-04 23:00:00,ols-noclip,,40.40571343907187,0.12017543859649123,82.22223429639499,126.48207004315857,0.875,0.875,1221.0297083704613,87.07318596432923,257.76310386928395,54.72055845907649,0.0,0.0,0.0,0.0,0.0,0.041666666666666664,0.16666666666666666,0.3333333333333333,0.4166666666666667,0.4166666666666667,0.5833333333333334,0.75,0.875,0.875,0.875,0.875,0.875,0.875,0.875
2026-05-06 23:00:00,ols,0.02310657501220703,33.11887457193868,0.0850877192982456,417.20009367783337,546.4026769933798,1.0,1.0,546.4026769933798,93.61721313458281,139.6156177074058,20.890155502549494,0.0,0.0,0.08333333333333333,0.25,0.2916666666666667,0.2916666666666667,0.2916666666666667,0.2916666666666667,0.2916666666666667,0.3333333333333333,0.375,0.4166666666666667,0.5416666666666666,0.7083333333333334,0.7916666666666666,0.875,0.9166666666666666,1.0,1.0
2026-05-06 23:00:00,rescale,0.029704809188842773,37.07406062740225,0.08947368421052632,463.7539823494039,597.3661259540249,1.0,1.0,597.3661259540249,106.7126160118692,158.24017093819998,22.807423349869282,0.0,0.0,0.08333333333333333,0.20833333333333334,0.2916666666666667,0.2916666666666667,0.2916666666666667,0.2916666666666667,0.2916666666666667,0.2916666666666667,0.3333333333333333,0.4166666666666667,0.5416666666666666,0.5416666666666666,0.75,0.7916666666666666,0.9166666666666666,1.0,1.0
2026-05-06 23:00:00,raw,0.02914285659790039,44.46282872807018,0.3355263157894736,494.7126666666668,670.3697499999997,0.7916666666666666,0.9166666666666666,677.699333333333,121.82395833333332,178.30357473573454,30.999369791666677,0.08333333333333333,0.20833333333333334,0.5,0.7916666666666666,0.8333333333333334,0.8333333333333334,0.8333333333333334,0.875,0.9166666666666666,1.0,1.0,1.0,1.0,1.0,1.0,1.0,1.0,1.0,1.0
2026-05-06 23:00:00,ols-weighted,0.014494895935058594,33.44157744985927,0.08070175438596491,433.7115898610623,592.9498954201799,1.0,1.0,592.9498954201799,93.71762097213211,139.25760073487612,22.724912650805496,0.0,0.0,0.08333333333333333,0.20833333333333334,0.25,0.2916666666666667,0.2916666666666667,0.2916666666666667,0.2916666666666667,0.3333333333333333,0.375,0.4166666666666667,0.5416666666666666,0.7083333333333334,0.7916666666666666,0.875,0.9166666666666666,1.0,1.0
2026-05-06 23:00:00,ols-noclip,,33.11887457193868,0.0850877192982456,417.20009367783337,546.4026769933798,1.0,1.0,546.4026769933798,93.61721313458281,139.6156177074058,20.890155502549494,0.0,0.0,0.08333333333333333,0.25,0.2916666666666667,0.2916666666666667,0.2916666666666667,0.2916666666666667,0.2916666666666667,0.3333333333333333,0.375,0.4166666666666667,0.5416666666666666,0.7083333333333334,0.7916666666666666,0.875,0.9166666666666666,1.0,1.0
2026-05-08 23:00:00,ols,0.015533208847045898,158.78327012391978,0.47368421052631576,80.71886386800837,125.09747061631053,0.08333333333333333,0.125,5171.426798274839,338.01442628297553,487.65796757602783,239.87149885812462,0.0,0.0,0.0,0.0,0.0,0.0,0.0,0.0,0.0,0.0,0.041666666666666664,0.041666666666666664,0.041666666666666664,0.041666666666666664,0.041666666666666664,0.041666666666666664,0.041666666666666664,0.08333333333333333,0.125
2026-05-08 23:00:00,rescale,0.01531529426574707,157.04495537596245,0.4780701754385964,107.46615082678107,165.24483452548563,0.08333333333333333,0.125,4738.106249123247,341.3036273946571,486.3278854497702,217.42124129087884,0.0,0.0,0.0,0.0,0.0,0.0,0.0,0.0,0.0,0.0,0.0,0.0,0.041666666666666664,0.041666666666666664,0.041666666666666664,0.041666666666666664,0.041666666666666664,0.08333333333333333,0.125
2026-05-08 23:00:00,raw,0.010719776153564453,80.26851271929824,0.2043859649122807,583.3987916666669,733.4593958333329,0.875,0.9166666666666666,1312.7131458333342,216.74374999999998,349.5689804363844,45.2892114583334,0.0,0.0,0.0,0.0,0.0,0.041666666666666664,0.041666666666666664,0.08333333333333333,0.125,0.20833333333333334,0.25,0.2916666666666667,0.375,0.375,0.4583333333333333,0.75,0.875,0.875,0.9166666666666666
2026-05-08 23:00:00,ols-weighted,0.024789810180664062,157.50904619008907,0.47368421052631576,87.22645545903443,146.06684456162523,0.08333333333333333,0.125,4860.381816901278,338.00850002861307,487.6176498002599,224.118406051868,0.0,0.0,0.0,0.0,0.0,0.0,0.0,0.0,0.0,0.0,0.041666666666666664,0.041666666666666664,0.041666666666666664,0.041666666666666664,0.041666666666666664,0.041666666666666664,0.041666666666666664,0.08333333333333333,0.125
2026-05-08 23:00:00,ols-noclip,,158.78327012391978,0.47368421052631576,80.71886386800837,125.09747061631053,0.08333333333333333,0.125,5171.426798274839,338.01442628297553,487.65796757602783,239.87149885812462,0.0,0.0,0.0,0.0,0.0,0.0,0.0,0.0,0.0,0.0,0.041666666666666664,0.041666666666666664,0.041666666666666664,0.041666666666666664,0.041666666666666664,0.041666666666666664,0.041666666666666664,0.08333333333333333,0.125
2026-05-10 23:00:00,ols,0.013507843017578125,40.78117314003356,0.26315789473684204,511.46552573572325,706.5084138484108,0.7083333333333334,0.7916666666666666,874.7828908503365,91.86913417806488,121.75707684798459,29.784778848900885,0.20833333333333334,0.2916666666666667,0.3333333333333333,0.375,0.4583333333333333,0.5,0.5833333333333334,0.8333333333333334,0.9166666666666666,1.0,1.0,1.0,1.0,1.0,1.0,1.0,1.0,1.0,1.0
2026-05-10 23:00:00,rescale,0.012060403823852539,41.53242445953446,0.12368421052631577,652.1255896705828,899.3047704899851,0.8333333333333334,0.9583333333333334,901.9653539939651,81.46935268163823,125.52665225329973,35.40702699403083,0.041666666666666664,0.16666666666666666,0.16666666666666666,0.20833333333333334,0.25,0.3333333333333333,0.3333333333333333,0.375,0.5416666666666666,0.5833333333333334,0.7916666666666666,0.9583333333333334,1.0,1.0,1.0,1.0,1.0,1.0,1.0
2026-05-10 23:00:00,raw,0.010051727294921875,51.33904490131579,0.25877192982456143,755.8851250000001,1097.189416666665,0.75,0.9166666666666666,1099.4019166666649,122.34333333333332,153.37823040607816,49.56731562499996,0.08333333333333333,0.25,0.25,0.4166666666666667,0.4583333333333333,0.5,0.6666666666666666,0.8333333333333334,0.9583333333333334,1.0,1.0,1.0,1.0,1.0,1.0,1.0,1.0,1.0,1.0
2026-05-10 23:00:00,ols-weighted,0.012863874435424805,41.40564693059008,0.2565789473684211,541.6551440032919,822.4113301684253,0.75,0.7916666666666666,955.2004777987559,91.88508693494498,122.4450128634742,32.456192042515205,0.20833333333333334,0.25,0.3333333333333333,0.375,0.4583333333333333,0.5,0.5416666666666666,0.7916666666666666,0.9166666666666666,1.0,1.0,1.0,1.0,1.0,1.0,1.0,1.0,1.0,1.0
2026-05-10 23:00:00,ols-noclip,,40.78117314003356,0.26315789473684204,511.46552573572325,706.5084138484108,0.7083333333333334,0.7916666666666666,874.7828908503365,91.86913417806488,121.75707684798459,29.784778848900885,0.20833333333333334,0.2916666666666667,0.3333333333333333,0.375,0.4583333333333333,0.5,0.5833333333333334,0.8333333333333334,0.9166666666666666,1.0,1.0,1.0,1.0,1.0,1.0,1.0,1.0,1.0,1.0
2026-05-12 23:00:00,ols,0.012557029724121094,10.707616890027358,0.34868421052631576,113.53159970532884,145.46805862667796,0.7083333333333334,0.9166666666666666,154.8765084287326,27.4884110801399,31.49895897793486,6.428332955864641,0.08333333333333333,0.2916666666666667,0.5,0.75,0.8333333333333334,0.875,0.9166666666666666,0.9583333333333334,0.9583333333333334,0.9583333333333334,1.0,1.0,1.0,1.0,1.0,1.0,1.0,1.0,1.0
2026-05-12 23:00:00,rescale,0.015460491180419922,10.66119952455061,0.3078947368421052,131.88316971620205,168.19932902607172,0.875,0.9583333333333334,169.17009689130433,27.727320910950578,34.6810881509703,7.202284579228869,0.041666666666666664,0.125,0.3333333333333333,0.4166666666666667,0.7916666666666666,0.8333333333333334,0.9166666666666666,0.9583333333333334,0.9583333333333334,0.9583333333333334,1.0,1.0,1.0,1.0,1.0,1.0,1.0,1.0,1.0
2026-05-12 23:00:00,raw,0.014713048934936523,46.69696595394737,0.38815789473684204,413.00358333333344,601.5222708333329,0.75,0.875,695.4656041666663,128.93166666666667,159.62477460177246,28.41694166666667,0.125,0.25,0.625,0.875,1.0,1.0,1.0,1.0,1.0,1.0,1.0,1.0,1.0,1.0,1.0,1.0,1.0,1.0,1.0
2026-05-12 23:00:00,ols-weighted,0.021593809127807617,10.80389883823833,0.3464912280701754,119.76210964749318,155.15917346844444,0.7083333333333334,0.9166666666666666,161.64077857733946,27.651519634322128,31.626887828990018,6.792891732427425,0.08333333333333333,0.2916666666666667,0.5,0.7083333333333334,0.8333333333333334,0.875,0.9166666666666666,0.9583333333333334,0.9583333333333334,0.9583333333333334,1.0,1.0,1.0,1.0,1.0,1.0,1.0,1.0,1.0
2026-05-12 23:00:00,ols-noclip,,10.707616890027358,0.34868421052631576,113.53159970532884,145.46805862667796,0.7083333333333334,0.9166666666666666,154.8765084287326,27.4884110801399,31.49895897793486,6.428332955864641,0.08333333333333333,0.2916666666666667,0.5,0.75,0.8333333333333334,0.875,0.9166666666666666,0.9583333333333334,0.9583333333333334,0.9583333333333334,1.0,1.0,1.0,1.0,1.0,1.0,1.0,1.0,1.0
2026-05-14 23:00:00,ols,0.023270845413208008,24.683821447559783,0.10307017543859648,28.365394221831206,42.14597912375785,0.5,0.7083333333333334,755.5780229802155,54.27392730501458,157.5052506165913,34.41213446351373,0.20833333333333334,0.25,0.375,0.4166666666666667,0.4166666666666667,0.4583333333333333,0.4583333333333333,0.5416666666666666,0.5416666666666666,0.5416666666666666,0.5416666666666666,0.5416666666666666,0.5833333333333334,0.6666666666666666,0.75,0.75,0.75,0.75,0.9166666666666666
2026-05-14 23:00:00,rescale,0.0105743408203125,24.051155104637157,0.09078947368421053,33.37540408039283,49.455978378178315,0.5,0.9166666666666666,721.713269634306,53.386364912705176,156.43915553454443,33.15167400075778,0.0,0.25,0.2916666666666667,0.375,0.375,0.4166666666666667,0.4166666666666667,0.5,0.5416666666666666,0.5416666666666666,0.5416666666666666,0.5416666666666666,0.5416666666666666,0.5833333333333334,0.7083333333333334,0.75,0.75,0.75,0.9166666666666666
2026-05-14 23:00:00,raw,0.015089273452758789,33.679000274122814,0.25701754385964914,450.555875,589.034083333333,0.9583333333333334,1.0,589.034083333333,100.80854166666666,124.43872163723128,24.594351041666673,0.0,0.041666666666666664,0.20833333333333334,0.3333333333333333,0.4166666666666667,0.75,0.875,0.9166666666666666,0.9166666666666666,0.9166666666666666,0.9583333333333334,0.9583333333333334,0.9583333333333334,0.9583333333333334,0.9583333333333334,1.0,1.0,1.0,1.0
2026-05-14 23:00:00,ols-weighted,0.017330169677734375,24.49327199927467,0.09736842105263156,30.7534835029017,49.957224246797125,0.5,0.9166666666666666,717.2211616525674,54.24874730150149,157.48270862255683,33.01416567585236,0.0,0.25,0.375,0.4166666666666667,0.4166666666666667,0.4583333333333333,0.4583333333333333,0.5416666666666666,0.5416666666666666,0.5416666666666666,0.5416666666666666,0.5416666666666666,0.5833333333333334,0.6666666666666666,0.75,0.75,0.75,0.75,0.9166666666666666
2026-05-14 23:00:00,ols-noclip,,24.683821447559783,0.10307017543859648,28.365394221831206,42.14597912375785,0.5,0.7083333333333334,755.5780229802155,54.27392730501458,157.5052506165913,34.41213446351373,0.20833333333333334,0.25,0.375,0.4166666666666667,0.4166666666666667,0.4583333333333333,0.4583333333333333,0.5416666666666666,0.5416666666666666,0.5416666666666666,0.5416666666666666,0.5416666666666666,0.5833333333333334,0.6666666666666666,0.75,0.75,0.75,0.75,0.9166666666666666
2026-05-16 23:00:00,ols,0.012022733688354492,66.2486052122064,0.0675438596491228,213.99296814204217,323.7890655463181,0.5416666666666666,0.625,1158.2659120391743,162.36269715290396,256.5659287175891,29.08852751698358,0.20833333333333334,0.25,0.25,0.25,0.25,0.3333333333333333,0.375,0.375,0.375,0.4166666666666667,0.4583333333333333,0.5833333333333334,0.625,0.6666666666666666,0.7083333333333334,0.75,0.75,0.7916666666666666,0.8333333333333334
2026-05-16 23:00:00,rescale,0.01898503303527832,58.11777937420141,0.09824561403508772,323.19618820195865,496.4622924988675,0.6666666666666666,0.7916666666666666,711.7090213973011,152.10504846333495,243.9131812314505,17.020050538383042,0.16666666666666666,0.20833333333333334,0.20833333333333334,0.20833333333333334,0.20833333333333334,0.20833333333333334,0.20833333333333334,0.20833333333333334,0.20833333333333334,0.25,0.2916666666666667,0.4583333333333333,0.5416666666666666,0.7083333333333334,0.75,0.75,0.8333333333333334,0.875,0.9583333333333334
2026-05-16 23:00:00,raw,0.02274465560913086,64.21137138157894,0.16666666666666669,847.0435416666668,1260.871604166665,0.7916666666666666,0.7916666666666666,1581.1511874999985,153.43541666666667,200.4792205878205,54.3735458333333,0.20833333333333334,0.20833333333333334,0.20833333333333334,0.2916666666666667,0.3333333333333333,0.4583333333333333,0.625,0.7083333333333334,0.7083333333333334,0.75,0.7916666666666666,0.7916666666666666,0.8333333333333334,0.875,0.9166666666666666,0.9583333333333334,1.0,1.0,1.0
2026-05-16 23:00:00,ols-weighted,0.016828536987304688,65.30082538235835,0.06096491228070175,233.72791904443693,358.1010464068556,0.5833333333333334,0.7083333333333334,1038.0384697329964,162.03752151277374,256.10713175468635,25.520706043425548,0.20833333333333334,0.25,0.25,0.25,0.25,0.3333333333333333,0.375,0.375,0.375,0.4166666666666667,0.4583333333333333,0.5833333333333334,0.625,0.6666666666666666,0.7083333333333334,0.75,0.75,0.8333333333333334,0.9166666666666666
2026-05-16 23:00:00,ols-noclip,,66.2486052122064,0.0675438596491228,213.99296814204217,323.7890655463181,0.5416666666666666,0.625,1158.2659120391743,162.36269715290396,256.5659287175891,29.08852751698358,0.20833333333333334,0.25,0.25,0.25,0.25,0.3333333333333333,0.375,0.375,0.375,0.4166666666666667,0.4583333333333333,0.5833333333333334,0.625,0.6666666666666666,0.7083333333333334,0.75,0.75,0.7916666666666666,0.8333333333333334
2026-05-18 23:00:00,ols,0.016137361526489258,87.4841763039184,0.09605263157894736,816.9910353164468,1061.0995231949717,0.9166666666666666,0.9166666666666666,1086.329438830848,255.60967996907155,547.5387043947135,30.57144361636899,0.08333333333333333,0.08333333333333333,0.125,0.125,0.20833333333333334,0.2916666666666667,0.3333333333333333,0.5416666666666666,0.625,0.75,0.75,0.7916666666666666,0.7916666666666666,0.8333333333333334,0.8333333333333334,0.875,0.9166666666666666,1.0,1.0
2026-05-18 23:00:00,rescale,0.014868021011352539,82.30365416453743,0.09517543859649123,924.2459683047091,1191.204285432137,0.9583333333333334,0.9583333333333334,1202.3752058812477,235.22085567575377,503.5843296216148,35.67637048424609,0.041666666666666664,0.041666666666666664,0.125,0.125,0.16666666666666666,0.20833333333333334,0.25,0.375,0.5,0.625,0.75,0.7916666666666666,0.7916666666666666,0.8333333333333334,0.875,0.9166666666666666,0.9583333333333334,1.0,1.0
2026-05-18 23:00:00,raw,0.014680147171020508,130.7656771381579,0.08464912280701753,478.50500000000005,609.9764166666658,0.8333333333333334,0.875,3397.6235000000015,295.6985416666667,715.2446582281887,148.29303020833345,0.0,0.0,0.041666666666666664,0.08333333333333333,0.125,0.16666666666666666,0.25,0.2916666666666667,0.4166666666666667,0.5,0.625,0.75,0.7916666666666666,0.7916666666666666,0.8333333333333334,0.8333333333333334,0.8333333333333334,0.8333333333333334,0.875
2026-05-18 23:00:00,ols-weighted,0.02076244354248047,87.87152148587161,0.09473684210526313,851.5716977757289,1165.882331065509,0.9166666666666666,0.9583333333333334,1166.358939365485,255.9854061428971,549.0503233722768,34.724726289856115,0.041666666666666664,0.08333333333333333,0.125,0.125,0.20833333333333334,0.2916666666666667,0.3333333333333333,0.5416666666666666,0.625,0.75,0.75,0.7916666666666666,0.7916666666666666,0.8333333333333334,0.8333333333333334,0.875,0.9166666666666666,1.0,1.0
2026-05-18 23:00:00,ols-noclip,,87.4841763039184,0.09605263157894736,816.9910353164468,1061.0995231949717,0.9166666666666666,0.9166666666666666,1086.329438830848,255.60967996907155,547.5387043947135,30.57144361636899,0.08333333333333333,0.08333333333333333,0.125,0.125,0.20833333333333334,0.2916666666666667,0.3333333333333333,0.5416666666666666,0.625,0.75,0.75,0.7916666666666666,0.7916666666666666,0.8333333333333334,0.8333333333333334,0.875,0.9166666666666666,1.0,1.0
2026-05-20 23:00:00,ols,0.014250755310058594,88.15046571004217,0.17982456140350878,999.6715481734813,1406.8957961150657,0.8333333333333334,0.9166666666666666,1534.5538951218678,210.48811824189025,299.4744752293507,55.4362337606784,0.08333333333333333,0.16666666666666666,0.20833333333333334,0.2916666666666667,0.4166666666666667,0.4166666666666667,0.5,0.6666666666666666,0.75,0.7916666666666666,0.875,0.9166666666666666,0.9166666666666666,0.9583333333333334,0.9583333333333334,1.0,1.0,1.0,1.0
2026-05-20 23:00:00,rescale,0.009634017944335938,91.65592165939648,0.13157894736842105,1135.976651050303,1590.698783548976,0.8333333333333334,0.9166666666666666,1655.5257193706802,204.68721400828426,317.0636196129366,60.97202263537523,0.08333333333333333,0.16666666666666666,0.16666666666666666,0.2916666666666667,0.4166666666666667,0.4166666666666667,0.4166666666666667,0.4583333333333333,0.5833333333333334,0.7083333333333334,0.8333333333333334,0.8333333333333334,0.8333333333333334,0.875,0.9583333333333334,0.9583333333333334,1.0,1.0,1.0
2026-05-20 23:00:00,raw,0.008986949920654297,49.963824616228074,0.11666666666666667,525.08725,731.2747708333328,0.9166666666666666,1.0,731.2747708333328,134.76416666666668,255.57194824794448,26.480281250000004,0.0,0.041666666666666664,0.16666666666666666,0.20833333333333334,0.3333333333333333,0.4583333333333333,0.6666666666666666,0.7083333333333334,0.7083333333333334,0.7083333333333334,0.7083333333333334,0.7083333333333334,0.7083333333333334,0.75,0.8333333333333334,0.9166666666666666,0.9166666666666666,0.9583333333333334,1.0
2026-05-20 23:00:00,ols-weighted,0.010698556900024414,89.23517402541871,0.17763157894736842,1083.2978135347678,1572.6041191002514,0.8333333333333334,0.9166666666666666,1679.3034088049778,210.57163194753875,300.1026333781514,61.09938613878899,0.08333333333333333,0.16666666666666666,0.16666666666666666,0.2916666666666667,0.4166666666666667,0.4166666666666667,0.5,0.6666666666666666,0.75,0.7916666666666666,0.875,0.9166666666666666,0.9166666666666666,0.9583333333333334,0.9583333333333334,1.0,1.0,1.0,1.0
2026-05-20 23:00:00,ols-noclip,,88.15046571004217,0.17982456140350878,999.6715481734813,1406.8957961150657,0.8333333333333334,0.9166666666666666,1534.5538951218678,210.48811824189025,299.4744752293507,55.4362337606784,0.08333333333333333,0.16666666666666666,0.20833333333333334,0.2916666666666667,0.4166666666666667,0.4166666666666667,0.5,0.6666666666666666,0.75,0.7916666666666666,0.875,0.9166666666666666,0.9166666666666666,0.9583333333333334,0.9583333333333334,1.0,1.0,1.0,1.0
2026-05-22 23:00:00,ols,0.012951374053955078,68.55357278884846,0.13157894736842105,300.4946001007157,430.0261446448406,0.7083333333333334,0.875,826.8558295932274,174.96765527011374,283.34932179723467,27.506642597076517,0.0,0.041666666666666664,0.08333333333333333,0.125,0.16666666666666666,0.16666666666666666,0.16666666666666666,0.2916666666666667,0.2916666666666667,0.375,0.4166666666666667,0.5,0.5416666666666666,0.5416666666666666,0.5416666666666666,0.5416666666666666,0.5833333333333334,0.75,0.875
2026-05-22 23:00:00,rescale,0.01144266128540039,66.58930263206636,0.16008771929824564,367.44327084337755,523.0582845779319,0.75,0.9166666666666666,754.4501156761575,175.28695847268602,276.7610228467268,21.794823445123654,0.0,0.041666666666666664,0.041666666666666664,0.041666666666666664,0.08333333333333333,0.16666666666666666,0.16666666666666666,0.16666666666666666,0.2916666666666667,0.3333333333333333,0.375,0.375,0.4583333333333333,0.5,0.5416666666666666,0.5416666666666666,0.625,0.7916666666666666,0.9166666666666666
2026-05-22 23:00:00,raw,0.008635520935058594,65.03864309210526,0.08421052631578947,413.61604166666683,580.2322499999992,0.7916666666666666,0.9166666666666666,662.6705833333342,180.49541666666664,295.05385430036324,17.976006250000058,0.041666666666666664,0.041666666666666664,0.041666666666666664,0.16666666666666666,0.16666666666666666,0.16666666666666666,0.20833333333333334,0.25,0.375,0.4166666666666667,0.5,0.5416666666666666,0.5416666666666666,0.5833333333333334,0.625,0.7083333333333334,0.75,0.8333333333333334,0.9583333333333334
2026-05-22 23:00:00,ols-weighted,0.010912656784057617,68.12845118229157,0.13157894736842105,314.87100012925,479.4298146748397,0.7083333333333334,0.875,782.6524396434994,173.35373798473526,282.43431150219834,24.313321549418202,0.0,0.041666666666666664,0.08333333333333333,0.125,0.16666666666666666,0.16666666666666666,0.16666666666666666,0.2916666666666667,0.2916666666666667,0.375,0.4166666666666667,0.5,0.5416666666666666,0.5416666666666666,0.5416666666666666,0.5416666666666666,0.5833333333333334,0.75,0.875
2026-05-22 23:00:00,ols-noclip,,68.55357278884846,0.13157894736842105,300.4946001007157,430.0261446448406,0.7083333333333334,0.875,826.8558295932274,174.96765527011374,283.34932179723467,27.506642597076517,0.0,0.041666666666666664,0.08333333333333333,0.125,0.16666666666666666,0.16666666666666666,0.16666666666666666,0.2916666666666667,0.2916666666666667,0.375,0.4166666666666667,0.5,0.5416666666666666,0.5416666666666666,0.5416666666666666,0.5416666666666666,0.5833333333333334,0.75,0.875
2026-05-24 23:00:00,ols,0.025023221969604492,27.79591179380839,0.20657894736842106,369.0876146337043,608.0679021512524,0.9166666666666666,0.9583333333333334,614.5441318440161,71.99139718132813,102.45234682465703,24.41309849477705,0.041666666666666664,0.08333333333333333,0.16666666666666666,0.20833333333333334,0.4166666666666667,0.5,0.625,0.7083333333333334,0.75,0.9583333333333334,0.9583333333333334,0.9583333333333334,1.0,1.0,1.0,1.0,1.0,1.0,1.0
2026-05-24 23:00:00,rescale,0.014826774597167969,29.233335205626965,0.1530701754385965,435.4270604835876,706.9201890115564,0.9583333333333334,1.0,706.9201890115564,67.06067367697544,112.41435458659286,27.320954588673143,0.0,0.041666666666666664,0.125,0.20833333333333334,0.20833333333333334,0.25,0.4166666666666667,0.5,0.5833333333333334,0.75,0.9166666666666666,0.9583333333333334,1.0,1.0,1.0,1.0,1.0,1.0,1.0
2026-05-24 23:00:00,raw,0.008530855178833008,39.052250164473676,0.31798245614035087,445.51166666666677,623.3649583333329,0.7083333333333334,0.875,634.223708333333,105.30895833333334,127.44795697247693,27.287359375000005,0.125,0.2916666666666667,0.5,0.625,0.7083333333333334,0.7083333333333334,0.7083333333333334,0.9583333333333334,0.9583333333333334,0.9583333333333334,1.0,1.0,1.0,1.0,1.0,1.0,1.0,1.0,1.0
2026-05-24 23:00:00,ols-weighted,0.02082681655883789,28.421101165282046,0.20219298245614037,408.0647502841141,713.1211944539855,0.9583333333333334,0.9583333333333334,718.457910110512,71.909185508948,102.91509816204871,29.008092982064444,0.041666666666666664,0.041666666666666664,0.16666666666666666,0.20833333333333334,0.4166666666666667,0.4583333333333333,0.5833333333333334,0.6666666666666666,0.75,0.9583333333333334,0.9583333333333334,0.9583333333333334,1.0,1.0,1.0,1.0,1.0,1.0,1.0
2026-05-24 23:00:00,ols-noclip,,27.79591179380839,0.20657894736842106,369.0876146337043,608.0679021512524,0.9166666666666666,0.9583333333333334,614.5441318440161,71.99139718132813,102.45234682465703,24.41309849477705,0.041666666666666664,0.08333333333333333,0.16666666666666666,0.20833333333333334,0.4166666666666667,0.5,0.625,0.7083333333333334,0.75,0.9583333333333334,0.9583333333333334,0.9583333333333334,1.0,1.0,1.0,1.0,1.0,1.0,1.0
2026-05-26 23:00:00,ols,0.01555943489074707,12.156904343437091,0.13464912280701755,115.0202165401555,145.7452768875376,0.9166666666666666,0.9583333333333334,179.2410137846373,33.66103372242573,80.33302060788331,5.015933662614018,0.041666666666666664,0.08333333333333333,0.125,0.20833333333333334,0.375,0.4583333333333333,0.5,0.625,0.625,0.75,0.75,0.75,0.8333333333333334,0.9583333333333334,0.9583333333333334,0.9583333333333334,0.9583333333333334,1.0,1.0
2026-05-26 23:00:00,rescale,0.011404752731323242,12.337332511932217,0.12280701754385968,128.47854311894994,163.76322068425992,0.9583333333333334,0.9583333333333334,193.31116121920067,34.32759006174849,80.08888464428911,5.722962597311091,0.041666666666666664,0.041666666666666664,0.08333333333333333,0.16666666666666666,0.2916666666666667,0.4583333333333333,0.4583333333333333,0.5833333333333334,0.5833333333333334,0.6666666666666666,0.75,0.75,0.7916666666666666,0.9583333333333334,0.9583333333333334,0.9583333333333334,0.9583333333333334,1.0,1.0
2026-05-26 23:00:00,raw,0.018238544464111328,52.80981639254386,0.3925438596491228,462.96329166666675,624.7036458333329,0.4583333333333333,0.8333333333333334,678.4628124999996,144.773125,197.39049323559544,29.250668750000003,0.16666666666666666,0.5416666666666666,0.6666666666666666,0.8333333333333334,0.9166666666666666,0.9583333333333334,0.9583333333333334,0.9583333333333334,0.9583333333333334,1.0,1.0,1.0,1.0,1.0,1.0,1.0,1.0,1.0,1.0
2026-05-26 23:00:00,ols-weighted,0.02527141571044922,12.252682066333028,0.13464912280701755,119.27838545841024,161.86239024194006,0.9166666666666666,0.9583333333333334,194.74383466428273,33.65404303451362,80.36460595602212,5.640164400227676,0.041666666666666664,0.08333333333333333,0.125,0.20833333333333334,0.375,0.4583333333333333,0.5,0.625,0.625,0.75,0.75,0.75,0.8333333333333334,0.9583333333333334,0.9583333333333334,0.9583333333333334,0.9583333333333334,1.0,1.0
2026-05-26 23:00:00,ols-noclip,,12.156904343437091,0.13464912280701755,115.0202165401555,145.7452768875376,0.9166666666666666,0.9583333333333334,179.2410137846373,33.66103372242573,80.33302060788331,5.015933662614018,0.041666666666666664,0.08333333333333333,0.125,0.20833333333333334,0.375,0.4583333333333333,0.5,0.625,0.625,0.75,0.75,0.75,0.8333333333333334,0.9583333333333334,0.9583333333333334,0.9583333333333334,0.9583333333333334,1.0,1.0
2026-05-28 23:00:00,ols,0.013091325759887695,14.724973246095738,0.27850877192982454,147.36239953918707,200.82001129700845,0.7916666666666666,0.875,253.05185734094945,42.86318011591288,58.143381718605696,6.943611910558893,0.0,0.0,0.0,0.0,0.0,0.0,0.0,0.0,0.0,0.0,0.041666666666666664,0.08333333333333333,0.125,0.3333333333333333,0.4583333333333333,0.75,0.75,0.7916666666666666,0.875
2026-05-28 23:00:00,rescale,0.013533592224121094,15.738406169757306,0.2807017543859649,170.86807513169913,231.78657448824586,0.7916666666666666,0.9166666666666666,273.2145760514144,44.61494977633225,56.52315201891402,7.165455906389148,0.0,0.0,0.0,0.0,0.0,0.0,0.0,0.0,0.0,0.0,0.041666666666666664,0.041666666666666664,0.16666666666666666,0.2916666666666667,0.4166666666666667,0.7083333333333334,0.7916666666666666,0.7916666666666666,0.9166666666666666
2026-05-28 23:00:00,raw,0.02315831184387207,22.249193311403513,0.20833333333333331,396.54400000000015,628.3044166666663,1.0,1.0,628.3044166666663,45.56937500000001,54.99698041900423,26.331902083333336,0.0,0.0,0.0,0.0,0.16666666666666666,0.375,0.5833333333333334,0.7083333333333334,0.75,0.8333333333333334,0.9166666666666666,0.9583333333333334,1.0,1.0,1.0,1.0,1.0,1.0,1.0
2026-05-28 23:00:00,ols-weighted,0.02245807647705078,14.700268892798256,0.26403508771929823,155.04293860644518,218.2438327574007,0.8333333333333334,0.9583333333333334,251.64751680859194,42.64829601917512,57.85961364513129,6.637565656971616,0.0,0.0,0.0,0.0,0.0,0.0,0.0,0.0,0.0,0.0,0.041666666666666664,0.08333333333333333,0.20833333333333334,0.4166666666666667,0.4583333333333333,0.75,0.75,0.8333333333333334,0.9583333333333334
2026-05-28 23:00:00,ols-noclip,,14.724973246095738,0.27850877192982454,147.36239953918707,200.82001129700845,0.7916666666666666,0.875,253.05185734094945,42.86318011591288,58.143381718605696,6.943611910558893,0.0,0.0,0.0,0.0,0.0,0.0,0.0,0.0,0.0,0.0,0.041666666666666664,0.08333333333333333,0.125,0.3333333333333333,0.4583333333333333,0.75,0.75,0.7916666666666666,0.875
2026-05-30 23:00:00,ols,0.020430564880371094,59.71824329830454,0.38377192982456143,532.3527039409636,712.510046959124,0.7083333333333334,0.875,822.2260709245975,156.94903468436004,179.32452234299862,31.955692557864452,0.125,0.2916666666666667,0.7916666666666666,0.875,0.9166666666666666,0.9166666666666666,0.9583333333333334,0.9583333333333334,0.9583333333333334,1.0,1.0,1.0,1.0,1.0,1.0,1.0,1.0,1.0,1.0
2026-05-30 23:00:00,rescale,0.024250030517578125,59.963156712310855,0.3421052631578947,607.8762866446151,814.3734976669722,0.8333333333333334,0.875,907.7999888230046,157.97259011740837,187.74248028323564,35.26452096731751,0.125,0.16666666666666666,0.5,0.75,0.8333333333333334,0.8333333333333334,0.9166666666666666,0.9166666666666666,0.9583333333333334,1.0,1.0,1.0,1.0,1.0,1.0,1.0,1.0,1.0,1.0
2026-05-30 23:00:00,raw,0.01809382438659668,67.79926694078945,0.31666666666666665,850.1290000000002,1478.6117499999928,0.875,0.9583333333333334,1485.9942499999927,182.84687499999998,226.59639723663966,70.0284937499997,0.041666666666666664,0.125,0.25,0.5416666666666666,0.75,0.8333333333333334,0.9583333333333334,1.0,1.0,1.0,1.0,1.0,1.0,1.0,1.0,1.0,1.0,1.0,1.0
2026-05-30 23:00:00,ols-weighted,0.021846294403076172,59.90703785379116,0.37499999999999994,569.362668992034,804.6491748038952,0.7916666666666666,0.9166666666666666,867.9398431762803,157.53503690142114,179.91422620828845,35.579361763854045,0.08333333333333333,0.20833333333333334,0.75,0.875,0.9166666666666666,0.9166666666666666,0.9583333333333334,0.9583333333333334,0.9583333333333334,1.0,1.0,1.0,1.0,1.0,1.0,1.0,1.0,1.0,1.0
2026-05-30 23:00:00,ols-noclip,,59.71824329830454,0.38377192982456143,532.3527039409636,712.510046959124,0.7083333333333334,0.875,822.2260709245975,156.94903468436004,179.32452234299862,31.955692557864452,0.125,0.2916666666666667,0.7916666666666666,0.875,0.9166666666666666,0.9166666666666666,0.9583333333333334,0.9583333333333334,0.9583333333333334,1.0,1.0,1.0,1.0,1.0,1.0,1.0,1.0,1.0,1.0
2026-06-01 23:00:00,ols,0.018062353134155273,54.454177340953116,0.27631578947368424,189.36719236080765,255.9311014892106,0.5416666666666666,0.625,1112.0061034705277,130.73001971627812,222.0163010763641,46.370268901580744,0.0,0.0,0.0,0.0,0.041666666666666664,0.125,0.16666666666666666,0.20833333333333334,0.20833333333333334,0.25,0.25,0.25,0.25,0.25,0.25,0.375,0.4583333333333333,0.5416666666666666,0.625
2026-06-01 23:00:00,rescale,0.00960087776184082,52.84357198092444,0.24122807017543857,250.9154377643741,344.7081740268072,0.5833333333333334,0.7083333333333334,850.1097291596006,137.38020977935332,208.67211453913237,32.672698539350364,0.0,0.0,0.041666666666666664,0.08333333333333333,0.125,0.20833333333333334,0.20833333333333334,0.20833333333333334,0.25,0.25,0.25,0.25,0.25,0.25,0.2916666666666667,0.4583333333333333,0.5,0.5833333333333334,0.7083333333333334
2026-06-01 23:00:00,raw,0.01385641098022461,57.4810245614035,0.09298245614035089,1122.895666666667,1701.1003958333301,1.0,1.0,1701.1003958333301,137.01229166666667,190.49587977007533,73.34703645833324,0.0,0.0,0.0,0.125,0.16666666666666666,0.25,0.25,0.25,0.25,0.4583333333333333,0.5416666666666666,0.5416666666666666,0.5833333333333334,0.7083333333333334,0.875,1.0,1.0,1.0,1.0
2026-06-01 23:00:00,ols-weighted,0.010814666748046875,53.881717367460574,0.27192982456140347,200.96685540158356,286.29810492039223,0.5416666666666666,0.625,1005.329286206323,130.8321103581412,222.0416257108691,40.643287908242186,0.0,0.0,0.0,0.0,0.041666666666666664,0.125,0.16666666666666666,0.20833333333333334,0.20833333333333334,0.25,0.25,0.25,0.25,0.25,0.25,0.4166666666666667,0.5,0.5416666666666666,0.625
2026-06-01 23:00:00,ols-noclip,,54.454177340953116,0.27631578947368424,189.36719236080765,255.9311014892106,0.5416666666666666,0.625,1112.0061034705277,130.73001971627812,222.0163010763641,46.370268901580744,0.0,0.0,0.0,0.0,0.041666666666666664,0.125,0.16666666666666666,0.20833333333333334,0.20833333333333334,0.25,0.25,0.25,0.25,0.25,0.25,0.375,0.4583333333333333,0.5416666666666666,0.625
2026-06-03 23:00:00,ols,0.017788410186767578,38.356949585753554,0.25438596491228066,479.8016970106078,665.8094510616771,0.875,0.9166666666666666,703.8027009141442,90.39170528926955,105.35494079853966,24.87701512220708,0.08333333333333333,0.125,0.25,0.4583333333333333,0.6666666666666666,0.7083333333333334,0.8333333333333334,0.8333333333333334,0.8333333333333334,0.875,0.9166666666666666,0.9166666666666666,0.9166666666666666,0.9166666666666666,1.0,1.0,1.0,1.0,1.0
2026-06-03 23:00:00,rescale,0.013190746307373047,40.07850429014016,0.1850877192982456,594.5431534349946,844.3739879938597,0.9583333333333334,1.0,844.3739879938597,91.05613121735634,118.84615344773184,30.7146129952384,0.0,0.041666666666666664,0.125,0.20833333333333334,0.20833333333333334,0.3333333333333333,0.5833333333333334,0.75,0.8333333333333334,0.875,0.9166666666666666,0.9166666666666666,0.9166666666666666,0.9583333333333334,1.0,1.0,1.0,1.0,1.0
2026-06-03 23:00:00,raw,0.026561975479125977,30.14404040570175,0.19605263157894734,394.5374583333334,586.9589999999996,1.0,1.0,586.9589999999996,72.84104166666667,128.9259338446239,17.657654166666667,0.0,0.0,0.0,0.0,0.0,0.0,0.0,0.0,0.0,0.125,0.25,0.3333333333333333,0.4583333333333333,0.625,0.7083333333333334,0.75,0.875,1.0,1.0
2026-06-03 23:00:00,ols-weighted,0.017477989196777344,39.01975681157431,0.24999999999999994,508.3651636634225,752.4718310184902,0.875,0.9166666666666666,784.3651302857808,90.65265088209016,105.65533556461597,27.541131875993486,0.08333333333333333,0.125,0.25,0.4166666666666667,0.625,0.7083333333333334,0.8333333333333334,0.8333333333333334,0.8333333333333334,0.875,0.9166666666666666,0.9166666666666666,0.9166666666666666,0.9166666666666666,1.0,1.0,1.0,1.0,1.0
2026-06-03 23:00:00,ols-noclip,,38.356949585753554,0.25438596491228066,479.8016970106078,665.8094510616771,0.875,0.9166666666666666,703.8027009141442,90.39170528926955,105.35494079853966,24.87701512220708,0.08333333333333333,0.125,0.25,0.4583333333333333,0.6666666666666666,0.7083333333333334,0.8333333333333334,0.8333333333333334,0.8333333333333334,0.875,0.9166666666666666,0.9166666666666666,0.9166666666666666,0.9166666666666666,1.0,1.0,1.0,1.0,1.0
2026-06-05 23:00:00,ols,0.023279428482055664,37.65882430777123,0.10307017543859649,317.63040369143124,436.4652751695225,0.8333333333333334,0.8333333333333334,603.8305973530804,101.65449202050051,155.55736242258348,19.989542098707076,0.125,0.125,0.25,0.3333333333333333,0.375,0.4583333333333333,0.5416666666666666,0.5416666666666666,0.5416666666666666,0.5833333333333334,0.6666666666666666,0.6666666666666666,0.7083333333333334,0.875,0.875,0.9166666666666666,0.9583333333333334,0.9583333333333334,0.9583333333333334
2026-06-05 23:00:00,rescale,0.010421514511108398,38.67345211809365,0.0763157894736842,375.4333020230856,512.6200946452756,0.8333333333333334,0.875,632.6577138318327,103.83189362328069,171.04792050458352,21.47069624569215,0.08333333333333333,0.125,0.125,0.16666666666666666,0.20833333333333334,0.3333333333333333,0.5,0.5416666666666666,0.5416666666666666,0.5833333333333334,0.6666666666666666,0.6666666666666666,0.6666666666666666,0.875,0.875,0.9166666666666666,0.9583333333333334,0.9583333333333334,0.9583333333333334
2026-06-05 23:00:00,raw,0.01013493537902832,38.82575564692982,0.1105263157894737,421.4508333333335,673.5883124999995,0.875,0.9583333333333334,697.5087291666665,95.45145833333333,141.22531460179158,26.498963541666683,0.0,0.08333333333333333,0.125,0.125,0.125,0.125,0.125,0.16666666666666666,0.16666666666666666,0.375,0.4166666666666667,0.5416666666666666,0.5416666666666666,0.5416666666666666,0.625,0.75,0.9166666666666666,0.9583333333333334,0.9583333333333334
2026-06-05 23:00:00,ols-weighted,0.014571905136108398,37.62909306298246,0.09649122807017545,335.2700470553786,468.20843355599646,0.8333333333333334,0.875,591.3782110292614,101.56280543050559,154.81677711189965,19.924736330171623,0.08333333333333333,0.125,0.25,0.2916666666666667,0.375,0.4583333333333333,0.5416666666666666,0.5416666666666666,0.5416666666666666,0.5833333333333334,0.625,0.6666666666666666,0.7083333333333334,0.875,0.875,0.9166666666666666,0.9583333333333334,0.9583333333333334,0.9583333333333334
2026-06-05 23:00:00,ols-noclip,,37.65882430777123,0.10307017543859649,317.63040369143124,436.4652751695225,0.8333333333333334,0.8333333333333334,603.8305973530804,101.65449202050051,155.55736242258348,19.989542098707076,0.125,0.125,0.25,0.3333333333333333,0.375,0.4583333333333333,0.5416666666666666,0.5416666666666666,0.5416666666666666,0.5833333333333334,0.6666666666666666,0.6666666666666666,0.7083333333333334,0.875,0.875,0.9166666666666666,0.9583333333333334,0.9583333333333334,0.9583333333333334
2026-06-07 23:00:00,ols,0.031815290451049805,15.773394586566203,0.22675438596491224,255.42995867234697,400.1751302286927,0.9583333333333334,1.0,400.1751302286927,36.5336404071568,40.55163574870442,12.660037255806126,0.0,0.041666666666666664,0.08333333333333333,0.20833333333333334,0.2916666666666667,0.5,0.7083333333333334,0.8333333333333334,0.9166666666666666,0.9583333333333334,0.9583333333333334,0.9583333333333334,1.0,1.0,1.0,1.0,1.0,1.0,1.0
2026-06-07 23:00:00,rescale,0.0394282341003418,18.789139791916874,0.18728070175438594,362.75910073197974,569.0986212555698,1.0,1.0,569.0986212555698,30.06486687469655,41.778625415763784,17.39782536197077,0.0,0.0,0.0,0.041666666666666664,0.08333333333333333,0.2916666666666667,0.4583333333333333,0.4583333333333333,0.5833333333333334,0.9166666666666666,0.9583333333333334,1.0,1.0,1.0,1.0,1.0,1.0,1.0,1.0
2026-06-07 23:00:00,raw,0.030643463134765625,25.67148316885965,0.20701754385964913,479.8085000000001,683.1408958333327,1.0,1.0,683.1408958333327,41.01645833333333,59.68724915305056,27.255523958333328,0.0,0.0,0.0,0.0,0.0,0.041666666666666664,0.125,0.20833333333333334,0.5416666666666666,0.7083333333333334,0.9583333333333334,1.0,1.0,1.0,1.0,1.0,1.0,1.0,1.0
2026-06-07 23:00:00,ols-weighted,0.032930612564086914,16.060855164270368,0.22456140350877193,275.03668681700304,472.3886784121523,0.9583333333333334,1.0,472.3886784121523,36.07826024160302,40.015193972478976,14.223991893730307,0.0,0.041666666666666664,0.08333333333333333,0.20833333333333334,0.2916666666666667,0.4583333333333333,0.7083333333333334,0.8333333333333334,0.9166666666666666,0.9583333333333334,0.9583333333333334,0.9583333333333334,1.0,1.0,1.0,1.0,1.0,1.0,1.0
2026-06-07 23:00:00,ols-noclip,,15.773394586566203,0.22675438596491224,255.42995867234697,400.1751302286927,0.9583333333333334,1.0,400.1751302286927,36.5336404071568,40.55163574870442,12.660037255806126,0.0,0.041666666666666664,0.08333333333333333,0.20833333333333334,0.2916666666666667,0.5,0.7083333333333334,0.8333333333333334,0.9166666666666666,0.9583333333333334,0.9583333333333334,0.9583333333333334,1.0,1.0,1.0,1.0,1.0,1.0,1.0
2026-06-09 23:00:00,ols,0.011838674545288086,9.113582517201145,0.09561403508771929,43.55019060067133,65.8657607740902,0.5833333333333334,0.6666666666666666,146.2243480972758,22.593566062702006,42.669439025259294,4.58261144705753,0.16666666666666666,0.16666666666666666,0.2916666666666667,0.375,0.4166666666666667,0.4166666666666667,0.4583333333333333,0.4583333333333333,0.5,0.5416666666666666,0.5833333333333334,0.5833333333333334,0.625,0.625,0.625,0.7083333333333334,0.7083333333333334,0.75,0.8333333333333334
2026-06-09 23:00:00,rescale,0.009522676467895508,8.60595968712939,0.047368421052631574,58.383347553126136,90.29083055778256,0.6666666666666666,0.8333333333333334,135.706220137236,21.846940961084737,40.664983767452064,4.140593319357639,0.041666666666666664,0.125,0.16666666666666666,0.20833333333333334,0.20833333333333334,0.20833333333333334,0.3333333333333333,0.4166666666666667,0.4583333333333333,0.4583333333333333,0.5416666666666666,0.5416666666666666,0.5833333333333334,0.625,0.7083333333333334,0.7083333333333334,0.75,0.7916666666666666,0.875
2026-06-09 23:00:00,raw,0.00884246826171875,24.667339802631574,0.2171052631578947,425.1225000000001,559.942208333333,1.0,1.0,559.942208333333,56.238333333333316,73.7316777099007,22.18296458333334,0.0,0.0,0.0,0.08333333333333333,0.125,0.3333333333333333,0.5,0.6666666666666666,0.8333333333333334,1.0,1.0,1.0,1.0,1.0,1.0,1.0,1.0,1.0,1.0
2026-06-09 23:00:00,ols-weighted,0.01088261604309082,9.028593531394772,0.08684210526315789,46.81282656870393,75.35253721131588,0.5833333333333334,0.75,134.20515549277332,22.578973158430625,42.633186519184655,4.188911243470823,0.08333333333333333,0.16666666666666666,0.25,0.375,0.4166666666666667,0.4166666666666667,0.4583333333333333,0.4583333333333333,0.5,0.5416666666666666,0.5833333333333334,0.5833333333333334,0.625,0.625,0.6666666666666666,0.7083333333333334,0.7083333333333334,0.75,0.8333333333333334
2026-06-09 23:00:00,ols-noclip,,9.113582517201145,0.09561403508771929,43.55019060067133,65.8657607740902,0.5833333333333334,0.6666666666666666,146.2243480972758,22.593566062702006,42.669439025259294,4.58261144705753,0.16666666666666666,0.16666666666666666,0.2916666666666667,0.375,0.4166666666666667,0.4166666666666667,0.4583333333333333,0.4583333333333333,0.5,0.5416666666666666,0.5833333333333334,0.5833333333333334,0.625,0.625,0.625,0.7083333333333334,0.7083333333333334,0.75,0.8333333333333334
2026-06-11 23:00:00,ols,0.009586811065673828,30.70354514763835,0.16885964912280702,399.5985637241197,566.3857534099023,0.7916666666666666,0.9166666666666666,583.0671327986612,61.10325121567403,91.17889205372656,22.068341269110586,0.08333333333333333,0.20833333333333334,0.25,0.25,0.3333333333333333,0.4166666666666667,0.4583333333333333,0.625,0.6666666666666666,0.7083333333333334,0.875,0.9166666666666666,0.9583333333333334,0.9583333333333334,1.0,1.0,1.0,1.0,1.0
2026-06-11 23:00:00,rescale,0.009328603744506836,33.75528001970958,0.14780701754385966,461.3659658399328,644.3491058310551,0.7916666666666666,0.9166666666666666,649.5252560262356,66.04683021336366,100.85515046874329,25.068738906989797,0.08333333333333333,0.20833333333333334,0.20833333333333334,0.25,0.25,0.2916666666666667,0.4583333333333333,0.5833333333333334,0.625,0.75,0.7916666666666666,0.875,0.9583333333333334,0.9583333333333334,1.0,1.0,1.0,1.0,1.0
2026-06-11 23:00:00,raw,0.00939488410949707,29.413107949561404,0.11622807017543862,480.5932083333334,629.8421666666662,1.0,1.0,629.8421666666662,58.66770833333334,102.17636110034616,22.09611354166667,0.0,0.0,0.0,0.08333333333333333,0.20833333333333334,0.20833333333333334,0.25,0.2916666666666667,0.375,0.4166666666666667,0.625,0.75,0.8333333333333334,0.875,0.9583333333333334,1.0,1.0,1.0,1.0
2026-06-11 23:00:00,ols-weighted,0.009942054748535156,31.220120968914692,0.16535087719298244,431.34701547608364,645.0944143365449,0.7916666666666666,0.9583333333333334,650.9895657498613,60.9104259680847,90.61317332356589,24.8853698401213,0.041666666666666664,0.20833333333333334,0.20833333333333334,0.25,0.3333333333333333,0.375,0.4583333333333333,0.625,0.6666666666666666,0.7083333333333334,0.875,0.9166666666666666,0.9583333333333334,1.0,1.0,1.0,1.0,1.0,1.0
2026-06-11 23:00:00,ols-noclip,,30.70354514763835,0.16885964912280702,399.5985637241197,566.3857534099023,0.7916666666666666,0.9166666666666666,583.0671327986612,61.10325121567403,91.17889205372656,22.068341269110586,0.08333333333333333,0.20833333333333334,0.25,0.25,0.3333333333333333,0.4166666666666667,0.4583333333333333,0.625,0.6666666666666666,0.7083333333333334,0.875,0.9166666666666666,0.9583333333333334,0.9583333333333334,1.0,1.0,1.0,1.0,1.0
2026-06-13 23:00:00,ols,0.017507076263427734,50.80618426969353,0.418859649122807,321.7276286550443,440.92499497810127,0.4166666666666667,0.5,756.6400646965149,140.56571300998255,171.46376223365846,21.017519934776214,0.5,0.5833333333333334,0.8333333333333334,0.9583333333333334,0.9583333333333334,0.9583333333333334,0.9583333333333334,0.9583333333333334,0.9583333333333334,0.9583333333333334,0.9583333333333334,0.9583333333333334,0.9583333333333334,0.9583333333333334,1.0,1.0,1.0,1.0,1.0
2026-06-13 23:00:00,rescale,0.009500265121459961,46.187684038802004,0.3442982456140351,439.2159853853941,607.620073008632,0.5833333333333334,0.8333333333333334,705.7799276816239,133.52733768526662,187.97859930056674,26.212258671300926,0.16666666666666666,0.4166666666666667,0.5,0.5416666666666666,0.7916666666666666,0.9583333333333334,0.9583333333333334,0.9583333333333334,0.9583333333333334,0.9583333333333334,0.9583333333333334,0.9583333333333334,0.9583333333333334,0.9583333333333334,1.0,1.0,1.0,1.0,1.0
2026-06-13 23:00:00,raw,0.008877277374267578,32.72283826754386,0.23771929824561402,397.83975000000004,545.7292916666662,0.875,0.9583333333333334,566.1997083333329,88.61041666666665,122.61700142958695,23.06596875,0.041666666666666664,0.125,0.16666666666666666,0.25,0.4166666666666667,0.5416666666666666,0.75,0.875,0.9583333333333334,0.9583333333333334,0.9583333333333334,0.9583333333333334,1.0,1.0,1.0,1.0,1.0,1.0,1.0
2026-06-13 23:00:00,ols-weighted,0.010901927947998047,50.23212762081728,0.40789473684210525,343.22237235548374,507.0605018319008,0.5,0.5833333333333334,722.6653562317492,140.03119697788634,170.9119555693111,23.548514321985532,0.4166666666666667,0.5,0.7916666666666666,0.9583333333333334,0.9583333333333334,0.9583333333333334,0.9583333333333334,0.9583333333333334,0.9583333333333334,0.9583333333333334,0.9583333333333334,0.9583333333333334,0.9583333333333334,0.9583333333333334,1.0,1.0,1.0,1.0,1.0
2026-06-13 23:00:00,ols-noclip,,50.80618426969353,0.418859649122807,321.7276286550443,440.92499497810127,0.4166666666666667,0.5,756.6400646965149,140.56571300998255,171.46376223365846,21.017519934776214,0.5,0.5833333333333334,0.8333333333333334,0.9583333333333334,0.9583333333333334,0.9583333333333334,0.9583333333333334,0.9583333333333334,0.9583333333333334,0.9583333333333334,0.9583333333333334,0.9583333333333334,0.9583333333333334,0.9583333333333334,1.0,1.0,1.0,1.0,1.0
2026-06-15 23:00:00,ols,0.016956090927124023,69.88101574509058,0.10833333333333335,280.69775640401684,372.89662550577896,0.8333333333333334,0.875,1472.871079084345,170.6556350304045,437.54217549231976,59.63049583252161,0.0,0.0,0.0,0.041666666666666664,0.125,0.125,0.125,0.20833333333333334,0.20833333333333334,0.375,0.4166666666666667,0.625,0.7083333333333334,0.7916666666666666,0.7916666666666666,0.7916666666666666,0.8333333333333334,0.8333333333333334,0.875
2026-06-15 23:00:00,rescale,0.012353181838989258,66.31069769258424,0.1298245614035088,317.31511954648295,417.9692790831302,0.875,0.875,1306.3003251203775,166.71839022282953,424.0475895133301,50.49262303499493,0.0,0.0,0.0,0.0,0.041666666666666664,0.08333333333333333,0.125,0.16666666666666666,0.20833333333333334,0.25,0.3333333333333333,0.4583333333333333,0.6666666666666666,0.75,0.7916666666666666,0.7916666666666666,0.8333333333333334,0.875,0.875
2026-06-15 23:00:00,raw,0.022391796112060547,67.02491836622808,0.10964912280701752,440.74195833333334,591.394208333333,0.9166666666666666,0.9166666666666666,1125.0650416666692,165.1916666666667,392.47880342711926,41.06630937500014,0.0,0.0,0.0,0.0,0.041666666666666664,0.08333333333333333,0.2916666666666667,0.375,0.4583333333333333,0.7083333333333334,0.75,0.7916666666666666,0.7916666666666666,0.7916666666666666,0.8333333333333334,0.875,0.875,0.9166666666666666,0.9166666666666666
2026-06-15 23:00:00,ols-weighted,0.01677227020263672,69.20514113403742,0.10614035087719298,296.1590182305852,407.3054795966871,0.8333333333333334,0.875,1392.0007393980995,169.2992521786649,434.1880582776987,55.21848272319895,0.0,0.0,0.0,0.041666666666666664,0.125,0.125,0.125,0.20833333333333334,0.20833333333333334,0.375,0.4583333333333333,0.625,0.7083333333333334,0.7916666666666666,0.7916666666666666,0.7916666666666666,0.8333333333333334,0.8333333333333334,0.875
2026-06-15 23:00:00,ols-noclip,,69.88101574509058,0.10833333333333335,280.69775640401684,372.89662550577896,0.8333333333333334,0.875,1472.871079084345,170.6556350304045,437.54217549231976,59.63049583252161,0.0,0.0,0.0,0.041666666666666664,0.125,0.125,0.125,0.20833333333333334,0.20833333333333334,0.375,0.4166666666666667,0.625,0.7083333333333334,0.7916666666666666,0.7916666666666666,0.7916666666666666,0.8333333333333334,0.8333333333333334,0.875
2026-06-17 23:00:00,ols,0.01553201675415039,116.31400535227955,0.3157894736842105,422.95607724227176,587.5849048830008,0.5,0.5833333333333334,2354.7237860593336,282.25244913136237,384.66565416370923,95.85186376906013,0.0,0.0,0.0,0.0,0.041666666666666664,0.08333333333333333,0.08333333333333333,0.08333333333333333,0.08333333333333333,0.16666666666666666,0.16666666666666666,0.16666666666666666,0.20833333333333334,0.20833333333333334,0.2916666666666667,0.375,0.4583333333333333,0.5,0.5833333333333334
2026-06-17 23:00:00,rescale,0.011618375778198242,120.41695368151596,0.32236842105263164,478.72488921119003,661.2071422720654,0.5,0.625,2419.92090274432,296.2242186105425,393.05300104411185,97.25838751570704,0.0,0.0,0.0,0.0,0.041666666666666664,0.041666666666666664,0.08333333333333333,0.08333333333333333,0.125,0.16666666666666666,0.16666666666666666,0.16666666666666666,0.16666666666666666,0.16666666666666666,0.25,0.2916666666666667,0.5,0.5,0.625
2026-06-17 23:00:00,raw,0.014607429504394531,105.7222809758772,0.2894736842105263,496.77437500000013,648.0376666666662,0.625,0.7916666666666666,1750.0847500000011,263.96750000000003,375.2049149353813,67.0460833333334,0.0,0.0,0.0,0.0,0.0,0.041666666666666664,0.08333333333333333,0.08333333333333333,0.08333333333333333,0.16666666666666666,0.20833333333333334,0.20833333333333334,0.20833333333333334,0.3333333333333333,0.3333333333333333,0.375,0.4583333333333333,0.625,0.7916666666666666
2026-06-17 23:00:00,ols-weighted,0.024817228317260742,115.50026635062248,0.3157894736842105,455.4639287477357,646.5948853257906,0.5,0.625,2285.320652975383,282.6699759977066,385.2379472249418,91.64893470662287,0.0,0.0,0.0,0.0,0.041666666666666664,0.041666666666666664,0.08333333333333333,0.08333333333333333,0.08333333333333333,0.16666666666666666,0.16666666666666666,0.16666666666666666,0.20833333333333334,0.20833333333333334,0.2916666666666667,0.375,0.4583333333333333,0.5,0.625
2026-06-17 23:00:00,ols-noclip,,116.31400535227955,0.3157894736842105,422.95607724227176,587.5849048830008,0.5,0.5833333333333334,2354.7237860593336,282.25244913136237,384.66565416370923,95.85186376906013,0.0,0.0,0.0,0.0,0.041666666666666664,0.08333333333333333,0.08333333333333333,0.08333333333333333,0.08333333333333333,0.16666666666666666,0.16666666666666666,0.16666666666666666,0.20833333333333334,0.20833333333333334,0.2916666666666667,0.375,0.4583333333333333,0.5,0.5833333333333334
2026-06-19 23:00:00,ols,0.019968748092651367,101.22723070261122,0.418859649122807,416.64166488620975,555.5023939816996,0.25,0.375,1946.5598197332972,245.95099741082197,316.88388428913817,30.308315166853614,0.625,0.75,0.8333333333333334,0.8333333333333334,0.875,0.875,0.875,0.9583333333333334,0.9583333333333334,0.9583333333333334,0.9583333333333334,0.9583333333333334,1.0,1.0,1.0,1.0,1.0,1.0,1.0
2026-06-19 23:00:00,rescale,0.023834705352783203,103.639298965399,0.37938596491228066,556.799905382576,730.7878982865344,0.3333333333333333,0.5,1609.483797713673,259.17257243956107,365.0477265352479,36.57104794788392,0.5,0.6666666666666666,0.7083333333333334,0.8333333333333334,0.8333333333333334,0.8333333333333334,0.8333333333333334,0.8333333333333334,0.875,0.9166666666666666,0.9166666666666666,0.9583333333333334,1.0,1.0,1.0,1.0,1.0,1.0,1.0
2026-06-19 23:00:00,raw,0.02148604393005371,51.1855555372807,0.08859649122807019,488.79150000000004,621.4867708333329,0.875,0.9583333333333334,634.2121874999997,145.16125000000002,200.52028413084963,20.614971875000005,0.0,0.0,0.041666666666666664,0.08333333333333333,0.08333333333333333,0.125,0.20833333333333334,0.3333333333333333,0.375,0.4166666666666667,0.4583333333333333,0.4583333333333333,0.5833333333333334,0.625,0.7083333333333334,0.7083333333333334,0.7916666666666666,0.875,0.9583333333333334
2026-06-19 23:00:00,ols-weighted,0.01713728904724121,100.19207822754055,0.41447368421052627,443.30331470874256,607.5170200382873,0.25,0.4583333333333333,1693.7707530328887,245.5613786346603,316.6062828605753,31.703086837911613,0.5416666666666666,0.75,0.8333333333333334,0.8333333333333334,0.875,0.875,0.875,0.9583333333333334,0.9583333333333334,0.9583333333333334,0.9583333333333334,0.9583333333333334,1.0,1.0,1.0,1.0,1.0,1.0,1.0
2026-06-19 23:00:00,ols-noclip,,101.22723070261122,0.418859649122807,416.64166488620975,555.5023939816996,0.25,0.375,1946.5598197332972,245.95099741082197,316.88388428913817,30.308315166853614,0.625,0.75,0.8333333333333334,0.8333333333333334,0.875,0.875,0.875,0.9583333333333334,0.9583333333333334,0.9583333333333334,0.9583333333333334,0.9583333333333334,1.0,1.0,1.0,1.0,1.0,1.0,1.0
2026-06-21 23:00:00,ols,0.015399932861328125,44.978002193612205,0.2710526315789473,200.7106344171624,325.4969015781079,0.5833333333333334,0.75,628.3436841873274,118.36665977780619,204.48079445593982,22.816289473276157,0.16666666666666666,0.3333333333333333,0.4583333333333333,0.5416666666666666,0.6666666666666666,0.875,0.875,0.875,0.875,0.875,0.875,0.875,0.875,0.875,0.875,0.9166666666666666,0.9166666666666666,0.9166666666666666,0.9166666666666666
2026-06-21 23:00:00,rescale,0.012897729873657227,39.37299732205561,0.2131578947368421,266.8890876674316,420.51909471932237,0.875,0.9583333333333334,514.2132634269649,105.8630680615405,198.20983558567121,16.57045343134014,0.0,0.041666666666666664,0.20833333333333334,0.3333333333333333,0.4583333333333333,0.625,0.8333333333333334,0.875,0.875,0.875,0.875,0.875,0.9166666666666666,0.9166666666666666,0.9166666666666666,0.9166666666666666,0.9166666666666666,0.9166666666666666,0.9583333333333334
2026-06-21 23:00:00,raw,0.02506256103515625,38.909279605263166,0.1763157894736842,520.5512916666668,730.6551666666663,1.0,1.0,730.6551666666663,92.0614583333333,175.94907667951827,26.81308333333334,0.0,0.0,0.0,0.041666666666666664,0.16666666666666666,0.25,0.4583333333333333,0.7083333333333334,0.75,0.875,0.9166666666666666,0.9166666666666666,0.9166666666666666,0.9166666666666666,0.9166666666666666,0.9166666666666666,0.9166666666666666,1.0,1.0
2026-06-21 23:00:00,ols-weighted,0.014871358871459961,43.77655634887728,0.2609649122807018,226.22497877302462,403.6416916301062,0.6666666666666666,0.875,442.73873973567015,117.78266674722613,204.22546939815442,12.69455554841952,0.08333333333333333,0.25,0.4583333333333333,0.5416666666666666,0.625,0.875,0.875,0.875,0.875,0.875,0.875,0.875,0.875,0.875,0.9166666666666666,0.9166666666666666,0.9166666666666666,0.9166666666666666,0.9583333333333334
2026-06-21 23:00:00,ols-noclip,,44.978002193612205,0.2710526315789473,200.7106344171624,325.4969015781079,0.5833333333333334,0.75,628.3436841873274,118.36665977780619,204.48079445593982,22.816289473276157,0.16666666666666666,0.3333333333333333,0.4583333333333333,0.5416666666666666,0.6666666666666666,0.875,0.875,0.875,0.875,0.875,0.875,0.875,0.875,0.875,0.875,0.9166666666666666,0.9166666666666666,0.9166666666666666,0.9166666666666666
2026-06-23 23:00:00,ols,0.00912022590637207,19.28653128081145,0.23464912280701752,284.66475946920633,361.25034488719547,0.9166666666666666,0.9166666666666666,394.92853753718055,42.25988215483472,50.95448775488786,13.47750445299186,0.08333333333333333,0.08333333333333333,0.08333333333333333,0.2916666666666667,0.3333333333333333,0.5,0.7916666666666666,0.9166666666666666,0.9166666666666666,0.9166666666666666,0.9583333333333334,0.9583333333333334,0.9583333333333334,1.0,1.0,1.0,1.0,1.0,1.0
2026-06-23 23:00:00,rescale,0.009782075881958008,19.100556810191648,0.1855263157894737,321.6240369821013,415.9930486158621,0.9166666666666666,0.9166666666666666,434.41659369400935,33.17882893883662,45.84464257154317,15.180962778434134,0.08333333333333333,0.08333333333333333,0.08333333333333333,0.16666666666666666,0.2916666666666667,0.3333333333333333,0.375,0.5833333333333334,0.8333333333333334,0.9583333333333334,1.0,1.0,1.0,1.0,1.0,1.0,1.0,1.0,1.0
2026-06-23 23:00:00,raw,0.009148120880126953,39.51320153508772,0.39035087719298245,379.6968750000001,537.5492916666662,0.5833333333333334,0.7083333333333334,612.804708333333,101.12854166666665,106.44790833333299,24.054864583333337,0.2916666666666667,0.4166666666666667,0.6666666666666666,0.875,0.9166666666666666,0.9166666666666666,0.9166666666666666,0.9583333333333334,0.9583333333333334,1.0,1.0,1.0,1.0,1.0,1.0,1.0,1.0,1.0,1.0
2026-06-23 23:00:00,ols-weighted,0.00795888900756836,19.658749343277027,0.22807017543859648,304.03035008165335,412.4224845356683,0.9166666666666666,0.9166666666666666,443.6319128080119,41.88110139426308,50.899863862851504,15.558456914545067,0.08333333333333333,0.08333333333333333,0.08333333333333333,0.25,0.3333333333333333,0.4583333333333333,0.75,0.9166666666666666,0.9166666666666666,0.9166666666666666,0.9583333333333334,0.9583333333333334,0.9583333333333334,1.0,1.0,1.0,1.0,1.0,1.0
2026-06-23 23:00:00,ols-noclip,,19.28653128081145,0.23464912280701752,284.66475946920633,361.25034488719547,0.9166666666666666,0.9166666666666666,394.92853753718055,42.25988215483472,50.95448775488786,13.47750445299186,0.08333333333333333,0.08333333333333333,0.08333333333333333,0.2916666666666667,0.3333333333333333,0.5,0.7916666666666666,0.9166666666666666,0.9166666666666666,0.9166666666666666,0.9583333333333334,0.9583333333333334,0.9583333333333334,1.0,1.0,1.0,1.0,1.0,1.0
2026-06-25 23:00:00,ols,0.009553670883178711,19.08627835586659,0.1149122807017544,361.7258579466721,520.1905649214588,1.0,1.0,520.1905649214588,27.90692731341927,34.90624337961799,18.00729486701677,0.0,0.0,0.0,0.0,0.08333333333333333,0.16666666666666666,0.16666666666666666,0.20833333333333334,0.3333333333333333,0.4583333333333333,0.5,0.625,0.6666666666666666,0.8333333333333334,0.875,1.0,1.0,1.0,1.0
2026-06-25 23:00:00,rescale,0.009612083435058594,21.450867524531596,0.11885964912280704,400.6766259074439,576.0677626513506,1.0,1.0,576.0677626513506,34.27680402395038,42.703041730277874,20.003174722789,0.0,0.0,0.0,0.0,0.08333333333333333,0.16666666666666666,0.16666666666666666,0.16666666666666666,0.3333333333333333,0.4166666666666667,0.5,0.5416666666666666,0.6666666666666666,0.7916666666666666,0.875,1.0,1.0,1.0,1.0
2026-06-25 23:00:00,raw,0.008188962936401367,21.350511019736842,0.17587719298245616,411.96345833333334,539.365270833333,1.0,1.0,539.365270833333,40.15270833333333,53.78554151481294,20.36871666666667,0.0,0.0,0.0,0.0,0.16666666666666666,0.25,0.3333333333333333,0.5,0.625,0.75,0.9583333333333334,0.9583333333333334,1.0,1.0,1.0,1.0,1.0,1.0,1.0
2026-06-25 23:00:00,ols-weighted,0.011697769165039062,19.732336418125495,0.11710526315789477,392.2832838280157,576.0093392386506,1.0,1.0,576.0093392386506,28.253722884588665,35.177983208193126,20.150154763240952,0.0,0.0,0.0,0.0,0.08333333333333333,0.16666666666666666,0.16666666666666666,0.20833333333333334,0.3333333333333333,0.4583333333333333,0.5,0.625,0.6666666666666666,0.8333333333333334,0.9166666666666666,1.0,1.0,1.0,1.0
2026-06-25 23:00:00,ols-noclip,,19.08627835586659,0.1149122807017544,361.7258579466721,520.1905649214588,1.0,1.0,520.1905649214588,27.90692731341927,34.90624337961799,18.00729486701677,0.0,0.0,0.0,0.0,0.08333333333333333,0.16666666666666666,0.16666666666666666,0.20833333333333334,0.3333333333333333,0.4583333333333333,0.5,0.625,0.6666666666666666,0.8333333333333334,0.875,1.0,1.0,1.0,1.0
2026-06-27 23:00:00,ols,0.01370096206665039,46.86121041399624,0.2521929824561404,215.40179539940132,377.4612021966453,0.3333333333333333,0.5416666666666666,1002.0351257557435,114.90554903671763,143.037842223095,19.631598696065456,0.4166666666666667,0.625,0.6666666666666666,0.6666666666666666,0.7083333333333334,0.7083333333333334,0.7083333333333334,0.7083333333333334,0.7083333333333334,0.7083333333333334,0.75,0.75,0.75,0.8333333333333334,0.8333333333333334,0.875,0.9583333333333334,0.9583333333333334,0.9583333333333334
2026-06-27 23:00:00,rescale,0.008975028991699219,46.036178987614036,0.22807017543859653,250.3311669558481,429.92648433828725,0.4583333333333333,0.625,919.9276208649147,116.16986406972376,145.92512123898774,21.350782324897633,0.3333333333333333,0.5,0.625,0.6666666666666666,0.6666666666666666,0.7083333333333334,0.7083333333333334,0.7083333333333334,0.7083333333333334,0.7083333333333334,0.7083333333333334,0.7083333333333334,0.7083333333333334,0.7916666666666666,0.8333333333333334,0.875,0.9583333333333334,0.9583333333333334,0.9583333333333334
2026-06-27 23:00:00,raw,0.006564140319824219,54.71958486842106,0.28289473684210525,415.2753333333333,585.0298333333328,0.5416666666666666,0.5833333333333334,1243.4302499999997,135.604375,191.8237477504849,28.65458020833334,0.4166666666666667,0.4583333333333333,0.6666666666666666,0.6666666666666666,0.7083333333333334,0.7083333333333334,0.7083333333333334,0.7083333333333334,0.7083333333333334,0.7083333333333334,0.7916666666666666,0.7916666666666666,0.9166666666666666,0.9583333333333334,0.9583333333333334,1.0,1.0,1.0,1.0
2026-06-27 23:00:00,ols-weighted,0.007983684539794922,46.70806045781487,0.24780701754385967,230.76050147345617,437.75795388167916,0.3333333333333333,0.5833333333333334,1000.9729287321214,114.62021783664723,142.93032476244912,22.17433902968904,0.375,0.625,0.6666666666666666,0.6666666666666666,0.6666666666666666,0.7083333333333334,0.7083333333333334,0.7083333333333334,0.7083333333333334,0.7083333333333334,0.75,0.75,0.75,0.8333333333333334,0.8333333333333334,0.875,0.9583333333333334,0.9583333333333334,0.9583333333333334
2026-06-27 23:00:00,ols-noclip,,46.86121041399624,0.2521929824561404,215.40179539940132,377.4612021966453,0.3333333333333333,0.5416666666666666,1002.0351257557435,114.90554903671763,143.037842223095,19.631598696065456,0.4166666666666667,0.625,0.6666666666666666,0.6666666666666666,0.7083333333333334,0.7083333333333334,0.7083333333333334,0.7083333333333334,0.7083333333333334,0.7083333333333334,0.75,0.75,0.75,0.8333333333333334,0.8333333333333334,0.875,0.9583333333333334,0.9583333333333334,0.9583333333333334
2026-06-29 23:00:00,ols,0.0072214603424072266,25.215987686366358,0.11228070175438598,391.8454916494523,523.3621500906637,1.0,1.0,523.3621500906637,69.36258680280288,141.60905419141255,20.075248977818855,0.0,0.0,0.041666666666666664,0.041666666666666664,0.08333333333333333,0.16666666666666666,0.25,0.25,0.2916666666666667,0.375,0.4583333333333333,0.5,0.6666666666666666,0.75,0.9166666666666666,0.9583333333333334,1.0,1.0,1.0
2026-06-29 23:00:00,rescale,0.008112907409667969,28.64244122505696,0.11008771929824562,438.8393993213139,592.5793056322156,1.0,1.0,592.5793056322156,78.70882081617263,165.89337309510591,22.834291427895494,0.0,0.0,0.041666666666666664,0.041666666666666664,0.125,0.16666666666666666,0.25,0.25,0.25,0.375,0.4166666666666667,0.5,0.6666666666666666,0.75,0.8333333333333334,0.9583333333333334,1.0,1.0,1.0
2026-06-29 23:00:00,raw,0.006784915924072266,33.06503854166667,0.21052631578947367,495.6254166666667,632.280083333333,0.9583333333333334,1.0,632.280083333333,77.56291666666668,138.62078588424853,26.248648958333337,0.0,0.041666666666666664,0.08333333333333333,0.16666666666666666,0.2916666666666667,0.5,0.625,0.6666666666666666,0.8333333333333334,0.875,1.0,1.0,1.0,1.0,1.0,1.0,1.0,1.0,1.0
2026-06-29 23:00:00,ols-weighted,0.016854047775268555,25.792843245278743,0.11885964912280704,415.627568922685,575.1398544484565,1.0,1.0,575.1398544484565,69.04213462829317,141.41799785358955,22.131280685410406,0.0,0.0,0.041666666666666664,0.041666666666666664,0.041666666666666664,0.16666666666666666,0.25,0.25,0.2916666666666667,0.375,0.4583333333333333,0.5,0.6666666666666666,0.75,0.9583333333333334,1.0,1.0,1.0,1.0
2026-06-29 23:00:00,ols-noclip,,25.215987686366358,0.11228070175438598,391.8454916494523,523.3621500906637,1.0,1.0,523.3621500906637,69.36258680280288,141.60905419141255,20.075248977818855,0.0,0.0,0.041666666666666664,0.041666666666666664,0.08333333333333333,0.16666666666666666,0.25,0.25,0.2916666666666667,0.375,0.4583333333333333,0.5,0.6666666666666666,0.75,0.9166666666666666,0.9583333333333334,1.0,1.0,1.0
2026-07-01 23:00:00,ols,0.013468027114868164,23.356576895465235,0.39473684210526316,194.823331330015,255.68621571568323,0.4583333333333333,0.75,344.90730612501324,60.29436780802745,84.32684391429778,12.121733057517703,0.25,0.5416666666666666,0.7916666666666666,0.8333333333333334,0.9166666666666666,0.9166666666666666,0.9166666666666666,0.9166666666666666,0.9166666666666666,1.0,1.0,1.0,1.0,1.0,1.0,1.0,1.0,1.0,1.0
2026-07-01 23:00:00,rescale,0.012572288513183594,23.507953873974174,0.32894736842105265,234.5184519845602,309.04018262540694,0.75,0.8333333333333334,347.78298264863446,60.45931529408153,92.51068927657039,14.035052962188288,0.16666666666666666,0.25,0.4166666666666667,0.625,0.8333333333333334,0.8333333333333334,0.875,0.9166666666666666,0.9166666666666666,0.9166666666666666,1.0,1.0,1.0,1.0,1.0,1.0,1.0,1.0,1.0
2026-07-01 23:00:00,raw,0.006242513656616211,32.1381617872807,0.2548245614035088,354.5497083333334,466.5981458333331,0.9166666666666666,1.0,466.5981458333331,92.04625,160.09235576040686,19.76839479166667,0.0,0.08333333333333333,0.16666666666666666,0.3333333333333333,0.5,0.5833333333333334,0.6666666666666666,0.9166666666666666,0.9583333333333334,1.0,1.0,1.0,1.0,1.0,1.0,1.0,1.0,1.0,1.0
2026-07-01 23:00:00,ols-weighted,0.013950586318969727,23.386312234048013,0.3837719298245614,204.81368817052055,273.45730839536526,0.625,0.75,352.61539921500827,60.24520085014253,84.37053999465881,12.823849658935595,0.25,0.375,0.75,0.8333333333333334,0.9166666666666666,0.9166666666666666,0.9166666666666666,0.9166666666666666,0.9166666666666666,1.0,1.0,1.0,1.0,1.0,1.0,1.0,1.0,1.0,1.0
2026-07-01 23:00:00,ols-noclip,,23.356576895465235,0.39473684210526316,194.823331330015,255.68621571568323,0.4583333333333333,0.75,344.90730612501324,60.29436780802745,84.32684391429778,12.121733057517703,0.25,0.5416666666666666,0.7916666666666666,0.8333333333333334,0.9166666666666666,0.9166666666666666,0.9166666666666666,0.9166666666666666,0.9166666666666666,1.0,1.0,1.0,1.0,1.0,1.0,1.0,1.0,1.0,1.0
2026-07-03 23:00:00,ols,0.012864351272583008,11.064959237097352,0.09868421052631578,66.83075921516645,86.40165860362283,0.5833333333333334,0.8333333333333334,160.98528985670603,28.653182329547974,42.58513407239132,6.232320947217747,0.041666666666666664,0.20833333333333334,0.375,0.375,0.4166666666666667,0.4583333333333333,0.4583333333333333,0.5416666666666666,0.5416666666666666,0.5833333333333334,0.5833333333333334,0.5833333333333334,0.625,0.625,0.625,0.7083333333333334,0.7916666666666666,0.7916666666666666,0.875
2026-07-03 23:00:00,rescale,0.019251108169555664,11.041444161192981,0.07675438596491228,76.76950514095186,98.9292322572587,0.75,0.9166666666666666,156.82366965256858,28.900171675439243,43.784462527331094,6.053000676663321,0.0,0.041666666666666664,0.20833333333333334,0.2916666666666667,0.4166666666666667,0.4166666666666667,0.4583333333333333,0.5,0.5416666666666666,0.5833333333333334,0.5833333333333334,0.625,0.625,0.625,0.625,0.75,0.7916666666666666,0.7916666666666666,0.9166666666666666
2026-07-03 23:00:00,raw,0.012598752975463867,33.21587746710526,0.21052631578947367,429.88150000000013,568.3646874999996,0.9583333333333334,0.9583333333333334,577.5884374999996,83.90125,162.7390552963547,24.473225,0.041666666666666664,0.041666666666666664,0.08333333333333333,0.125,0.25,0.4166666666666667,0.6666666666666666,0.8333333333333334,0.875,0.875,0.9166666666666666,0.9583333333333334,1.0,1.0,1.0,1.0,1.0,1.0,1.0
2026-07-03 23:00:00,ols-weighted,0.008192300796508789,11.034772176798064,0.09868421052631578,69.75389496838869,97.63413661302538,0.625,0.875,163.00806050319832,28.671946318196035,42.64815229039602,6.388965907915277,0.0,0.16666666666666666,0.375,0.375,0.4166666666666667,0.4583333333333333,0.4583333333333333,0.5416666666666666,0.5416666666666666,0.5833333333333334,0.5833333333333334,0.5833333333333334,0.625,0.625,0.625,0.7083333333333334,0.7916666666666666,0.7916666666666666,0.875
2026-07-03 23:00:00,ols-noclip,,11.064959237097352,0.09868421052631578,66.83075921516645,86.40165860362283,0.5833333333333334,0.8333333333333334,160.98528985670603,28.653182329547974,42.58513407239132,6.232320947217747,0.041666666666666664,0.20833333333333334,0.375,0.375,0.4166666666666667,0.4583333333333333,0.4583333333333333,0.5416666666666666,0.5416666666666666,0.5833333333333334,0.5833333333333334,0.5833333333333334,0.625,0.625,0.625,0.7083333333333334,0.7916666666666666,0.7916666666666666,0.875
2026-07-05 23:00:00,ols,0.017420291900634766,78.44485446041887,0.45833333333333337,167.86080553051633,263.52911063481184,0.20833333333333334,0.2916666666666667,1884.339167774812,179.7011276201889,294.7802269704443,77.70981324846066,0.0,0.0,0.0,0.0,0.0,0.0,0.0,0.0,0.0,0.0,0.0,0.0,0.0,0.0,0.0,0.125,0.16666666666666666,0.20833333333333334,0.2916666666666667
2026-07-05 23:00:00,rescale,0.015468597412109375,75.90539067251576,0.44298245614035087,218.87756805742092,343.36130617035025,0.20833333333333334,0.375,1418.2857987223915,179.6961418854996,290.6498952610322,52.20939636246745,0.0,0.0,0.0,0.0,0.0,0.0,0.0,0.0,0.0,0.0,0.0,0.0,0.0,0.0,0.08333333333333333,0.20833333333333334,0.20833333333333334,0.20833333333333334,0.375
2026-07-05 23:00:00,raw,0.015543937683105469,52.45202933114035,0.2263157894736842,413.956125,527.7469999999997,0.9166666666666666,1.0,527.7469999999997,147.72124999999997,249.5346114311266,10.218434375,0.0,0.0,0.0,0.0,0.0,0.0,0.0,0.0,0.041666666666666664,0.041666666666666664,0.08333333333333333,0.20833333333333334,0.25,0.5416666666666666,0.7083333333333334,0.75,0.7916666666666666,0.9166666666666666,1.0
2026-07-05 23:00:00,ols-weighted,0.01582169532775879,77.31778089818171,0.45175438596491224,181.99124144862017,293.9946652866045,0.20833333333333334,0.3333333333333333,1568.764712016473,179.71346911328462,294.914055489356,61.42987616443983,0.0,0.0,0.0,0.0,0.0,0.0,0.0,0.0,0.0,0.0,0.0,0.0,0.0,0.0,0.041666666666666664,0.125,0.20833333333333334,0.20833333333333334,0.3333333333333333
2026-07-05 23:00:00,ols-noclip,,78.44485446041887,0.45833333333333337,167.86080553051633,263.52911063481184,0.20833333333333334,0.2916666666666667,1884.339167774812,179.7011276201889,294.7802269704443,77.70981324846066,0.0,0.0,0.0,0.0,0.0,0.0,0.0,0.0,0.0,0.0,0.0,0.0,0.0,0.0,0.0,0.125,0.16666666666666666,0.20833333333333334,0.2916666666666667
2026-07-07 23:00:00,ols,0.01537013053894043,19.6139173715694,0.1763157894736842,340.7273442453594,462.63112377351825,0.9583333333333334,1.0,462.63112377351825,40.98351012216144,75.0442158114551,16.630185153753487,0.0,0.041666666666666664,0.041666666666666664,0.08333333333333333,0.125,0.20833333333333334,0.375,0.5,0.75,0.7916666666666666,0.9166666666666666,0.9166666666666666,1.0,1.0,1.0,1.0,1.0,1.0,1.0
2026-07-07 23:00:00,rescale,0.012691497802734375,22.54980060264162,0.14692982456140352,403.8859601731912,556.0945177189352,1.0,1.0,556.0945177189352,44.30847621261563,92.00172472111821,19.230252483979864,0.0,0.0,0.041666666666666664,0.041666666666666664,0.041666666666666664,0.08333333333333333,0.20833333333333334,0.3333333333333333,0.3333333333333333,0.4166666666666667,0.75,0.7916666666666666,0.875,0.9166666666666666,0.9583333333333334,1.0,1.0,1.0,1.0
2026-07-07 23:00:00,raw,0.014798879623413086,23.62155466008772,0.24122807017543857,463.6961250000001,706.1682083333329,0.9583333333333334,1.0,706.1682083333329,45.380208333333336,59.5367009271732,30.384451041666676,0.0,0.041666666666666664,0.041666666666666664,0.08333333333333333,0.20833333333333334,0.4583333333333333,0.75,0.875,0.9166666666666666,0.9583333333333334,1.0,1.0,1.0,1.0,1.0,1.0,1.0,1.0,1.0
2026-07-07 23:00:00,ols-weighted,0.03672075271606445,19.971771664337627,0.17850877192982456,357.26628714454546,509.6057307164622,1.0,1.0,509.6057307164622,40.911082475686,74.60458453726763,18.12622292800884,0.0,0.0,0.041666666666666664,0.041666666666666664,0.125,0.20833333333333334,0.375,0.4583333333333333,0.75,0.7916666666666666,0.9166666666666666,0.9166666666666666,1.0,1.0,1.0,1.0,1.0,1.0,1.0
2026-07-07 23:00:00,ols-noclip,,19.6139173715694,0.1763157894736842,340.7273442453594,462.63112377351825,0.9583333333333334,1.0,462.63112377351825,40.98351012216144,75.0442158114551,16.630185153753487,0.0,0.041666666666666664,0.041666666666666664,0.08333333333333333,0.125,0.20833333333333334,0.375,0.5,0.75,0.7916666666666666,0.9166666666666666,0.9166666666666666,1.0,1.0,1.0,1.0,1.0,1.0,1.0
2026-07-09 23:00:00,ols,0.02299976348876953,120.3591307949142,0.12631578947368424,280.94998466500437,383.79304478206,0.5833333333333334,0.75,2627.0531400312907,292.8361451076703,637.8181896557902,112.71928326619665,0.0,0.0,0.08333333333333333,0.20833333333333334,0.25,0.25,0.375,0.375,0.375,0.4583333333333333,0.4583333333333333,0.4583333333333333,0.4583333333333333,0.5,0.5,0.5416666666666666,0.5416666666666666,0.5833333333333334,0.75
2026-07-09 23:00:00,rescale,0.027010440826416016,116.58633116957026,0.14254385964912283,312.8942691806013,426.6761185065534,0.6666666666666666,0.75,2290.5145915280727,289.3320811081239,628.153001912572,95.25803401338408,0.0,0.0,0.0,0.125,0.20833333333333334,0.20833333333333334,0.2916666666666667,0.2916666666666667,0.375,0.4166666666666667,0.4583333333333333,0.4583333333333333,0.4583333333333333,0.5,0.5,0.5416666666666666,0.5416666666666666,0.6666666666666666,0.75
2026-07-09 23:00:00,raw,0.023482799530029297,117.38238530701753,0.18421052631578946,405.5235416666667,549.5595208333331,0.6666666666666666,0.875,2720.777854166667,285.960625,609.8220779516691,114.90725208333338,0.0,0.0,0.0,0.041666666666666664,0.041666666666666664,0.08333333333333333,0.08333333333333333,0.125,0.25,0.3333333333333333,0.4166666666666667,0.4583333333333333,0.4583333333333333,0.5,0.5416666666666666,0.5416666666666666,0.5833333333333334,0.6666666666666666,0.875
2026-07-09 23:00:00,ols-weighted,0.029722213745117188,119.30462465109872,0.11929824561403513,294.46969030100087,433.2418497957167,0.6666666666666666,0.75,2550.3599743096956,292.018435823499,635.4218211771305,108.473614302102,0.0,0.0,0.041666666666666664,0.20833333333333334,0.25,0.25,0.3333333333333333,0.375,0.375,0.4583333333333333,0.4583333333333333,0.4583333333333333,0.5,0.5,0.5416666666666666,0.5416666666666666,0.5416666666666666,0.6666666666666666,0.75
2026-07-09 23:00:00,ols-noclip,,120.3591307949142,0.12631578947368424,280.94998466500437,383.79304478206,0.5833333333333334,0.75,2627.0531400312907,292.8361451076703,637.8181896557902,112.71928326619665,0.0,0.0,0.08333333333333333,0.20833333333333334,0.25,0.25,0.375,0.375,0.375,0.4583333333333333,0.4583333333333333,0.4583333333333333,0.4583333333333333,0.5,0.5,0.5416666666666666,0.5416666666666666,0.5833333333333334,0.75
2026-07-11 23:00:00,ols,0.01591777801513672,73.6639888979998,0.3157894736842105,631.2126748981545,877.515573905644,0.7916666666666666,0.875,976.7430125454108,228.47101981470428,307.13643059234647,37.87235947362915,0.125,0.20833333333333334,0.2916666666666667,0.5,0.9166666666666666,0.9166666666666666,0.9583333333333334,0.9583333333333334,0.9583333333333334,0.9583333333333334,0.9583333333333334,0.9583333333333334,0.9583333333333334,0.9583333333333334,0.9583333333333334,0.9583333333333334,0.9583333333333334,1.0,1.0
2026-07-11 23:00:00,rescale,0.013698101043701172,71.2033690661877,0.26535087719298245,725.7968785805864,991.0959055220874,0.8333333333333334,0.9166666666666666,1031.8286323109976,221.70583257849614,323.3463108232698,40.216670453571574,0.08333333333333333,0.16666666666666666,0.25,0.3333333333333333,0.5,0.75,0.875,0.9583333333333334,0.9583333333333334,0.9583333333333334,0.9583333333333334,0.9583333333333334,0.9583333333333334,0.9583333333333334,0.9583333333333334,0.9583333333333334,0.9583333333333334,1.0,1.0
2026-07-11 23:00:00,raw,0.009303092956542969,46.75653629385965,0.36403508771929827,356.8309166666667,477.01416666666637,0.4166666666666667,0.7083333333333334,660.1487499999997,120.90333333333332,147.19043043791945,22.741995833333338,0.2916666666666667,0.5416666666666666,0.625,0.8333333333333334,0.875,0.875,0.9166666666666666,0.9166666666666666,0.9166666666666666,0.9583333333333334,0.9583333333333334,0.9583333333333334,0.9583333333333334,0.9583333333333334,0.9583333333333334,0.9583333333333334,0.9583333333333334,0.9583333333333334,1.0
2026-07-11 23:00:00,ols-weighted,0.01572704315185547,74.119178971771,0.3135964912280702,667.1425015717313,995.9921857333637,0.7916666666666666,0.9166666666666666,1086.7545264602068,228.70990760530466,307.1924644543346,41.41950813908178,0.08333333333333333,0.20833333333333334,0.2916666666666667,0.5,0.9166666666666666,0.9166666666666666,0.9583333333333334,0.9583333333333334,0.9583333333333334,0.9583333333333334,0.9583333333333334,0.9583333333333334,0.9583333333333334,0.9583333333333334,0.9583333333333334,0.9583333333333334,0.9583333333333334,1.0,1.0
2026-07-11 23:00:00,ols-noclip,,73.67256707369673,0.3157894736842105,631.2126748981545,880.7752806704757,0.7916666666666666,0.875,980.0027193102425,228.47101981470428,307.13643059234647,38.035344811870736,0.125,0.20833333333333334,0.2916666666666667,0.5,0.9166666666666666,0.9166666666666666,0.9583333333333334,0.9583333333333334,0.9583333333333334,0.9583333333333334,0.9583333333333334,0.9583333333333334,0.9583333333333334,0.9583333333333334,0.9583333333333334,0.9583333333333334,0.9583333333333334,1.0,1.0
2026-07-13 23:00:00,ols,0.019012451171875,14.504098901556693,0.0807017543859649,83.05067043995545,124.91324683363483,0.7916666666666666,0.9166666666666666,342.99296420588126,33.698929989479474,77.34995344902218,13.551503868451915,0.0,0.041666666666666664,0.041666666666666664,0.041666666666666664,0.041666666666666664,0.125,0.20833333333333334,0.3333333333333333,0.375,0.4166666666666667,0.4583333333333333,0.5833333333333334,0.6666666666666666,0.6666666666666666,0.75,0.75,0.75,0.8333333333333334,0.9166666666666666
2026-07-13 23:00:00,rescale,0.011258363723754883,14.66684198654057,0.07850877192982458,113.27962827886209,167.49805554394496,0.8333333333333334,0.9583333333333334,316.55781064005487,33.784806261927606,75.45190655785777,11.426585233774825,0.0,0.041666666666666664,0.041666666666666664,0.041666666666666664,0.041666666666666664,0.08333333333333333,0.16666666666666666,0.25,0.375,0.4166666666666667,0.5,0.625,0.6666666666666666,0.7083333333333334,0.75,0.7916666666666666,0.7916666666666666,0.875,0.9583333333333334
2026-07-13 23:00:00,raw,0.010286092758178711,36.049981414473685,0.23991228070175435,511.91891666666675,651.7183124999998,1.0,1.0,651.7183124999998,86.12583333333332,104.98936502689213,28.259159375000014,0.0,0.0,0.125,0.2916666666666667,0.5,0.5833333333333334,0.75,0.7916666666666666,0.875,0.9583333333333334,0.9583333333333334,0.9583333333333334,0.9583333333333334,0.9583333333333334,1.0,1.0,1.0,1.0,1.0
2026-07-13 23:00:00,ols-weighted,0.0209500789642334,14.384127072977124,0.081140350877193,90.38160206529635,139.04392241026304,0.7916666666666666,0.9166666666666666,311.2280649943511,33.59212364839581,77.06955409361319,11.749233412137842,0.0,0.041666666666666664,0.041666666666666664,0.041666666666666664,0.041666666666666664,0.125,0.20833333333333334,0.3333333333333333,0.375,0.4166666666666667,0.4583333333333333,0.625,0.6666666666666666,0.6666666666666666,0.75,0.75,0.75,0.8333333333333334,0.9166666666666666
2026-07-13 23:00:00,ols-noclip,,14.504098901556693,0.0807017543859649,83.05067043995545,124.91324683363483,0.7916666666666666,0.9166666666666666,342.99296420588126,33.698929989479474,77.34995344902218,13.551503868451915,0.0,0.041666666666666664,0.041666666666666664,0.041666666666666664,0.041666666666666664,0.125,0.20833333333333334,0.3333333333333333,0.375,0.4166666666666667,0.4583333333333333,0.5833333333333334,0.6666666666666666,0.6666666666666666,0.75,0.75,0.75,0.8333333333333334,0.9166666666666666
2026-07-15 23:00:00,ols,0.02189350128173828,16.426333587634446,0.26096491228070173,186.41308812504272,248.41042908759027,0.8333333333333334,0.9166666666666666,287.2189316040972,41.45029045069885,81.99355974942596,10.797208743992238,0.08333333333333333,0.16666666666666666,0.25,0.4583333333333333,0.5833333333333334,0.6666666666666666,0.75,0.75,0.875,0.9166666666666666,0.9583333333333334,1.0,1.0,1.0,1.0,1.0,1.0,1.0,1.0
2026-07-15 23:00:00,rescale,0.019591093063354492,16.98688058737184,0.23245614035087722,205.2437932317309,275.00887996008555,0.8333333333333334,0.9166666666666666,316.31917083575996,42.066455232529194,88.71294661148853,11.800780089538065,0.08333333333333333,0.16666666666666666,0.20833333333333334,0.3333333333333333,0.375,0.5833333333333334,0.75,0.75,0.875,0.875,0.9166666666666666,1.0,1.0,1.0,1.0,1.0,1.0,1.0,1.0
2026-07-15 23:00:00,raw,0.019150495529174805,47.01840646929824,0.4057017543859649,423.28754166666675,544.4577708333328,0.625,0.875,612.5456874999995,128.83083333333332,193.0160706715894,26.271392708333337,0.125,0.375,0.75,0.9583333333333334,1.0,1.0,1.0,1.0,1.0,1.0,1.0,1.0,1.0,1.0,1.0,1.0,1.0,1.0,1.0
2026-07-15 23:00:00,ols-weighted,0.024648427963256836,16.501917022802843,0.24868421052631576,198.0788113225946,277.7016126523332,0.875,0.9583333333333334,294.99653181872554,41.46941953602362,82.32309395770888,11.914262997189125,0.041666666666666664,0.125,0.20833333333333334,0.375,0.5416666666666666,0.6666666666666666,0.75,0.75,0.875,0.9166666666666666,0.9583333333333334,1.0,1.0,1.0,1.0,1.0,1.0,1.0,1.0
2026-07-15 23:00:00,ols-noclip,,16.426333587634446,0.26096491228070173,186.41308812504272,248.41042908759027,0.8333333333333334,0.9166666666666666,287.2189316040972,41.45029045069885,81.99355974942596,10.797208743992238,0.08333333333333333,0.16666666666666666,0.25,0.4583333333333333,0.5833333333333334,0.6666666666666666,0.75,0.75,0.875,0.9166666666666666,0.9583333333333334,1.0,1.0,1.0,1.0,1.0,1.0,1.0,1.0
2026-07-17 23:00:00,ols,0.017327308654785156,26.51396288966602,0.15263157894736842,102.03041330486339,133.62622336605241,0.4166666666666667,0.5416666666666666,503.2337196964527,66.0576722908034,86.98306266506971,5.795224332887795,0.375,0.375,0.375,0.5,0.5,0.5,0.5416666666666666,0.5833333333333334,0.5833333333333334,0.625,0.625,0.6666666666666666,0.6666666666666666,0.6666666666666666,0.6666666666666666,0.6666666666666666,0.7083333333333334,0.7916666666666666,0.9166666666666666
2026-07-17 23:00:00,rescale,0.0219576358795166,23.29515631193516,0.13245614035087716,132.50944471545725,174.66880208548778,0.5,0.5833333333333334,427.77653287120614,60.41076452371269,76.19296731281693,5.962556864916718,0.375,0.375,0.375,0.375,0.4583333333333333,0.4583333333333333,0.5833333333333334,0.5833333333333334,0.625,0.625,0.625,0.6666666666666666,0.6666666666666666,0.7083333333333334,0.7083333333333334,0.7083333333333334,0.75,0.875,0.9583333333333334
2026-07-17 23:00:00,raw,0.01467442512512207,67.57566069078948,0.38596491228070173,585.80825,723.2795208333331,0.4166666666666667,0.625,955.9141041666666,180.88625000000002,221.71894666070673,33.64661562500002,0.375,0.5833333333333334,0.625,0.7083333333333334,0.7916666666666666,0.875,0.9166666666666666,0.9583333333333334,1.0,1.0,1.0,1.0,1.0,1.0,1.0,1.0,1.0,1.0,1.0
2026-07-17 23:00:00,ols-weighted,0.016590118408203125,26.369784868096524,0.1447368421052632,106.48242460337993,146.87978388384906,0.4583333333333333,0.5833333333333334,479.3424726421929,66.20155271869116,87.13017087525301,5.002563616405379,0.375,0.375,0.375,0.4583333333333333,0.5,0.5,0.5416666666666666,0.5833333333333334,0.5833333333333334,0.625,0.625,0.6666666666666666,0.6666666666666666,0.6666666666666666,0.6666666666666666,0.6666666666666666,0.75,0.8333333333333334,0.9583333333333334
2026-07-17 23:00:00,ols-noclip,,26.51396288966602,0.15263157894736842,102.03041330486339,133.62622336605241,0.4166666666666667,0.5416666666666666,503.2337196964527,66.0576722908034,86.98306266506971,5.795224332887795,0.375,0.375,0.375,0.5,0.5,0.5,0.5416666666666666,0.5833333333333334,0.5833333333333334,0.625,0.625,0.6666666666666666,0.6666666666666666,0.6666666666666666,0.6666666666666666,0.6666666666666666,0.7083333333333334,0.7916666666666666,0.9166666666666666
2026-07-19 23:00:00,ols,0.015771150588989258,30.242121495531624,0.13157894736842107,214.77363334691782,294.30684659321577,0.7916666666666666,0.8333333333333334,674.2551680109788,74.22804009980104,111.80771940895218,28.036391629676945,0.0,0.041666666666666664,0.041666666666666664,0.08333333333333333,0.125,0.16666666666666666,0.16666666666666666,0.25,0.2916666666666667,0.3333333333333333,0.375,0.375,0.4166666666666667,0.4583333333333333,0.6666666666666666,0.75,0.7916666666666666,0.8333333333333334,0.8333333333333334
2026-07-19 23:00:00,rescale,0.01455235481262207,34.48242010198423,0.15789473684210528,266.28817620762226,365.7828485640437,0.8333333333333334,0.8333333333333334,721.1443576297821,88.04144382861722,123.52286320856302,29.507305809704775,0.0,0.0,0.041666666666666664,0.08333333333333333,0.125,0.125,0.16666666666666666,0.20833333333333334,0.20833333333333334,0.3333333333333333,0.3333333333333333,0.3333333333333333,0.375,0.4166666666666667,0.5833333333333334,0.7083333333333334,0.7916666666666666,0.8333333333333334,0.8333333333333334
2026-07-19 23:00:00,raw,0.010569572448730469,61.479671984649116,0.28289473684210525,561.6327500000001,707.7761666666662,0.7083333333333334,0.9166666666666666,733.9449166666664,167.87958333333333,215.2112952474459,31.204982291666678,0.08333333333333333,0.2916666666666667,0.625,0.6666666666666666,0.7916666666666666,0.7916666666666666,0.8333333333333334,0.8333333333333334,0.8333333333333334,0.8333333333333334,0.875,0.875,0.875,0.875,0.9166666666666666,0.9166666666666666,0.9583333333333334,1.0,1.0
2026-07-19 23:00:00,ols-weighted,0.009489059448242188,30.384847683606946,0.12938596491228074,229.0736518240893,336.62600165213047,0.8333333333333334,0.875,703.3850317964058,74.2535557986351,111.92705820376493,29.106818609735683,0.0,0.0,0.041666666666666664,0.08333333333333333,0.125,0.16666666666666666,0.16666666666666666,0.25,0.2916666666666667,0.3333333333333333,0.375,0.375,0.4166666666666667,0.4583333333333333,0.6666666666666666,0.7916666666666666,0.7916666666666666,0.8333333333333334,0.875
2026-07-19 23:00:00,ols-noclip,,30.242121495531624,0.13157894736842107,214.77363334691782,294.30684659321577,0.7916666666666666,0.8333333333333334,674.2551680109788,74.22804009980104,111.80771940895218,28.036391629676945,0.0,0.041666666666666664,0.041666666666666664,0.08333333333333333,0.125,0.16666666666666666,0.16666666666666666,0.25,0.2916666666666667,0.3333333333333333,0.375,0.375,0.4166666666666667,0.4583333333333333,0.6666666666666666,0.75,0.7916666666666666,0.8333333333333334,0.8333333333333334
2026-07-21 23:00:00,ols,0.01009988784790039,42.59966165917385,0.13684210526315788,123.67053947424442,182.54537393752184,0.5416666666666666,0.7083333333333334,866.9040312660806,105.21180135548707,155.2888008723241,35.02733471895855,0.041666666666666664,0.08333333333333333,0.125,0.25,0.25,0.2916666666666667,0.2916666666666667,0.3333333333333333,0.4166666666666667,0.4166666666666667,0.4166666666666667,0.4166666666666667,0.4166666666666667,0.4166666666666667,0.4166666666666667,0.5,0.5416666666666666,0.625,0.75
2026-07-21 23:00:00,rescale,0.03860592842102051,41.19443062217913,0.19956140350877194,203.837025915177,300.0079893288494,0.7083333333333334,0.7916666666666666,785.4672160146802,100.09106455448081,155.39005424766776,28.338444037390392,0.0,0.0,0.0,0.0,0.0,0.041666666666666664,0.125,0.20833333333333334,0.2916666666666667,0.2916666666666667,0.2916666666666667,0.375,0.4583333333333333,0.5,0.5,0.5,0.625,0.7083333333333334,0.7916666666666666
2026-07-21 23:00:00,raw,0.02917933464050293,37.582660855263164,0.08377192982456141,506.88200000000006,662.9887499999996,0.9583333333333334,0.9583333333333334,733.8608333333335,95.08520833333334,144.32906304186164,26.480438541666697,0.0,0.0,0.0,0.041666666666666664,0.08333333333333333,0.08333333333333333,0.2916666666666667,0.4166666666666667,0.4583333333333333,0.5416666666666666,0.625,0.6666666666666666,0.75,0.75,0.8333333333333334,0.875,0.9583333333333334,0.9583333333333334,0.9583333333333334
2026-07-21 23:00:00,ols-weighted,0.022703170776367188,42.33423764976434,0.14342105263157892,132.33762386905153,204.88782760450144,0.5833333333333334,0.75,828.0211056820639,105.18678645787469,155.3455217731406,32.844075788112505,0.0,0.041666666666666664,0.08333333333333333,0.25,0.25,0.2916666666666667,0.2916666666666667,0.3333333333333333,0.4166666666666667,0.4166666666666667,0.4166666666666667,0.4166666666666667,0.4166666666666667,0.4166666666666667,0.4166666666666667,0.5,0.5416666666666666,0.625,0.75
2026-07-21 23:00:00,ols-noclip,,42.59966165917385,0.13684210526315788,123.67053947424442,182.54537393752184,0.5416666666666666,0.7083333333333334,866.9040312660806,105.21180135548707,155.2888008723241,35.02733471895855,0.041666666666666664,0.08333333333333333,0.125,0.25,0.25,0.2916666666666667,0.2916666666666667,0.3333333333333333,0.4166666666666667,0.4166666666666667,0.4166666666666667,0.4166666666666667,0.4166666666666667,0.4166666666666667,0.4166666666666667,0.5,0.5416666666666666,0.625,0.75
2026-07-23 23:00:00,ols,0.023549795150756836,88.50005241987114,0.08289473684210527,720.7366742600055,930.2489025910727,0.7083333333333334,0.875,1438.3738327161057,244.71008188950063,336.7337991150059,45.83674199685851,0.08333333333333333,0.20833333333333334,0.2916666666666667,0.2916666666666667,0.2916666666666667,0.3333333333333333,0.3333333333333333,0.3333333333333333,0.3333333333333333,0.375,0.4166666666666667,0.4583333333333333,0.4583333333333333,0.5416666666666666,0.7083333333333334,0.75,0.7916666666666666,0.9166666666666666,0.9583333333333334
2026-07-23 23:00:00,rescale,0.022912979125976562,80.97448486772788,0.06403508771929825,921.8364452733528,1196.2118829134015,0.875,0.9166666666666666,1400.167281936152,200.91186248562568,282.4481209471639,45.60565388668539,0.041666666666666664,0.08333333333333333,0.20833333333333334,0.25,0.2916666666666667,0.2916666666666667,0.2916666666666667,0.2916666666666667,0.3333333333333333,0.3333333333333333,0.4166666666666667,0.5416666666666666,0.5416666666666666,0.625,0.75,0.8333333333333334,0.9583333333333334,0.9583333333333334,0.9583333333333334
2026-07-23 23:00:00,raw,0.024322509765625,156.91015137061402,0.36184210526315796,515.6899583333334,700.4409999999997,0.5,0.6666666666666666,2004.5718333333346,421.758125,584.2154226048599,70.90163958333339,0.0,0.0,0.0,0.0,0.0,0.0,0.0,0.0,0.041666666666666664,0.08333333333333333,0.08333333333333333,0.08333333333333333,0.125,0.25,0.25,0.25,0.2916666666666667,0.5,0.6666666666666666
2026-07-23 23:00:00,ols-weighted,0.018329143524169922,88.49134029401166,0.07675438596491228,763.0896834633637,1036.7187002360458,0.8333333333333334,0.875,1507.2045522865722,244.43458039931215,336.4065087581414,49.41918390326894,0.08333333333333333,0.125,0.25,0.2916666666666667,0.2916666666666667,0.3333333333333333,0.3333333333333333,0.3333333333333333,0.3333333333333333,0.375,0.4166666666666667,0.4583333333333333,0.4583333333333333,0.5416666666666666,0.7083333333333334,0.75,0.875,0.9583333333333334,0.9583333333333334
2026-07-23 23:00:00,ols-noclip,,88.58149605249847,0.08289473684210527,722.866168014854,956.9384954797603,0.7083333333333334,0.875,1465.063425604793,244.71008188950063,336.7337991150059,47.171221641292895,0.08333333333333333,0.20833333333333334,0.2916666666666667,0.2916666666666667,0.2916666666666667,0.3333333333333333,0.3333333333333333,0.3333333333333333,0.3333333333333333,0.375,0.4166666666666667,0.4583333333333333,0.4583333333333333,0.5416666666666666,0.7083333333333334,0.75,0.7916666666666666,0.9166666666666666,0.9583333333333334
2026-07-25 23:00:00,ols,0.014798641204833984,102.1042830605765,0.3991228070175438,612.20284492077,867.9102117356365,0.3333333333333333,0.625,1453.654137451271,266.6244769971159,295.35313773838743,41.05320326494632,0.375,0.6666666666666666,0.7083333333333334,0.7916666666666666,0.875,0.9166666666666666,0.9583333333333334,0.9583333333333334,0.9583333333333334,0.9583333333333334,0.9583333333333334,0.9583333333333334,1.0,1.0,1.0,1.0,1.0,1.0,1.0
2026-07-25 23:00:00,rescale,0.027494430541992188,88.09207668038987,0.3399122807017544,786.9844944671863,1045.0494908335525,0.7083333333333334,0.875,1172.3247026045096,243.45792551336123,282.41713363340136,44.410787159057755,0.125,0.2916666666666667,0.625,0.6666666666666666,0.7083333333333334,0.8333333333333334,0.9166666666666666,0.9583333333333334,0.9583333333333334,0.9583333333333334,0.9583333333333334,0.9583333333333334,1.0,1.0,1.0,1.0,1.0,1.0,1.0
2026-07-25 23:00:00,raw,0.014692306518554688,47.368703125,0.06535087719298245,462.9538333333334,617.8699374999998,0.875,1.0,617.8699374999998,139.89604166666666,164.45426834875707,19.336162500000004,0.0,0.125,0.25,0.2916666666666667,0.3333333333333333,0.3333333333333333,0.4583333333333333,0.4583333333333333,0.5,0.5,0.5416666666666666,0.5833333333333334,0.5833333333333334,0.5833333333333334,0.6666666666666666,0.75,1.0,1.0,1.0
2026-07-25 23:00:00,ols-weighted,0.01619434356689453,101.43475344951901,0.39035087719298245,658.3357719709378,961.8541913522289,0.3333333333333333,0.75,1437.1598036846563,266.2110034492792,294.80803484933233,43.36988674072052,0.25,0.6666666666666666,0.7083333333333334,0.75,0.875,0.9166666666666666,0.9583333333333334,0.9583333333333334,0.9583333333333334,0.9583333333333334,0.9583333333333334,0.9583333333333334,1.0,1.0,1.0,1.0,1.0,1.0,1.0
2026-07-25 23:00:00,ols-noclip,,102.16699666319919,0.3991228070175438,612.20284492077,891.7413807322561,0.3333333333333333,0.625,1477.485306447891,266.6244769971159,295.35313773838743,42.244761714777304,0.375,0.6666666666666666,0.7083333333333334,0.7916666666666666,0.875,0.9166666666666666,0.9583333333333334,0.9583333333333334,0.9583333333333334,0.9583333333333334,0.9583333333333334,0.9583333333333334,1.0,1.0,1.0,1.0,1.0,1.0,1.0
2026-07-27 23:00:00,ols,0.01279449462890625,164.74749893696745,0.14035087719298248,524.2796265275288,706.5749508614063,0.75,0.7916666666666666,3576.777561933019,405.6180288418447,673.4740516680577,149.4865792279255,0.0,0.041666666666666664,0.041666666666666664,0.08333333333333333,0.16666666666666666,0.16666666666666666,0.20833333333333334,0.2916666666666667,0.3333333333333333,0.375,0.4166666666666667,0.4166666666666667,0.5,0.5,0.5416666666666666,0.5416666666666666,0.625,0.7916666666666666,0.7916666666666666
2026-07-27 23:00:00,rescale,0.015484333038330078,156.74123783973397,0.15131578947368424,597.5577673042868,813.0148494980161,0.7916666666666666,0.8333333333333334,3363.097833320811,386.85790873705537,650.7423391461273,137.68174219248488,0.0,0.0,0.041666666666666664,0.041666666666666664,0.08333333333333333,0.08333333333333333,0.16666666666666666,0.16666666666666666,0.25,0.3333333333333333,0.375,0.4166666666666667,0.5,0.5,0.5416666666666666,0.7083333333333334,0.7916666666666666,0.7916666666666666,0.8333333333333334
2026-07-27 23:00:00,raw,0.009708166122436523,196.48019967105262,0.24561403508771926,469.43920833333345,643.2616874999995,0.7083333333333334,0.7083333333333334,4088.0141875000045,480.44854166666664,778.982455206657,172.9898093750002,0.0,0.0,0.0,0.0,0.0,0.08333333333333333,0.125,0.125,0.125,0.20833333333333334,0.2916666666666667,0.3333333333333333,0.3333333333333333,0.3333333333333333,0.3333333333333333,0.5416666666666666,0.5833333333333334,0.7083333333333334,0.7083333333333334
2026-07-27 23:00:00,ols-weighted,0.018206119537353516,163.45283284846101,0.12719298245614036,543.913577834937,785.3727890399872,0.75,0.8333333333333334,3388.542414865191,404.8361264542364,672.338035733264,139.31355676995014,0.0,0.041666666666666664,0.041666666666666664,0.08333333333333333,0.16666666666666666,0.16666666666666666,0.20833333333333334,0.2916666666666667,0.3333333333333333,0.375,0.4166666666666667,0.4166666666666667,0.5,0.5,0.5416666666666666,0.625,0.75,0.7916666666666666,0.8333333333333334
2026-07-27 23:00:00,ols-noclip,,164.74749893696745,0.14035087719298248,524.2796265275288,706.5749508614063,0.75,0.7916666666666666,3576.777561933019,405.6180288418447,673.4740516680577,149.4865792279255,0.0,0.041666666666666664,0.041666666666666664,0.08333333333333333,0.16666666666666666,0.16666666666666666,0.20833333333333334,0.2916666666666667,0.3333333333333333,0.375,0.4166666666666667,0.4166666666666667,0.5,0.5,0.5416666666666666,0.5416666666666666,0.625,0.7916666666666666,0.7916666666666666
2026-07-29 23:00:00,ols,0.021748065948486328,141.85874229579926,0.30043859649122806,1260.766502094462,1691.459354238883,0.5833333333333334,0.6666666666666666,2042.0123274671616,351.0157458572011,428.99003292656374,65.61948675878966,0.3333333333333333,0.4166666666666667,0.5833333333333334,0.5833333333333334,0.6666666666666666,0.75,0.75,0.8333333333333334,0.8333333333333334,0.8333333333333334,0.875,0.875,0.9583333333333334,0.9583333333333334,0.9583333333333334,1.0,1.0,1.0,1.0
2026-07-29 23:00:00,rescale,0.026378631591796875,133.69273377183765,0.2675438596491228,1455.5574383829978,1954.303923247564,0.75,0.9166666666666666,2062.3392523922826,319.19688586880915,414.7508602824102,73.5216082141903,0.08333333333333333,0.25,0.4583333333333333,0.5833333333333334,0.5833333333333334,0.625,0.6666666666666666,0.75,0.7916666666666666,0.9166666666666666,0.9166666666666666,0.9583333333333334,1.0,1.0,1.0,1.0,1.0,1.0,1.0
2026-07-29 23:00:00,raw,0.029199838638305664,119.72721809210526,0.10307017543859649,795.5990000000002,1038.425354166666,0.8333333333333334,0.875,1822.6220208333336,315.82,583.7948145574493,66.36145625000006,0.0,0.0,0.0,0.041666666666666664,0.041666666666666664,0.16666666666666666,0.2916666666666667,0.3333333333333333,0.375,0.4166666666666667,0.4583333333333333,0.5416666666666666,0.5833333333333334,0.5833333333333334,0.5833333333333334,0.6666666666666666,0.75,0.8333333333333334,0.875
2026-07-29 23:00:00,ols-weighted,0.03158712387084961,141.5592659350038,0.2916666666666667,1352.6118042018445,1854.6512718259298,0.625,0.875,2055.6068603774343,348.2088949590513,427.15639003804836,70.58139196061553,0.125,0.375,0.5833333333333334,0.5833333333333334,0.6666666666666666,0.75,0.75,0.8333333333333334,0.8333333333333334,0.875,0.875,0.875,0.9583333333333334,0.9583333333333334,1.0,1.0,1.0,1.0,1.0
2026-07-29 23:00:00,ols-noclip,,142.41495946440372,0.30043859649122806,1288.7122098515754,1816.7750527901833,0.5833333333333334,0.6666666666666666,2167.328026018462,351.0157458572011,428.99003292656374,71.8852716863547,0.3333333333333333,0.4166666666666667,0.5833333333333334,0.5833333333333334,0.6666666666666666,0.75,0.75,0.8333333333333334,0.8333333333333334,0.8333333333333334,0.875,0.875,0.9583333333333334,0.9583333333333334,0.9583333333333334,1.0,1.0,1.0,1.0
2026-07-31 23:00:00,ols,0.03399467468261719,164.98204583573636,0.10877192982456141,715.4207530608957,1070.4529113248655,0.6666666666666666,0.7916666666666666,2597.408388338131,434.2907706152502,600.4716712369353,96.68904854264878,0.0,0.0,0.041666666666666664,0.08333333333333333,0.25,0.375,0.375,0.4166666666666667,0.4166666666666667,0.4583333333333333,0.4583333333333333,0.5,0.5416666666666666,0.5416666666666666,0.5833333333333334,0.5833333333333334,0.5833333333333334,0.6666666666666666,0.7916666666666666
2026-07-31 23:00:00,rescale,0.02467036247253418,163.2947688894721,0.13815789473684212,855.5443954016727,1262.9298910829568,0.6666666666666666,0.7916666666666666,2568.422318034698,432.0489665413993,607.522223823977,90.80553111279744,0.0,0.0,0.0,0.0,0.041666666666666664,0.20833333333333334,0.3333333333333333,0.375,0.4166666666666667,0.4166666666666667,0.4166666666666667,0.4583333333333333,0.5,0.5,0.5833333333333334,0.5833333333333334,0.5833333333333334,0.6666666666666666,0.7916666666666666
2026-07-31 23:00:00,raw,0.05480146408081055,199.58891957236844,0.17982456140350878,463.89012500000007,620.4416041666664,0.625,0.625,4894.633270833335,472.56916666666666,689.1141282548317,213.5113875000001,0.0,0.0,0.041666666666666664,0.125,0.20833333333333334,0.2916666666666667,0.3333333333333333,0.3333333333333333,0.3333333333333333,0.3333333333333333,0.375,0.375,0.375,0.375,0.4166666666666667,0.4166666666666667,0.5,0.625,0.625
2026-07-31 23:00:00,ols-weighted,0.03182482719421387,163.54827945809748,0.1131578947368421,766.9532189044475,1203.7198048326588,0.6666666666666666,0.7916666666666666,2421.617059577123,434.6384612807179,601.0840779667571,85.22636297757121,0.0,0.0,0.0,0.08333333333333333,0.20833333333333334,0.375,0.375,0.4166666666666667,0.4166666666666667,0.4583333333333333,0.4583333333333333,0.5,0.5416666666666666,0.5416666666666666,0.5833333333333334,0.5833333333333334,0.5833333333333334,0.6666666666666666,0.7916666666666666
2026-07-31 23:00:00,ols-noclip,,164.98204583573636,0.10877192982456141,715.4207530608957,1070.4529113248655,0.6666666666666666,0.7916666666666666,2597.408388338131,434.2907706152502,600.4716712369353,96.68904854264878,0.0,0.0,0.041666666666666664,0.08333333333333333,0.25,0.375,0.375,0.4166666666666667,0.4166666666666667,0.4583333333333333,0.4583333333333333,0.5,0.5416666666666666,0.5416666666666666,0.5833333333333334,0.5833333333333334,0.5833333333333334,0.6666666666666666,0.7916666666666666
2026-08-02 23:00:00,ols,0.046251773834228516,133.5514002065447,0.061403508771929814,706.399927371946,1034.7903329129185,0.75,0.875,1364.4651557511527,351.492261612932,595.4416660724007,38.76563933459378,0.0,0.0,0.08333333333333333,0.16666666666666666,0.16666666666666666,0.20833333333333334,0.3333333333333333,0.5,0.5416666666666666,0.5833333333333334,0.5833333333333334,0.5833333333333334,0.6666666666666666,0.7083333333333334,0.75,0.75,0.75,0.75,0.875
2026-08-02 23:00:00,rescale,0.011481285095214844,132.08638308224405,0.11140350877192985,914.1821657594356,1312.492611730639,0.7916666666666666,0.9583333333333334,1377.6151768541786,334.50288408570844,592.0270009163872,32.60473888868645,0.0,0.0,0.0,0.08333333333333333,0.08333333333333333,0.08333333333333333,0.08333333333333333,0.125,0.20833333333333334,0.4166666666666667,0.5416666666666666,0.5416666666666666,0.5833333333333334,0.75,0.75,0.75,0.75,0.7916666666666666,0.9583333333333334
2026-08-02 23:00:00,raw,0.014686822891235352,163.0223004385965,0.16447368421052633,427.37212500000004,588.657395833333,0.6666666666666666,0.7083333333333334,4196.793645833336,373.00937500000003,670.1383307626058,182.17062187500017,0.0,0.0,0.0,0.041666666666666664,0.041666666666666664,0.041666666666666664,0.125,0.20833333333333334,0.2916666666666667,0.375,0.4583333333333333,0.5,0.5416666666666666,0.5416666666666666,0.5833333333333334,0.625,0.625,0.6666666666666666,0.7083333333333334
2026-08-02 23:00:00,ols-weighted,0.019508838653564453,131.91926081059037,0.061403508771929814,749.6108828687089,1131.1391575586686,0.75,0.9166666666666666,1260.11395682348,349.7406450508617,593.4095717138478,32.54393237798805,0.0,0.0,0.041666666666666664,0.16666666666666666,0.16666666666666666,0.20833333333333334,0.3333333333333333,0.4583333333333333,0.5416666666666666,0.5833333333333334,0.5833333333333334,0.5833333333333334,0.6666666666666666,0.75,0.75,0.75,0.75,0.75,0.9166666666666666
2026-08-02 23:00:00,ols-noclip,,133.3995160254423,0.061403508771929814,706.399927371946,1037.8280165349663,0.75,0.875,1306.749166932242,351.492261612932,595.4416660724007,35.879839893648246,0.0,0.0,0.08333333333333333,0.16666666666666666,0.16666666666666666,0.20833333333333334,0.3333333333333333,0.5,0.5416666666666666,0.5833333333333334,0.5833333333333334,0.5833333333333334,0.6666666666666666,0.7083333333333334,0.75,0.75,0.75,0.75,0.875
2026-08-04 23:00:00,ols,0.014852523803710938,85.78921424609761,0.32894736842105265,883.4632377947775,1164.1455364211445,0.875,0.9166666666666666,1230.1226879895883,253.4755147778059,345.58192844433626,52.08860676910657,0.08333333333333333,0.125,0.3333333333333333,0.5416666666666666,0.7916666666666666,0.875,1.0,1.0,1.0,1.0,1.0,1.0,1.0,1.0,1.0,1.0,1.0,1.0,1.0
2026-08-04 23:00:00,rescale,0.011984586715698242,87.62261538455908,0.25307017543859645,1001.430870922186,1313.9621703655355,0.875,0.9583333333333334,1328.7595488345632,258.4091640575743,407.0735250496261,56.15408943092519,0.041666666666666664,0.125,0.16666666666666666,0.20833333333333334,0.5,0.625,0.7083333333333334,0.9583333333333334,0.9583333333333334,1.0,1.0,1.0,1.0,1.0,1.0,1.0,1.0,1.0,1.0
2026-08-04 23:00:00,raw,0.018555402755737305,32.30897149122807,0.09956140350877193,538.4284583333334,717.1473958333328,0.9583333333333334,1.0,717.1473958333328,83.41395833333333,102.22739293176265,25.27078854166666,0.0,0.041666666666666664,0.041666666666666664,0.125,0.16666666666666666,0.25,0.25,0.375,0.4166666666666667,0.4166666666666667,0.4166666666666667,0.4583333333333333,0.5416666666666666,0.7916666666666666,1.0,1.0,1.0,1.0,1.0
2026-08-04 23:00:00,ols-weighted,0.01473379135131836,86.18559959422004,0.32105263157894737,927.1394524523084,1270.3788878915466,0.875,0.9583333333333334,1312.065055538972,253.71575472062636,345.92719476492107,56.02517999499935,0.041666666666666664,0.125,0.2916666666666667,0.5,0.75,0.875,1.0,1.0,1.0,1.0,1.0,1.0,1.0,1.0,1.0,1.0,1.0,1.0,1.0
2026-08-04 23:00:00,ols-noclip,,86.65654078316334,0.32894736842105265,953.9657657040933,1322.9898281367753,0.875,0.9166666666666666,1388.966979705219,253.4755147778059,345.58192844433626,60.030821354888104,0.08333333333333333,0.125,0.3333333333333333,0.5416666666666666,0.7916666666666666,0.875,1.0,1.0,1.0,1.0,1.0,1.0,1.0,1.0,1.0,1.0,1.0,1.0,1.0
2026-08-06 23:00:00,ols,0.01670527458190918,111.39865176670499,0.12236842105263157,490.21819793467165,637.5739828131622,0.375,0.5833333333333334,2072.281666682264,275.50512871087733,386.5499068684795,78.31468096199059,0.20833333333333334,0.25,0.25,0.25,0.25,0.25,0.2916666666666667,0.4166666666666667,0.4166666666666667,0.4166666666666667,0.5,0.5,0.5,0.5,0.5416666666666666,0.5833333333333334,0.5833333333333334,0.625,0.7916666666666666
2026-08-06 23:00:00,rescale,0.01469111442565918,109.3222460016206,0.10526315789473684,563.9253471739943,741.7653471605572,0.5416666666666666,0.75,1816.0732634298117,272.4923510087088,390.3108077195236,69.15137538825785,0.08333333333333333,0.16666666666666666,0.25,0.25,0.25,0.2916666666666667,0.2916666666666667,0.3333333333333333,0.375,0.4583333333333333,0.4583333333333333,0.5,0.5,0.5416666666666666,0.5416666666666666,0.5833333333333334,0.5833333333333334,0.7083333333333334,0.8333333333333334
2026-08-06 23:00:00,raw,0.013315439224243164,141.3365519736842,0.31140350877192985,409.66275,602.856083333333,0.5,0.625,2276.5452500000024,352.7739583333334,497.67803220409644,89.62989687500011,0.0,0.0,0.0,0.0,0.0,0.0,0.0,0.08333333333333333,0.08333333333333333,0.16666666666666666,0.25,0.2916666666666667,0.2916666666666667,0.2916666666666667,0.2916666666666667,0.3333333333333333,0.375,0.5,0.625
2026-08-06 23:00:00,ols-weighted,0.04585909843444824,110.93255103716409,0.11359649122807017,511.48030168639053,687.2252744281495,0.4583333333333333,0.6666666666666666,2000.5435021331443,275.50497608229773,386.58238204076036,77.2186860112319,0.16666666666666666,0.25,0.25,0.25,0.25,0.25,0.2916666666666667,0.4166666666666667,0.4166666666666667,0.4166666666666667,0.5,0.5,0.5,0.5,0.5416666666666666,0.5833333333333334,0.5833333333333334,0.7083333333333334,0.8333333333333334
2026-08-06 23:00:00,ols-noclip,,111.39865176670499,0.12236842105263157,490.21819793467165,637.5739828131622,0.375,0.5833333333333334,2072.281666682264,275.50512871087733,386.5499068684795,78.31468096199059,0.20833333333333334,0.25,0.25,0.25,0.25,0.25,0.2916666666666667,0.4166666666666667,0.4166666666666667,0.4166666666666667,0.5,0.5,0.5,0.5,0.5416666666666666,0.5833333333333334,0.5833333333333334,0.625,0.7916666666666666
2026-08-08 23:00:00,ols,0.012448787689208984,55.07706453384786,0.2618421052631579,471.0961768803307,604.4745193763719,0.7083333333333334,0.9583333333333334,660.7251953675932,153.85857952005856,171.85022417519195,24.923877151272375,0.041666666666666664,0.2916666666666667,0.5,0.7083333333333334,0.75,0.75,0.75,0.75,0.75,0.8333333333333334,0.8333333333333334,0.8333333333333334,0.875,0.9166666666666666,0.9583333333333334,0.9583333333333334,0.9583333333333334,1.0,1.0
2026-08-08 23:00:00,rescale,0.015429258346557617,49.42807555204171,0.1557017543859649,635.3002470051397,813.6773627593366,0.9583333333333334,0.9583333333333334,823.9128079266001,130.9564589253775,155.34938132373847,29.343807069802228,0.041666666666666664,0.041666666666666664,0.041666666666666664,0.16666666666666666,0.20833333333333334,0.375,0.6666666666666666,0.75,0.7916666666666666,0.7916666666666666,0.7916666666666666,0.7916666666666666,0.7916666666666666,0.875,0.9166666666666666,0.9583333333333334,0.9583333333333334,1.0,1.0
2026-08-08 23:00:00,raw,0.017421245574951172,38.899447478070165,0.14473684210526316,476.1622916666667,628.0080624999995,1.0,1.0,628.0080624999995,106.47041666666667,122.7966691577992,22.52584166666666,0.0,0.0,0.041666666666666664,0.08333333333333333,0.375,0.5833333333333334,0.625,0.6666666666666666,0.7083333333333334,0.75,0.75,0.7916666666666666,0.7916666666666666,0.7916666666666666,0.8333333333333334,0.8333333333333334,0.875,1.0,1.0
2026-08-08 23:00:00,ols-weighted,0.014249563217163086,54.60357798697793,0.25745614035087716,492.0992994699274,661.1389519758876,0.75,0.9583333333333334,707.2277988340297,152.45825718211964,170.45673314254125,26.93274574308423,0.041666666666666664,0.25,0.5,0.6666666666666666,0.75,0.75,0.75,0.75,0.75,0.8333333333333334,0.8333333333333334,0.8333333333333334,0.875,0.9166666666666666,0.9583333333333334,0.9583333333333334,0.9583333333333334,1.0,1.0
2026-08-08 23:00:00,ols-noclip,,55.07706453384786,0.2618421052631579,471.0961768803307,604.4745193763719,0.7083333333333334,0.9583333333333334,660.7251953675932,153.85857952005856,171.85022417519195,24.923877151272375,0.041666666666666664,0.2916666666666667,0.5,0.7083333333333334,0.75,0.75,0.75,0.75,0.75,0.8333333333333334,0.8333333333333334,0.8333333333333334,0.875,0.9166666666666666,0.9583333333333334,0.9583333333333334,0.9583333333333334,1.0,1.0
2026-08-10 23:00:00,ols,0.01119542121887207,99.06179073973263,0.09956140350877192,770.3567948071194,994.0163760023074,0.75,0.9583333333333334,1387.5976248906106,256.3402874175253,471.97937243777653,42.57743005294706,0.0,0.041666666666666664,0.041666666666666664,0.125,0.16666666666666666,0.16666666666666666,0.16666666666666666,0.25,0.375,0.4166666666666667,0.4166666666666667,0.4166666666666667,0.4583333333333333,0.5833333333333334,0.7083333333333334,0.75,0.7916666666666666,0.7916666666666666,0.9583333333333334
2026-08-10 23:00:00,rescale,0.019554615020751953,97.58991389654352,0.11184210526315787,842.0395220112908,1087.0319771491295,0.8333333333333334,0.9583333333333334,1283.970541206263,251.86706447006335,465.9892596127772,35.70168075233328,0.0,0.0,0.041666666666666664,0.08333333333333333,0.125,0.125,0.125,0.20833333333333334,0.25,0.375,0.4583333333333333,0.4583333333333333,0.4583333333333333,0.5833333333333334,0.7083333333333334,0.8333333333333334,0.8333333333333334,0.8333333333333334,0.9583333333333334
2026-08-10 23:00:00,raw,0.01988053321838379,145.5349298245614,0.24999999999999994,424.72650000000004,574.530645833333,0.7083333333333334,0.7083333333333334,2994.1468958333357,368.741875,641.7808292450455,123.62300000000012,0.0,0.0,0.0,0.0,0.041666666666666664,0.125,0.125,0.125,0.125,0.20833333333333334,0.2916666666666667,0.2916666666666667,0.3333333333333333,0.375,0.375,0.4166666666666667,0.5,0.7083333333333334,0.7083333333333334
2026-08-10 23:00:00,ols-weighted,0.014821767807006836,99.48589563133346,0.10175438596491229,796.5312507117131,1096.9794697067177,0.7916666666666666,0.9583333333333334,1433.2503705809552,257.358258654682,472.03354648844726,43.52963367450141,0.0,0.0,0.041666666666666664,0.125,0.16666666666666666,0.16666666666666666,0.16666666666666666,0.25,0.375,0.4166666666666667,0.4166666666666667,0.4166666666666667,0.4583333333333333,0.5833333333333334,0.7083333333333334,0.75,0.7916666666666666,0.7916666666666666,0.9583333333333334
2026-08-10 23:00:00,ols-noclip,,99.35297855839971,0.09956140350877192,785.9152111660206,1044.6785769463113,0.75,0.9583333333333334,1438.2598258346143,256.3402874175253,471.97937243777653,45.110540100147254,0.0,0.041666666666666664,0.041666666666666664,0.125,0.16666666666666666,0.16666666666666666,0.16666666666666666,0.25,0.375,0.4166666666666667,0.4166666666666667,0.4166666666666667,0.4583333333333333,0.5833333333333334,0.7083333333333334,0.75,0.7916666666666666,0.7916666666666666,0.9583333333333334
2026-08-12 23:00:00,ols,0.010801076889038086,54.43181380050791,0.23552631578947367,713.6273865994641,951.5171810169105,0.8333333333333334,0.9583333333333334,967.6356768516677,143.44315394137726,169.49865480699646,36.24293186819795,0.041666666666666664,0.16666666666666666,0.25,0.3333333333333333,0.4583333333333333,0.6666666666666666,0.7916666666666666,0.7916666666666666,0.875,0.875,0.875,0.9583333333333334,0.9583333333333334,0.9583333333333334,0.9583333333333334,1.0,1.0,1.0,1.0
2026-08-12 23:00:00,rescale,0.009596586227416992,52.14848613064835,0.20219298245614037,805.6015842407854,1047.0664221994205,0.9166666666666666,1.0,1047.0664221994205,130.603474718946,164.69869834731713,38.024799798861174,0.0,0.08333333333333333,0.16666666666666666,0.25,0.375,0.4583333333333333,0.6666666666666666,0.7916666666666666,0.8333333333333334,0.8333333333333334,0.875,0.9583333333333334,0.9583333333333334,0.9583333333333334,1.0,1.0,1.0,1.0,1.0
2026-08-12 23:00:00,raw,0.008780717849731445,38.45270537280702,0.11798245614035086,439.2303750000001,628.311145833333,0.9583333333333334,1.0,628.311145833333,106.79291666666666,177.86095335729723,18.727913541666666,0.0,0.0,0.0,0.0,0.0,0.0,0.125,0.25,0.25,0.2916666666666667,0.4166666666666667,0.625,0.6666666666666666,0.7083333333333334,0.75,0.7916666666666666,0.9583333333333334,0.9583333333333334,1.0
2026-08-12 23:00:00,ols-weighted,0.010936737060546875,55.083497718562164,0.23508771929824557,753.8995292803532,1064.4903980649822,0.9166666666666666,1.0,1064.4903980649822,143.35129599569848,169.64174590870942,40.128448396952656,0.0,0.08333333333333333,0.25,0.3333333333333333,0.4583333333333333,0.6666666666666666,0.7916666666666666,0.7916666666666666,0.875,0.875,0.875,0.9583333333333334,0.9583333333333334,0.9583333333333334,0.9583333333333334,1.0,1.0,1.0,1.0
2026-08-12 23:00:00,ols-noclip,,54.60438156338183,0.23552631578947367,713.6273865994641,1017.0929309089967,0.8333333333333334,0.9583333333333334,1033.211426743754,143.44315394137726,169.49865480699646,39.52171936280226,0.041666666666666664,0.16666666666666666,0.25,0.3333333333333333,0.4583333333333333,0.6666666666666666,0.7916666666666666,0.7916666666666666,0.875,0.875,0.875,0.9583333333333334,0.9583333333333334,0.9583333333333334,0.9583333333333334,1.0,1.0,1.0,1.0
2026-08-14 23:00:00,ols,0.009911060333251953,75.85165395207932,0.16447368421052633,230.2559353426669,349.1617018173244,0.3333333333333333,0.5833333333333334,1270.3065352822016,195.05448180714197,238.56297043641956,36.118602617314416,0.25,0.375,0.375,0.4166666666666667,0.4583333333333333,0.5,0.5,0.5,0.5,0.5,0.5,0.5,0.5,0.5,0.5,0.5833333333333334,0.625,0.7083333333333334,0.8333333333333334
2026-08-14 23:00:00,rescale,0.02359771728515625,70.1685880030282,0.12500000000000003,287.2242260995522,437.1445951138194,0.4583333333333333,0.7916666666666666,1059.1263833884304,187.55698125405976,235.53235754092773,34.89055157979039,0.125,0.2916666666666667,0.375,0.375,0.375,0.375,0.4166666666666667,0.5,0.5,0.5,0.5,0.5,0.5,0.5,0.5416666666666666,0.5833333333333334,0.6666666666666666,0.75,0.9166666666666666
2026-08-14 23:00:00,raw,0.01063990592956543,62.70910570175439,0.09078947368421053,478.99887500000017,680.8990624999996,0.7083333333333334,0.875,975.5919791666674,174.7508333333333,217.6123542324363,33.95376875000006,0.08333333333333333,0.25,0.3333333333333333,0.375,0.375,0.4166666666666667,0.4583333333333333,0.5,0.5,0.5,0.5,0.5,0.5416666666666666,0.625,0.6666666666666666,0.7083333333333334,0.9583333333333334,0.9583333333333334,0.9583333333333334
2026-08-14 23:00:00,ols-weighted,0.016804933547973633,74.8000202755189,0.16008771929824564,249.71425520166144,404.5252739315817,0.3333333333333333,0.6666666666666666,1139.2452955007818,195.27947064245782,238.83710436073065,36.1310525375761,0.20833333333333334,0.375,0.375,0.4166666666666667,0.4583333333333333,0.5,0.5,0.5,0.5,0.5,0.5,0.5,0.5,0.5,0.5,0.5833333333333334,0.625,0.7083333333333334,0.875
2026-08-14 23:00:00,ols-noclip,,75.85165395207932,0.16447368421052633,230.2559353426669,349.1617018173244,0.3333333333333333,0.5833333333333334,1270.3065352822016,195.05448180714197,238.56297043641956,36.118602617314416,0.25,0.375,0.375,0.4166666666666667,0.4583333333333333,0.5,0.5,0.5,0.5,0.5,0.5,0.5,0.5,0.5,0.5,0.5833333333333334,0.625,0.7083333333333334,0.8333333333333334
2026-08-16 23:00:00,ols,0.012544631958007812,55.166096077626975,0.10526315789473684,382.94085846182594,609.6836938458747,0.8333333333333334,0.875,857.1377249106945,142.48732930891057,231.0541403318437,24.92938427063763,0.0,0.0,0.041666666666666664,0.041666666666666664,0.08333333333333333,0.125,0.125,0.20833333333333334,0.375,0.4583333333333333,0.4583333333333333,0.5,0.625,0.625,0.7083333333333334,0.7083333333333334,0.7083333333333334,0.8333333333333334,0.875
2026-08-16 23:00:00,rescale,0.015391826629638672,56.82072937664366,0.16008771929824558,476.18195550884747,758.3199702618804,0.8333333333333334,0.875,946.8190581229704,149.30365040783246,230.43063912613272,25.86243943346001,0.0,0.0,0.041666666666666664,0.041666666666666664,0.041666666666666664,0.041666666666666664,0.08333333333333333,0.125,0.16666666666666666,0.20833333333333334,0.2916666666666667,0.4166666666666667,0.5416666666666666,0.625,0.625,0.7083333333333334,0.7916666666666666,0.8333333333333334,0.875
2026-08-16 23:00:00,raw,0.014606952667236328,57.735029550438604,0.11929824561403506,557.054375,736.3406041666664,0.7916666666666666,0.9583333333333334,762.9164375,158.93833333333336,211.25847203919025,25.659205208333358,0.0,0.16666666666666666,0.375,0.4166666666666667,0.4583333333333333,0.5416666666666666,0.5416666666666666,0.5416666666666666,0.625,0.6666666666666666,0.7083333333333334,0.7083333333333334,0.7083333333333334,0.75,0.7916666666666666,0.8333333333333334,0.9166666666666666,0.9583333333333334,0.9583333333333334
2026-08-16 23:00:00,ols-weighted,0.01319122314453125,55.06319812126438,0.09956140350877192,410.9209033396922,720.0352258586285,0.8333333333333334,0.9583333333333334,904.7743349653974,142.39694114180267,230.57897723003632,25.201927972280405,0.0,0.0,0.041666666666666664,0.041666666666666664,0.08333333333333333,0.125,0.125,0.20833333333333334,0.375,0.4583333333333333,0.4583333333333333,0.5416666666666666,0.625,0.625,0.7083333333333334,0.7083333333333334,0.7083333333333334,0.8333333333333334,0.9583333333333334
2026-08-16 23:00:00,ols-noclip,,55.166096077626975,0.10526315789473684,382.94085846182594,609.6836938458747,0.8333333333333334,0.875,857.1377249106945,142.48732930891057,231.0541403318437,24.92938427063763,0.0,0.0,0.041666666666666664,0.041666666666666664,0.08333333333333333,0.125,0.125,0.20833333333333334,0.375,0.4583333333333333,0.4583333333333333,0.5,0.625,0.625,0.7083333333333334,0.7083333333333334,0.7083333333333334,0.8333333333333334,0.875
2026-08-18 23:00:00,ols,0.03905749320983887,83.78739520113031,0.22675438596491224,985.9013863335285,1475.6659725281595,0.875,0.9583333333333334,1637.1733989945267,202.21892229234848,272.77472844512056,58.054784572115864,0.041666666666666664,0.125,0.2916666666666667,0.4583333333333333,0.5416666666666666,0.625,0.6666666666666666,0.6666666666666666,0.7916666666666666,0.8333333333333334,0.875,0.9166666666666666,0.9583333333333334,1.0,1.0,1.0,1.0,1.0,1.0
2026-08-18 23:00:00,rescale,0.03143906593322754,86.94036718602196,0.19824561403508772,1121.2513940069214,1661.6019188471803,0.9583333333333334,0.9583333333333334,1811.5233903097167,203.20469279701743,295.02479361681264,63.288931867734426,0.041666666666666664,0.041666666666666664,0.08333333333333333,0.25,0.375,0.5,0.6666666666666666,0.6666666666666666,0.7083333333333334,0.8333333333333334,0.875,0.9583333333333334,1.0,1.0,1.0,1.0,1.0,1.0,1.0
2026-08-18 23:00:00,raw,0.02634286880493164,51.73106014254385,0.057894736842105256,677.7867083333334,890.3246666666661,0.9583333333333334,1.0,890.3246666666661,151.36416666666665,196.57654785519728,31.041417708333324,0.0,0.041666666666666664,0.125,0.16666666666666666,0.25,0.3333333333333333,0.4583333333333333,0.5416666666666666,0.5416666666666666,0.5416666666666666,0.5416666666666666,0.5833333333333334,0.625,0.75,0.7916666666666666,0.9166666666666666,0.9583333333333334,1.0,1.0
2026-08-18 23:00:00,ols-weighted,0.03580880165100098,84.90382752039719,0.22850877192982452,1051.4889441294433,1655.6741577966357,0.9583333333333334,0.9583333333333334,1782.7753972410235,201.8758668705766,272.26918382600337,64.35223229271553,0.041666666666666664,0.041666666666666664,0.2916666666666667,0.4583333333333333,0.5,0.625,0.6666666666666666,0.6666666666666666,0.7916666666666666,0.8333333333333334,0.875,0.9166666666666666,1.0,1.0,1.0,1.0,1.0,1.0,1.0
2026-08-18 23:00:00,ols-noclip,,84.02613443055688,0.22675438596491224,988.7373546480127,1560.7149430812885,0.875,0.9583333333333334,1722.222369547655,202.21892229234848,272.77472844512056,62.14494222081057,0.041666666666666664,0.125,0.2916666666666667,0.4583333333333333,0.5416666666666666,0.625,0.6666666666666666,0.6666666666666666,0.7916666666666666,0.8333333333333334,0.875,0.9166666666666666,0.9583333333333334,1.0,1.0,1.0,1.0,1.0,1.0
2026-08-20 23:00:00,ols,0.03569793701171875,131.6704159373337,0.15789473684210525,454.8864457477329,670.7230708276276,0.4166666666666667,0.6666666666666666,2471.9661794668345,345.07812484636435,473.39937278084443,99.22495641304528,0.08333333333333333,0.25,0.25,0.25,0.2916666666666667,0.2916666666666667,0.3333333333333333,0.3333333333333333,0.3333333333333333,0.3333333333333333,0.3333333333333333,0.375,0.375,0.4166666666666667,0.4166666666666667,0.5833333333333334,0.5833333333333334,0.6666666666666666,0.75
2026-08-20 23:00:00,rescale,0.0178682804107666,123.34445715256571,0.15000000000000002,551.965637359223,816.0541233670018,0.6666666666666666,0.75,2154.4304174833364,329.4236638378363,456.6937846019986,82.67523688215032,0.0,0.041666666666666664,0.125,0.25,0.25,0.25,0.25,0.25,0.2916666666666667,0.3333333333333333,0.3333333333333333,0.375,0.375,0.4166666666666667,0.5416666666666666,0.5833333333333334,0.625,0.7083333333333334,0.75
2026-08-20 23:00:00,raw,0.014618873596191406,151.2193049890351,0.25,447.04562500000014,654.039333333333,0.5416666666666666,0.7083333333333334,2308.2172500000033,400.45,558.0537969082819,88.8866145833335,0.0,0.0,0.0,0.0,0.08333333333333333,0.16666666666666666,0.25,0.25,0.25,0.25,0.25,0.25,0.25,0.2916666666666667,0.375,0.375,0.4583333333333333,0.5416666666666666,0.7083333333333334
2026-08-20 23:00:00,ols-weighted,0.019284963607788086,129.83832128616191,0.15350877192982457,497.93731019988485,764.6302071107926,0.5,0.6666666666666666,2033.195158703329,345.06041051948097,473.4694008011007,76.85733681541005,0.08333333333333333,0.20833333333333334,0.25,0.25,0.2916666666666667,0.2916666666666667,0.3333333333333333,0.3333333333333333,0.3333333333333333,0.3333333333333333,0.3333333333333333,0.375,0.375,0.4166666666666667,0.4166666666666667,0.5833333333333334,0.5833333333333334,0.7083333333333334,0.75
2026-08-20 23:00:00,ols-noclip,,131.6704159373337,0.15789473684210525,454.8864457477329,670.7230708276276,0.4166666666666667,0.6666666666666666,2471.9661794668345,345.07812484636435,473.39937278084443,99.22495641304528,0.08333333333333333,0.25,0.25,0.25,0.2916666666666667,0.2916666666666667,0.3333333333333333,0.3333333333333333,0.3333333333333333,0.3333333333333333,0.3333333333333333,0.375,0.375,0.4166666666666667,0.4166666666666667,0.5833333333333334,0.5833333333333334,0.6666666666666666,0.75
2026-08-22 23:00:00,ols,0.01567363739013672,126.01374070839046,0.34210526315789475,1215.4461599982797,1639.2217647101522,0.5833333333333334,0.8333333333333334,1745.986716192427,315.6472188403347,330.81105153442684,70.35236262203163,0.16666666666666666,0.4166666666666667,0.625,0.75,0.75,0.7916666666666666,0.8333333333333334,0.875,0.9166666666666666,0.9583333333333334,0.9583333333333334,0.9583333333333334,1.0,1.0,1.0,1.0,1.0,1.0,1.0
2026-08-22 23:00:00,rescale,0.013717889785766602,115.91892042458159,0.27456140350877195,1575.018943305722,2044.0003163160566,0.9583333333333334,1.0,2044.0003163160566,281.88007157793254,317.52369000058843,81.54019702015354,0.0,0.041666666666666664,0.16666666666666666,0.375,0.625,0.75,0.7916666666666666,0.875,0.9583333333333334,0.9583333333333334,0.9583333333333334,1.0,1.0,1.0,1.0,1.0,1.0,1.0,1.0
2026-08-22 23:00:00,raw,0.013971090316772461,67.13773251096492,0.14035087719298248,663.1741666666668,920.7036666666663,0.7083333333333334,0.9166666666666666,961.5078333333328,180.953125,244.92299150064497,33.113814583333344,0.08333333333333333,0.25,0.2916666666666667,0.5416666666666666,0.5833333333333334,0.5833333333333334,0.5833333333333334,0.5833333333333334,0.5833333333333334,0.6666666666666666,0.6666666666666666,0.75,0.75,0.75,0.7916666666666666,0.875,0.875,0.9583333333333334,1.0
2026-08-22 23:00:00,ols-weighted,0.015266656875610352,127.06362373678297,0.3333333333333333,1301.142079081521,1805.9352524792348,0.625,0.875,1889.6573880693352,316.13640246503496,331.4901586305282,75.61767694484745,0.125,0.375,0.5416666666666666,0.75,0.75,0.7916666666666666,0.8333333333333334,0.875,0.9166666666666666,0.9583333333333334,0.9583333333333334,0.9583333333333334,1.0,1.0,1.0,1.0,1.0,1.0,1.0
2026-08-22 23:00:00,ols-noclip,,126.2271326991943,0.34210526315789475,1215.5667943120584,1720.0694525880535,0.5833333333333334,0.8333333333333334,1826.834404070328,315.6472188403347,330.81105153442684,74.39474701592668,0.16666666666666666,0.4166666666666667,0.625,0.75,0.75,0.7916666666666666,0.8333333333333334,0.875,0.9166666666666666,0.9583333333333334,0.9583333333333334,0.9583333333333334,1.0,1.0,1.0,1.0,1.0,1.0,1.0
2026-08-24 23:00:00,ols,0.019505023956298828,179.65975603919333,0.17324561403508773,564.5307342260238,793.146982249349,0.625,0.7083333333333334,2590.215228790664,458.31578610808265,727.3810108969247,95.37179279020289,0.0,0.0,0.0,0.08333333333333333,0.20833333333333334,0.25,0.2916666666666667,0.2916666666666667,0.3333333333333333,0.3333333333333333,0.375,0.375,0.4166666666666667,0.4583333333333333,0.4583333333333333,0.4583333333333333,0.5416666666666666,0.625,0.7083333333333334
2026-08-24 23:00:00,rescale,0.011722326278686523,162.39692245410723,0.20614035087719298,683.9505075761443,971.3219847811985,0.625,0.9166666666666666,1562.6395064900018,435.6703706398877,690.1661290851556,41.24157507348766,0.0,0.0,0.0,0.0,0.0,0.08333333333333333,0.16666666666666666,0.16666666666666666,0.2916666666666667,0.2916666666666667,0.2916666666666667,0.3333333333333333,0.4166666666666667,0.4583333333333333,0.5,0.5,0.5416666666666666,0.625,0.9166666666666666
2026-08-24 23:00:00,raw,0.016019105911254883,179.65765953947368,0.13903508771929823,678.3362916666669,984.3690416666662,0.6666666666666666,0.7916666666666666,3085.8186250000017,471.0275,751.5049793691768,120.3673968750001,0.0,0.0,0.041666666666666664,0.20833333333333334,0.20833333333333334,0.25,0.2916666666666667,0.2916666666666667,0.3333333333333333,0.375,0.375,0.4166666666666667,0.4583333333333333,0.4583333333333333,0.4583333333333333,0.625,0.625,0.6666666666666666,0.7916666666666666
2026-08-24 23:00:00,ols-weighted,0.011875391006469727,176.59990953389124,0.16447368421052633,612.2240069450019,860.9422949087334,0.625,0.75,2137.1465099445636,457.97602085732524,726.9832298598565,71.90421654621117,0.0,0.0,0.0,0.08333333333333333,0.20833333333333334,0.25,0.2916666666666667,0.2916666666666667,0.3333333333333333,0.3333333333333333,0.375,0.375,0.4583333333333333,0.4583333333333333,0.4583333333333333,0.5,0.5833333333333334,0.625,0.75
2026-08-24 23:00:00,ols-noclip,,179.65975603919333,0.17324561403508773,564.5307342260238,793.146982249349,0.625,0.7083333333333334,2590.215228790664,458.31578610808265,727.3810108969247,95.37179279020289,0.0,0.0,0.0,0.08333333333333333,0.20833333333333334,0.25,0.2916666666666667,0.2916666666666667,0.3333333333333333,0.3333333333333333,0.375,0.375,0.4166666666666667,0.4583333333333333,0.4583333333333333,0.4583333333333333,0.5416666666666666,0.625,0.7083333333333334
2026-08-26 23:00:00,ols,0.013911962509155273,347.9697587670365,0.1276315789473684,1264.3612848129692,1683.4345981828783,0.5,0.625,7083.604576760787,856.1931615552103,1222.7300523275026,285.1751354409334,0.125,0.20833333333333334,0.2916666666666667,0.4583333333333333,0.5,0.5,0.5,0.5,0.5416666666666666,0.5416666666666666,0.5416666666666666,0.625,0.625,0.625,0.625,0.625,0.6666666666666666,0.7083333333333334,0.75
2026-08-26 23:00:00,rescale,0.015295028686523438,333.66680236694503,0.08596491228070176,1412.3326209550576,1874.2953285225667,0.5833333333333334,0.75,6595.7540389441965,826.2905451151797,1221.0228650049128,258.34217368533217,0.041666666666666664,0.125,0.16666666666666666,0.20833333333333334,0.3333333333333333,0.5,0.5,0.5,0.5,0.5833333333333334,0.625,0.625,0.625,0.625,0.6666666666666666,0.6666666666666666,0.7083333333333334,0.7083333333333334,0.7916666666666666
2026-08-26 23:00:00,raw,0.014554023742675781,469.88931118421056,0.1763157894736842,601.3073750000001,819.5223333333328,0.20833333333333334,0.5416666666666666,13011.181916666674,1064.4554166666667,1567.4400417446861,592.0898135416669,0.041666666666666664,0.3333333333333333,0.4166666666666667,0.4166666666666667,0.4166666666666667,0.4166666666666667,0.4583333333333333,0.4583333333333333,0.4583333333333333,0.4583333333333333,0.4583333333333333,0.5,0.5,0.5,0.5,0.5,0.5416666666666666,0.5416666666666666,0.5833333333333334
2026-08-26 23:00:00,ols-weighted,0.01679205894470215,344.859122219682,0.11754385964912281,1341.2258870486687,1813.5528173282837,0.5416666666666666,0.7083333333333334,6525.387144315741,855.9389259693497,1223.1582175229837,260.8382124064705,0.041666666666666664,0.16666666666666666,0.25,0.4583333333333333,0.5,0.5,0.5,0.5,0.5416666666666666,0.5416666666666666,0.5416666666666666,0.625,0.625,0.625,0.625,0.6666666666666666,0.6666666666666666,0.7083333333333334,0.75
2026-08-26 23:00:00,ols-noclip,,350.79937301607765,0.1276315789473684,1430.5135376241633,2031.824618603543,0.5,0.625,7431.994597181452,856.1931615552103,1222.7300523275026,302.5683982970757,0.125,0.20833333333333334,0.2916666666666667,0.4583333333333333,0.5,0.5,0.5,0.5,0.5416666666666666,0.5416666666666666,0.5416666666666666,0.625,0.625,0.625,0.625,0.625,0.6666666666666666,0.7083333333333334,0.75
2026-08-28 23:00:00,ols,0.02500128746032715,283.856713545266,0.29824561403508776,2315.928565869257,2750.5826277804167,0.4166666666666667,0.8333333333333334,3706.1146363166863,696.1903853399793,915.7259011497878,114.27658505610407,0.16666666666666666,0.5833333333333334,0.625,0.6666666666666666,0.6666666666666666,0.6666666666666666,0.6666666666666666,0.7083333333333334,0.75,0.7916666666666666,0.9583333333333334,0.9583333333333334,0.9583333333333334,1.0,1.0,1.0,1.0,1.0,1.0
2026-08-28 23:00:00,rescale,0.010072946548461914,270.50540962948526,0.22587719298245612,2716.5414519081937,3276.7629434981354,0.8333333333333334,0.9166666666666666,3445.3544981282516,705.9141084867011,1000.3736980823605,122.1035249212157,0.08333333333333333,0.16666666666666666,0.20833333333333334,0.3333333333333333,0.4583333333333333,0.6666666666666666,0.7083333333333334,0.75,0.75,0.8333333333333334,0.9166666666666666,0.9583333333333334,0.9583333333333334,1.0,1.0,1.0,1.0,1.0,1.0
2026-08-28 23:00:00,raw,0.01475977897644043,233.5805157346491,0.13201754385964914,685.6467916666667,932.0968958333328,0.6666666666666666,0.6666666666666666,4986.531479166669,562.5214583333333,845.8103071174066,212.5550604166668,0.0,0.0,0.0,0.08333333333333333,0.125,0.25,0.3333333333333333,0.4583333333333333,0.4583333333333333,0.5,0.5,0.5,0.5,0.5,0.5,0.5416666666666666,0.5416666666666666,0.6666666666666666,0.6666666666666666
2026-08-28 23:00:00,ols-weighted,0.013412952423095703,285.3129962641459,0.29824561403508776,2374.9280781865414,2879.8533662742316,0.4166666666666667,0.8333333333333334,3552.2185093762982,700.0913863897273,927.477358798948,117.79527296775125,0.16666666666666666,0.5833333333333334,0.625,0.6666666666666666,0.6666666666666666,0.6666666666666666,0.6666666666666666,0.7083333333333334,0.75,0.7916666666666666,0.9583333333333334,0.9583333333333334,0.9583333333333334,1.0,1.0,1.0,1.0,1.0,1.0
2026-08-28 23:00:00,ols-noclip,,288.45565342012,0.29824561403508776,2620.078324176638,3474.2707659077773,0.4166666666666667,0.8333333333333334,4429.802774444048,696.1903853399793,915.7259011497878,150.46099196247212,0.16666666666666666,0.5833333333333334,0.625,0.6666666666666666,0.6666666666666666,0.6666666666666666,0.6666666666666666,0.7083333333333334,0.75,0.7916666666666666,0.9583333333333334,0.9583333333333334,0.9583333333333334,1.0,1.0,1.0,1.0,1.0,1.0
2026-08-30 23:00:00,ols,0.02080368995666504,409.3024720461246,0.13728070175438595,895.3686812494593,1264.3275371000896,0.5833333333333334,0.7083333333333334,7585.492384204329,1024.008194674266,1567.1077189503335,316.3023811405287,0.0,0.0,0.0,0.125,0.16666666666666666,0.4166666666666667,0.5416666666666666,0.5833333333333334,0.5833333333333334,0.5833333333333334,0.5833333333333334,0.5833333333333334,0.5833333333333334,0.5833333333333334,0.5833333333333334,0.5833333333333334,0.5833333333333334,0.5833333333333334,0.7083333333333334
2026-08-30 23:00:00,rescale,0.020266056060791016,386.01540742764695,0.16885964912280702,1102.8960389183223,1503.7875692118387,0.6666666666666666,0.75,5927.0163755362055,986.303204768967,1557.907406011162,227.45808619149827,0.0,0.0,0.0,0.0,0.041666666666666664,0.041666666666666664,0.041666666666666664,0.08333333333333333,0.16666666666666666,0.4583333333333333,0.5416666666666666,0.5833333333333334,0.5833333333333334,0.5833333333333334,0.5833333333333334,0.5833333333333334,0.5833333333333334,0.6666666666666666,0.75
2026-08-30 23:00:00,raw,0.011274576187133789,493.6727047149123,0.13596491228070176,511.9912500000001,732.2834999999995,0.5833333333333334,0.5833333333333334,15177.183500000005,1074.97875,1688.8511782545158,696.0150531250002,0.0,0.0,0.0,0.0,0.041666666666666664,0.20833333333333334,0.25,0.3333333333333333,0.4166666666666667,0.5,0.5,0.5833333333333334,0.5833333333333334,0.5833333333333334,0.5833333333333334,0.5833333333333334,0.5833333333333334,0.5833333333333334,0.5833333333333334
2026-08-30 23:00:00,ols-weighted,0.01671147346496582,403.2777205501206,0.1350877192982456,963.9852162575224,1370.7472501553887,0.5833333333333334,0.7083333333333334,6902.769379536071,1022.6957869190552,1565.1972041466288,280.75062713129955,0.0,0.0,0.0,0.08333333333333333,0.16666666666666666,0.375,0.5,0.5833333333333334,0.5833333333333334,0.5833333333333334,0.5833333333333334,0.5833333333333334,0.5833333333333334,0.5833333333333334,0.5833333333333334,0.5833333333333334,0.5833333333333334,0.5833333333333334,0.7083333333333334
2026-08-30 23:00:00,ols-noclip,,409.44839608122845,0.13728070175438595,895.3686812494593,1319.7786704395821,0.5833333333333334,0.7083333333333334,7640.943517543822,1024.008194674266,1567.1077189503335,319.0749378075033,0.0,0.0,0.0,0.125,0.16666666666666666,0.4166666666666667,0.5416666666666666,0.5833333333333334,0.5833333333333334,0.5833333333333334,0.5833333333333334,0.5833333333333334,0.5833333333333334,0.5833333333333334,0.5833333333333334,0.5833333333333334,0.5833333333333334,0.5833333333333334,0.7083333333333334
