method,origin,mean_pinball,crps,reliability,mae,rmse,cover80,sharp80,winkler80,cover90,sharp90,winkler90,pinball95,wis,seconds
Analog,2021-04-01 23:00:00,112.524471,215.323672,0.473246,251.599856,313.893522,0.085,175.090059,1947.208855,0.226667,244.67918,3302.825168,19.367342,225.048942,0.012924
Analog,2021-04-02 23:00:00,45.034181,83.93039,0.151825,103.644042,123.011088,0.918333,659.33904,689.514332,0.973333,930.386796,951.382701,23.730655,90.068362,0.0119
Analog,2021-04-04 23:00:00,57.711359,107.640873,0.260772,149.358648,174.237047,0.803333,605.282852,744.366567,0.896667,830.234362,973.66318,24.168929,115.422718,0.010846
Analog,2021-04-05 23:00:00,33.482118,62.440378,0.209035,68.308051,77.93664,0.993333,632.443786,633.786765,1.0,865.137149,865.137149,22.674664,66.964237,0.011926
Analog,2021-04-06 23:00:00,20.912939,39.103018,0.128211,50.413218,85.24665,0.87,195.658701,288.997702,0.946667,264.797844,350.674711,10.640526,41.825879,0.010681
Analog,2021-04-07 23:00:00,19.669765,36.683087,0.139737,48.575373,61.773969,0.906667,277.49846,294.895115,0.98,400.099526,413.42835,15.649041,39.33953,0.012713
Analog,2021-04-08 23:00:00,24.056518,44.848481,0.256825,65.207849,76.711186,0.723333,175.787365,290.786871,0.826667,263.110359,380.997889,10.45595,48.113036,0.011929
Analog,2021-04-09 23:00:00,149.914504,285.895332,0.414316,340.735407,379.863077,0.171667,201.986722,2535.144008,0.206667,275.635019,4184.521851,186.900848,299.829009,0.013027
Analog,2021-04-10 23:00:00,123.103763,229.16228,0.405947,324.14379,332.810874,0.285,597.848748,1533.85033,0.521667,823.310467,1758.374019,39.688208,246.207526,0.014345
Analog,2021-04-11 23:00:00,47.283049,88.184803,0.166649,106.659718,137.690297,0.931667,656.090338,711.203679,0.963333,921.804451,984.132814,31.2593,94.566098,0.014586
Analog,2021-04-12 23:00:00,22.616663,42.190862,0.113105,52.951313,70.504907,0.943333,338.615561,355.50888,0.971667,451.087949,472.349874,16.085933,45.233326,0.013998
Analog,2021-04-13 23:00:00,109.235972,204.439922,0.402544,275.183348,320.563505,0.351667,288.954515,1499.870601,0.58,441.939995,1916.637154,75.442326,218.471945,0.013368
Analog,2021-04-14 23:00:00,39.299586,73.266876,0.164649,80.732748,100.210253,0.923333,630.949354,669.981655,0.965,856.725648,894.743602,26.523791,78.599172,0.016383
Analog,2021-04-15 23:00:00,31.286754,58.348554,0.137509,73.928683,93.339681,0.88,371.896806,481.294638,0.918333,512.34805,657.375002,17.014387,62.573507,0.015432
Analog,2021-04-16 23:00:00,126.326886,242.501575,0.470912,287.645221,294.647207,0.101667,299.783967,2108.218388,0.173333,426.868664,3513.58997,28.383597,252.653773,0.014908
Analog,2021-04-17 23:00:00,39.436816,73.459595,0.251877,114.594924,127.581227,0.956667,479.147628,487.356712,0.996667,664.77591,665.032033,22.753472,78.873631,0.015866
Analog,2021-04-18 23:00:00,16.617159,31.110349,0.148088,35.934249,87.462489,0.911667,169.705058,279.743673,0.941667,250.444908,373.230793,12.697331,33.234318,0.014146
Analog,2021-04-19 23:00:00,16.936244,31.588791,0.18707,36.428401,45.785334,0.95,286.194682,296.939513,0.98,408.627036,417.825156,15.745202,33.872487,0.015681
Analog,2021-04-20 23:00:00,11.865165,22.146437,0.149912,26.8009,33.079283,0.986667,196.166205,197.155323,0.998333,283.702334,283.731066,8.901766,23.730329,0.014308
Analog,2021-04-21 23:00:00,24.529698,46.454341,0.193211,58.436966,130.849355,0.843333,98.756205,393.933258,0.876667,141.529182,583.466665,23.937699,49.059396,0.014814
Analog,2021-04-22 23:00:00,48.064706,89.495439,0.243088,145.335572,177.571425,0.88,373.28841,485.692078,0.945,517.449627,581.938148,15.529865,96.129411,0.014159
Analog,2021-04-23 23:00:00,45.740554,85.739236,0.117684,115.0712,152.335672,0.865,480.196247,697.313808,0.91,716.888742,961.544822,26.144359,91.481107,0.01594
Analog,2021-04-24 23:00:00,62.143365,115.910151,0.27686,161.409453,191.704099,0.671667,593.718474,800.302702,0.825,843.700387,1056.295898,33.659015,124.28673,0.013472
Analog,2021-04-25 23:00:00,81.105334,151.107228,0.225842,208.604059,291.905734,0.608333,389.359821,1065.26598,0.768333,580.111129,1243.928189,40.843309,162.210669,0.017847
Analog,2021-04-26 23:00:00,66.001672,122.794831,0.244912,177.707442,224.799223,0.83,696.45235,792.105314,0.931667,967.895452,1027.795907,39.295896,132.003344,0.014224
Analog,2021-04-27 23:00:00,41.504425,77.430997,0.127772,97.555731,127.384202,0.966667,628.198682,647.109215,0.986667,956.175758,971.74331,34.145794,83.00885,0.015142
Analog,2021-04-28 23:00:00,31.160297,58.133609,0.252123,79.195429,137.837365,0.775,284.511783,435.571293,0.903333,428.019148,577.601246,20.015711,62.320594,0.017223
Analog,2021-04-29 23:00:00,33.478174,62.276241,0.211526,76.3894,104.987324,0.923333,501.537269,516.320039,0.971667,665.575848,672.379251,28.330601,66.956348,0.014863
Analog,2021-04-30 23:00:00,35.766398,67.925502,0.184386,80.827949,111.133578,0.826667,276.525633,586.771024,0.863333,417.282191,942.485149,14.587258,71.532797,0.016122
Analog,2021-05-01 23:00:00,73.56287,140.741386,0.244737,165.677251,315.457599,0.43,292.944251,1232.036023,0.513333,409.591754,1995.13841,77.849857,147.125741,0.014907
Analog,2021-05-02 23:00:00,60.613206,113.01496,0.119509,149.908098,248.214872,0.91,755.651759,894.002348,0.961667,1090.214933,1208.296103,43.037476,121.226413,0.015252
Analog,2021-05-03 23:00:00,63.919716,119.060741,0.134912,146.118881,299.942518,0.918333,784.115719,979.431008,0.96,1163.435915,1340.701761,44.69118,127.839432,0.017196
Analog,2021-05-04 23:00:00,66.429253,123.72027,0.186421,145.47294,196.511089,0.971667,1085.576901,1095.093266,0.991667,1490.957936,1492.358282,60.837953,132.858507,0.015243
Analog,2021-05-05 23:00:00,35.583392,66.373967,0.128842,69.689959,94.007512,1.0,658.174403,658.174403,1.0,964.937374,964.937374,31.667622,71.166783,0.014908
Analog,2021-05-06 23:00:00,21.202147,39.486697,0.326193,59.07422,64.539294,0.706667,155.871463,248.471098,0.863333,228.413663,298.124207,7.762548,42.404295,0.015745
Analog,2021-05-07 23:00:00,27.613924,51.739848,0.346912,72.819685,91.223401,0.541667,126.594544,339.601603,0.715,170.220317,446.168324,14.656022,55.227848,0.015278
Analog,2021-05-08 23:00:00,22.728955,42.319698,0.186596,55.743128,81.266812,0.783333,226.977691,298.120325,0.903333,313.094922,362.88191,11.384401,45.45791,0.01516
Analog,2021-05-09 23:00:00,18.487801,34.484116,0.20086,41.663394,56.476308,0.943333,272.310723,300.651006,0.975,403.15347,435.641346,14.360264,36.975602,0.014528
Analog,2021-05-10 23:00:00,47.596244,89.564234,0.237649,117.902373,287.424627,0.815,225.181436,681.045106,0.901667,324.117231,1000.665575,38.989617,95.192488,0.013823
Analog,2021-05-11 23:00:00,43.454624,81.05966,0.15886,77.624095,119.871936,0.985,874.226301,878.987328,0.996667,1208.674644,1211.144669,49.555962,86.909247,0.016074
Analog,2021-05-12 23:00:00,36.206823,67.546243,0.183386,88.036465,133.202047,0.971667,556.437989,564.401796,0.993333,867.963172,870.023217,30.013375,72.413645,0.017215
Analog,2021-05-13 23:00:00,32.007385,59.625354,0.233684,82.452414,110.49415,0.838333,392.012959,437.665033,0.95,579.257881,597.61269,23.045619,64.01477,0.014635
Analog,2021-05-14 23:00:00,33.155538,61.780366,0.148842,91.030768,155.773325,0.868333,286.189857,398.693712,0.935,428.448556,501.411759,13.219751,66.311077,0.015088
Analog,2021-05-15 23:00:00,42.888746,79.780582,0.19886,102.109044,137.272654,0.703333,483.122794,608.344326,0.895,666.430008,748.605957,29.001308,85.777492,0.013937
Analog,2021-05-16 23:00:00,51.099174,95.546426,0.144421,117.437254,319.634443,0.933333,436.887906,816.63255,0.953333,657.274671,979.477215,33.371419,102.198349,0.014838
Analog,2021-05-17 23:00:00,50.856056,94.861786,0.153614,101.177269,179.928152,0.98,908.942266,919.548126,0.996667,1344.379269,1345.221684,52.246279,101.712112,0.014215
Analog,2021-05-18 23:00:00,44.962679,83.849409,0.141509,96.652313,159.243751,0.973333,725.553643,739.167229,0.993333,1101.282547,1106.524824,40.445283,89.925359,0.015798
Analog,2021-05-19 23:00:00,30.166456,56.31571,0.16893,72.721369,85.057563,0.976667,486.323629,488.686313,1.0,724.597093,724.597093,21.61407,60.332913,0.014533
Analog,2021-05-20 23:00:00,13.123706,24.426848,0.358211,34.935818,38.365124,0.495,96.576031,159.087504,0.721667,140.414443,198.447381,6.004104,26.247412,0.013316
Analog,2021-05-21 23:00:00,101.36395,197.731352,0.351667,219.87032,355.680308,0.288333,94.726276,1833.57956,0.358333,132.409709,3341.15377,148.973108,202.727901,0.015137
Analog,2021-05-22 23:00:00,65.998371,122.906999,0.293351,165.99862,185.988622,0.615,674.013329,876.846427,0.83,947.856939,1084.717063,41.658253,131.996741,0.014148
Analog,2021-05-23 23:00:00,51.646268,96.148447,0.110877,130.290105,175.64029,0.846667,563.949034,684.730375,0.943333,850.680021,915.637597,25.865533,103.292537,0.013605
Analog,2021-05-24 23:00:00,24.033234,44.807469,0.198614,59.459823,76.498287,0.933333,334.508516,352.096399,0.976667,501.553502,509.373787,18.366775,48.066469,0.015099
Analog,2021-05-25 23:00:00,29.663327,56.462725,0.18786,67.125942,174.742091,0.89,182.288527,491.725408,0.93,272.271251,812.054574,32.626941,59.326654,0.013293
Analog,2021-05-26 23:00:00,28.356797,52.788916,0.235579,57.441867,71.885961,0.94,502.346803,508.131271,0.985,691.199076,694.090756,30.273602,56.713595,0.015333
Analog,2021-05-27 23:00:00,151.274354,286.04076,0.454211,358.162101,538.879449,0.225,278.154859,2352.104805,0.465,414.527499,3480.240227,147.918472,302.548708,0.016694
Analog,2021-05-28 23:00:00,125.051631,232.482616,0.232053,329.945326,421.151854,0.773333,1300.788374,1571.317106,0.88,1622.248919,1861.693869,68.767974,250.103261,0.013214
Analog,2021-05-29 23:00:00,93.223118,173.721518,0.356965,256.213121,282.982338,0.698333,820.199696,1084.57228,0.888333,1223.869048,1415.095056,51.381623,186.446236,0.013839
Analog,2021-05-30 23:00:00,41.970303,78.293184,0.188561,92.772592,154.642293,0.883333,547.166162,663.486792,0.943333,803.28135,936.145549,28.65843,83.940606,0.015595
Analog,2021-05-31 23:00:00,18.980125,35.373463,0.188737,33.58317,46.973445,0.996667,395.171428,395.220883,1.0,548.861744,548.861744,23.348454,37.96025,0.014972
Analog,2021-06-01 23:00:00,18.65564,34.803156,0.233018,46.500735,55.236872,0.956667,261.021256,281.491371,0.976667,386.513777,403.795222,11.934814,37.31128,0.015563
Analog,2021-06-02 23:00:00,20.332708,37.968067,0.146614,51.614616,73.916973,0.783333,157.75305,272.61862,0.89,219.062875,356.327514,11.771574,40.665416,0.014333
Analog,2021-06-03 23:00:00,14.920238,27.814721,0.123842,35.613178,52.749182,0.941667,183.486021,210.566942,0.983333,249.194493,267.695278,8.688967,29.840476,0.015567
Analog,2021-06-04 23:00:00,35.711299,67.135873,0.287298,88.87684,122.590008,0.361667,163.379342,509.739051,0.538333,237.182247,698.148816,22.870097,71.422597,0.016282
Analog,2021-06-05 23:00:00,89.716172,169.529564,0.437807,205.662206,294.475037,0.235,329.045114,1426.37329,0.41,458.643195,2123.617984,66.967429,179.432344,0.016033
Analog,2021-06-06 23:00:00,71.745606,133.560913,0.334737,183.860658,251.492388,0.578333,684.089916,958.527085,0.783333,937.229093,1137.780621,37.274905,143.491212,0.014703
Analog,2021-06-07 23:00:00,36.930114,68.719506,0.162684,94.106886,117.115372,0.911667,474.930405,505.106204,0.966667,636.166043,648.063483,18.457281,73.860229,0.016273
Analog,2021-06-08 23:00:00,27.953347,52.001946,0.397912,78.261006,81.722918,0.516667,204.80099,316.102811,0.776667,301.231883,397.392299,13.418674,55.906695,0.014233
Analog,2021-06-09 23:00:00,25.852831,48.371642,0.265298,65.14929,91.44763,0.818333,169.783281,345.0412,0.901667,241.291852,490.035285,16.638137,51.705661,0.015164
Analog,2021-06-10 23:00:00,21.186855,39.488148,0.10793,55.490376,75.196193,0.853333,193.175452,276.429397,0.911667,256.520864,339.317558,12.33561,42.37371,0.014749
Analog,2021-06-11 23:00:00,16.730539,31.157874,0.141,40.846371,57.392677,0.911667,223.259475,239.601442,0.965,314.817921,321.289866,11.73821,33.461079,0.014236
Analog,2021-06-12 23:00:00,26.792117,50.290918,0.146649,67.634398,85.267655,0.616667,153.994923,373.326715,0.695,217.238135,537.692117,8.816704,53.584234,0.014826
Analog,2021-06-13 23:00:00,25.901658,48.208761,0.243105,70.185543,87.260998,0.866667,263.251662,307.30153,0.965,385.923332,403.901924,10.641668,51.803316,0.016374
Analog,2021-06-14 23:00:00,19.958645,37.158136,0.198737,51.293567,66.492225,0.953333,245.709833,260.746727,0.988333,318.596556,325.565573,8.312118,39.91729,0.015168
Analog,2021-06-15 23:00:00,28.090671,52.335736,0.201526,74.084272,90.499208,0.691667,227.698146,343.478647,0.85,309.28516,417.960289,13.524671,56.181343,0.016635
Analog,2021-06-16 23:00:00,20.030303,37.358031,0.152842,47.586389,83.737908,0.936667,260.054031,302.667515,0.981667,381.335072,424.066042,14.345325,40.060606,0.015175
Analog,2021-06-17 23:00:00,26.14635,48.72179,0.165947,67.420175,86.965585,0.798333,272.44392,357.549438,0.885,400.644273,506.518408,18.804974,52.2927,0.014421
Analog,2021-06-18 23:00:00,53.83938,100.165514,0.330561,142.32184,179.243161,0.515,241.973354,658.04634,0.69,356.546902,739.363811,23.813429,107.67876,0.014435
Analog,2021-06-19 23:00:00,120.303786,227.332729,0.497456,288.979363,297.555364,0.008333,392.400465,1793.524644,0.04,508.210786,2634.058439,30.674952,240.607572,0.017232
Analog,2021-06-20 23:00:00,67.90785,126.679213,0.269614,177.611451,240.109747,0.76,494.063681,825.960884,0.896667,688.342476,1070.683171,29.496377,135.8157,0.014646
Analog,2021-06-21 23:00:00,43.885866,81.777487,0.125158,107.983498,155.980276,0.938333,549.965145,606.571064,0.97,692.573473,745.049237,22.848099,87.771732,0.014869
Analog,2021-06-22 23:00:00,94.839457,178.723998,0.209351,234.942073,393.037075,0.806667,515.563971,1399.236128,0.851667,734.614023,2055.803611,79.132629,189.678915,0.014433
Analog,2021-06-23 23:00:00,126.457798,235.398465,0.456491,316.317765,342.657405,0.17,851.460222,1670.71314,0.33,1110.794349,2037.80399,55.676663,252.915596,0.014102
Analog,2021-06-24 23:00:00,44.75553,83.408351,0.145333,90.312365,122.614546,0.986667,779.938832,787.853668,0.995,1085.863745,1091.440587,35.691143,89.511059,0.016583
Analog,2021-06-25 23:00:00,31.98897,59.877843,0.080825,80.866418,128.465014,0.843333,258.381083,437.978001,0.923333,342.983016,611.488043,21.847179,63.977941,0.014913
Analog,2021-06-26 23:00:00,75.206589,140.027826,0.464561,190.648384,203.119123,0.151667,403.161721,990.580634,0.333333,524.727658,1173.5089,27.140471,150.413178,0.01519
Analog,2021-06-27 23:00:00,50.887398,94.944899,0.320947,134.143147,154.465344,0.668333,398.30559,642.808888,0.821667,551.616045,783.904931,21.576113,101.774797,0.013293
Analog,2021-06-28 23:00:00,17.460024,32.56221,0.141772,35.401551,45.186009,0.993333,309.767663,310.214648,1.0,406.880765,406.880765,11.961909,34.920048,0.014114
Analog,2021-06-29 23:00:00,21.994482,41.014734,0.15293,50.73604,67.224775,0.891667,238.34546,324.727928,0.936667,337.78602,416.07775,13.612565,43.988965,0.015212
Analog,2021-06-30 23:00:00,99.426188,191.6357,0.25407,221.119363,358.424819,0.688333,194.878434,1725.575379,0.735,273.92196,3035.35847,136.17827,198.852377,0.015108
Analog,2021-07-01 23:00:00,46.487977,86.556269,0.207561,108.089981,140.454742,0.86,622.647624,659.171291,0.953333,850.260672,877.459339,35.170156,92.975954,0.01639
Analog,2021-07-02 23:00:00,122.11383,232.307561,0.275754,297.283424,379.5445,0.338333,436.772931,1878.146759,0.496667,640.905686,2920.839777,122.771699,244.227659,0.015585
Analog,2021-07-03 23:00:00,86.68012,161.34368,0.259228,227.630597,271.326086,0.53,651.756365,1045.191326,0.768333,939.230809,1287.322653,38.803796,173.360239,0.014318
Analog,2021-07-04 23:00:00,94.765076,176.490265,0.087526,240.079553,344.579377,0.84,921.628813,1306.730979,0.916667,1348.617872,1688.885339,56.038654,189.530153,0.015651
Analog,2021-07-05 23:00:00,68.139598,127.128559,0.125965,172.608931,233.596732,0.938333,807.632522,945.591059,0.97,1116.478147,1276.520953,45.33145,136.279195,0.015738
Analog,2021-07-06 23:00:00,89.853638,167.506648,0.355281,235.604627,264.756439,0.693333,909.600785,1172.433946,0.823333,1354.832428,1626.802627,58.486555,179.707275,0.014579
Analog,2021-07-07 23:00:00,54.114928,101.123713,0.167684,130.937224,198.82219,0.866667,514.33166,761.088755,0.933333,726.306387,1005.865218,32.07149,108.229857,0.015469
Analog,2021-07-08 23:00:00,30.766278,57.285932,0.137667,82.88997,103.231551,0.961667,397.441932,408.123768,0.986667,534.164079,541.368423,18.478163,61.532555,0.01557
Analog,2021-07-09 23:00:00,54.262257,101.21356,0.428298,141.741114,152.288373,0.29,318.633479,698.30945,0.516667,479.991919,874.868185,23.622648,108.524513,0.015975
Analog,2021-07-10 23:00:00,39.767412,74.485311,0.113,100.863335,128.466921,0.681667,267.975572,543.815684,0.798333,365.293552,722.664793,24.080234,79.534825,0.017516
Analog,2021-07-11 23:00:00,135.16588,256.652704,0.382544,324.770924,423.439431,0.453333,317.349249,2070.755924,0.546667,437.810463,3243.927556,138.419349,270.331759,0.014488
Analog,2021-07-12 23:00:00,94.781404,176.186979,0.36307,282.332096,299.687974,0.733333,777.040092,955.310432,0.875,1034.024201,1159.815413,45.321516,189.562808,0.014265
Analog,2021-07-13 23:00:00,39.532861,73.752279,0.156895,78.364364,96.186233,1.0,743.956496,743.956496,1.0,1040.327042,1040.327042,34.347494,79.065722,0.01619
Analog,2021-07-14 23:00:00,9.413762,17.556896,0.165474,22.121761,34.465263,0.871667,110.296099,136.155112,0.935,155.046293,177.464773,5.501215,18.827524,0.015482
Analog,2021-07-15 23:00:00,17.370666,32.486681,0.31886,46.642461,59.159683,0.7,124.374565,222.446032,0.841667,171.145463,291.759089,9.124398,34.741332,0.014195
Analog,2021-07-16 23:00:00,17.029042,31.686957,0.278877,47.073103,56.489428,0.828333,172.324299,199.025667,0.94,239.337812,256.954315,9.71948,34.058084,0.016466
Analog,2021-07-17 23:00:00,23.694309,44.63186,0.351211,59.840615,78.519516,0.533333,119.820936,337.65438,0.643333,170.449897,493.024683,9.01548,47.388618,0.014932
Analog,2021-07-18 23:00:00,85.363965,160.63999,0.476351,206.240781,233.708586,0.09,208.241511,1276.268563,0.23,293.166065,1731.326892,70.575546,170.727931,0.015635
Analog,2021-07-19 23:00:00,28.633807,53.323811,0.147982,60.896621,92.098344,0.968333,443.605927,465.301061,0.99,593.015308,603.938614,19.756128,57.267614,0.015606
Analog,2021-07-20 23:00:00,33.673805,63.143899,0.14107,84.0635,118.162824,0.778333,238.10071,474.85449,0.848333,340.705038,691.585002,24.24294,67.347609,0.014937
Analog,2021-07-21 23:00:00,57.068698,107.123237,0.455088,139.470757,145.973619,0.145,258.642897,817.179607,0.255,348.177943,1115.077599,18.3765,114.137396,0.014153
Analog,2021-07-22 23:00:00,38.616007,72.534767,0.203632,93.524718,172.721523,0.865,298.326142,581.659092,0.918333,426.915354,834.441669,28.632536,77.232013,0.014737
Analog,2021-07-23 23:00:00,29.696559,55.369378,0.234491,73.727231,103.845874,0.821667,335.726434,418.727542,0.888333,465.939319,549.181834,19.569835,59.393119,0.016317
Analog,2021-07-24 23:00:00,48.850173,92.389905,0.361509,120.705307,170.020152,0.538333,257.523962,726.14379,0.69,399.18102,1152.56226,37.143907,97.700345,0.015398
Analog,2021-07-25 23:00:00,72.589071,135.946472,0.408614,183.354215,214.570657,0.395,359.68999,999.603627,0.62,496.326711,1338.089894,51.794722,145.178142,0.015418
Analog,2021-07-26 23:00:00,45.313732,84.51911,0.179579,118.582684,174.857336,0.828333,399.084438,550.721677,0.916667,545.924824,724.956887,23.13173,90.627463,0.01702
Analog,2021-07-27 23:00:00,34.968161,65.090681,0.268807,84.684366,102.251594,0.78,432.607349,506.873019,0.891667,641.611664,698.607457,27.373421,69.936322,0.015721
Analog,2021-07-28 23:00:00,16.490819,30.984649,0.12793,33.178393,51.477741,0.946667,236.754559,306.524275,0.968333,352.517145,468.086311,16.172122,32.981638,0.014759
Analog,2021-07-29 23:00:00,15.168584,28.256942,0.222719,39.468173,51.525521,0.801667,131.691527,186.552161,0.906667,187.486408,237.005284,7.061739,30.337168,0.01549
Analog,2021-07-30 23:00:00,29.264687,54.975586,0.134404,74.000873,95.050746,0.57,137.063292,407.420332,0.68,184.155697,556.077677,15.687754,58.529375,0.014947
Analog,2021-07-31 23:00:00,72.740664,138.950034,0.478947,167.904231,185.977167,0.095,210.742254,1192.159902,0.14,294.673659,1945.677311,18.669376,145.481328,0.015436
Analog,2021-08-01 23:00:00,71.357222,133.580313,0.291912,177.855143,287.961622,0.731667,389.030361,971.945781,0.841667,601.790728,1359.315995,44.848202,142.714444,0.014727
Analog,2021-08-02 23:00:00,73.972113,137.914089,0.125807,189.562081,318.286036,0.863333,597.546608,995.837731,0.903333,806.715172,1264.29558,45.836505,147.944226,0.014399
Analog,2021-08-03 23:00:00,60.378118,112.41126,0.087561,152.706146,215.901717,0.85,674.078683,808.293046,0.938333,1003.442721,1082.912859,38.168527,120.756237,0.015296
Analog,2021-08-04 23:00:00,82.751341,154.294976,0.167965,211.935091,287.381678,0.806667,597.612089,1093.862485,0.891667,883.987396,1435.654793,47.230839,165.502681,0.01568
Analog,2021-08-05 23:00:00,73.876811,137.667675,0.40493,194.309119,240.705518,0.383333,570.452895,938.230221,0.626667,820.599757,1216.76932,38.691628,147.753622,0.013189
Analog,2021-08-06 23:00:00,37.084136,68.995804,0.255754,87.248449,113.806299,0.713333,411.803236,531.346972,0.891667,579.238484,651.982188,23.920495,74.168272,0.013734
Analog,2021-08-07 23:00:00,25.2632,47.166282,0.334123,65.65921,81.104619,0.505,148.687568,331.880029,0.648333,210.289932,423.043374,9.74298,50.526401,0.014469
Analog,2021-08-08 23:00:00,35.77408,66.770038,0.385526,94.796729,110.632609,0.525,170.637779,442.903376,0.736667,241.561737,563.919028,18.392435,71.54816,0.014372
Analog,2021-08-09 23:00:00,16.582112,30.89113,0.123421,37.905745,58.308748,0.943333,213.942547,250.940344,0.975,283.579761,305.806539,9.32958,33.164224,0.016817
Analog,2021-08-10 23:00:00,11.210206,20.865236,0.143281,28.499066,39.877833,0.905,141.903899,153.360043,0.968333,211.914852,218.662821,7.825792,22.420411,0.013953
Analog,2021-08-11 23:00:00,22.114984,41.512398,0.390281,54.079078,60.275024,0.37,130.078564,326.199384,0.516667,190.863392,455.921107,9.085655,44.229967,0.014933
Analog,2021-08-12 23:00:00,9.016598,16.827949,0.250579,21.677558,25.254341,0.753333,95.970215,129.692987,0.845,133.216499,168.43575,4.888368,18.033197,0.014926
Analog,2021-08-13 23:00:00,21.600312,41.335631,0.304632,51.945378,82.129131,0.585,88.923946,336.162063,0.706667,122.833364,540.808156,21.184757,43.200624,0.014484
Analog,2021-08-14 23:00:00,17.905509,33.37757,0.161456,45.4925,65.141151,0.72,193.517154,250.831652,0.821667,266.42639,323.991943,11.442661,35.811018,0.015033
Analog,2021-08-15 23:00:00,57.401366,107.719797,0.419088,150.506803,170.133492,0.328333,180.790022,725.458882,0.541667,241.674349,944.597373,36.791879,114.802732,0.014721
Analog,2021-08-16 23:00:00,28.425545,52.8991,0.236386,76.792315,91.927012,0.733333,266.904135,337.814775,0.908333,366.456045,420.005268,14.018677,56.85109,0.018662
Analog,2021-08-17 23:00:00,21.906196,40.81732,0.122281,55.915758,69.396224,0.905,261.556179,286.940938,0.971667,381.091143,391.039802,12.507564,43.812391,0.015249
Analog,2021-08-18 23:00:00,56.151379,105.582773,0.363982,137.596623,168.31703,0.183333,252.539918,822.744605,0.293333,352.383742,1172.870864,27.362993,112.302757,0.015142
Analog,2021-08-19 23:00:00,27.35911,50.934684,0.248982,66.137474,84.96201,0.841667,384.974278,404.952346,0.955,545.304563,552.158526,22.405105,54.718221,0.016392
Analog,2021-08-20 23:00:00,12.433804,23.176627,0.174737,28.933254,36.859451,0.961667,197.002365,201.835995,0.983333,290.859118,295.647479,10.349301,24.867608,0.015326
Analog,2021-08-21 23:00:00,32.992814,62.228719,0.340807,78.58112,90.860034,0.336667,137.859136,496.597128,0.441667,189.951944,738.654274,10.067784,65.985628,0.016724
Analog,2021-08-22 23:00:00,37.544392,69.832415,0.368544,104.671842,127.65705,0.623333,227.054436,399.11937,0.83,317.987455,436.130506,10.096851,75.088784,0.014987
Analog,2021-08-23 23:00:00,18.648015,34.723218,0.230544,47.263122,55.53735,0.998333,288.205443,288.420829,1.0,391.643037,391.643037,14.690811,37.296029,0.015217
Analog,2021-08-24 23:00:00,11.933851,22.221465,0.199123,30.225101,49.767337,0.948333,155.650573,169.876305,0.985,225.734171,232.389591,5.468266,23.867702,0.016936
Analog,2021-08-25 23:00:00,34.336843,64.802911,0.304737,88.220336,183.92698,0.81,144.400304,482.876503,0.903333,201.863252,752.177801,30.458039,68.673686,0.017315
Analog,2021-08-26 23:00:00,26.070681,48.576388,0.158947,63.055033,93.30179,0.98,393.753712,411.318538,0.998333,578.110279,583.08281,22.062613,52.141362,0.015733
Analog,2021-08-27 23:00:00,45.531391,85.661281,0.304544,119.071476,153.499257,0.75,297.939465,614.696474,0.843333,462.62354,902.616769,31.407064,91.062782,0.01507
Analog,2021-08-28 23:00:00,54.500983,101.69382,0.429737,144.33891,154.440911,0.355,306.388005,667.295254,0.556667,406.847394,814.341685,20.067364,109.001967,0.014404
Analog,2021-08-29 23:00:00,67.03028,125.198225,0.376386,178.753824,220.708267,0.5,317.955823,784.134673,0.688333,443.415809,918.434301,28.227567,134.06056,0.014159
Analog,2021-08-30 23:00:00,26.363943,49.114044,0.194895,59.582679,75.809047,0.951667,405.614167,412.944452,0.99,569.012611,572.399739,21.934977,52.727885,0.01518
Analog,2021-08-31 23:00:00,41.962358,78.605951,0.253842,105.699999,130.122382,0.648333,272.094684,568.316732,0.823333,424.385447,767.150979,28.819887,83.924716,0.014451
Analog,2021-09-01 23:00:00,25.871424,48.196531,0.149175,69.029351,92.702418,0.783333,232.768374,317.820278,0.891667,319.958558,404.074078,13.419973,51.742847,0.015006
Analog,2021-09-02 23:00:00,27.574543,51.317948,0.17007,70.04102,96.525119,0.831667,257.510764,351.946288,0.92,355.354795,437.932938,13.960587,55.149086,0.017593
Analog,2021-09-03 23:00:00,33.078081,61.566444,0.26907,89.052211,107.782796,0.703333,335.535496,403.316996,0.851667,477.758835,523.099478,20.944997,66.156161,0.014715
Analog,2021-09-04 23:00:00,31.07506,58.258406,0.313509,76.316539,99.703665,0.471667,171.024108,461.31261,0.635,239.499009,631.460801,17.383176,62.150121,0.016313
Analog,2021-09-05 23:00:00,26.442698,49.249433,0.293018,72.10345,81.817407,0.78,237.972484,310.741762,0.883333,329.663002,408.652848,10.509483,52.885397,0.015763
Analog,2021-09-06 23:00:00,16.217024,30.207356,0.197351,39.314686,46.907792,0.941667,228.261124,238.224531,0.988333,325.120302,327.880384,12.182203,32.434048,0.016346
Analog,2021-09-07 23:00:00,20.867843,38.891626,0.142368,55.280844,69.33614,0.756667,193.912594,263.189671,0.845,274.199596,339.543247,10.718699,41.735685,0.016529
Analog,2021-09-08 23:00:00,27.145111,50.513044,0.314965,69.658378,78.648749,0.618333,252.996655,354.28289,0.785,344.071916,423.040307,14.917699,54.290221,0.015582
Analog,2021-09-09 23:00:00,13.512924,25.208464,0.112439,29.848654,35.808743,0.946667,205.281524,215.434527,0.985,305.806175,309.747181,10.066474,27.025847,0.014514
Analog,2021-09-10 23:00:00,23.529937,43.905646,0.217088,60.306167,77.765709,0.731667,186.302056,320.369862,0.813333,264.868723,417.012479,12.874113,47.059875,0.015888
Analog,2021-09-11 23:00:00,52.290023,98.584097,0.139579,129.914145,217.289535,0.636667,281.050099,734.746294,0.738333,370.778911,1054.370768,35.074378,104.580046,0.014537
Analog,2021-09-12 23:00:00,66.916944,124.71635,0.239842,184.220362,325.147802,0.89,579.42462,857.345994,0.953333,907.413396,1140.054942,36.907598,133.833889,0.015523
Analog,2021-09-13 23:00:00,83.11312,154.789935,0.090123,204.108225,338.732386,0.906667,847.263707,1187.619456,0.953333,1216.193913,1590.517031,62.116848,166.226241,0.015414
Analog,2021-09-14 23:00:00,40.435961,75.396307,0.187526,87.283575,108.539429,0.995,705.495448,706.076932,1.0,1025.331107,1025.331107,33.495406,80.871922,0.016965
Analog,2021-09-15 23:00:00,59.897402,111.551683,0.294439,155.515515,190.862206,0.563333,401.413533,783.653113,0.705,610.251546,1018.506826,30.704057,119.794805,0.015782
Analog,2021-09-16 23:00:00,65.523797,122.616647,0.325456,180.710428,243.102564,0.82,449.836762,761.420373,0.95,646.690438,1029.583212,29.783352,131.047594,0.014019
Analog,2021-09-17 23:00:00,53.597327,99.699816,0.335351,144.72357,167.139671,0.761667,561.651143,639.505649,0.921667,772.328717,821.071805,32.87604,107.194654,0.014537
Analog,2021-09-18 23:00:00,44.000924,81.851411,0.384333,121.312889,130.047017,0.598333,373.15095,507.410462,0.831667,544.036563,617.023526,23.454576,88.001849,0.014122
Analog,2021-09-19 23:00:00,51.38865,95.930009,0.290456,131.934071,206.924089,0.758333,257.163197,703.765885,0.851667,364.341069,904.815454,31.649337,102.777299,0.013315
Analog,2021-09-20 23:00:00,29.177944,54.359221,0.150035,67.204737,95.981353,0.971667,453.341273,463.604678,0.985,626.617089,632.32524,24.453907,58.355888,0.01674
Analog,2021-09-21 23:00:00,51.159569,95.254607,0.147667,134.090801,276.584485,0.836667,329.673575,703.646298,0.931667,512.736218,843.599876,30.429518,102.319139,0.015935
Analog,2021-09-22 23:00:00,47.147884,87.86678,0.293175,115.667481,134.722846,0.816667,618.924218,665.327227,0.923333,923.478547,963.685316,39.588973,94.295768,0.015649
Analog,2021-09-23 23:00:00,29.026858,54.192406,0.189175,55.941559,83.990803,1.0,546.328435,546.328435,1.0,839.81638,839.81638,29.999854,58.053717,0.015983
Analog,2021-09-24 23:00:00,17.791124,33.186276,0.213368,42.68834,52.598143,0.986667,273.341001,275.65951,0.996667,400.300939,401.421227,14.33125,35.582248,0.013705
Analog,2021-09-25 23:00:00,30.995896,57.984383,0.341614,78.292628,86.838916,0.36,134.542886,436.108183,0.515,207.582613,576.615668,9.723211,61.991793,0.016171
Analog,2021-09-26 23:00:00,46.863495,87.605006,0.235772,116.825027,234.6889,0.846667,271.178028,647.004346,0.898333,393.738534,822.966951,27.839061,93.72699,0.014526
Analog,2021-09-27 23:00:00,58.445951,108.864561,0.230228,153.787233,188.954249,0.886667,536.338062,712.995819,0.931667,755.490137,947.327126,31.228757,116.891902,0.015168
Analog,2021-09-28 23:00:00,56.01947,104.304684,0.152965,146.878675,216.33973,0.925,516.694053,715.7133,0.96,766.725264,923.400401,27.235745,112.03894,0.016057
Analog,2021-09-29 23:00:00,55.91986,104.173989,0.202649,140.846317,187.454422,0.958333,744.620651,783.363472,0.99,1001.507623,1023.464526,34.693739,111.83972,0.015681
Analog,2021-09-30 23:00:00,47.372138,88.237603,0.145456,112.087129,192.833613,0.965,625.759533,659.229383,0.995,880.796205,885.042285,27.531375,94.744275,0.016842
Analog,2021-10-01 23:00:00,59.197789,110.26227,0.248474,156.605496,201.950985,0.776667,596.385078,770.861554,0.895,880.76457,1017.52452,34.306095,118.395578,0.018375
Analog,2021-10-02 23:00:00,41.74564,77.770988,0.197316,106.62932,138.47597,0.911667,549.497107,601.070782,0.953333,846.050721,885.725737,29.955395,83.49128,0.015113
Analog,2021-10-03 23:00:00,61.407052,114.5152,0.196456,155.130755,359.873675,0.906667,382.004391,847.792635,0.953333,586.980987,1029.637119,33.150269,122.814103,0.016733
Analog,2021-10-04 23:00:00,44.138344,82.222461,0.177895,96.623814,196.468719,0.986667,685.17999,709.520689,0.998333,1028.501303,1032.56716,37.480715,88.276688,0.013742
Analog,2021-10-05 23:00:00,36.372888,67.851525,0.179491,74.580232,100.505615,0.993333,652.795629,653.270963,1.0,1051.853086,1051.853086,34.590922,72.745775,0.015721
Analog,2021-10-06 23:00:00,21.641587,40.431211,0.193439,35.180463,41.965975,0.995,443.39208,443.589753,1.0,685.084844,685.084844,25.036287,43.283174,0.015089
Analog,2021-10-07 23:00:00,35.180074,67.412079,0.214211,84.468452,115.728829,0.756667,181.179231,542.020177,0.915,264.011501,896.045221,37.519403,70.360148,0.015373
Analog,2021-10-08 23:00:00,39.987138,74.418157,0.282263,107.890797,132.408405,0.576667,340.567789,481.075291,0.825,489.878292,609.298515,20.692507,79.974276,0.013888
Analog,2021-10-09 23:00:00,62.738777,118.034574,0.267561,152.230458,218.832297,0.585,281.471264,919.514572,0.695,405.696862,1231.894526,18.87677,125.477553,0.015864
Analog,2021-10-10 23:00:00,80.285813,149.540716,0.289105,211.634114,328.457345,0.841667,583.348038,1075.313705,0.928333,843.281463,1182.086339,30.976734,160.571626,0.01508
Analog,2021-10-11 23:00:00,80.763535,150.317343,0.135035,214.006481,310.368938,0.89,698.341655,1028.210702,0.936667,968.19602,1347.560214,47.651657,161.52707,0.016035
Analog,2021-10-12 23:00:00,54.190494,101.043183,0.202649,133.379168,247.900507,0.92,678.107371,724.474249,0.97,1008.362549,1035.068687,36.894337,108.380988,0.01516
Analog,2021-10-13 23:00:00,76.880771,143.148378,0.20407,211.158246,289.655144,0.835,698.140928,923.716655,0.928333,1021.46732,1251.02405,38.584378,153.761542,0.015128
Analog,2021-10-14 23:00:00,57.863266,107.820071,0.179842,153.001781,219.653676,0.925,710.167405,764.240598,0.971667,1065.078394,1107.74642,35.741865,115.726532,0.017033
Analog,2021-10-15 23:00:00,82.748975,155.019076,0.306211,194.020252,210.867333,0.693333,622.660677,1315.599101,0.766667,922.470863,1838.14345,39.983902,165.497949,0.019064
Analog,2021-10-16 23:00:00,76.723328,143.376889,0.378912,200.164537,225.725704,0.586667,555.750221,999.835922,0.84,891.819459,1337.784631,44.732626,153.446657,0.015077
Analog,2021-10-17 23:00:00,54.209917,101.41714,0.187351,135.214491,264.635203,0.885,428.07126,769.662049,0.946667,642.22598,1031.741897,32.269024,108.419835,0.015699
Analog,2021-10-18 23:00:00,42.813085,79.675205,0.230246,104.062719,157.627372,0.906667,571.834806,642.441122,0.971667,824.789921,859.793779,34.526493,85.626171,0.015508
Analog,2021-10-19 23:00:00,41.245971,77.012376,0.251158,97.195269,133.204142,0.875,463.224526,624.732892,0.948333,720.894949,896.512079,33.938873,82.491942,0.015723
Analog,2021-10-20 23:00:00,43.647589,81.299603,0.157491,110.03241,262.910951,0.868333,374.440176,593.075956,0.945,559.803235,704.372565,25.005624,87.295177,0.015849
Analog,2021-10-21 23:00:00,49.742158,92.630375,0.282772,140.325314,223.967404,0.871667,521.545541,608.849008,0.981667,768.27499,774.263786,23.327415,99.484317,0.015968
Analog,2021-10-22 23:00:00,88.089259,164.405284,0.320018,222.426877,241.607796,0.635,480.485834,1150.588314,0.813333,762.153682,1510.923656,55.444989,176.178519,0.014032
Analog,2021-10-23 23:00:00,58.592495,109.038442,0.301702,153.801304,178.277002,0.683333,510.810087,737.829703,0.871667,742.199715,902.353586,31.236821,117.184991,0.014942
Analog,2021-10-24 23:00:00,267.406832,506.94469,0.398667,641.859059,867.777116,0.306667,680.316441,3918.108149,0.465,1005.124374,5745.509636,235.83153,534.813664,0.015514
Analog,2021-10-25 23:00:00,153.429413,289.660738,0.175632,373.515164,568.176684,0.893333,1475.608969,2226.402614,0.93,1940.134654,3272.031252,111.420601,306.858826,0.015594
Analog,2021-10-26 23:00:00,147.976005,275.606268,0.145368,343.798112,453.312824,0.848333,1852.723394,2237.23178,0.91,2620.184069,3002.728779,110.766101,295.952011,0.016597
Analog,2021-10-27 23:00:00,121.843133,226.855917,0.201263,315.083096,379.305128,0.82,1359.892182,1634.939432,0.946667,2076.85695,2180.29775,71.407312,243.686266,0.014682
Analog,2021-10-28 23:00:00,243.618562,456.561766,0.374316,613.450256,656.809712,0.433333,1099.53612,3421.432903,0.536667,1610.858207,4718.676558,80.073271,487.237123,0.017415
Analog,2021-10-29 23:00:00,70.078411,130.695768,0.166877,124.901045,174.087549,0.918333,1258.548076,1287.07907,0.963333,1894.246723,1909.030516,67.429324,140.156822,0.017491
Analog,2021-10-30 23:00:00,58.676615,111.573313,0.431053,137.729509,161.258415,0.251667,191.180589,912.601965,0.413333,267.00366,1425.451172,30.782886,117.35323,0.016262
Analog,2021-10-31 23:00:00,47.322298,88.776998,0.295632,109.314852,128.597388,0.548333,307.920712,755.649641,0.658333,430.168569,1045.004393,17.060293,94.644596,0.016462
Analog,2021-11-01 23:00:00,27.399827,51.025365,0.148386,66.404773,83.48962,0.916667,373.977425,401.389527,0.966667,536.79236,553.376877,18.539213,54.799655,0.016664
Analog,2021-11-02 23:00:00,44.542204,83.695448,0.275807,113.463373,196.484273,0.686667,197.363621,617.346617,0.828333,291.587818,858.710581,28.027755,89.084408,0.01695
Analog,2021-11-03 23:00:00,28.430491,53.119736,0.192439,60.574735,77.569213,0.881667,390.417519,492.620393,0.928333,569.625458,703.319892,23.755367,56.860983,0.017243
Analog,2021-11-04 23:00:00,40.947774,76.271786,0.323526,107.708421,123.373087,0.613333,325.714232,496.401789,0.833333,521.723722,631.443951,18.817725,81.895547,0.01769
Analog,2021-11-05 23:00:00,21.860494,40.656821,0.132895,60.546685,71.953218,0.883333,222.10296,264.784036,0.956667,299.415248,331.063642,9.427244,43.720989,0.015748
Analog,2021-11-06 23:00:00,49.221166,92.324802,0.392316,118.761411,142.382985,0.36,203.239844,740.344008,0.48,288.413277,1043.282055,14.647467,98.442333,0.01599
Analog,2021-11-07 23:00:00,19.84481,37.142267,0.133825,36.589284,45.596708,0.998333,394.778774,394.836927,1.0,587.241209,587.241209,16.13571,39.68962,0.015571
Analog,2021-11-08 23:00:00,47.801018,88.886055,0.123982,138.109155,183.456823,0.731667,297.817152,447.364357,0.905,427.138788,538.227426,13.266897,95.602036,0.015337
Analog,2021-11-09 23:00:00,32.433763,60.377001,0.15086,70.595779,90.192933,0.95,484.981859,514.061808,0.963333,620.907913,642.390846,21.926434,64.867526,0.014499
Analog,2021-11-10 23:00:00,120.95287,226.878374,0.301561,310.12484,388.240161,0.576667,443.699425,1654.941962,0.705,639.144086,2260.405167,86.636152,241.905741,0.016835
Analog,2021-11-11 23:00:00,155.475517,288.857855,0.413035,399.43045,416.535804,0.255,814.861398,2011.807008,0.473333,1211.79151,2134.685847,60.01716,310.951034,0.015264
Analog,2021-11-12 23:00:00,45.062366,84.018818,0.136035,80.597753,108.301088,0.993333,880.264477,881.846146,0.998333,1249.324898,1249.332994,38.222879,90.124731,0.016176
Analog,2021-11-13 23:00:00,43.685441,82.059422,0.38986,107.727811,120.270366,0.436667,215.143146,641.147534,0.52,308.836695,899.767463,15.5185,87.370881,0.015991
Analog,2021-11-14 23:00:00,24.340026,45.431845,0.223333,65.833609,78.007279,0.99,339.305481,339.968948,1.0,503.013938,503.013938,16.371657,48.680051,0.01801
Analog,2021-11-15 23:00:00,27.721943,51.588217,0.211263,78.103878,95.357834,0.88,246.673101,311.719535,0.943333,341.944188,398.650201,10.070518,55.443885,0.014001
Analog,2021-11-16 23:00:00,59.419326,110.982847,0.242947,160.885067,235.984617,0.756667,315.254658,727.706026,0.838333,450.805481,941.468754,28.03538,118.838652,0.015449
Analog,2021-11-17 23:00:00,46.769274,87.477848,0.130649,117.563355,150.98417,0.946667,567.535199,674.129329,0.966667,719.405163,881.707326,24.480869,93.538549,0.015064
Analog,2021-11-18 23:00:00,45.047193,84.063186,0.235,115.030835,134.8889,0.851667,516.557314,636.617818,0.931667,819.091523,953.610186,31.880576,90.094386,0.014921
Analog,2021-11-19 23:00:00,32.16103,59.91783,0.159246,78.096931,92.171245,0.798333,359.86731,464.165659,0.861667,500.580943,606.217149,19.572454,64.322061,0.015606
Analog,2021-11-20 23:00:00,35.279708,66.333717,0.312439,84.705257,103.228031,0.55,223.642292,516.889036,0.67,343.834482,774.09208,14.563485,70.559416,0.015915
Analog,2021-11-21 23:00:00,46.800289,87.48496,0.150825,113.906671,203.342757,0.861667,295.708511,665.731299,0.908333,449.143956,860.076528,28.884177,93.600578,0.014494
Analog,2021-11-22 23:00:00,25.629643,47.82002,0.159,51.81189,70.529114,0.991667,443.682494,444.741627,0.996667,585.612423,586.421302,20.081071,51.259286,0.014641
Analog,2021-11-23 23:00:00,22.546114,42.020736,0.177912,51.971646,64.123709,0.875,322.210523,349.424202,0.946667,471.206314,491.936679,16.231811,45.092228,0.015073
Analog,2021-11-24 23:00:00,85.761211,160.535971,0.291456,214.465651,297.64689,0.451667,231.849178,1178.801049,0.641667,340.913084,1479.474944,51.27435,171.522423,0.016781
Analog,2021-11-25 23:00:00,40.213624,74.850767,0.177018,101.826901,126.663231,0.963333,568.945566,575.66392,0.993333,745.415165,747.624247,26.871461,80.427248,0.015499
Analog,2021-11-26 23:00:00,33.696894,62.815327,0.10693,72.95056,97.559451,0.933333,525.473295,542.578096,0.978333,753.003642,763.145344,26.374121,67.393787,0.015956
Analog,2021-11-27 23:00:00,25.105249,46.853123,0.133667,64.364546,83.363014,0.813333,258.284553,335.892502,0.896667,369.031445,454.657753,13.198841,50.210498,0.016636
Analog,2021-11-28 23:00:00,26.678245,50.073418,0.091316,64.135743,95.001621,0.846667,252.699154,391.458771,0.891667,363.315442,558.466526,11.43057,53.356491,0.015047
Analog,2021-11-29 23:00:00,22.006709,40.970521,0.154561,54.432544,71.759866,0.918333,283.88582,311.1368,0.971667,398.882505,417.961738,14.350368,44.013418,0.016456
Analog,2021-11-30 23:00:00,23.404944,43.606733,0.176439,65.455999,85.120553,0.933333,259.580178,280.738759,0.985,384.56162,390.168095,10.617279,46.809888,0.01599
Analog,2021-12-01 23:00:00,46.960839,88.234842,0.320298,118.187076,145.803431,0.31,223.890524,655.718774,0.476667,315.177275,893.700282,21.608387,93.921678,0.017115
Analog,2021-12-02 23:00:00,34.72462,64.64323,0.237807,96.13373,123.069942,0.826667,377.639393,423.007548,0.926667,552.445925,589.022383,20.7902,69.449239,0.019005
Analog,2021-12-03 23:00:00,23.30995,43.524143,0.197526,52.910871,72.350652,0.923333,312.939833,372.306594,0.975,475.522111,521.854935,17.8973,46.619901,0.017173
Analog,2021-12-04 23:00:00,29.531751,55.121222,0.232281,75.043324,90.506447,0.521667,211.958345,387.789778,0.691667,311.598833,510.697077,13.126448,59.063502,0.015037
Analog,2021-12-05 23:00:00,104.036688,196.483218,0.264193,248.612736,363.075007,0.595,262.376966,1574.003678,0.673333,377.816243,2251.953541,93.295761,208.073375,0.019091
Analog,2021-12-06 23:00:00,58.288444,108.388494,0.171596,145.43107,179.124166,0.953333,779.284897,786.801272,0.991667,955.434908,956.543526,35.146362,116.576888,0.017485
Analog,2021-12-07 23:00:00,51.250882,95.537407,0.122351,124.105632,184.359118,0.921667,668.202986,716.134655,0.97,991.33651,1020.087377,30.242689,102.501764,0.015696
Analog,2021-12-08 23:00:00,78.930934,146.858338,0.206439,225.611311,280.569147,0.87,698.683817,860.741247,0.968333,1003.247644,1047.65933,26.657848,157.861867,0.016838
Analog,2021-12-09 23:00:00,65.770999,122.45685,0.146649,157.760592,197.17281,0.931667,917.139485,963.545403,0.98,1211.820236,1241.098411,39.409956,131.541998,0.014591
Analog,2021-12-10 23:00:00,134.312614,249.79756,0.359754,365.296111,426.455177,0.495,1012.171371,1569.794902,0.723333,1498.519892,1897.87986,67.890009,268.625228,0.014863
Analog,2021-12-11 23:00:00,77.594802,144.426906,0.353807,207.93145,222.790703,0.681667,696.814188,890.54629,0.871667,1037.398407,1134.083457,41.550104,155.189604,0.014666
Analog,2021-12-12 23:00:00,27.415647,51.260733,0.18593,48.976551,61.102612,0.971667,519.679338,524.148439,0.99,776.898785,778.98961,22.772891,54.831294,0.015681
Analog,2021-12-13 23:00:00,30.098978,56.029599,0.247544,82.750777,122.622117,0.916667,323.276829,373.595479,0.971667,464.382359,487.143161,12.262945,60.197956,0.016116
Analog,2021-12-14 23:00:00,19.15684,35.720897,0.173596,46.604642,73.932974,0.966667,284.423447,292.319631,0.99,396.887615,401.503922,12.982755,38.31368,0.017536
Analog,2021-12-15 23:00:00,16.091509,30.030914,0.160228,32.55948,44.201651,0.99,294.192883,296.283976,0.996667,417.034772,418.357174,13.026726,32.183018,0.015881
Analog,2021-12-16 23:00:00,147.503622,282.449971,0.390702,338.779991,427.003967,0.303333,207.797096,2431.474836,0.453333,304.581084,4035.225294,179.623759,295.007243,0.016396
Analog,2021-12-17 23:00:00,51.180624,95.329735,0.135965,103.818599,128.678051,0.948333,790.024966,819.306825,0.971667,1000.528992,1031.489242,35.931766,102.361248,0.016594
Analog,2021-12-18 23:00:00,108.250671,202.159629,0.400035,283.879297,328.416684,0.466667,685.086311,1364.970302,0.61,1292.078335,2105.067268,62.684704,216.501343,0.016975
Analog,2021-12-19 23:00:00,88.746663,167.884504,0.185632,231.730483,339.151431,0.875,588.091739,1186.021738,0.943333,888.797619,1871.276546,62.639713,177.493326,0.017957
Analog,2021-12-20 23:00:00,53.643991,99.813543,0.230316,141.671492,177.519957,0.94,681.236706,706.562213,0.975,906.039961,926.506724,35.486467,107.287981,0.016244
Analog,2021-12-21 23:00:00,27.034649,50.624367,0.154228,46.805032,63.158566,0.985,553.288893,555.191386,0.988333,949.387623,950.81813,36.414338,54.069299,0.015267
Analog,2021-12-22 23:00:00,14.632714,27.28208,0.202649,37.016045,48.896381,0.911667,211.886076,222.399366,0.968333,322.544376,328.342643,13.307109,29.265428,0.013584
Analog,2021-12-23 23:00:00,52.053976,99.783631,0.497719,117.429368,125.277789,0.005,126.140654,889.659457,0.033333,216.49255,1514.561762,14.044235,104.107953,0.014723
Analog,2021-12-24 23:00:00,46.8858,87.623768,0.392316,122.66506,135.610063,0.256667,188.180051,621.332784,0.446667,263.657759,738.0743,12.893202,93.771601,0.016086
Analog,2021-12-25 23:00:00,24.905201,46.418825,0.172667,66.143827,94.205398,0.94,325.206174,334.476732,0.993333,461.117345,461.755081,15.858609,49.810401,0.014582
Analog,2021-12-26 23:00:00,26.765556,49.904682,0.221649,71.831274,86.388264,0.848333,288.998143,322.112673,0.93,439.561429,460.184278,13.193998,53.531112,0.01741
Analog,2021-12-27 23:00:00,15.175348,28.370057,0.200842,28.040281,34.929648,0.996667,287.784729,288.577666,0.998333,428.736411,428.78906,14.903877,30.350696,0.01663
Analog,2021-12-28 23:00:00,30.183849,56.20793,0.297298,83.049247,109.663186,0.756667,195.6177,291.088484,0.913333,329.073026,374.03451,10.075097,60.367699,0.015301
Analog,2021-12-29 23:00:00,24.185585,45.009138,0.183246,61.449538,78.7956,0.913333,268.167918,305.090871,0.973333,344.303863,355.909369,10.380783,48.37117,0.017088
Analog,2021-12-30 23:00:00,31.571926,58.756245,0.246544,89.204086,105.6733,0.758333,287.257604,349.174832,0.896667,419.862551,465.927392,17.307719,63.143853,0.01565
Analog,2021-12-31 23:00:00,38.578147,72.168181,0.323246,95.24836,126.835766,0.45,208.096894,540.34943,0.651667,310.681593,656.881525,13.853547,77.156293,0.014523
Analog,2022-01-01 23:00:00,21.739583,40.558435,0.141175,50.99412,68.502622,0.956667,353.737597,378.511406,0.985,519.64139,535.42367,15.738874,43.479166,0.014188
Analog,2022-01-02 23:00:00,25.11177,46.82127,0.183123,59.832125,71.190645,0.865,326.459102,375.114135,0.911667,465.63752,515.816433,15.515778,50.22354,0.016633
Analog,2022-01-03 23:00:00,17.416511,32.460337,0.196439,45.715091,63.037544,0.973333,239.951529,242.769611,1.0,351.091349,351.091349,9.906576,34.833023,0.016654
Analog,2022-01-04 23:00:00,32.330729,60.276051,0.153474,86.744198,131.277749,0.848333,215.543282,387.108871,0.933333,310.132318,459.006043,14.541152,64.661459,0.016058
Analog,2022-01-05 23:00:00,85.741523,160.540942,0.316649,224.849756,320.441229,0.673333,351.121454,1112.271714,0.798333,484.712374,1500.554207,56.768387,171.483046,0.016865
Analog,2022-01-06 23:00:00,62.889459,116.973834,0.196123,169.567482,219.14851,0.888333,703.765265,763.200336,0.958333,996.754919,1031.888606,43.69311,125.778919,0.015404
Analog,2022-01-07 23:00:00,47.110101,87.906908,0.216877,121.008758,163.531495,0.845,486.424164,632.109647,0.928333,805.509356,913.177054,24.692986,94.220202,0.015191
Analog,2022-01-08 23:00:00,44.886857,83.416382,0.339246,119.849117,130.545908,0.6,412.947843,513.324184,0.858333,551.321899,591.886637,24.411827,89.773714,0.014388
Analog,2022-01-09 23:00:00,55.183286,102.779927,0.085316,149.359187,225.813092,0.765,381.260832,667.502211,0.878333,574.572771,797.909128,23.857596,110.366572,0.015568
Analog,2022-01-10 23:00:00,39.87852,74.304504,0.120509,91.646988,104.914448,0.926667,615.498477,629.783055,0.985,828.997339,832.275057,30.860203,79.75704,0.014831
Analog,2022-01-11 23:00:00,47.828618,89.229991,0.230246,123.412006,148.085052,0.845,569.408457,658.575195,0.928333,873.865474,963.745283,28.154638,95.657236,0.014756
Analog,2022-01-12 23:00:00,67.752888,126.072217,0.252491,187.258133,243.198681,0.741667,446.193526,739.502253,0.901667,614.417228,797.451217,20.11311,135.505775,0.016292
Analog,2022-01-13 23:00:00,59.136772,110.141048,0.12214,151.230987,201.100496,0.848333,639.921522,801.142418,0.93,831.2641,995.459952,29.821441,118.273545,0.016911
Analog,2022-01-14 23:00:00,98.877939,184.599172,0.254018,264.735223,304.487364,0.736667,752.411147,1170.438433,0.856667,1118.216065,1642.044919,39.698998,197.755878,0.015919
Analog,2022-01-15 23:00:00,171.603107,319.382101,0.415368,449.628138,467.707575,0.296667,977.399685,2207.0024,0.405,1357.021647,2754.666766,66.16059,343.206215,0.016637
Analog,2022-01-16 23:00:00,75.419422,140.460967,0.198772,200.047399,250.111413,0.85,819.532072,974.745698,0.936667,1228.557604,1325.537704,34.773234,150.838843,0.015355
Analog,2022-01-17 23:00:00,61.082915,113.70863,0.128632,160.069836,189.923239,0.725,550.298339,791.134812,0.783333,694.303253,928.050133,23.558673,122.16583,0.015116
Analog,2022-01-18 23:00:00,139.552295,259.73864,0.186228,387.508358,491.714433,0.731667,761.053872,1400.681712,0.885,1084.938146,1602.93969,45.684111,279.10459,0.014548
Analog,2022-01-19 23:00:00,95.338033,177.483028,0.165474,245.464512,292.7751,0.98,1350.966747,1368.636261,0.996667,1694.426353,1695.669542,60.759768,190.676065,0.015311
Analog,2022-01-20 23:00:00,108.488006,202.363698,0.129982,279.096705,374.57425,0.841667,1201.926926,1508.316489,0.928333,2102.428713,2302.666624,82.825215,216.976012,0.014144
Analog,2022-01-21 23:00:00,198.791334,370.706985,0.448807,512.772829,546.662591,0.175,956.951449,2598.338689,0.365,1329.739294,3057.448343,69.565467,397.582668,0.014521
Analog,2022-01-22 23:00:00,52.569771,98.090315,0.205368,122.533226,157.104028,0.933333,758.779182,789.748811,0.991667,1144.04373,1147.488018,43.059776,105.139541,0.015631
Analog,2022-01-23 23:00:00,219.073158,415.067461,0.25614,504.953205,652.897243,0.415,373.925966,3523.295091,0.501667,554.549974,5138.454114,221.649383,438.146316,0.015999
Analog,2022-01-24 23:00:00,105.873022,196.939791,0.151386,278.373701,324.806557,0.951667,1246.034924,1270.264838,0.993333,1573.54177,1577.385803,43.946884,211.746043,0.016508
Analog,2022-01-25 23:00:00,181.055438,336.634351,0.319228,514.210217,586.060425,0.656667,1473.532433,1815.091936,0.886667,2100.345492,2228.587637,93.91575,362.110877,0.014928
Analog,2022-01-26 23:00:00,54.074405,101.017635,0.158228,100.160593,134.817576,0.951667,1002.133863,1080.553017,0.968333,1560.452517,1646.97052,53.51391,108.14881,0.014729
Analog,2022-01-27 23:00:00,19.467292,36.349971,0.151351,45.00284,58.919227,0.953333,292.041448,307.882462,0.983333,421.596521,428.976525,14.412543,38.934584,0.014776
Analog,2022-01-28 23:00:00,21.669712,40.367723,0.126105,59.279256,74.079972,0.906667,253.045884,264.533157,0.983333,397.557196,403.139467,13.778869,43.339424,0.01824
Analog,2022-01-29 23:00:00,53.533875,99.973158,0.471579,132.510111,142.078436,0.115,246.115956,739.906526,0.343333,365.663893,905.350784,19.168051,107.067749,0.015541
Analog,2022-01-30 23:00:00,95.359643,178.618535,0.329509,235.533058,287.124882,0.396667,276.212216,1349.201446,0.511667,410.062426,1634.107326,60.521351,190.719287,0.014856
Analog,2022-01-31 23:00:00,135.823045,253.371103,0.40693,369.974813,400.371774,0.325,530.702225,1567.842183,0.55,673.865759,1637.758037,51.247471,271.64609,0.017716
Analog,2022-02-01 23:00:00,59.707535,112.27846,0.173404,112.157587,151.177771,0.935,840.47142,1083.299033,0.946667,1086.29011,1516.022885,36.363455,119.415069,0.018108
Analog,2022-02-02 23:00:00,50.336244,93.916874,0.163,125.286566,148.369837,0.925,716.038983,752.388775,0.968333,1110.405533,1132.0431,34.423541,100.672488,0.014307
Analog,2022-02-03 23:00:00,56.168017,104.570026,0.241719,148.150205,176.52808,0.89,674.181649,748.974775,0.943333,914.546663,979.658973,36.415449,112.336033,0.015327
Analog,2022-02-04 23:00:00,91.575584,170.78785,0.422018,235.012534,262.905756,0.408333,588.489208,1217.258256,0.568333,1002.789253,1803.346186,48.423574,183.151167,0.014979
Analog,2022-02-05 23:00:00,76.948911,143.117351,0.40314,203.210692,212.74657,0.328333,449.652863,943.541322,0.598333,647.78962,1008.630716,29.331224,153.897822,0.017401
Analog,2022-02-06 23:00:00,21.530564,40.177879,0.210895,45.890673,55.987131,1.0,373.360474,373.360474,1.0,547.008258,547.008258,14.096137,43.061128,0.013926
Analog,2022-02-07 23:00:00,17.56238,32.729244,0.150719,40.687989,50.004806,0.95,259.105175,265.772848,0.995,347.062616,348.820857,12.086957,35.12476,0.014535
Analog,2022-02-08 23:00:00,26.028483,48.593127,0.127561,67.628096,81.100329,0.656667,196.843292,342.734246,0.791667,317.861175,461.134875,12.815647,52.056965,0.01563
Analog,2022-02-09 23:00:00,45.602339,85.361281,0.145263,115.617796,156.638736,0.525,227.164542,594.641893,0.686667,316.368437,790.662223,16.362759,91.204677,0.015935
Analog,2022-02-10 23:00:00,52.48518,97.73903,0.364421,143.429898,156.568915,0.568333,411.608863,609.103201,0.728333,555.82098,766.731304,24.529934,104.970361,0.016801
Analog,2022-02-11 23:00:00,22.362866,41.824493,0.154404,46.080429,63.379572,0.971667,387.195383,391.816798,0.998333,629.953353,630.701078,22.171632,44.725732,0.015084
Analog,2022-02-12 23:00:00,26.20009,48.794188,0.364807,66.833367,73.019349,0.483333,167.984881,347.395806,0.671667,267.831656,447.969404,12.135729,52.400181,0.016257
Analog,2022-02-13 23:00:00,16.37648,30.563521,0.216105,39.256378,48.539561,0.858333,218.574663,249.864537,0.933333,339.796974,358.712338,10.211392,32.75296,0.013863
Analog,2022-02-14 23:00:00,14.440119,26.902939,0.211982,37.145698,42.924908,0.811667,157.913688,184.536292,0.93,216.721651,233.048281,7.976156,28.880237,0.014059
Analog,2022-02-15 23:00:00,20.250505,37.695664,0.234246,56.940845,67.823918,0.771667,149.117647,223.669445,0.9,223.054914,276.004217,7.339588,40.501011,0.014355
Analog,2022-02-16 23:00:00,85.495221,161.394911,0.437632,203.650162,250.078688,0.251667,175.173588,1309.942787,0.416667,239.88172,1864.825371,78.63375,170.990442,0.015012
Analog,2022-02-17 23:00:00,35.635946,66.316501,0.204351,93.188343,109.931831,0.943333,465.797858,482.683559,0.968333,603.246392,618.172989,21.815845,71.271892,0.015644
Analog,2022-02-18 23:00:00,42.630105,79.829455,0.150825,97.172623,148.102657,0.876667,377.758734,693.638367,0.941667,587.464524,1020.679177,39.35937,85.260209,0.017233
Analog,2022-02-19 23:00:00,67.126104,127.343217,0.273316,156.20032,222.518958,0.501667,303.056285,1081.495532,0.575,448.277223,1644.949399,24.499764,134.252208,0.015541
Analog,2022-02-20 23:00:00,66.232606,123.326069,0.147456,181.77341,222.649262,0.828333,591.602333,719.812151,0.955,879.337331,940.763002,27.386781,132.465212,0.014501
Analog,2022-02-21 23:00:00,155.075177,290.633747,0.231263,393.664226,502.061491,0.668333,698.852784,2119.128001,0.763333,940.940571,2869.973087,107.904308,310.150354,0.016288
Analog,2022-02-22 23:00:00,107.751454,200.357989,0.231404,294.877807,341.171345,0.963333,1234.459504,1254.849784,1.0,1594.492587,1594.492587,63.553742,215.502907,0.015662
Analog,2022-02-23 23:00:00,59.351613,110.898919,0.108561,145.774393,204.366617,0.96,896.202634,914.097241,0.99,1415.720863,1418.358416,46.588872,118.703226,0.013675
Analog,2022-02-24 23:00:00,64.276419,119.639485,0.14986,165.087885,215.47599,0.765,656.593849,873.159549,0.881667,979.020089,1169.164598,39.295844,128.552838,0.016151
Analog,2022-02-25 23:00:00,52.271194,98.082275,0.199877,120.266789,176.190318,0.836667,469.863122,847.15237,0.895,778.921688,1216.510538,33.930305,104.542389,0.015855
Analog,2022-02-26 23:00:00,59.445049,110.989485,0.340754,154.929187,198.165847,0.568333,362.153781,771.023419,0.715,516.44046,991.508774,26.743239,118.890097,0.016448
Analog,2022-02-27 23:00:00,46.96847,87.460015,0.253947,127.869966,157.121378,0.828333,464.814429,583.895084,0.928333,699.607273,768.361799,20.476634,93.936941,0.016816
Analog,2022-02-28 23:00:00,28.154199,52.522087,0.132439,63.901676,80.755354,0.985,447.564971,452.166675,0.998333,616.383029,617.738066,21.958771,56.308398,0.017375
Analog,2022-03-01 23:00:00,25.829448,48.167067,0.244351,65.249683,76.043275,0.718333,282.065081,342.220519,0.878333,511.050477,548.458527,21.059936,51.658896,0.014867
Analog,2022-03-02 23:00:00,19.13752,35.720745,0.178404,48.488068,57.177051,0.938333,263.581929,270.667046,0.988333,393.485668,395.688848,11.119655,38.275041,0.014601
Analog,2022-03-03 23:00:00,18.853055,35.129158,0.13193,48.279409,59.548094,0.95,246.44706,257.284918,0.983333,341.134712,345.610478,10.044475,37.706109,0.014935
Analog,2022-03-04 23:00:00,25.974446,48.301954,0.312982,73.245674,83.249205,0.755,237.905619,285.921891,0.885,318.002526,351.855984,13.585911,51.948891,0.015268
Analog,2022-03-05 23:00:00,23.481619,43.745367,0.134947,63.659056,78.593497,0.806667,205.051325,275.733045,0.92,305.323246,348.156155,10.281197,46.963238,0.01487
Analog,2022-03-06 23:00:00,109.899079,207.79682,0.257895,256.798502,321.833308,0.448333,233.642455,1741.221308,0.575,339.60307,2702.599547,117.157057,219.798158,0.015738
Analog,2022-03-07 23:00:00,101.883161,191.164869,0.263456,257.878196,375.982184,0.703333,620.334218,1325.603271,0.816667,819.822764,1769.689415,60.128558,203.766322,0.017333
Analog,2022-03-08 23:00:00,71.364599,132.877875,0.187526,186.558044,225.269213,0.941667,913.281955,985.608298,0.973333,1219.121972,1291.663872,48.141087,142.729199,0.01483
Analog,2022-03-09 23:00:00,88.947434,167.052471,0.157491,222.677494,333.540948,0.918333,772.487211,1243.754672,0.978333,1171.710835,1865.14706,64.210059,177.894867,0.015274
Analog,2022-03-10 23:00:00,71.87999,134.214851,0.184193,174.664628,212.453137,0.743333,781.801108,1035.848804,0.846667,1097.342716,1411.308511,42.737666,143.75998,0.016575
Analog,2022-03-11 23:00:00,95.473203,177.77024,0.306018,239.354512,274.588257,0.536667,653.152076,1364.338965,0.665,977.419825,1837.816871,43.680896,190.946407,0.015798
Analog,2022-03-12 23:00:00,68.027155,126.604783,0.389544,188.276649,204.440031,0.591667,580.670704,744.38253,0.851667,854.984739,957.928169,36.777226,136.054311,0.017852
Analog,2022-03-13 23:00:00,46.365768,86.366815,0.202211,129.449451,165.991207,0.81,396.002771,533.615171,0.921667,595.337593,688.830633,17.076502,92.731537,0.016847
Analog,2022-03-14 23:00:00,35.730732,66.723451,0.196351,92.092866,130.46811,0.958333,435.133657,494.449453,0.986667,556.355294,654.492781,24.727477,71.461464,0.016023
Analog,2022-03-15 23:00:00,34.527004,64.375288,0.209772,87.842335,118.425298,0.936667,454.862791,485.511707,0.986667,779.845255,796.894062,31.072318,69.054008,0.015631
Analog,2022-03-16 23:00:00,66.030428,122.86038,0.208053,179.709503,255.68299,0.665,345.029861,751.240227,0.851667,508.376802,757.955877,21.023064,132.060857,0.013697
Analog,2022-03-17 23:00:00,39.284784,73.240853,0.108772,93.043742,116.065066,0.956667,564.451407,587.765551,0.988333,760.404539,781.640749,23.426368,78.569568,0.015729
Analog,2022-03-18 23:00:00,71.767507,133.749874,0.232018,184.989609,236.385612,0.72,667.655553,914.379743,0.88,1036.00534,1256.812475,44.170405,143.535014,0.015398
Analog,2022-03-19 23:00:00,48.698456,90.677538,0.293404,133.65199,156.996681,0.765,486.14294,582.622806,0.908333,704.828068,778.50101,27.267834,97.396913,0.016235
Analog,2022-03-20 23:00:00,42.188449,78.501981,0.166614,109.050454,149.129269,0.831667,391.178515,539.033959,0.925,555.769949,662.866303,19.341482,84.376899,0.01663
Analog,2022-03-21 23:00:00,126.444352,241.047317,0.187193,290.019416,483.566839,0.828333,414.075019,2078.043356,0.855,589.054381,3371.964638,145.833246,252.888704,0.016106
Analog,2022-03-22 23:00:00,60.171169,112.127734,0.181421,153.43642,200.067797,0.99,896.987092,900.018167,1.0,1211.529764,1211.529764,43.689095,120.342338,0.01721
Analog,2022-03-23 23:00:00,51.514863,95.961429,0.234491,131.389303,142.711363,0.91,654.13346,695.893326,0.986667,962.027986,975.953962,36.605595,103.029726,0.017447
Analog,2022-03-24 23:00:00,23.902888,44.580468,0.166158,49.428944,66.990567,0.926667,387.005943,416.663841,0.976667,584.278342,608.308105,18.974572,47.805775,0.016535
Analog,2022-03-25 23:00:00,17.432059,32.609145,0.205544,43.040477,51.609193,0.636667,124.911131,244.102946,0.763333,178.128079,326.253365,10.687179,34.864117,0.015569
Analog,2022-03-26 23:00:00,33.450288,62.825875,0.363947,81.734625,94.048521,0.348333,133.923605,496.141526,0.455,191.956664,704.160111,9.82093,66.900575,0.017569
Analog,2022-03-27 23:00:00,21.410656,39.92407,0.19493,56.972286,65.17585,0.871667,257.293611,283.147431,0.953333,387.753738,401.364665,10.503906,42.821312,0.014506
Analog,2022-03-28 23:00:00,124.746919,238.53152,0.381772,284.822078,443.160961,0.283333,197.627599,2028.904542,0.49,266.67229,3319.218702,138.962939,249.493838,0.017237
Analog,2022-03-29 23:00:00,56.659071,105.541809,0.208702,148.803838,243.479066,0.925,642.958029,746.550574,0.981667,913.764527,999.434122,38.348813,113.318141,0.015109
Analog,2022-03-30 23:00:00,36.558319,68.25179,0.207877,76.327452,100.105673,0.95,624.736241,652.465552,0.971667,927.751805,947.052903,34.227819,73.116637,0.015925
Analog,2022-03-31 23:00:00,70.722721,132.414336,0.32707,181.682084,213.514734,0.661667,432.319276,925.112764,0.818333,676.274457,1278.210786,45.069317,141.445442,0.016096
Analog,2022-04-01 23:00:00,102.754906,192.886524,0.328351,269.185631,316.697543,0.49,416.324684,1336.630767,0.666667,606.85984,1704.351399,42.697179,205.509812,0.016251
Analog,2022-04-03 23:00:00,69.088387,128.644231,0.174947,170.508315,255.485393,0.841667,741.780703,996.914278,0.916667,1095.673238,1374.592179,42.177319,138.176775,0.014693
Analog,2022-04-04 23:00:00,75.881162,141.201198,0.110754,204.935536,262.917589,0.773333,645.891155,886.490215,0.908333,954.216697,1105.539792,35.928049,151.762324,0.014569
Analog,2022-04-05 23:00:00,97.547534,181.868625,0.195439,267.611798,355.068945,0.726667,824.995054,1169.005016,0.846667,1191.895348,1535.894476,50.357097,195.095069,0.017927
Analog,2022-04-06 23:00:00,102.734453,191.261242,0.22507,260.514764,322.321808,0.8,1134.20962,1375.847012,0.905,1609.916447,1832.721699,64.764793,205.468906,0.015485
Analog,2022-04-07 23:00:00,65.278267,121.574533,0.220754,156.922643,189.944531,0.776667,794.366519,928.462207,0.913333,1172.91381,1246.589106,38.026117,130.556534,0.015428
Analog,2022-04-08 23:00:00,62.988712,117.800787,0.384246,159.368126,171.381324,0.306667,356.99453,842.355461,0.51,504.088869,1085.049236,20.326923,125.977425,0.015642
Analog,2022-04-09 23:00:00,51.42172,95.996178,0.220982,137.82947,236.903784,0.765,339.612956,671.559142,0.86,461.697452,942.600145,37.399748,102.84344,0.016708
Analog,2022-04-10 23:00:00,42.574193,79.331815,0.232351,123.06146,157.016296,0.926667,517.396557,545.08384,0.98,736.233311,747.811956,24.195122,85.148386,0.014698
Analog,2022-04-11 23:00:00,60.43318,112.667684,0.292807,161.104042,181.478117,0.611667,462.508257,752.230919,0.741667,719.844104,1010.417284,33.606581,120.86636,0.015705
Analog,2022-04-12 23:00:00,32.475413,60.472024,0.227895,89.858673,113.327318,0.853333,301.895401,383.671718,0.953333,464.320637,513.221837,15.069374,64.950825,0.015148
Analog,2022-04-13 23:00:00,35.616815,66.480583,0.120842,90.615061,110.848639,0.741667,310.263304,484.34621,0.846667,432.080251,632.6117,17.512613,71.233629,0.014153
Analog,2022-04-14 23:00:00,62.482423,116.903771,0.404825,151.888215,163.582981,0.326667,307.511472,902.049431,0.441667,472.762248,1292.904965,23.330811,124.964846,0.014627
Analog,2022-04-15 23:00:00,20.321484,37.944588,0.153298,37.741779,50.33564,0.986667,374.019762,379.995093,0.993333,552.011646,554.542227,16.891814,40.642967,0.015985
Analog,2022-04-16 23:00:00,25.961299,48.408729,0.107947,73.48039,95.185178,0.761667,191.828368,292.346841,0.901667,280.724407,370.535986,10.742058,51.922598,0.014378
Analog,2022-04-17 23:00:00,105.47658,198.73661,0.352158,265.756778,335.503258,0.46,305.9224,1433.48951,0.63,437.256093,2065.863245,56.772105,210.95316,0.015253
Analog,2022-04-18 23:00:00,51.189791,95.347416,0.152263,135.05436,163.55719,0.891667,618.223297,695.947719,0.936667,866.087314,945.649911,33.005651,102.379583,0.01446
Analog,2022-04-19 23:00:00,191.352229,360.261083,0.401193,455.851505,525.547264,0.231667,431.904391,2963.507464,0.345,660.028615,4407.189724,186.123384,382.704458,0.015323
Analog,2022-04-20 23:00:00,217.117547,409.195343,0.420965,519.62209,544.971589,0.221667,939.918722,3375.950211,0.34,1354.710236,4869.987824,71.115135,434.235094,0.015084
Analog,2022-04-21 23:00:00,284.766654,531.451521,0.368018,716.962876,802.29832,0.455,1199.074162,3721.388182,0.64,1668.746186,4376.663469,151.229316,569.533307,0.016374
Analog,2022-04-22 23:00:00,149.984301,278.873211,0.314211,439.170534,465.212474,0.785,1350.702219,1592.565239,0.918333,1823.268413,1990.514319,74.230603,299.968602,0.017193
Analog,2022-04-23 23:00:00,74.971312,139.550318,0.221982,197.254212,233.600919,0.94,1029.092789,1086.002591,0.975,1400.838983,1426.045817,48.323553,149.942624,0.016294
Analog,2022-04-24 23:00:00,42.049407,78.362642,0.15893,96.601908,158.987539,0.893333,511.411127,634.907917,0.96,736.778943,841.823917,23.361245,84.098815,0.014789
Analog,2022-04-25 23:00:00,43.651387,81.450401,0.128895,108.337824,142.489968,0.788333,497.680139,633.035476,0.855,705.29018,863.172542,27.227778,87.302774,0.015513
Analog,2022-04-26 23:00:00,30.439649,56.733755,0.145,71.217606,89.680823,0.85,374.10745,450.656695,0.923333,555.262016,632.437359,19.433948,60.879299,0.015581
Analog,2022-04-27 23:00:00,50.227196,94.016224,0.299158,127.366216,161.899135,0.41,312.393026,683.778482,0.581667,437.907045,906.304128,23.248807,100.454393,0.014712
Analog,2022-04-28 23:00:00,82.743621,153.930737,0.290035,231.308873,292.741769,0.636667,451.906687,925.284786,0.81,647.310066,1060.181165,30.851229,165.487242,0.015075
Analog,2022-04-29 23:00:00,64.204919,119.811006,0.303456,161.37759,189.858555,0.631667,649.350129,884.772378,0.798333,934.488886,1203.957034,38.512324,128.409837,0.014736
Analog,2022-04-30 23:00:00,61.55185,114.593459,0.335842,165.756829,180.801776,0.666667,529.24228,698.625593,0.861667,817.71195,916.212937,32.616605,123.103701,0.015351
Analog,2022-05-01 23:00:00,28.144166,52.44187,0.202088,75.183981,93.427135,0.9,330.733945,367.81515,0.97,466.693535,486.245039,11.309202,56.288332,0.016236
Analog,2022-05-02 23:00:00,27.339656,50.915142,0.243193,71.281117,92.637349,0.836667,299.164434,355.586058,0.943333,439.289491,476.365177,17.927042,54.679312,0.014584
Analog,2022-05-03 23:00:00,22.398466,41.765276,0.133105,55.920935,69.125775,0.836667,258.366542,311.615899,0.92,380.496471,431.333577,12.774676,44.796932,0.015078
Analog,2022-05-04 23:00:00,119.055663,225.937189,0.483421,276.313685,286.46762,0.055,166.437961,1914.453321,0.16,254.022854,2890.771211,126.708688,238.111326,0.015011
Analog,2022-05-05 23:00:00,476.65545,913.856161,0.478421,1043.316759,1107.539774,0.048333,446.299894,8425.305109,0.078333,629.401978,14272.837197,648.535787,953.3109,0.01576
Analog,2022-05-06 23:00:00,128.036423,238.431483,0.249614,356.834421,398.269012,0.945,1629.842648,1665.651529,0.996667,2310.649956,2313.586947,85.268054,256.072845,0.015535
Analog,2022-05-07 23:00:00,151.057976,281.042049,0.312684,434.911403,466.1973,0.781667,1418.672321,1663.768794,0.941667,2010.221071,2119.845657,81.001553,302.115952,0.015674
Analog,2022-05-08 23:00:00,62.055378,115.693068,0.126596,151.324944,203.560044,0.963333,961.295812,978.099025,0.99,1373.889416,1377.913016,43.058686,124.110755,0.015583
Analog,2022-05-09 23:00:00,72.86319,136.222802,0.224789,195.305184,244.945467,0.645,461.410082,936.876793,0.773333,710.455632,1327.572784,41.021734,145.72638,0.01757
Analog,2022-05-10 23:00:00,184.454913,350.923563,0.472807,427.295963,450.010909,0.126667,608.176608,3032.566497,0.201667,881.149016,4957.32639,51.393909,368.909825,0.016676
Analog,2022-05-11 23:00:00,64.882228,120.91956,0.216561,149.627162,185.732667,0.936667,933.050928,991.388717,0.97,1334.532567,1383.277502,47.459436,129.764456,0.016436
Analog,2022-05-12 23:00:00,76.246623,142.869391,0.439649,192.296327,207.5011,0.261667,238.277951,1019.874734,0.426667,331.659031,1318.950123,49.768556,152.493246,0.01538
Analog,2022-05-13 23:00:00,82.577658,153.75848,0.356,218.800252,287.999575,0.59,419.919917,1033.394964,0.808333,610.326173,1280.241135,41.583429,165.155315,0.016429
Analog,2022-05-14 23:00:00,58.303466,108.758374,0.35607,136.041613,158.511515,0.44,498.0619,905.261107,0.561667,722.922716,1153.38793,33.709017,116.606932,0.015279
Analog,2022-05-15 23:00:00,26.732275,49.893279,0.152579,47.231331,66.747175,0.981667,521.958812,526.924734,0.998333,761.485724,761.763888,22.783964,53.46455,0.017899
Analog,2022-05-16 23:00:00,18.417204,34.337008,0.152298,36.771964,44.781578,0.988333,320.583419,323.383976,0.996667,458.809093,461.224358,15.219263,36.834407,0.01499
Analog,2022-05-17 23:00:00,83.830295,157.752623,0.397912,203.467742,231.659715,0.303333,218.255609,1231.861799,0.466667,317.838144,1669.895671,67.810601,167.660589,0.014901
Analog,2022-05-18 23:00:00,33.245355,62.222449,0.150772,75.096977,109.551487,0.98,465.590361,525.586477,0.988333,620.214268,726.403206,21.168649,66.490711,0.015489
Analog,2022-05-19 23:00:00,28.53053,53.199745,0.122982,68.684273,85.209555,0.945,407.272352,424.85386,0.981667,611.730076,619.447425,19.410807,57.06106,0.015803
Analog,2022-05-20 23:00:00,25.045405,46.648837,0.093965,61.704701,76.510118,0.841667,306.770466,354.056764,0.936667,432.810108,460.570143,13.61457,50.090809,0.014235
Analog,2022-05-21 23:00:00,57.622792,107.483507,0.381912,147.216169,168.187118,0.38,302.019285,760.080469,0.526667,435.7712,930.768685,20.068661,115.245585,0.016631
Analog,2022-05-22 23:00:00,38.666199,72.002848,0.270842,102.61649,122.992352,0.831667,424.337629,510.266751,0.916667,622.116064,677.834552,23.051134,77.332398,0.016678
Analog,2022-05-23 23:00:00,38.332725,71.497585,0.231105,103.915406,122.113807,0.728333,277.295093,471.651883,0.865,407.192773,582.608736,16.101981,76.66545,0.013496
Analog,2022-05-24 23:00:00,28.415513,52.903976,0.158175,74.97617,93.827585,0.89,312.056467,348.66217,0.971667,428.830181,452.047872,13.430835,56.831026,0.016742
Analog,2022-05-25 23:00:00,39.622419,73.746759,0.252298,109.290169,138.631185,0.831667,361.091782,466.358212,0.923333,509.92023,588.237806,16.742988,79.244839,0.014022
Analog,2022-05-26 23:00:00,20.876718,38.973684,0.16186,46.745656,59.623349,0.943333,332.150842,342.372084,0.971667,504.688267,511.344749,18.413997,41.753435,0.014561
Analog,2022-05-27 23:00:00,26.263009,49.627974,0.154193,62.26044,97.325618,0.775,221.414354,404.462605,0.873333,326.636147,605.153334,21.146438,52.526018,0.014889
Analog,2022-05-28 23:00:00,54.247146,101.457958,0.393439,129.563666,148.397754,0.326667,237.918952,844.517396,0.431667,364.046653,1100.911922,17.331963,108.494291,0.016452
Analog,2022-05-29 23:00:00,24.550054,45.755933,0.157965,58.60773,72.432398,0.98,377.513278,382.687952,0.995,535.731503,537.837561,13.706939,49.100107,0.016896
Analog,2022-05-30 23:00:00,27.55558,51.334118,0.261386,74.143014,83.583703,0.733333,268.7603,345.577979,0.861667,361.686708,439.585402,14.212392,55.11116,0.015066
Analog,2022-05-31 23:00:00,47.869896,89.915784,0.12693,119.434566,152.8498,0.651667,311.364692,669.767354,0.736667,458.276811,985.726176,21.944001,95.739793,0.014372
Analog,2022-06-01 23:00:00,30.804837,57.382608,0.249789,81.78337,92.511162,0.89,376.808893,409.173266,0.961667,523.933425,553.336697,19.007817,61.609674,0.01714
Analog,2022-06-02 23:00:00,28.522957,53.198194,0.253018,76.979345,88.216649,0.878333,313.865596,369.611155,0.955,466.435591,500.963456,13.467942,57.045914,0.017665
Analog,2022-06-03 23:00:00,19.334664,36.018871,0.156912,49.285462,58.085469,0.876667,227.948861,255.365249,0.973333,338.364296,346.842182,11.859224,38.669329,0.015135
Analog,2022-06-04 23:00:00,72.893606,138.590688,0.390579,169.686799,208.093241,0.29,223.252952,1174.412602,0.363333,319.658432,1875.665397,33.359117,145.787211,0.014173
Analog,2022-06-05 23:00:00,28.752391,53.596062,0.160895,57.969448,75.83742,0.975,510.142979,516.226676,1.0,762.936842,762.936842,25.811776,57.504782,0.015895
Analog,2022-06-06 23:00:00,25.181961,47.02078,0.208246,62.775935,73.01529,0.975,369.431003,374.899759,1.0,530.94333,530.94333,15.323256,50.363922,0.014544
Analog,2022-06-07 23:00:00,22.113321,41.232216,0.2,56.695127,73.024698,0.976667,310.278028,319.963237,0.998333,456.204227,459.686545,13.274863,44.226642,0.015346
Analog,2022-06-08 23:00:00,20.270963,37.879009,0.186088,49.096799,62.845431,0.891667,251.281624,309.450155,0.933333,361.876676,426.820863,11.779231,40.541926,0.014488
Analog,2022-06-09 23:00:00,21.922472,40.920003,0.115947,48.061089,67.158094,0.85,268.712554,350.613234,0.9,377.769239,476.970033,13.340675,43.844944,0.014128
Analog,2022-06-10 23:00:00,56.209255,105.521243,0.394175,138.794269,151.479949,0.388333,303.657433,789.695799,0.51,426.662625,1075.824426,19.503523,112.418511,0.014817
Analog,2022-06-11 23:00:00,21.204903,39.508662,0.144123,51.511934,60.626061,0.941667,306.872157,322.949643,0.978333,436.465829,447.813224,14.165659,42.409807,0.014004
Analog,2022-06-12 23:00:00,29.761442,55.412751,0.312211,77.180462,81.68683,0.67,231.433338,386.470003,0.786667,336.632312,495.587517,14.430248,59.522884,0.013442
Analog,2022-06-13 23:00:00,18.487561,34.503106,0.140193,49.34848,62.527735,0.941667,224.628658,245.522977,0.985,312.919077,338.22524,9.094908,36.975123,0.016913
Analog,2022-06-14 23:00:00,21.92691,40.820283,0.263246,57.634878,67.295709,0.72,218.796888,281.902447,0.851667,311.766643,368.74198,11.887992,43.853821,0.015078
Analog,2022-06-15 23:00:00,57.562309,107.857755,0.441018,143.057528,147.599602,0.278333,255.881917,811.37526,0.435,374.305826,1074.430896,18.560927,115.124617,0.014424
Analog,2022-06-16 23:00:00,18.286245,34.148535,0.144316,37.331191,45.297869,0.993333,313.462305,314.287356,0.998333,446.972963,447.101049,12.995833,36.57249,0.01511
Analog,2022-06-17 23:00:00,21.914325,40.89786,0.245351,56.182925,65.77771,0.655,181.208736,295.058724,0.778333,251.324072,376.682158,9.681368,43.828649,0.01373
Analog,2022-06-18 23:00:00,56.65932,105.769175,0.445088,146.582101,158.053118,0.218333,222.352551,730.435012,0.395,304.16303,918.244178,15.778977,113.31864,0.017153
Analog,2022-06-19 23:00:00,22.609028,42.166431,0.241421,55.0937,61.266355,0.996667,372.652145,372.980197,1.0,538.862419,538.862419,13.62344,45.218056,0.016306
Analog,2022-06-20 23:00:00,14.759557,27.520614,0.170877,28.72469,36.195035,1.0,266.765448,266.765448,1.0,385.111525,385.111525,12.764326,29.519115,0.01471
Analog,2022-06-21 23:00:00,25.718828,48.078474,0.328193,65.930143,74.676733,0.496667,166.527738,346.981724,0.616667,253.305583,474.28652,10.566078,51.437657,0.015023
Analog,2022-06-22 23:00:00,43.602082,81.643786,0.429807,113.481906,116.88781,0.31,216.911615,545.156332,0.501667,310.043554,712.620954,14.893835,87.204164,0.014962
Analog,2022-06-23 23:00:00,19.054518,35.858872,0.22307,46.504028,61.702944,0.946667,219.93214,289.058743,0.99,302.29898,418.684962,12.402995,38.109037,0.01657
Analog,2022-06-24 23:00:00,72.584596,139.347962,0.161386,166.056795,197.704454,0.491667,165.280363,1204.994598,0.595,227.597181,2035.774227,84.896179,145.169191,0.015999
Analog,2022-06-25 23:00:00,57.434924,106.813767,0.208947,155.488114,175.103435,0.781667,528.154022,721.063981,0.916667,746.446313,885.450811,31.761701,114.869849,0.01619
Analog,2022-06-26 23:00:00,55.239844,103.165389,0.199456,148.703925,179.60292,0.721667,500.028184,709.826675,0.811667,702.195436,929.135304,26.927688,110.479688,0.016207
Analog,2022-06-27 23:00:00,24.674361,45.961879,0.119263,58.66135,81.673803,0.898333,354.099943,380.808292,0.966667,530.66101,544.470042,16.938337,49.348722,0.016554
Analog,2022-06-28 23:00:00,14.835651,27.662729,0.159386,33.562221,43.230439,0.985,244.520216,248.473118,0.995,351.150801,354.596998,10.13719,29.671303,0.015674
Analog,2022-06-29 23:00:00,15.737051,29.333765,0.201386,40.162322,48.234186,0.951667,213.797538,219.471399,0.996667,311.545001,312.150849,7.650242,31.474101,0.015286
Analog,2022-06-30 23:00:00,29.460275,54.792444,0.376614,86.509619,93.672432,0.611667,179.254087,281.186012,0.858333,263.020793,319.288745,6.970064,58.920549,0.015893
Analog,2022-07-01 23:00:00,98.326094,184.145678,0.408737,242.314814,265.74808,0.226667,232.042663,1402.883591,0.521667,367.611979,1604.781539,62.204018,196.652188,0.017314
Analog,2022-07-02 23:00:00,127.791203,239.679772,0.480351,317.983572,325.290612,0.075,450.989263,1826.326269,0.171667,692.629581,2460.935235,38.405507,255.582406,0.01504
Analog,2022-07-03 23:00:00,43.944111,81.949775,0.197754,105.706191,136.959244,0.931667,658.86733,680.481959,0.983333,951.258446,959.492427,33.676085,87.888222,0.013506
Analog,2022-07-04 23:00:00,18.59838,34.659144,0.336316,48.520605,51.970179,0.618333,186.638166,242.372947,0.875,289.581882,319.476951,11.513701,37.19676,0.013571
Analog,2022-07-05 23:00:00,45.34222,84.658391,0.427193,118.023484,135.827943,0.328333,161.290362,568.211618,0.54,235.8238,697.723907,24.005688,90.684439,0.015279
Analog,2022-07-06 23:00:00,30.48192,56.751696,0.254632,88.281825,107.923991,0.88,278.015364,351.480629,0.946667,418.218715,475.169827,13.158806,60.96384,0.015771
Analog,2022-07-07 23:00:00,32.491138,60.477656,0.118596,90.25414,115.161344,0.79,285.407379,376.547237,0.918333,415.995218,481.887161,13.456541,64.982277,0.014529
Analog,2022-07-08 23:00:00,81.154659,151.5963,0.429982,208.601711,220.165662,0.321667,272.901213,1072.712845,0.468333,412.932209,1416.187676,53.891257,162.309318,0.016781
Analog,2022-07-09 23:00:00,89.005889,165.865532,0.367491,225.418949,255.275601,0.381667,494.211143,1190.060586,0.531667,778.148936,1503.866341,37.148835,178.011778,0.015452
Analog,2022-07-10 23:00:00,111.789695,208.044612,0.415368,311.177875,326.617351,0.5,628.315182,1151.666619,0.766667,902.727553,1340.091407,31.113115,223.57939,0.013452
Analog,2022-07-11 23:00:00,51.649904,96.373207,0.208649,131.239103,164.094333,0.963333,748.903953,762.468372,0.99,1140.842639,1146.495988,33.515738,103.299808,0.013915
Analog,2022-07-12 23:00:00,26.378111,49.225725,0.165772,57.125497,66.760027,0.99,446.304405,448.137022,0.998333,650.068827,650.809953,19.967377,52.756222,0.012408
Analog,2022-07-13 23:00:00,49.484729,92.522431,0.218754,126.817889,152.984045,0.656667,349.192715,670.479699,0.761667,508.233697,903.77621,19.247929,98.969457,0.013931
Analog,2022-07-14 23:00:00,50.214274,93.535809,0.169474,133.022897,160.49053,0.901667,606.542985,689.346234,0.968333,880.475052,929.865002,28.747943,100.428548,0.014192
Analog,2022-07-15 23:00:00,34.097837,63.623776,0.134193,75.221096,112.182635,0.95,505.402037,543.888057,0.968333,762.579771,796.745242,26.469879,68.195674,0.014661
Analog,2022-07-16 23:00:00,139.973987,263.180999,0.300526,343.508134,375.274614,0.215,387.879766,2010.29672,0.375,566.147343,2900.75548,30.361521,279.947974,0.014386
Analog,2022-07-17 23:00:00,60.263085,112.445782,0.153509,130.357565,160.350076,0.975,1034.104248,1043.100138,0.998333,1509.323544,1509.587584,47.607399,120.526169,0.013325
Analog,2022-07-18 23:00:00,54.185589,101.057644,0.14507,128.614217,154.30065,0.906667,759.52962,803.219501,0.968333,1166.805611,1190.430412,41.682628,108.371178,0.014615
Analog,2022-07-19 23:00:00,48.180804,89.662678,0.129421,132.741866,160.691546,0.928333,581.404498,621.621856,0.99,801.759289,812.460421,20.743021,96.361608,0.013231
Analog,2022-07-20 23:00:00,76.948984,143.229395,0.207123,213.801802,250.621485,0.846667,720.4839,897.54399,0.935,1000.327884,1122.16185,28.927299,153.897968,0.014934
Analog,2022-07-21 23:00:00,66.275251,123.393521,0.169825,174.817011,203.944841,0.931667,878.957958,916.274253,0.991667,1308.239658,1319.966559,38.990122,132.550503,0.013999
Analog,2022-07-22 23:00:00,72.408761,134.98383,0.152333,190.317788,229.286311,0.711667,578.460501,939.618889,0.825,866.026332,1229.713151,35.318061,144.817523,0.01561
Analog,2022-07-23 23:00:00,150.287908,280.504722,0.326842,380.004034,431.111233,0.381667,743.155783,2035.826529,0.535,1145.268477,2581.404069,53.672849,300.575817,0.014008
Analog,2022-07-24 23:00:00,56.860275,106.128546,0.17014,126.716922,148.364095,0.958333,1003.52636,1018.771825,0.993333,1518.166655,1521.409412,50.126758,113.720549,0.016259
Analog,2022-07-25 23:00:00,80.42835,149.737009,0.24986,221.876463,253.846022,0.748333,705.03248,907.288711,0.888333,1012.609533,1152.272525,30.736315,160.856699,0.015445
Analog,2022-07-26 23:00:00,127.831935,238.735239,0.28607,335.031104,388.413292,0.538333,703.580855,1684.586484,0.673333,1003.537393,2115.252305,68.917859,255.66387,0.01387
Analog,2022-07-27 23:00:00,56.366715,104.99033,0.206386,146.420471,184.709236,0.918333,711.039103,777.601467,0.97,1041.686062,1063.426711,38.127745,112.73343,0.015803
Analog,2022-07-28 23:00:00,63.186252,117.617411,0.216491,168.826552,193.980322,0.865,652.396375,761.676217,0.973333,930.199101,975.957396,22.8475,126.372504,0.016397
Analog,2022-07-29 23:00:00,189.777486,360.520694,0.491579,451.34669,461.03877,0.033333,483.287906,2939.392812,0.108333,704.970111,4602.888164,44.608667,379.554971,0.017022
Analog,2022-07-30 23:00:00,99.825803,185.577857,0.373211,290.737237,317.228196,0.706667,772.524842,1014.177417,0.891667,1111.266752,1252.288192,48.116745,199.651605,0.015694
Analog,2022-07-31 23:00:00,35.769582,66.622121,0.165333,84.002689,146.481866,0.936667,434.747392,574.975226,0.958333,598.006357,721.192793,23.363466,71.539164,0.01575
Analog,2022-08-01 23:00:00,50.981941,95.206511,0.363211,134.022883,176.189508,0.301667,310.668417,625.323732,0.546667,466.042551,790.264345,19.505856,101.963881,0.013498
Analog,2022-08-02 23:00:00,27.082792,50.533624,0.131316,67.800879,108.947678,0.938333,392.740567,407.525988,0.988333,590.352315,596.7741,18.378376,54.165585,0.015541
Analog,2022-08-03 23:00:00,28.253355,52.698361,0.251053,71.90864,92.273418,0.911667,410.741628,437.186811,0.963333,639.556999,658.129303,23.07581,56.50671,0.016407
Analog,2022-08-04 23:00:00,22.090625,41.187132,0.264123,59.318078,68.825283,0.868333,239.27235,282.964734,0.953333,370.557452,406.869922,12.110347,44.18125,0.015972
Analog,2022-08-05 23:00:00,20.736616,38.701695,0.155807,53.712644,62.04363,0.896667,248.194218,288.244679,0.953333,367.252277,407.837966,13.453485,41.473231,0.015405
Analog,2022-08-06 23:00:00,49.847332,93.274106,0.388649,122.141867,142.359074,0.408333,220.947928,711.396305,0.535,314.505291,979.292189,15.541204,99.694663,0.017776
Analog,2022-08-07 23:00:00,25.236053,47.051366,0.207702,67.380192,83.235296,0.961667,337.718864,349.309157,0.995,512.672325,514.882887,12.707363,50.472105,0.017017
Analog,2022-08-08 23:00:00,18.441116,34.39712,0.146298,42.456355,54.254402,0.973333,299.057544,301.591817,0.995,447.31664,447.606969,15.570442,36.882232,0.014205
Analog,2022-08-09 23:00:00,16.889082,31.484346,0.258561,42.696877,48.953,0.856667,206.288159,229.077568,0.958333,314.78796,328.224088,10.848911,33.778164,0.016691
Analog,2022-08-10 23:00:00,55.180839,103.518678,0.406684,138.40094,170.502918,0.353333,202.07897,761.42224,0.53,310.765391,1013.383045,36.728878,110.361678,0.015631
Analog,2022-08-11 23:00:00,28.475153,53.080178,0.11614,66.894273,90.25839,0.978333,421.503925,428.608399,0.998333,582.855015,582.981427,18.896524,56.950306,0.014331
Analog,2022-08-12 23:00:00,21.934421,40.893873,0.125789,54.454126,66.465767,0.985,323.407394,327.466185,0.995,462.181527,464.384369,13.625353,43.868842,0.017923
Analog,2022-08-13 23:00:00,33.759102,62.806779,0.406263,88.178446,93.962209,0.375,194.333318,429.060696,0.626667,285.231502,476.362504,13.056983,67.518203,0.016134
Analog,2022-08-14 23:00:00,21.381334,39.829105,0.279088,58.26123,71.655272,0.851667,235.14606,258.342423,0.976667,333.16777,340.209681,6.638533,42.762669,0.016711
Analog,2022-08-15 23:00:00,13.326849,24.84097,0.143579,33.805665,40.549227,0.891667,161.564877,184.819078,0.955,237.958145,257.991425,8.90256,26.653697,0.016477
Analog,2022-08-16 23:00:00,18.229167,34.182813,0.267982,42.380752,48.676595,0.625,158.13111,282.266634,0.711667,226.899282,390.415069,8.559158,36.458333,0.017604
Analog,2022-08-17 23:00:00,32.705551,61.1163,0.388772,87.498985,101.007741,0.516667,148.124025,400.349115,0.666667,212.778774,511.281892,16.997188,65.411101,0.015515
Analog,2022-08-18 23:00:00,14.722436,27.451148,0.181018,36.587929,46.016567,0.96,211.174096,216.630899,0.991667,314.276949,315.849324,9.765157,29.444872,0.015977
Analog,2022-08-19 23:00:00,30.7076,57.650186,0.344632,74.044164,82.988787,0.45,150.781269,454.960914,0.61,215.25885,631.858149,10.32736,61.415199,0.016936
Analog,2022-08-20 23:00:00,75.803343,142.463884,0.466842,185.603446,197.384621,0.091667,192.503733,1117.845617,0.185,265.499822,1519.501194,15.922954,151.606686,0.015246
Analog,2022-08-21 23:00:00,17.993049,33.577374,0.153684,32.076747,40.092563,0.988333,353.762136,355.398057,0.995,513.195261,514.728757,15.442356,35.986097,0.015029
Analog,2022-08-22 23:00:00,25.097664,46.768635,0.289684,70.373203,79.38878,0.801667,221.957952,285.895262,0.921667,323.017139,383.788888,9.600972,50.195329,0.015805
Analog,2022-08-23 23:00:00,38.616466,72.156255,0.358368,107.611342,122.918133,0.665,252.086807,435.166471,0.871667,375.930608,582.338186,17.518084,77.232933,0.017241
Analog,2022-08-24 23:00:00,16.170131,30.163279,0.146053,37.477328,49.179816,0.963333,273.062127,276.771488,0.995,426.143176,426.567064,15.360853,32.340263,0.016029
Analog,2022-08-25 23:00:00,12.740505,23.745087,0.175456,29.569617,39.318399,0.953333,194.009425,199.672286,0.975,277.243762,281.033094,9.532599,25.481009,0.0152
Analog,2022-08-26 23:00:00,26.606031,49.68228,0.17286,67.032036,86.841709,0.778333,174.297541,356.9547,0.871667,256.558786,492.12124,15.532407,53.212063,0.013915
Analog,2022-08-27 23:00:00,67.464308,127.874563,0.415561,160.091275,197.180399,0.238333,251.707034,1064.059281,0.335,356.514447,1676.548123,19.235772,134.928617,0.015163
Analog,2022-08-28 23:00:00,29.979528,55.873702,0.163228,73.580726,97.10316,0.956667,418.927958,447.848485,0.986667,593.988914,624.782544,16.451267,59.959056,0.014492
Analog,2022-08-29 23:00:00,19.403977,36.224829,0.130842,39.355862,48.496655,0.963333,340.240029,343.223175,0.99,503.880517,505.156958,16.886404,38.807953,0.014868
Analog,2022-08-30 23:00:00,16.199183,30.219022,0.191,38.63361,46.893592,0.931667,241.764712,259.474226,0.97,370.820958,383.209285,12.852248,32.398366,0.015133
Analog,2022-08-31 23:00:00,17.826546,33.217414,0.197526,47.358123,56.306168,0.868333,201.443289,236.985232,0.925,289.56736,316.121991,9.177584,35.653092,0.017089
Analog,2022-09-01 23:00:00,12.166578,22.689628,0.134947,25.594294,30.748907,0.946667,202.905511,209.140148,0.991667,313.227689,315.407542,10.086878,24.333155,0.016149
Analog,2022-09-02 23:00:00,24.926184,46.427095,0.286018,69.177208,81.582225,0.703333,166.678702,291.20174,0.838333,249.252373,382.449468,11.141797,49.852368,0.014527
Analog,2022-09-03 23:00:00,32.91569,61.437148,0.256526,79.411537,104.094042,0.638333,245.787868,480.52247,0.743333,361.398225,659.517464,19.315301,65.83138,0.017259
Analog,2022-09-04 23:00:00,29.470968,54.878629,0.109895,77.415555,101.204271,0.86,347.67402,389.717467,0.935,514.044766,541.152883,13.173074,58.941936,0.016555
Analog,2022-09-05 23:00:00,19.993837,37.297146,0.111667,46.069715,59.841992,0.925,302.647981,317.173166,0.971667,441.226979,450.973177,14.708145,39.987674,0.017765
Analog,2022-09-06 23:00:00,25.041554,46.679491,0.170649,59.841389,75.836245,0.893333,341.335644,378.123164,0.945,507.636064,540.956107,18.407875,50.083109,0.015936
Analog,2022-09-07 23:00:00,38.489979,71.631686,0.373579,104.576759,110.900888,0.568333,254.919502,408.660537,0.818333,398.304286,506.085341,16.518764,76.979957,0.015092
Analog,2022-09-08 23:00:00,22.769414,42.42519,0.250895,61.186222,70.519811,0.86,272.045231,311.485621,0.936667,400.018418,432.484071,13.810515,45.538828,0.014667
Analog,2022-09-09 23:00:00,30.404168,56.74743,0.345158,76.424145,94.336073,0.453333,154.840487,417.984572,0.695,254.198191,524.764053,11.672966,60.808337,0.015389
Analog,2022-09-10 23:00:00,38.128172,71.3831,0.292561,96.415534,116.306008,0.46,178.965643,545.934444,0.553333,266.791097,739.654362,10.531699,76.256344,0.016306
Analog,2022-09-11 23:00:00,20.681813,38.560864,0.135281,50.229902,64.945379,0.911667,284.002289,311.089036,0.961667,415.518966,429.165723,10.87547,41.363626,0.013869
Analog,2022-09-12 23:00:00,17.531471,32.669785,0.159596,44.140254,52.961841,0.9,219.458105,243.212385,0.956667,311.312564,331.152612,9.14592,35.062942,0.014069
Analog,2022-09-13 23:00:00,21.324433,39.707886,0.101211,56.957887,78.470328,0.888333,214.979666,258.238624,0.951667,309.233806,342.380184,8.865569,42.648866,0.016042
Analog,2022-09-14 23:00:00,38.583022,71.841757,0.356702,105.589236,115.624752,0.603333,220.613471,416.620367,0.831667,320.582739,492.887671,14.805719,77.166043,0.015394
Analog,2022-09-15 23:00:00,36.613911,68.210542,0.204263,97.654478,113.466964,0.6,253.618611,453.736665,0.768333,392.396795,542.416455,13.72105,73.227822,0.01515
Analog,2022-09-16 23:00:00,40.797991,75.914085,0.366105,110.795422,119.080683,0.61,376.207788,476.737047,0.866667,564.910246,613.32996,24.273172,81.595982,0.014405
Analog,2022-09-17 23:00:00,40.097868,74.712277,0.119842,102.419,146.438527,0.831667,327.598819,561.302402,0.93,492.723268,732.446332,21.556179,80.195735,0.01431
Analog,2022-09-18 23:00:00,73.453401,137.081683,0.360719,189.524856,219.034234,0.421667,388.267793,985.991455,0.646667,569.422037,1149.385478,38.747818,146.906803,0.014914
Analog,2022-09-19 23:00:00,63.276699,117.69509,0.395,170.538283,184.685195,0.385,460.475572,781.907611,0.631667,662.380622,918.195023,29.580414,126.553399,0.017082
Analog,2022-09-20 23:00:00,28.644462,53.392481,0.203807,71.71822,83.248857,0.961667,418.753643,433.433529,0.991667,602.284471,617.076995,19.191109,57.288924,0.015545
Analog,2022-09-21 23:00:00,20.55272,38.301226,0.14814,52.627766,80.14233,0.94,261.242304,274.789056,0.986667,388.54744,394.451065,10.388741,41.10544,0.014804
Analog,2022-09-22 23:00:00,21.465322,40.044045,0.13293,54.773452,77.525132,0.906667,263.681905,295.465486,0.961667,389.362146,422.014285,12.827061,42.930644,0.015229
Analog,2022-09-23 23:00:00,31.520408,58.705684,0.224982,82.801888,103.577246,0.815,305.733945,384.592826,0.906667,435.700983,499.374592,15.575261,63.040817,0.017425
Analog,2022-09-24 23:00:00,77.026838,143.557198,0.434789,204.087001,212.288074,0.293333,340.962311,981.40845,0.583333,518.163667,1031.904993,22.897062,154.053676,0.016221
Analog,2022-09-25 23:00:00,21.410668,40.001529,0.181579,38.623708,48.16658,1.0,428.555553,428.555553,1.0,631.794057,631.794057,18.150651,42.821337,0.016113
Analog,2022-09-26 23:00:00,21.85975,40.762375,0.249877,57.131735,68.18672,0.793333,196.241914,289.761222,0.88,267.471579,379.795053,10.66082,43.7195,0.013911
Analog,2022-09-27 23:00:00,22.273068,41.55995,0.146351,55.348401,65.596991,0.826667,211.369076,303.898912,0.895,311.269294,432.888612,10.019057,44.546136,0.015323
Analog,2022-09-28 23:00:00,26.698805,49.708897,0.256316,74.792274,87.018611,0.761667,201.824712,296.574281,0.89,292.556656,374.644238,9.430613,53.39761,0.017599
Analog,2022-09-29 23:00:00,17.171991,32.004632,0.18414,43.516172,55.366858,0.876667,223.69852,239.433259,0.951667,315.009144,325.265482,10.837034,34.343982,0.015359
Analog,2022-09-30 23:00:00,28.458537,52.94419,0.348421,73.500701,80.932282,0.52,173.422525,347.729615,0.726667,254.304829,382.319214,10.478723,56.917075,0.015745
Analog,2022-10-01 23:00:00,61.758268,115.632528,0.463018,151.762227,158.998412,0.153333,196.854079,883.180458,0.261667,278.567156,1153.890413,15.345935,123.516536,0.016331
Analog,2022-10-02 23:00:00,14.683041,27.438592,0.171737,24.885198,31.190147,1.0,291.821472,291.821472,1.0,430.482791,430.482791,11.322941,29.366083,0.015637
Analog,2022-10-03 23:00:00,11.441951,21.326082,0.181702,28.687041,34.50185,0.96,157.85963,161.268028,0.993333,227.891674,229.432441,6.986975,22.883902,0.015559
Analog,2022-10-04 23:00:00,15.151713,28.239639,0.174596,42.009939,49.019513,0.748333,125.327979,176.153354,0.903333,188.430142,226.359202,5.303383,30.303425,0.014379
Analog,2022-10-05 23:00:00,15.713554,29.291597,0.265421,43.132303,49.684091,0.826667,140.071535,184.884636,0.93,195.247209,239.706577,6.191978,31.427107,0.015322
Analog,2022-10-06 23:00:00,26.194146,48.760807,0.347737,71.350377,77.180091,0.563333,166.467783,305.7743,0.768333,227.615122,339.26294,9.186923,52.388291,0.017669
Analog,2022-10-07 23:00:00,17.833415,33.217842,0.128491,47.006653,55.892643,0.85,189.645198,229.971859,0.931667,286.661036,311.382858,9.444893,35.666831,0.014367
Analog,2022-10-08 23:00:00,34.619786,64.844176,0.399333,87.037816,99.038139,0.36,172.527921,485.040289,0.51,257.186918,659.255507,12.398855,69.239572,0.014202
Analog,2022-10-09 23:00:00,20.790597,38.753118,0.178456,56.913425,67.904645,0.883333,240.366031,271.345493,0.953333,362.466122,385.822421,9.034297,41.581193,0.015329
Analog,2022-10-10 23:00:00,34.463447,64.30929,0.324298,91.154174,106.736749,0.666667,223.797281,426.337507,0.82,327.841287,549.445433,16.165825,68.926895,0.015546
Analog,2022-10-11 23:00:00,54.544955,101.825557,0.27093,138.455076,234.401358,0.718333,299.450638,741.655208,0.866667,439.597219,924.29511,30.101478,109.089909,0.015953
Analog,2022-10-12 23:00:00,41.12686,76.559506,0.358807,99.527404,116.182405,0.535,441.715603,589.601401,0.701667,632.452899,761.175807,27.999851,82.25372,0.014964
Analog,2022-10-13 23:00:00,23.613878,44.096911,0.171719,54.248261,64.048258,0.93,367.171453,385.413619,0.976667,573.618871,588.123914,16.876724,47.227756,0.015014
Analog,2022-10-14 23:00:00,30.461474,57.213207,0.189754,75.812873,87.698903,0.656667,163.472788,434.303851,0.775,238.545935,612.827959,20.951803,60.922948,0.015475
Analog,2022-10-15 23:00:00,84.424646,164.360187,0.393754,181.419996,298.720601,0.313333,148.1307,1527.215464,0.363333,209.989368,2763.038745,76.525699,168.849293,0.015125
Analog,2022-10-16 23:00:00,57.763934,107.429569,0.272667,130.903015,172.691423,0.79,701.7121,894.866666,0.891667,908.794793,1108.260255,39.531485,115.527869,0.017086
Analog,2022-10-17 23:00:00,45.194133,84.490554,0.284053,105.333293,128.373756,0.775,550.982416,707.725081,0.861667,771.53403,983.148603,32.050745,90.388267,0.014307
Analog,2022-10-18 23:00:00,26.514304,49.44656,0.22714,61.003267,72.720463,0.843333,365.793593,417.726733,0.906667,554.720011,603.63108,17.212311,53.028608,0.014559
Analog,2022-10-19 23:00:00,16.464412,30.684159,0.285842,42.668322,48.100321,0.648333,163.642489,216.249002,0.868333,248.009376,282.333022,9.138942,32.928824,0.01615
Analog,2022-10-20 23:00:00,11.637945,21.694293,0.245632,29.317709,35.354946,0.78,133.711279,163.446332,0.901667,202.951275,224.34113,7.848742,23.27589,0.01572
Analog,2022-10-21 23:00:00,44.428828,83.420039,0.480877,107.488065,113.07222,0.07,105.99518,658.074438,0.208333,156.034974,905.513522,9.366583,88.857656,0.014627
Analog,2022-10-22 23:00:00,40.765017,76.533316,0.327421,109.389891,136.011508,0.535,180.268797,478.282104,0.828333,263.042526,616.37229,19.269072,81.530035,0.016126
Analog,2022-10-23 23:00:00,15.530569,28.992404,0.203579,36.619684,44.543564,0.885,238.167853,248.917485,0.986667,360.909818,361.798534,12.35387,31.061138,0.014424
Analog,2022-10-24 23:00:00,49.894147,95.369762,0.341404,111.423887,139.619071,0.456667,168.551168,849.574349,0.59,250.491149,1429.510638,19.867595,99.788294,0.016237
Analog,2022-10-25 23:00:00,76.700509,143.56341,0.406947,202.753591,243.438262,0.46,313.316502,946.597083,0.623333,464.926071,1216.64344,42.769557,153.401019,0.014915
Analog,2022-10-26 23:00:00,60.013986,111.889778,0.383228,157.782168,170.052381,0.515,398.631258,757.811017,0.765,594.409602,905.189149,29.656059,120.027972,0.015213
Analog,2022-10-27 23:00:00,52.062389,96.927758,0.348614,135.965987,157.934059,0.581667,304.474432,646.385196,0.781667,441.727771,743.195466,23.211319,104.124778,0.014868
Analog,2022-10-28 23:00:00,55.084637,103.189163,0.30207,141.63772,164.189807,0.385,327.033827,724.090252,0.583333,454.456237,957.84717,32.618743,110.169273,0.013256
Analog,2022-10-29 23:00:00,34.820062,64.87808,0.230982,97.244682,106.378211,0.821667,327.46442,416.174948,0.916667,488.337833,557.864006,16.783281,69.640123,0.016624
Analog,2022-10-30 23:00:00,20.920447,39.022261,0.199632,51.090106,59.533458,0.905,292.365718,311.337359,0.97,450.519093,461.027994,17.366586,41.840894,0.013739
Analog,2022-10-31 23:00:00,62.26263,119.305284,0.255614,143.051213,151.175409,0.488333,155.242829,1023.542703,0.606667,233.654053,1675.764401,72.494011,124.525259,0.016623
Analog,2022-11-01 23:00:00,52.050571,99.020864,0.354105,121.128991,136.659657,0.371667,250.561229,826.009034,0.415,365.734403,1315.015842,15.00206,104.101141,0.014689
Analog,2022-11-02 23:00:00,55.37617,103.097926,0.399193,157.491079,165.142766,0.501667,331.885265,589.270672,0.728333,475.397664,698.155667,19.300663,110.75234,0.015022
Analog,2022-11-03 23:00:00,27.066167,50.39061,0.223614,73.105785,91.598056,0.845,269.347124,322.023059,0.953333,388.886454,410.343009,11.184133,54.132334,0.014339
Analog,2022-11-04 23:00:00,131.952205,250.015775,0.248789,297.455671,379.794404,0.283333,186.675667,2247.616955,0.378333,272.292219,3586.570358,149.201468,263.90441,0.015221
Analog,2022-11-05 23:00:00,114.970185,214.104584,0.384088,300.056852,329.109868,0.355,835.949979,1423.119221,0.613333,1094.459694,1634.238649,51.980412,229.940369,0.015759
Analog,2022-11-06 23:00:00,36.617663,68.310549,0.174772,75.311594,100.714428,0.995,656.94619,658.040848,1.0,972.46446,972.46446,34.375643,73.235326,0.015193
Analog,2022-11-07 23:00:00,18.757694,34.911184,0.195982,50.450501,62.274764,0.753333,174.313558,224.605473,0.908333,253.605374,283.819873,8.290706,37.515387,0.013047
Analog,2022-11-08 23:00:00,52.706393,98.373718,0.373719,132.748883,141.507076,0.336667,177.892299,710.758816,0.546667,279.980571,839.824743,30.872911,105.412787,0.013705
Analog,2022-11-09 23:00:00,34.698745,64.760823,0.294368,92.17891,103.084881,0.771667,301.03306,482.88144,0.841667,432.382697,652.525941,20.690384,69.39749,0.015095
Analog,2022-11-10 23:00:00,35.385119,65.891298,0.258842,97.863581,126.362205,0.706667,221.053389,377.30043,0.87,327.201339,440.315107,11.869952,70.770238,0.014152
Analog,2022-11-11 23:00:00,39.658289,74.044429,0.286719,101.617081,111.102763,0.706667,307.09713,502.898848,0.81,433.554551,681.445244,23.078252,79.316579,0.016083
Analog,2022-11-12 23:00:00,26.647264,49.829244,0.156561,65.623802,88.553936,0.853333,269.326524,386.624879,0.94,438.14723,588.377872,15.97391,53.294529,0.015558
Analog,2022-11-13 23:00:00,22.330849,41.628633,0.117947,57.999867,85.573328,0.901667,247.020683,287.430595,0.98,361.983196,373.127208,8.504318,44.661697,0.016624
Analog,2022-11-14 23:00:00,17.990038,33.82263,0.147842,37.429075,51.780881,0.99,262.617385,313.81182,0.991667,362.90285,457.899198,15.811019,35.980075,0.016359
Analog,2022-11-15 23:00:00,75.508378,141.483472,0.456526,183.797667,187.851674,0.173333,192.450129,1130.324743,0.328333,311.271537,1568.6802,63.940817,151.016756,0.015159
Analog,2022-11-16 23:00:00,20.674354,38.58342,0.222737,50.681703,58.525231,0.945,281.828309,298.650383,0.978333,402.46033,414.868416,10.801672,41.348708,0.016517
Analog,2022-11-17 23:00:00,30.112114,56.222181,0.173211,78.603447,124.136461,0.87,185.459133,410.606403,0.925,287.219707,554.481865,18.151758,60.224228,0.013854
Analog,2022-11-18 23:00:00,30.157889,56.246132,0.261667,73.754157,89.667021,0.788333,326.745242,434.792478,0.858333,445.829545,572.881208,16.431892,60.315778,0.015396
Analog,2022-11-19 23:00:00,35.414461,65.89944,0.221211,91.600481,126.702454,0.816667,333.280366,458.092516,0.936667,541.765469,658.027836,20.624857,70.828922,0.013995
Analog,2022-11-20 23:00:00,36.401564,67.966898,0.310316,91.40468,109.750994,0.695,344.739251,506.777561,0.778333,501.579775,692.139396,18.216416,72.803128,0.013666
Analog,2022-11-21 23:00:00,54.436968,102.085586,0.268684,133.960594,185.740673,0.6,271.93852,787.093543,0.765,429.690066,1071.505392,32.823307,108.873936,0.013303
Analog,2022-11-22 23:00:00,31.626647,58.939516,0.163368,71.723045,89.574336,0.933333,443.432816,480.454739,0.971667,577.371411,623.47421,18.491766,63.253294,0.01579
Analog,2022-11-23 23:00:00,89.185579,166.479798,0.266947,230.257151,323.337245,0.638333,442.554781,1133.269827,0.786667,676.851547,1307.254815,42.817445,178.371157,0.013353
Analog,2022-11-24 23:00:00,101.494773,189.026474,0.225561,292.048247,358.568042,0.776667,676.838981,1003.421374,0.895,910.374675,1191.205033,30.218527,202.989545,0.014784
Analog,2022-11-25 23:00:00,123.012104,228.992327,0.275544,336.590393,393.727878,0.653333,945.287226,1432.034334,0.835,1314.151973,1717.515306,58.672581,246.024208,0.016704
Analog,2022-11-26 23:00:00,73.576268,137.218065,0.20114,177.104151,208.212127,0.885,988.679431,1118.699889,0.948333,1479.850599,1559.772986,52.452557,147.152536,0.016234
Analog,2022-11-27 23:00:00,45.353548,84.658191,0.142351,106.28888,146.399065,0.966667,692.927345,717.895634,0.995,1032.804199,1040.508911,29.795742,90.707095,0.014736
Analog,2022-11-28 23:00:00,61.665257,114.923687,0.11786,181.55928,219.84595,0.885,635.009501,702.03806,0.95,904.899739,963.054793,27.261431,123.330513,0.013671
Analog,2022-11-29 23:00:00,111.33017,207.403333,0.395526,297.923801,335.568564,0.465,743.613151,1340.210878,0.641667,995.188408,1651.579566,49.254208,222.660341,0.015477
Analog,2022-11-30 23:00:00,32.713392,61.061119,0.206158,67.655979,84.683316,0.953333,577.718216,593.610059,0.978333,917.732228,931.129995,31.848121,65.426785,0.016221
Analog,2022-12-01 23:00:00,19.692144,36.793143,0.178351,50.864913,62.016779,0.796667,214.882096,289.137362,0.84,315.159345,406.107174,11.101555,39.384288,0.014654
Analog,2022-12-02 23:00:00,30.972147,58.08184,0.184772,78.530034,94.727022,0.63,181.831788,417.931012,0.76,265.592381,552.658215,11.434788,61.944295,0.0153
Analog,2022-12-03 23:00:00,70.64507,132.939935,0.447105,173.149484,197.497898,0.15,218.391478,1036.906458,0.276667,337.318987,1544.628465,18.912808,141.290141,0.01612
Analog,2022-12-04 23:00:00,24.685055,46.055914,0.156281,55.966297,75.773279,0.961667,370.47395,399.063019,0.985,548.929851,571.204462,17.975981,49.37011,0.015037
Analog,2022-12-05 23:00:00,57.921853,108.012114,0.331123,152.111851,186.04314,0.548333,248.874408,728.91098,0.715,352.01684,921.82318,27.645502,115.843706,0.015761
Analog,2022-12-06 23:00:00,85.163051,159.438661,0.462439,227.192318,237.475255,0.17,396.298462,1033.236407,0.438333,543.477996,1301.770744,27.39507,170.326102,0.016587
Analog,2022-12-07 23:00:00,19.498579,36.37354,0.17614,36.268479,45.235717,0.996667,378.312872,378.450413,1.0,554.931965,554.931965,15.640284,38.997157,0.014765
Analog,2022-12-08 23:00:00,56.211346,107.06477,0.391018,128.638522,138.625589,0.411667,125.13402,936.041869,0.553333,187.490181,1539.838767,57.384179,112.422692,0.012745
Analog,2022-12-09 23:00:00,37.969844,70.852123,0.334579,97.135077,114.072621,0.46,233.396782,520.73669,0.628333,337.38895,662.111954,22.173479,75.939687,0.015334
Analog,2022-12-10 23:00:00,31.147943,58.366979,0.179421,80.657576,99.628294,0.703333,232.209032,407.239419,0.781667,320.221812,555.713246,11.487324,62.295886,0.013728
Analog,2022-12-11 23:00:00,39.40302,73.722561,0.296281,98.68307,116.440279,0.635,301.540529,528.039443,0.77,440.835564,746.62286,17.780418,78.80604,0.01531
Analog,2022-12-12 23:00:00,50.287877,93.72613,0.303842,137.639914,159.001706,0.633333,328.677588,615.638832,0.781667,468.812334,771.887841,19.896343,100.575754,0.013725
Analog,2022-12-13 23:00:00,42.039004,78.338811,0.233947,118.913205,148.74071,0.873333,399.70724,485.289535,0.945,540.874552,613.188612,15.017805,84.078008,0.014012
Analog,2022-12-14 23:00:00,90.85121,172.213381,0.333456,225.223356,241.410401,0.583333,440.9831,1324.440329,0.731667,603.724747,2046.034804,80.012555,181.702421,0.013783
Analog,2022-12-15 23:00:00,82.600757,153.979803,0.259316,224.208433,264.364396,0.608333,493.691792,955.494638,0.76,703.41311,1203.880836,37.066124,165.201514,0.015929
Analog,2022-12-16 23:00:00,53.424186,99.55706,0.166351,132.588341,163.244299,0.826667,522.994527,747.462995,0.885,674.427576,984.538513,25.642289,106.848373,0.015326
Analog,2022-12-17 23:00:00,95.066572,177.026489,0.391982,247.04376,259.836929,0.406667,638.722567,1238.455048,0.613333,974.637781,1617.469892,43.914709,190.133144,0.014859
Analog,2022-12-18 23:00:00,44.025735,82.117568,0.185825,114.907013,150.767427,0.955,566.145197,604.188475,0.996667,842.084777,851.770082,18.834544,88.05147,0.015396
Analog,2022-12-19 23:00:00,40.23282,74.819588,0.315491,111.083048,122.061917,0.863333,441.449949,484.302737,0.955,579.235185,599.023707,23.133213,80.46564,0.014865
Analog,2022-12-20 23:00:00,27.337302,51.143576,0.230404,59.800614,70.285246,0.835,398.793061,469.647287,0.91,621.964006,692.665697,21.357298,54.674605,0.015441
Analog,2022-12-21 23:00:00,52.884222,99.146436,0.178228,132.420486,161.542568,0.466667,198.929614,740.836122,0.578333,284.775417,994.264575,30.086438,105.768445,0.014256
Analog,2022-12-22 23:00:00,44.199482,82.655213,0.279368,98.367655,108.586809,0.76,413.786379,696.697727,0.825,541.999228,936.323531,33.632163,88.398963,0.016892
Analog,2022-12-23 23:00:00,49.662795,92.454802,0.238211,130.796451,158.553385,0.721667,437.545963,572.327107,0.89,640.736494,730.184024,25.836412,99.32559,0.015969
Analog,2022-12-24 23:00:00,56.676974,106.133829,0.266632,147.677772,195.296677,0.745,381.326978,743.335489,0.84,549.338934,962.048766,21.317041,113.353948,0.014354
Analog,2022-12-25 23:00:00,24.449886,45.594267,0.167158,55.05836,68.398488,0.975,417.370332,420.138737,0.993333,622.080403,623.457776,23.290317,48.899772,0.016636
Analog,2022-12-26 23:00:00,18.723656,34.968525,0.149754,35.020024,47.625025,0.973333,340.864709,348.909119,0.991667,508.976926,513.422464,16.364718,37.447312,0.014723
Analog,2022-12-27 23:00:00,38.051051,71.467203,0.16193,89.198803,119.19442,0.735,264.511292,601.938702,0.8,381.658401,872.555331,16.061509,76.102102,0.012957
Analog,2022-12-28 23:00:00,100.978736,189.8622,0.475526,254.448888,260.142968,0.13,322.455009,1351.595153,0.31,466.399766,1897.966324,25.319267,201.957471,0.016073
Analog,2022-12-29 23:00:00,34.994553,65.205886,0.237667,96.289426,106.278927,0.953333,444.953285,462.238402,0.998333,622.258623,622.486524,19.311018,69.989106,0.015532
Analog,2022-12-30 23:00:00,43.685076,81.6838,0.372228,116.431851,133.472726,0.57,265.913958,548.312828,0.708333,367.717148,739.708982,17.302674,87.370153,0.01606
Analog,2022-12-31 23:00:00,79.605414,151.352835,0.406737,182.001818,210.803566,0.363333,225.991,1325.78463,0.453333,326.581027,2121.895208,18.033127,159.210827,0.014919
Analog,2023-01-01 23:00:00,32.926621,61.410101,0.202579,84.149471,96.397101,0.881667,454.508379,493.415831,0.95,681.140771,712.6481,20.9807,65.853242,0.016196
Analog,2023-01-02 23:00:00,33.174003,61.793277,0.182211,84.259084,119.128419,0.921667,403.23979,442.208907,0.981667,586.184694,600.799189,16.257933,66.348007,0.015441
Analog,2023-01-03 23:00:00,22.682446,42.347597,0.146614,47.169064,58.673906,0.94,369.007494,382.330254,0.966667,512.208581,523.62889,17.532438,45.364891,0.016243
Analog,2023-01-04 23:00:00,58.129311,110.894859,0.340175,140.183908,147.784788,0.636667,305.759831,903.98238,0.751667,426.488737,1466.083553,58.693037,116.258622,0.015267
Analog,2023-01-05 23:00:00,21.479989,40.176735,0.159175,47.915029,62.520649,0.976667,309.91958,357.957165,0.986667,431.454242,505.962525,16.009558,42.959977,0.016
Analog,2023-01-06 23:00:00,17.129171,31.950997,0.253772,43.653039,51.089876,0.91,225.373588,238.555193,0.961667,347.478078,358.218683,13.605179,34.258341,0.014328
Analog,2023-01-07 23:00:00,22.069013,41.165648,0.157281,58.700388,77.137872,0.738333,175.457775,272.397578,0.858333,254.508709,337.630179,8.657963,44.138027,0.014645
Analog,2023-01-08 23:00:00,16.634071,31.013487,0.168228,40.441236,51.057568,0.931667,235.648456,252.218426,0.975,342.635743,353.162021,9.785026,33.268143,0.014993
Analog,2023-01-09 23:00:00,108.252899,203.42613,0.340333,251.099457,346.807868,0.455,206.042581,1752.947201,0.585,296.377782,2529.061586,108.665613,216.505798,0.013352
Analog,2023-01-10 23:00:00,66.882532,124.469108,0.224333,179.848081,210.218207,0.69,645.768635,826.867748,0.835,836.942848,991.921223,31.910773,133.765064,0.014984
Analog,2023-01-11 23:00:00,54.097132,100.879263,0.186561,115.508927,157.248699,0.943333,933.496118,967.626781,0.973333,1388.792885,1415.223986,54.63875,108.194264,0.014797
Analog,2023-01-12 23:00:00,31.074523,58.132763,0.211912,59.554645,78.070082,0.92,559.481108,591.133857,0.99,875.183561,886.954241,28.068298,62.149045,0.014109
Analog,2023-01-13 23:00:00,22.623006,42.195011,0.097123,53.615726,62.609733,0.87,296.345306,347.134781,0.943333,416.683281,464.410381,12.985496,45.246012,0.015701
Analog,2023-01-14 23:00:00,60.24427,113.867557,0.256298,143.516515,192.815395,0.578333,191.788002,925.010042,0.645,277.834163,1459.126588,13.260603,120.488541,0.015741
Analog,2023-01-15 23:00:00,73.320232,136.619542,0.255351,203.557166,257.892005,0.721667,439.855239,805.786333,0.873333,676.769904,983.523799,27.047213,146.640464,0.01623
Analog,2023-01-16 23:00:00,58.161819,108.344016,0.244561,153.23121,178.50146,0.83,721.274832,803.210418,0.893333,958.686502,1040.416567,36.608665,116.323637,0.014705
Analog,2023-01-17 23:00:00,39.626545,73.956465,0.203386,94.824051,137.008593,0.955,640.737351,662.396779,0.966667,930.973611,957.574122,24.164958,79.253091,0.01508
Analog,2023-01-18 23:00:00,74.09522,138.673876,0.245772,194.314387,264.805524,0.74,501.669159,931.913257,0.781667,741.191921,1411.657272,50.111473,148.190441,0.014842
Analog,2023-01-19 23:00:00,86.12001,160.211716,0.156281,247.933779,311.761015,0.868333,724.644828,889.265537,0.953333,1051.799426,1150.230362,30.943099,172.24002,0.015584
Analog,2023-01-20 23:00:00,109.276563,203.14966,0.317912,303.351124,334.190189,0.69,959.615054,1176.667686,0.898333,1316.827011,1410.421704,58.536187,218.553126,0.015851
Analog,2023-01-21 23:00:00,66.413782,123.976177,0.160193,180.061705,239.094857,0.906667,830.025888,922.542034,0.966667,1263.222087,1343.966922,44.571191,132.827565,0.01393
Analog,2023-01-22 23:00:00,50.029066,93.294613,0.207947,115.995017,160.241569,0.921667,749.115617,778.394192,0.96,1097.970219,1117.000435,39.551123,100.058133,0.013826
Analog,2023-01-23 23:00:00,125.894029,234.692101,0.334544,334.539242,425.918312,0.581667,489.103116,1462.951775,0.771667,777.77331,1766.618133,59.508331,251.788058,0.015517
Analog,2023-01-24 23:00:00,84.918861,158.712593,0.278684,204.292334,224.682965,0.801667,879.901821,1275.819093,0.83,1106.790693,1722.952821,68.952749,169.837722,0.014937
Analog,2023-01-25 23:00:00,36.825721,68.81525,0.177228,67.922551,93.795929,0.993333,729.82019,730.460931,1.0,1170.535226,1170.535226,37.670267,73.651442,0.015018
Analog,2023-01-26 23:00:00,19.369571,36.10153,0.243649,48.556441,57.730153,0.86,261.737386,287.477668,0.951667,385.177736,396.975077,12.294769,38.739143,0.015707
Analog,2023-01-27 23:00:00,29.446397,54.913316,0.446333,75.835272,80.309922,0.22,115.739372,370.290844,0.395,165.569545,437.13762,8.077269,58.892794,0.015693
Analog,2023-01-28 23:00:00,14.597744,27.167958,0.23614,41.09357,50.95854,0.846667,139.436104,158.324755,0.975,197.217222,201.165892,6.849138,29.195488,0.014284
Analog,2023-01-29 23:00:00,90.03002,169.333673,0.380649,208.912981,260.689392,0.276667,137.464757,1456.472158,0.425,213.819228,2064.463252,82.171277,180.060041,0.014838
Analog,2023-01-30 23:00:00,44.774058,83.287893,0.097053,125.577632,155.265948,0.886667,466.929652,519.536182,0.96,608.909397,649.788817,18.209878,89.548117,0.013952
Analog,2023-01-31 23:00:00,69.39099,129.272215,0.249912,191.397284,241.36069,0.768333,595.252101,825.914419,0.866667,808.012246,1038.950716,28.134898,138.78198,0.01528
Analog,2023-02-01 23:00:00,83.878247,155.868907,0.32614,242.323085,261.233927,0.775,737.517502,819.138168,0.966667,979.573092,999.545949,41.853256,167.756495,0.013685
Analog,2023-02-02 23:00:00,25.023165,46.754096,0.168912,41.767905,54.934013,0.988333,554.714496,555.652744,1.0,839.90887,839.90887,22.916676,50.046331,0.013142
Analog,2023-02-03 23:00:00,30.629754,57.386492,0.316088,78.382539,96.513358,0.686667,267.699192,411.683346,0.808333,376.767921,567.565934,16.342799,61.259507,0.015242
Analog,2023-02-04 23:00:00,26.206576,48.855871,0.342018,68.373907,76.931567,0.71,224.865735,310.868454,0.911667,333.127718,378.158515,11.897445,52.413152,0.01591
Analog,2023-02-05 23:00:00,20.343307,37.866821,0.318211,55.551513,62.899891,0.79,191.547584,216.282846,0.958333,278.769493,294.675166,10.749592,40.686614,0.01439
Analog,2023-02-06 23:00:00,40.94285,76.326327,0.201947,104.646881,157.56833,0.731667,163.700966,556.619946,0.848333,252.780186,682.089222,23.904994,81.8857,0.014375
Analog,2023-02-07 23:00:00,74.288305,138.907252,0.208632,196.091044,296.496932,0.736667,388.224662,934.541311,0.84,501.208868,1180.598942,41.851803,148.576611,0.015149
Analog,2023-02-08 23:00:00,54.593385,101.572993,0.253123,133.1233,160.314267,0.851667,732.945536,810.996539,0.916667,1015.172435,1081.686103,40.297436,109.18677,0.01389
Analog,2023-02-09 23:00:00,25.43568,47.602489,0.19386,38.703137,46.940773,0.996667,555.090206,555.352684,1.0,870.455756,870.455756,25.010248,50.87136,0.015554
Analog,2023-02-10 23:00:00,16.272562,30.36559,0.133614,35.452622,44.125707,0.978333,275.753992,279.276315,0.99,399.511423,400.888419,13.48236,32.545125,0.014997
Analog,2023-02-11 23:00:00,15.939028,29.714229,0.267719,42.933113,52.729755,0.895,161.601313,185.857174,0.983333,254.308935,265.913637,9.155075,31.878056,0.015908
Analog,2023-02-12 23:00:00,10.573354,19.752767,0.138474,25.115953,31.542054,0.966667,165.281731,168.102457,0.995,251.19709,252.124499,8.407402,21.146707,0.015931
Analog,2023-02-13 23:00:00,27.941843,52.039153,0.210684,77.734437,107.256352,0.663333,157.752358,311.4878,0.856667,218.220592,368.161246,11.531891,55.883686,0.014157
Analog,2023-02-14 23:00:00,39.8813,74.156761,0.182737,109.752821,140.377468,0.746667,238.768063,440.784515,0.878333,326.274765,471.284438,13.292127,79.7626,0.016151
Analog,2023-02-15 23:00:00,66.435269,123.977873,0.136088,176.103704,270.989927,0.78,396.189658,826.499766,0.871667,511.024509,1029.436374,37.708647,132.870537,0.014612
Analog,2023-02-16 23:00:00,48.844573,90.977126,0.235474,120.410979,133.200173,0.981667,735.042365,738.497737,0.991667,982.064917,984.345904,37.265047,97.689147,0.015314
Analog,2023-02-17 23:00:00,35.05209,65.382995,0.141228,78.647346,102.988775,0.933333,565.714044,611.457759,0.953333,842.945171,882.890656,26.103045,70.104179,0.014249
Analog,2023-02-18 23:00:00,44.654628,83.106842,0.311544,118.227438,135.001208,0.801667,383.59923,473.598474,0.963333,566.33295,598.202056,21.357254,89.309255,0.015372
Analog,2023-02-19 23:00:00,52.535837,97.794553,0.150965,137.607823,224.978116,0.906667,431.548777,591.900892,0.961667,645.649793,738.657383,20.361909,105.071673,0.016291
Analog,2023-02-20 23:00:00,40.219641,74.876669,0.189456,79.710298,93.826181,0.945,665.178103,677.096618,0.986667,873.293267,880.596809,33.995271,80.439281,0.01623
Analog,2023-02-21 23:00:00,46.518482,87.019799,0.148509,104.605981,231.024005,0.92,545.783411,715.16469,0.956667,820.249942,1002.243105,29.728538,93.036963,0.0142
Analog,2023-02-22 23:00:00,143.436712,267.900515,0.290772,371.501077,454.123606,0.543333,506.899973,1817.544201,0.665,746.241223,2138.928327,73.778278,286.873423,0.014379
Analog,2023-02-23 23:00:00,111.923577,208.043673,0.297439,309.540525,357.904925,0.661667,954.007609,1293.95901,0.888333,1258.109035,1465.796282,53.707239,223.847154,0.015746
Analog,2023-02-24 23:00:00,60.064224,111.894179,0.196526,130.601959,156.34854,0.993333,1056.958296,1058.146049,1.0,1510.995171,1510.995171,53.658308,120.128448,0.01556
Analog,2023-02-25 23:00:00,46.63135,86.883224,0.132053,117.877319,200.219461,0.895,533.213984,638.639592,0.963333,808.071459,857.174931,23.752107,93.2627,0.015021
Analog,2023-02-26 23:00:00,80.608622,150.133732,0.220877,224.605731,362.76374,0.863333,606.247132,964.238958,0.945,904.514605,1235.269859,35.969949,161.217244,0.013716
Analog,2023-02-27 23:00:00,75.879431,141.83894,0.127877,200.42717,307.154429,0.963333,853.59742,1057.353902,0.99,1180.10132,1425.837166,47.273436,151.758863,0.014828
Analog,2023-02-28 23:00:00,78.776571,146.647953,0.195719,178.369694,226.205169,0.953333,1216.279667,1253.468891,0.968333,1630.339262,1659.632957,56.379345,157.553143,0.014318
Analog,2023-03-01 23:00:00,49.733906,92.816572,0.167825,87.733614,117.95724,0.996667,1003.602255,1005.130514,0.996667,1462.756087,1463.050826,48.789756,99.467812,0.015727
Analog,2023-03-02 23:00:00,55.024331,102.47894,0.147895,148.602186,217.633303,0.971667,712.615887,732.398911,0.998333,1004.154351,1005.448778,25.611499,110.048662,0.016143
Analog,2023-03-03 23:00:00,51.971675,96.768476,0.210789,131.528253,165.602244,0.971667,752.680412,767.12377,0.995,1014.453002,1019.147719,37.229503,103.94335,0.015782
Analog,2023-03-04 23:00:00,41.592977,77.509476,0.173737,104.977093,129.642326,0.938333,583.535619,604.310941,0.976667,840.544132,850.635422,28.008303,83.185955,0.015338
Analog,2023-03-05 23:00:00,131.212638,247.016553,0.273614,329.241913,575.820861,0.758333,540.953662,1790.312419,0.876667,849.462369,2345.473397,85.717762,262.425277,0.014687
Analog,2023-03-06 23:00:00,179.852293,335.406063,0.179333,488.029088,625.473693,0.745,1204.424176,2043.126333,0.868333,1679.691301,2560.990785,88.381564,359.704586,0.016965
Analog,2023-03-07 23:00:00,131.499373,244.560814,0.230737,323.533936,431.4516,0.778333,1464.499538,1769.522512,0.886667,1925.487559,2207.022262,76.455938,262.998746,0.017552
Analog,2023-03-08 23:00:00,154.405312,287.135967,0.182333,425.593791,558.575635,0.831667,1125.535197,1511.103537,0.945,1681.460036,1894.898452,40.561675,308.810623,0.014244
Analog,2023-03-09 23:00:00,104.017213,193.441497,0.256404,252.329221,285.502757,0.8,1328.390538,1412.170641,0.948333,1771.416221,1794.88144,71.932145,208.034426,0.013111
Analog,2023-03-10 23:00:00,99.924143,186.064228,0.297544,265.85599,313.683888,0.793333,1160.295243,1344.703092,0.906667,1725.111947,1860.292013,64.790919,199.848286,0.016123
Analog,2023-03-11 23:00:00,52.619321,98.068615,0.144789,121.566844,180.098405,0.911667,716.001681,797.516061,0.955,1059.5233,1122.16575,27.459098,105.238642,0.015391
Analog,2023-03-12 23:00:00,47.942193,89.468763,0.164456,120.816785,221.365021,0.885,532.257752,675.891576,0.96,814.456524,972.793605,34.244116,95.884387,0.0141
Analog,2023-03-13 23:00:00,46.869568,87.39497,0.153526,112.957062,187.073476,0.938333,620.089199,690.513894,0.983333,923.602678,933.854392,28.904108,93.739136,0.014194
Analog,2023-03-14 23:00:00,52.55917,98.24825,0.194193,131.4892,178.678877,0.84,598.950013,760.689124,0.903333,877.889329,1080.097027,35.032689,105.118341,0.015997
Analog,2023-03-15 23:00:00,70.018462,130.276554,0.097561,195.744286,289.485565,0.783333,552.488613,781.388377,0.905,767.536694,910.808915,23.794074,140.036924,0.015146
Analog,2023-03-16 23:00:00,65.630179,122.204901,0.212982,187.47179,227.355636,0.943333,846.327577,859.571585,0.993333,1159.04276,1160.751702,41.547411,131.260357,0.015617
Analog,2023-03-17 23:00:00,64.228481,119.631525,0.117298,153.720242,243.899078,0.933333,906.379822,958.804722,0.983333,1287.111287,1333.915559,45.293843,128.456962,0.01432
Analog,2023-03-18 23:00:00,39.131079,72.941504,0.189105,79.776346,110.972626,0.961667,693.834018,712.65277,0.986667,990.586262,998.805674,31.844489,78.262158,0.014602
Analog,2023-03-19 23:00:00,23.557949,43.99767,0.164667,47.23729,59.425545,0.996667,442.461801,443.33656,1.0,654.235447,654.235447,22.644961,47.115897,0.017105
Analog,2023-03-20 23:00:00,23.041878,42.948615,0.157421,60.84882,85.74084,0.93,263.111844,290.927273,0.968333,392.584506,418.356935,11.211245,46.083756,0.015542
Analog,2023-03-21 23:00:00,23.50365,43.707919,0.263509,62.8647,81.292904,0.775,245.720004,284.677147,0.946667,335.594442,351.997034,13.507866,47.0073,0.016218
Analog,2023-03-22 23:00:00,120.886148,231.256437,0.169754,264.853246,457.772248,0.62,190.816516,2143.598145,0.668333,297.852228,3556.955625,158.791317,241.772296,0.013622
Analog,2023-03-23 23:00:00,130.714699,243.472483,0.221509,389.837966,474.06002,0.833333,961.210829,1226.34647,0.933333,1251.382981,1509.276539,41.473199,261.429397,0.016028
Analog,2023-03-24 23:00:00,137.489159,255.636756,0.195895,366.8136,442.80226,0.63,1144.101639,1612.292234,0.783333,1493.639978,1896.81417,63.288031,274.978317,0.013715
Analog,2023-03-25 23:00:00,88.28987,164.578921,0.224123,211.529201,256.753413,0.95,1419.873912,1460.063276,0.975,1990.689696,2024.688656,71.723223,176.57974,0.015759
Analog,2023-03-26 23:00:00,211.356889,394.512023,0.326509,575.003538,715.026874,0.603333,1007.102645,2507.153984,0.718333,1388.949824,3200.313443,103.194838,422.713778,0.014256
Analog,2023-03-27 23:00:00,126.676777,235.834935,0.081719,329.0372,417.875572,0.835,1297.597923,1633.356224,0.906667,1739.946546,2086.968493,69.98141,253.353555,0.017756
Analog,2023-03-28 23:00:00,92.480603,172.143423,0.265281,247.854781,277.811428,0.858333,1153.189544,1266.923437,0.965,1693.822413,1753.568366,59.195271,184.961205,0.014886
Analog,2023-03-29 23:00:00,97.252383,181.58275,0.127088,227.554291,388.473623,0.86,935.445317,1483.593061,0.913333,1298.535177,1882.18404,56.427551,194.504766,0.016395
Analog,2023-03-30 23:00:00,126.421322,236.181286,0.174632,344.131867,488.925515,0.816667,970.418577,1504.099796,0.868333,1299.989585,1989.571983,67.355246,252.842645,0.017141
Analog,2023-03-31 23:00:00,94.348639,175.636,0.158228,247.753715,318.622272,0.941667,1228.670046,1253.005968,0.995,1612.661818,1613.93187,61.640815,188.697278,0.015934
Analog,2023-04-01 23:00:00,70.628672,131.558975,0.215,192.473044,232.611372,0.868333,807.980184,920.096054,0.961667,1247.392872,1308.664868,43.791105,141.257344,0.014766
Analog,2023-04-02 23:00:00,152.132537,283.406998,0.262947,398.03313,496.337078,0.588333,709.494823,1854.404316,0.765,1079.621296,2177.641116,70.40998,304.265074,0.015311
Analog,2023-04-03 23:00:00,90.445482,168.298114,0.174,229.902024,274.209726,0.851667,1051.300356,1172.763725,0.951667,1440.473822,1507.075303,54.384897,180.890965,0.015493
Analog,2023-04-04 23:00:00,171.30859,318.790014,0.30307,496.924212,597.96551,0.745,1234.110168,1864.677151,0.861667,1753.239239,2244.743506,60.141059,342.617181,0.01571
Analog,2023-04-05 23:00:00,168.74896,313.864321,0.358491,447.721715,489.836874,0.493333,1399.949075,2034.624794,0.71,1835.258186,2316.993071,83.249188,337.497921,0.017601
Analog,2023-04-06 23:00:00,87.452205,162.797755,0.210877,225.779067,275.525092,0.855,1167.387811,1289.130365,0.951667,1669.287692,1725.558396,58.173993,174.90441,0.014616
Analog,2023-04-07 23:00:00,45.157067,84.091007,0.246789,115.109098,140.040697,0.963333,648.396762,657.437117,0.996667,892.010663,894.257157,33.309669,90.314134,0.014575
Analog,2023-04-08 23:00:00,22.868783,42.621684,0.146316,55.699798,66.447538,0.905,300.025601,327.706163,0.943333,428.271689,455.809141,15.227611,45.737566,0.015201
Analog,2023-04-09 23:00:00,60.116212,112.964604,0.323649,148.515957,222.324771,0.618333,242.311213,858.800658,0.746667,350.212292,1129.503913,41.740083,120.232424,0.016714
Analog,2023-04-10 23:00:00,44.110167,81.976521,0.309035,115.767596,132.061071,0.803333,525.782732,564.474965,0.943333,710.820343,725.077577,29.894277,88.220333,0.015249
Analog,2023-04-11 23:00:00,45.099102,83.979645,0.31186,120.431665,146.55409,0.753333,380.531626,503.352819,0.928333,577.187411,623.419811,13.174595,90.198204,0.013202
Analog,2023-04-12 23:00:00,101.162961,190.028658,0.269754,256.87961,311.748107,0.448333,324.441793,1385.432917,0.548333,437.994858,1906.549566,65.607952,202.325922,0.016789
Analog,2023-04-13 23:00:00,172.582777,323.204898,0.17914,426.88488,544.700249,0.446667,622.83657,2474.744216,0.58,838.148177,3364.349618,135.236189,345.165554,0.015733
Analog,2023-04-14 23:00:00,69.848027,130.139589,0.194965,137.215181,171.166935,0.94,1172.95143,1201.237692,0.98,1543.015823,1560.041911,57.641348,139.696055,0.015608
Analog,2023-04-15 23:00:00,77.396438,144.008903,0.165807,215.544122,257.313089,0.943333,896.986418,950.631096,0.983333,1362.030203,1396.624672,46.761209,154.792875,0.015369
Analog,2023-04-16 23:00:00,73.394302,136.759614,0.260158,193.097062,226.857624,0.901667,939.606916,1018.972781,0.98,1357.298845,1430.224928,50.039765,146.788603,0.015449
Analog,2023-04-17 23:00:00,96.00272,178.803423,0.141386,263.39145,332.532203,0.563333,525.154529,1066.712231,0.77,740.91956,1242.600966,36.92647,192.005439,0.015888
Analog,2023-04-18 23:00:00,75.092791,139.694746,0.134175,214.718808,270.41086,0.956667,878.051776,911.754382,0.991667,1131.735423,1141.998835,32.818076,150.185581,0.015947
Analog,2023-04-19 23:00:00,117.697978,220.142739,0.080561,308.414166,413.141562,0.826667,1005.635376,1496.804599,0.896667,1332.668002,2015.137314,74.614101,235.395957,0.015286
Analog,2023-04-20 23:00:00,228.856942,427.343839,0.260632,581.617895,713.175272,0.538333,914.343744,3075.199044,0.643333,1299.160036,3660.509708,133.269148,457.713885,0.014372
Analog,2023-04-21 23:00:00,141.122626,262.734124,0.130316,375.42662,445.007231,0.78,1435.471885,1771.447345,0.888333,1944.071528,2232.021526,74.791972,282.245251,0.01461
Analog,2023-04-22 23:00:00,111.101377,206.926433,0.122404,286.393748,330.052974,0.92,1402.005962,1469.977694,0.986667,1976.900669,1993.92496,60.03577,222.202755,0.015339
Analog,2023-04-23 23:00:00,165.586428,308.488915,0.131544,456.098808,537.913699,0.786667,1448.993675,1862.083904,0.895,2010.412121,2349.148644,55.918266,331.172856,0.014311
Analog,2023-04-24 23:00:00,128.225065,238.459302,0.150368,329.827317,396.693296,0.788333,1399.456961,1744.44295,0.876667,1895.545929,2197.681742,70.315221,256.450129,0.014126
Analog,2023-04-25 23:00:00,112.809807,209.966989,0.17393,269.443622,325.80101,0.933333,1649.512738,1726.164454,0.985,2221.860958,2259.09196,82.319136,225.619614,0.012674
Analog,2023-04-26 23:00:00,97.256306,180.955462,0.28307,269.481932,308.807004,0.878333,1053.680699,1119.985098,0.983333,1515.251659,1548.807015,56.531724,194.512611,0.014237
Analog,2023-04-27 23:00:00,59.137752,110.252419,0.114123,138.121565,180.074375,0.96,855.550067,885.604336,0.993333,1343.412782,1347.093749,42.715359,118.275503,0.014027
Analog,2023-04-28 23:00:00,62.337008,116.383708,0.116877,159.679375,205.403965,0.77,569.921623,795.453411,0.89,805.963802,1060.298084,39.838214,124.674016,0.015724
Analog,2023-04-29 23:00:00,121.778885,226.999593,0.433421,318.022948,344.156817,0.261667,755.141868,1568.275153,0.466667,1142.906065,2003.351199,54.559507,243.55777,0.013466
Analog,2023-04-30 23:00:00,33.081627,61.763536,0.135491,66.5565,89.862905,0.996667,626.401497,627.439091,0.998333,909.674837,910.236315,27.757578,66.163253,0.016029
Analog,2023-05-01 23:00:00,18.540321,34.596858,0.208632,46.527008,59.081679,0.983333,256.994616,277.702969,0.996667,363.881454,397.520496,12.309142,37.080642,0.013178
Analog,2023-05-02 23:00:00,195.767895,370.437409,0.479649,448.005302,636.243379,0.075,238.405876,3255.046818,0.201667,353.208567,4923.381497,218.14175,391.535791,0.015834
Analog,2023-05-03 23:00:00,65.229115,121.677089,0.160825,125.321039,167.51512,0.958333,1101.530844,1169.563553,0.97,1503.044389,1556.301322,56.540061,130.45823,0.014931
Analog,2023-05-04 23:00:00,69.514351,129.825923,0.143877,165.306436,236.432483,0.888333,873.812187,1085.448999,0.936667,1260.753457,1503.207636,42.779325,139.028703,0.014667
Analog,2023-05-05 23:00:00,65.931641,122.960083,0.303193,164.463066,204.88388,0.601667,559.000572,928.98271,0.741667,793.413379,1173.841468,33.527035,131.863282,0.014614
Analog,2023-05-06 23:00:00,71.6115,133.387054,0.249351,181.502202,207.021623,0.508333,546.092562,1007.883081,0.68,835.674445,1322.302294,39.349379,143.223001,0.017069
Analog,2023-05-07 23:00:00,156.150666,292.462485,0.238193,395.719444,528.471477,0.556667,546.266617,2100.708892,0.676667,786.850069,2722.678871,104.272126,312.301332,0.014935
Analog,2023-05-08 23:00:00,169.044576,314.756572,0.428246,452.581791,508.885385,0.316667,1058.009905,2064.880886,0.595,1446.055855,2435.923796,69.785439,338.089152,0.014033
Analog,2023-05-09 23:00:00,85.63428,159.445593,0.229263,218.453444,264.87119,0.851667,1038.381564,1183.328671,0.946667,1445.311943,1511.33218,36.106768,171.26856,0.013614
Analog,2023-05-10 23:00:00,54.766613,101.961554,0.298632,144.232809,167.145751,0.676667,589.750886,684.856522,0.92,874.796589,907.894874,33.508631,109.533226,0.014035
Analog,2023-05-11 23:00:00,92.579083,173.511886,0.357719,223.407144,270.215577,0.46,497.889696,1372.965446,0.596667,741.571136,1833.82225,67.534765,185.158165,0.016404
Analog,2023-05-12 23:00:00,76.357366,142.237234,0.169158,192.547862,279.829486,0.66,634.043126,1020.005892,0.823333,960.0668,1288.895235,41.67735,152.714732,0.014969
Analog,2023-05-13 23:00:00,86.61723,161.286831,0.341298,215.390324,241.853641,0.501667,725.430622,1189.840277,0.733333,1104.5805,1507.223563,48.722102,173.234459,0.015973
Analog,2023-05-14 23:00:00,61.539731,115.139265,0.147754,148.987958,232.133168,0.953333,654.534458,936.953289,0.983333,983.868292,1320.882191,47.11808,123.079462,0.014264
Analog,2023-05-15 23:00:00,59.169688,110.160939,0.172754,160.740631,218.02164,0.911667,659.168832,733.29019,0.975,940.709098,987.665344,32.58111,118.339376,0.013312
Analog,2023-05-16 23:00:00,223.457124,420.990721,0.385035,547.938015,723.201789,0.371667,602.641645,3190.17955,0.546667,837.235832,4484.415505,182.19055,446.914248,0.016235
Analog,2023-05-17 23:00:00,87.283782,162.562967,0.160175,235.894972,287.535335,0.953333,1147.339515,1190.913317,0.983333,1569.708269,1602.898789,50.070095,174.567563,0.01448
Analog,2023-05-18 23:00:00,91.924973,171.328994,0.124474,212.141237,262.64809,0.891667,1216.427955,1363.093575,0.948333,1686.651047,1799.949269,57.111274,183.849945,0.013468
Analog,2023-05-19 23:00:00,151.669014,284.087358,0.335456,390.099615,472.367905,0.525,1064.18562,1980.248304,0.726667,1431.749416,2649.912315,101.630571,303.338028,0.017125
Analog,2023-05-20 23:00:00,76.789381,143.114268,0.229211,203.632115,241.012021,0.83,840.319243,1026.924554,0.923333,1232.665493,1428.682029,46.045756,153.578762,0.014363
Analog,2023-05-21 23:00:00,146.079065,277.486344,0.25614,350.768759,525.037266,0.636667,428.692296,2199.308716,0.701667,621.299257,3359.984546,139.447111,292.158131,0.015185
Analog,2023-05-22 23:00:00,84.179262,156.64383,0.065579,226.468577,298.031033,0.875,943.153361,1011.350002,0.955,1260.382849,1290.706842,42.976771,168.358523,0.016197
Analog,2023-05-23 23:00:00,64.060934,119.393531,0.124544,141.12451,186.519183,0.976667,1051.052373,1064.420424,0.991667,1503.740876,1509.883118,50.36497,128.121868,0.014141
Analog,2023-05-24 23:00:00,59.142822,110.308985,0.11607,138.233161,185.727591,0.978333,923.222253,934.204449,0.993333,1350.093236,1354.800625,42.67361,118.285643,0.014082
Analog,2023-05-25 23:00:00,60.929463,113.5741,0.113456,157.208938,203.528425,0.915,752.826153,832.243857,0.96,1066.012033,1109.548487,34.755793,121.858927,0.014879
Analog,2023-05-26 23:00:00,60.536867,112.584853,0.10686,162.553585,194.087163,0.756667,583.125529,728.565705,0.886667,831.115072,935.403149,28.029593,121.073734,0.015858
Analog,2023-05-27 23:00:00,148.256264,277.093638,0.482456,375.631486,390.431374,0.055,762.917235,2031.907165,0.171667,1115.991003,2664.026064,58.87391,296.512527,0.015711
Analog,2023-05-28 23:00:00,44.935138,84.148213,0.194737,109.638678,173.715647,0.973333,527.815405,674.537983,0.988333,787.765582,988.362124,31.227218,89.870276,0.017165
Analog,2023-05-29 23:00:00,58.164717,108.520428,0.123456,150.481076,211.167185,0.715,469.272625,774.548264,0.803333,643.305706,1002.633123,35.466201,116.329434,0.014485
Analog,2023-05-30 23:00:00,52.679926,98.093074,0.203,132.91536,180.28472,0.755,604.666069,685.54081,0.9,828.444106,867.790937,30.82048,105.359852,0.014213
Analog,2023-05-31 23:00:00,38.64509,72.095631,0.151035,90.351717,115.556022,0.958333,581.470758,599.569491,0.988333,872.887712,883.107418,27.412484,77.29018,0.016356
Analog,2023-06-01 23:00:00,62.535896,116.438865,0.335368,168.565089,197.500455,0.518333,379.842153,715.667543,0.746667,533.447241,802.696885,21.490935,125.071791,0.015212
Analog,2023-06-02 23:00:00,120.081413,225.599058,0.146544,303.263777,365.146124,0.386667,446.848185,1668.879608,0.525,601.284617,2378.8101,85.367189,240.162826,0.016845
Analog,2023-06-03 23:00:00,91.293396,170.071453,0.313018,243.738322,278.082836,0.713333,857.567155,1091.078934,0.871667,1178.482699,1399.268649,50.406925,182.586792,0.01591
Analog,2023-06-04 23:00:00,62.03873,115.520182,0.114404,163.26858,209.201593,0.903333,796.091486,861.385915,0.96,1128.197043,1172.802769,34.614215,124.07746,0.017135
Analog,2023-06-05 23:00:00,102.071651,190.413878,0.116491,268.899211,336.853715,0.553333,523.86167,1261.141297,0.756667,734.20881,1523.1126,49.805554,204.143303,0.015986
Analog,2023-06-06 23:00:00,73.305482,136.456679,0.241421,189.307075,227.213947,0.891667,898.958211,979.124313,0.946667,1212.550714,1285.868117,49.256088,146.610964,0.015325
Analog,2023-06-07 23:00:00,53.903411,100.369485,0.238088,127.273193,158.321725,0.813333,593.780201,755.416506,0.91,901.365881,1019.102436,30.544751,107.806821,0.016888
Analog,2023-06-08 23:00:00,59.467675,110.630022,0.128947,161.581955,210.668134,0.658333,373.733603,697.398858,0.831667,546.154147,801.696663,25.581222,118.93535,0.014566
Analog,2023-06-09 23:00:00,45.650386,84.990413,0.091105,125.152778,149.906945,0.883333,505.190266,557.004069,0.96,686.250876,721.78035,21.528085,91.300771,0.015937
Analog,2023-06-10 23:00:00,113.093704,211.678028,0.407088,294.02079,342.321175,0.326667,581.897677,1418.885889,0.576667,781.936057,1880.183649,61.218793,226.187408,0.016817
Analog,2023-06-11 23:00:00,75.122384,139.986438,0.131263,196.336316,260.667474,0.966667,705.1468,958.854314,0.991667,1033.533118,1256.924311,36.532289,150.244769,0.01522
Analog,2023-06-12 23:00:00,115.016311,214.92446,0.094,302.634278,447.063447,0.778333,774.310352,1529.405722,0.841667,1025.050347,1921.098955,72.27272,230.032621,0.015991
Analog,2023-06-13 23:00:00,176.16666,327.986298,0.213895,469.113548,683.218306,0.743333,1195.343121,2175.730822,0.846667,1665.794816,2631.012536,86.262979,352.333321,0.015852
Analog,2023-06-14 23:00:00,234.792692,436.375384,0.146368,669.284853,807.784831,0.711667,1681.328851,2419.070783,0.883333,2275.323564,2796.767861,79.8842,469.585384,0.015357
Analog,2023-06-15 23:00:00,184.044999,342.232633,0.165561,481.480799,621.272068,0.88,2126.607354,2375.018536,0.938333,2760.553734,2971.348333,97.339423,368.089998,0.016208
Analog,2023-06-16 23:00:00,168.803568,314.403134,0.250404,450.972078,563.875363,0.875,1852.649996,2185.236473,0.928333,2452.688463,2810.478534,89.726921,337.607136,0.01441
Analog,2023-06-17 23:00:00,151.552564,281.900271,0.358439,414.608574,462.267629,0.571667,1395.809874,1814.959551,0.788333,2038.434529,2339.654237,83.167862,303.105127,0.015247
Analog,2023-06-18 23:00:00,359.313169,674.247221,0.392632,854.222178,1115.101733,0.348333,813.833974,5577.647386,0.426667,1169.714806,7730.284249,322.4473,718.626338,0.015556
Analog,2023-06-19 23:00:00,176.994469,329.29852,0.07386,494.613278,597.995435,0.94,2048.384608,2094.682704,0.995,2571.703465,2577.888207,78.233463,353.988937,0.015337
Analog,2023-06-20 23:00:00,229.04069,426.532784,0.072825,629.736269,812.655206,0.816667,2194.415895,2639.699195,0.913333,2770.39062,3207.526536,96.505794,458.08138,0.015896
Analog,2023-06-21 23:00:00,163.023579,303.252555,0.127509,381.228921,527.044041,0.986667,2330.955942,2490.210467,0.993333,2944.142527,3159.945201,96.074638,326.047159,0.014379
Analog,2023-06-22 23:00:00,202.502634,377.267171,0.100474,511.542078,680.170769,0.865,2086.458428,2716.108933,0.916667,2627.877249,3275.481033,89.918701,405.005268,0.015696
Analog,2023-06-23 23:00:00,239.177345,444.943353,0.213105,658.937876,818.295828,0.706667,1659.433249,2575.997816,0.875,2319.000358,2862.923251,80.116482,478.35469,0.013892
Analog,2023-06-24 23:00:00,204.553125,380.210704,0.360649,565.31262,621.556658,0.626667,1703.164647,2325.750858,0.835,2258.663206,2690.008603,94.658879,409.106249,0.016178
Analog,2023-06-25 23:00:00,175.816254,327.517361,0.113596,465.338276,735.738986,0.881667,1650.342452,2204.470673,0.966667,2377.292395,2697.376029,73.900774,351.632508,0.015004
Analog,2023-06-26 23:00:00,178.096299,331.643554,0.192965,468.633968,622.126212,0.616667,1758.696799,2226.413138,0.768333,2250.4934,2705.707883,82.455511,356.192598,0.014869
Analog,2023-06-27 23:00:00,167.39442,311.751418,0.138842,430.796414,598.208037,0.906667,1924.618106,2189.407639,0.968333,2490.994103,2705.014328,74.99828,334.78884,0.014774
Analog,2023-06-28 23:00:00,125.834125,234.197479,0.191526,317.258792,458.957173,0.935,1706.684521,1780.640157,0.981667,2256.060824,2279.094009,78.059353,251.66825,0.016258
Analog,2023-06-29 23:00:00,93.445858,174.12847,0.167842,231.896146,316.016161,0.991667,1396.234387,1402.750526,0.998333,1961.319353,1961.462099,58.247671,186.891716,0.01614
Analog,2023-06-30 23:00:00,116.175944,216.391054,0.104737,310.495076,408.065773,0.868333,1171.303285,1467.240716,0.928333,1652.28222,1964.981221,71.45691,232.351888,0.01568
Analog,2023-07-01 23:00:00,91.622744,170.653345,0.158474,246.795935,348.787023,0.881667,1053.200738,1193.107662,0.955,1484.545551,1555.341366,49.352099,183.245488,0.014954
Analog,2023-07-02 23:00:00,92.005852,171.465146,0.108877,216.008944,297.01197,0.955,1393.891513,1431.896041,0.981667,1853.791661,1875.910762,60.257108,184.011703,0.015151
Analog,2023-07-03 23:00:00,78.026481,145.463085,0.119246,200.554655,284.543092,0.96,1065.380335,1114.28771,0.988333,1522.155855,1542.263724,52.591535,156.052962,0.014942
Analog,2023-07-04 23:00:00,65.193907,121.332164,0.206439,164.629088,209.537719,0.858333,831.305446,892.893227,0.958333,1159.998303,1186.988273,42.659993,130.387814,0.014359
Analog,2023-07-05 23:00:00,359.196645,681.087785,0.391439,818.169749,1019.034707,0.318333,619.061521,5969.388214,0.393333,939.991332,9150.47394,400.814581,718.39329,0.015079
Analog,2023-07-06 23:00:00,239.411313,444.916959,0.088158,696.254346,792.45598,0.703333,1900.087046,2443.059696,0.885,2530.212729,2807.733671,76.294273,478.822626,0.01479
Analog,2023-07-07 23:00:00,199.753986,371.464809,0.144719,524.756199,643.295578,0.81,2014.444758,2431.333819,0.928333,2614.558594,2964.815718,100.795317,399.507971,0.01641
Analog,2023-07-08 23:00:00,228.070555,424.058174,0.338491,638.186231,710.498022,0.703333,2052.774349,2630.952456,0.875,2652.948294,3118.656199,112.94868,456.141111,0.014695
Analog,2023-07-09 23:00:00,258.066105,480.053419,0.200789,708.949598,1012.063091,0.828333,1893.32996,2825.408841,0.926667,2560.709593,3134.104947,84.11716,516.132209,0.013619
Analog,2023-07-10 23:00:00,180.400616,335.239196,0.196316,469.379532,630.020647,0.823333,1919.15713,2327.750752,0.945,2506.772202,2735.129478,106.062916,360.801232,0.015239
Analog,2023-07-11 23:00:00,173.650015,323.470464,0.178263,429.159484,698.571208,0.855,1561.715725,2285.074549,0.91,2031.15798,2698.323418,77.370841,347.30003,0.014949
Analog,2023-07-12 23:00:00,163.045799,303.304999,0.102825,440.841979,554.829077,0.893333,1871.620844,2012.412102,0.961667,2464.954946,2557.438264,81.527726,326.091599,0.012709
Analog,2023-07-13 23:00:00,163.647929,304.312194,0.287,429.239342,521.151514,0.811667,1820.253237,2079.673325,0.921667,2518.223306,2651.497602,97.933338,327.295859,0.014633
Analog,2023-07-14 23:00:00,119.509915,222.57845,0.178298,298.703775,433.836492,0.925,1534.65964,1651.313204,0.981667,2180.939669,2263.764314,63.817585,239.01983,0.016993
Analog,2023-07-15 23:00:00,106.584273,198.291176,0.278158,286.281996,334.135205,0.733333,1139.124925,1269.425712,0.945,1565.978283,1596.080119,64.967806,213.168546,0.014801
Analog,2023-07-16 23:00:00,65.266678,121.797799,0.165421,122.429799,185.691142,0.983333,1235.45315,1258.58018,0.99,1747.243738,1779.01314,58.53771,130.533356,0.014691
Analog,2023-07-17 23:00:00,106.88096,200.685437,0.197842,267.599277,417.019056,0.678333,485.74633,1481.32907,0.758333,659.269297,2049.954685,77.159971,213.76192,0.015681
Analog,2023-07-18 23:00:00,88.898911,165.322411,0.323228,228.565717,266.782137,0.61,881.03763,1123.364072,0.771667,1166.278435,1362.166642,50.950824,177.797823,0.016439
Analog,2023-07-19 23:00:00,118.161386,221.042312,0.223474,293.785415,464.128981,0.791667,709.574258,1672.42095,0.85,1061.080785,2185.434963,75.322997,236.322771,0.015157
Analog,2023-07-20 23:00:00,122.062019,228.569973,0.111649,316.5663,506.022061,0.856667,1067.25581,1671.50195,0.913333,1465.658282,2285.623377,87.676199,244.124039,0.016326
Analog,2023-07-21 23:00:00,202.729528,377.747942,0.239912,537.477873,684.513301,0.72,1374.808098,2428.616763,0.841667,1819.321278,2942.77194,91.189489,405.459057,0.015313
Analog,2023-07-22 23:00:00,161.630177,300.639608,0.167193,432.780535,501.043569,0.875,1917.420675,2073.38663,0.958333,2441.475991,2547.997367,83.769412,323.260353,0.014241
Analog,2023-07-23 23:00:00,254.109491,472.638317,0.077316,723.508545,863.770732,0.796667,2238.479309,2834.139509,0.885,2933.909306,3421.396819,91.757612,508.218982,0.015003
Analog,2023-07-24 23:00:00,189.808327,352.930627,0.286825,530.99964,594.89625,0.84,2043.059428,2247.360552,0.935,2572.720398,2701.473443,104.781198,379.616654,0.01549
Analog,2023-07-25 23:00:00,98.283466,182.998907,0.133456,215.252179,321.775468,0.97,1529.267231,1541.851759,0.99,2019.433996,2023.269366,62.386261,196.566932,0.015694
Analog,2023-07-26 23:00:00,93.086598,173.310425,0.191193,225.432635,310.14127,0.86,1168.714332,1321.192089,0.92,1708.957795,1818.962413,65.324677,186.173197,0.016892
Analog,2023-07-27 23:00:00,75.790207,141.214816,0.220544,202.490902,258.947596,0.866667,839.878138,979.571148,0.976667,1251.239754,1294.190476,32.657247,151.580415,0.016121
Analog,2023-07-28 23:00:00,73.455945,136.729594,0.116982,200.066044,237.416733,0.781667,654.219611,876.380458,0.905,867.492918,1058.508796,33.418142,146.91189,0.016132
Analog,2023-07-29 23:00:00,83.952553,156.291286,0.302088,235.536862,252.595956,0.57,663.911447,948.503906,0.785,904.79002,1144.465337,35.970874,167.905106,0.015012
Analog,2023-07-30 23:00:00,68.507086,127.605777,0.084333,177.530151,221.560385,0.88,803.091584,895.843285,0.951667,1120.05913,1188.567886,36.871837,137.014172,0.015545
Analog,2023-07-31 23:00:00,59.308661,110.42194,0.109579,156.816229,197.947743,0.98,817.109085,827.718935,0.991667,1096.804195,1102.298776,33.510074,118.617321,0.015222
Analog,2023-08-01 23:00:00,75.276298,140.11586,0.177333,203.739747,269.003604,0.926667,783.053078,896.947628,0.978333,1055.136049,1142.283024,28.600692,150.552596,0.014116
Analog,2023-08-02 23:00:00,80.430302,149.654924,0.139877,221.945208,252.370674,0.853333,821.326838,966.111579,0.915,1098.708588,1214.289431,33.842772,160.860605,0.014588
Analog,2023-08-03 23:00:00,84.175572,156.728053,0.158246,224.785388,256.313841,0.781667,813.015596,1014.962751,0.893333,1089.982205,1271.819671,37.694939,168.351143,0.014873
Analog,2023-08-04 23:00:00,108.505901,201.675317,0.22393,299.526656,343.752766,0.723333,1049.193161,1256.990259,0.896667,1466.198584,1570.20761,62.187083,217.011802,0.015223
Analog,2023-08-05 23:00:00,52.626706,98.063659,0.093509,153.089307,183.953401,0.99,688.599909,692.59524,0.998333,933.83576,934.395056,28.451884,105.253411,0.0165
Analog,2023-08-06 23:00:00,83.917655,156.882242,0.085579,216.478165,324.872907,0.915,851.959747,1196.325357,0.958333,1210.224191,1579.913108,52.926268,167.83531,0.014885
Analog,2023-08-07 23:00:00,87.202642,162.420233,0.153526,220.913883,314.553757,0.921667,1011.030615,1233.756682,0.946667,1353.757164,1677.830704,63.036936,174.405285,0.015228
Analog,2023-08-08 23:00:00,136.480322,253.970436,0.267368,367.253156,487.283498,0.72,940.101006,1639.209768,0.841667,1346.415676,1951.402058,61.051415,272.960644,0.012744
Analog,2023-08-09 23:00:00,137.471281,255.759195,0.127351,378.005209,502.317485,0.851667,1240.382842,1602.362106,0.955,1665.059105,1852.670527,52.634738,274.942562,0.016019
Analog,2023-08-10 23:00:00,106.753572,198.807198,0.129632,255.624004,364.54199,0.928333,1382.549849,1568.025668,0.975,1886.008157,1942.501221,56.351271,213.507144,0.016186
Analog,2023-08-11 23:00:00,161.618859,300.818263,0.10107,442.502189,502.266716,0.675,1336.428618,1857.202873,0.836667,1763.807091,2256.087517,69.471372,323.237718,0.016242
Analog,2023-08-12 23:00:00,200.118616,371.749182,0.35014,545.900931,580.502797,0.606667,1892.833799,2336.968561,0.86,2510.248673,2782.174932,109.670532,400.237233,0.015865
Analog,2023-08-13 23:00:00,91.804528,171.054864,0.118088,201.067089,256.244957,0.956667,1554.492083,1574.850082,0.975,2158.193047,2178.63817,73.598892,183.609057,0.016115
Analog,2023-08-14 23:00:00,68.597393,127.81162,0.113509,162.947033,224.526706,0.968333,960.232329,1028.561978,0.995,1321.438317,1338.405373,41.184982,137.194786,0.014982
Analog,2023-08-15 23:00:00,79.441541,147.777728,0.117684,206.498733,273.309202,0.871667,904.609403,1022.552673,0.94,1199.641759,1288.513308,43.765158,158.883082,0.015301
Analog,2023-08-16 23:00:00,40.801607,76.098151,0.13886,80.091355,107.786522,0.991667,707.415529,709.01926,1.0,1025.983599,1025.983599,27.051179,81.603214,0.014807
Analog,2023-08-17 23:00:00,131.092749,243.772585,0.273456,355.726467,463.933675,0.618333,590.684673,1416.227129,0.768333,825.570539,1603.287863,49.502887,262.185497,0.01391
Analog,2023-08-18 23:00:00,76.666549,142.69176,0.165754,191.951889,231.831131,0.908333,1013.510483,1086.914517,0.951667,1365.546195,1424.205602,52.764932,153.333097,0.016588
Analog,2023-08-19 23:00:00,101.709773,189.422491,0.283544,268.761686,320.924478,0.495,729.481327,1257.024698,0.713333,1026.27065,1426.01229,41.112381,203.419545,0.016552
Analog,2023-08-20 23:00:00,63.823049,118.980608,0.217667,149.429184,174.630224,0.971667,1026.433911,1038.908057,0.986667,1411.698976,1423.531306,50.20634,127.646099,0.015744
Analog,2023-08-21 23:00:00,57.913331,107.837718,0.154246,140.757714,200.977332,0.96,825.346594,848.782177,0.988333,1196.069482,1204.11209,45.676721,115.826662,0.015054
Analog,2023-08-22 23:00:00,39.720705,74.127807,0.152667,100.021478,127.763012,0.878333,513.977797,591.314393,0.953333,754.636662,828.953017,26.441,79.441411,0.016256
Analog,2023-08-23 23:00:00,48.487652,90.083562,0.063772,132.387148,188.034179,0.795,367.061741,543.665682,0.913333,492.920525,586.998413,15.994998,96.975303,0.015695
Analog,2023-08-24 23:00:00,45.503353,84.637422,0.215211,120.691894,142.20994,0.786667,466.009179,534.319734,0.945,621.695146,654.574157,24.153582,91.006706,0.015217
Analog,2023-08-25 23:00:00,90.074001,169.272551,0.210421,226.58995,307.722549,0.665,492.704398,1200.466422,0.75,699.700674,1694.679071,62.168591,180.148002,0.015936
Analog,2023-08-26 23:00:00,70.781972,131.678166,0.219754,198.803833,224.358251,0.85,770.603909,822.06077,0.98,1045.777577,1054.451843,39.235752,141.563944,0.016896
Analog,2023-08-27 23:00:00,107.736205,200.50595,0.245667,298.228484,374.608407,0.75,805.286198,1258.639482,0.873333,1115.732215,1462.89093,42.16254,215.47241,0.016105
Analog,2023-08-28 23:00:00,212.20723,398.702372,0.178333,524.741864,774.727269,0.65,885.799009,3051.70506,0.74,1250.219947,4262.039898,169.598368,424.414459,0.015111
Analog,2023-08-29 23:00:00,160.849337,299.25123,0.222351,428.948308,520.30062,0.833333,1769.899468,2060.416129,0.906667,2274.550721,2505.801335,89.395837,321.698674,0.014754
Analog,2023-08-30 23:00:00,102.324232,190.574148,0.146193,219.272731,286.798538,0.986667,1711.050842,1723.524631,0.995,2244.892679,2246.924808,76.577023,204.648465,0.016601
Analog,2023-08-31 23:00:00,117.376301,218.585908,0.166754,292.63642,353.040612,0.723333,1156.886016,1537.438834,0.845,1592.158165,1959.560273,67.809409,234.752601,0.014676
Analog,2023-09-01 23:00:00,97.615777,181.608767,0.271123,264.367374,303.510096,0.591667,821.640958,1160.478,0.831667,1118.700113,1301.574711,45.148401,195.231554,0.016166
Analog,2023-09-02 23:00:00,74.421641,138.55162,0.21514,206.090134,245.212916,0.983333,941.398162,944.232316,1.0,1318.502422,1318.502422,50.126184,148.843282,0.014745
Analog,2023-09-03 23:00:00,148.763193,276.756721,0.160877,407.548472,587.238985,0.646667,746.175263,1636.13203,0.851667,1090.514309,1710.87658,50.908025,297.526386,0.01484
Analog,2023-09-04 23:00:00,121.039321,225.910028,0.123193,314.816956,487.726018,0.901667,1228.176409,1581.770192,0.95,1650.578823,2080.142079,67.628763,242.078641,0.016534
Analog,2023-09-05 23:00:00,121.537687,226.204077,0.190895,352.411775,432.425097,0.97,1406.798446,1429.184177,0.998333,1860.846301,1865.007431,44.809995,243.075373,0.013736
Analog,2023-09-06 23:00:00,132.872685,247.208072,0.071193,350.507141,456.659389,0.863333,1511.409679,1727.505573,0.951667,2007.01701,2146.072513,65.34276,265.745369,0.014675
Analog,2023-09-07 23:00:00,128.862111,240.128157,0.229123,340.279909,432.831153,0.766667,1258.932611,1644.459128,0.868333,1743.611032,2134.116871,67.786733,257.724222,0.015108
Analog,2023-09-08 23:00:00,92.549955,172.351349,0.105526,240.55213,268.245043,0.825,1143.340021,1358.131213,0.915,1666.315438,1815.210519,53.735223,185.099909,0.014628
Analog,2023-09-09 23:00:00,114.155506,212.297664,0.328193,306.931838,346.081107,0.718333,1113.774696,1325.032656,0.923333,1594.766552,1712.82,70.712749,228.311013,0.016204
Analog,2023-09-10 23:00:00,97.24349,180.814755,0.064474,276.385509,402.692855,0.835,887.057793,1057.827125,0.933333,1236.743745,1315.487982,36.899829,194.486981,0.013087
Analog,2023-09-11 23:00:00,140.855003,262.17675,0.224175,380.507066,487.974948,0.74,1069.843043,1675.107651,0.833333,1441.340884,2012.932586,62.303856,281.710007,0.013982
Analog,2023-09-12 23:00:00,106.945426,199.051174,0.190526,281.915609,339.165375,0.843333,1207.515211,1377.758043,0.935,1602.962304,1728.506449,56.598068,213.890853,0.013867
Analog,2023-09-13 23:00:00,158.72793,295.901398,0.129719,416.023363,600.667236,0.828333,1282.969137,2017.266882,0.89,1793.83351,2623.417543,85.463363,317.45586,0.016253
Analog,2023-09-14 23:00:00,141.733883,263.496905,0.180491,368.39366,440.597444,0.908333,1747.452822,1854.75119,0.976667,2300.783782,2331.54431,90.003737,283.467766,0.015804
Analog,2023-09-15 23:00:00,90.727756,169.052735,0.219596,232.349946,270.204609,0.928333,1221.284637,1265.0369,0.993333,1743.527732,1747.538542,62.998017,181.455511,0.013608
Analog,2023-09-16 23:00:00,152.258235,282.874298,0.346526,405.598218,457.747316,0.51,1245.79615,1760.694101,0.838333,1703.059923,1952.435069,75.876295,304.51647,0.016198
Analog,2023-09-17 23:00:00,127.468826,237.056664,0.291298,376.686273,508.209118,0.84,951.602928,1236.269944,0.956667,1352.182728,1505.817086,32.80031,254.937651,0.015075
Analog,2023-09-18 23:00:00,153.145747,285.051271,0.215754,416.557531,585.620158,0.806667,1117.077597,1719.893065,0.928333,1511.764109,2101.337845,64.038668,306.291494,0.015017
Analog,2023-09-19 23:00:00,116.135661,216.178331,0.125965,275.408749,358.465863,0.915,1603.627512,1747.472522,0.955,2074.555734,2201.001351,74.882849,232.271321,0.016465
Analog,2023-09-20 23:00:00,77.298349,144.12733,0.13207,165.253061,209.294421,0.985,1264.333502,1273.370156,0.998333,1712.560712,1714.323572,51.327867,154.596698,0.015744
Analog,2023-09-21 23:00:00,69.697545,129.942073,0.137719,153.790141,198.974538,0.876667,953.222818,1071.521346,0.931667,1288.924445,1386.701965,46.821613,139.395091,0.016476
Analog,2023-09-22 23:00:00,158.835359,297.009626,0.178,413.220995,469.768136,0.478333,993.087767,2086.147612,0.618333,1381.120229,2664.411176,56.836558,317.670718,0.017146
Analog,2023-09-23 23:00:00,129.699229,241.173396,0.189982,337.217134,399.537216,0.871667,1560.785887,1662.037844,0.975,2026.878634,2060.494768,78.520949,259.398458,0.01472
Analog,2023-09-24 23:00:00,121.288349,225.69418,0.127842,311.982533,417.867634,0.896667,1515.933146,1629.23131,0.978333,1979.384964,2010.27851,63.451709,242.576698,0.015123
Analog,2023-09-25 23:00:00,152.410448,283.640511,0.201,397.413922,473.728794,0.77,1353.600468,1889.275987,0.886667,1782.879607,2275.184917,66.478401,304.820897,0.014109
Analog,2023-09-26 23:00:00,284.414075,532.463603,0.295614,726.690749,959.646183,0.655,1361.882823,3823.832808,0.75,1826.66589,4920.738105,175.04174,568.828149,0.014761
Analog,2023-09-27 23:00:00,286.378949,536.215259,0.389035,739.878496,811.333659,0.38,1785.555444,3831.222444,0.526667,2234.931332,4918.067192,106.411448,572.757898,0.01357
Analog,2023-09-28 23:00:00,125.700074,234.047457,0.189684,304.262545,375.491724,0.935,1794.858556,1850.946573,0.988333,2489.815753,2507.924327,86.216557,251.400148,0.015328
Analog,2023-09-29 23:00:00,80.54954,150.103519,0.11986,195.31937,239.388184,0.94,1121.280484,1174.727614,0.983333,1605.36534,1631.834337,56.31896,161.099079,0.015348
Analog,2023-09-30 23:00:00,118.608489,221.116054,0.309912,289.4982,330.697554,0.491667,916.821913,1639.850818,0.633333,1229.788198,2036.865726,52.450311,237.216978,0.016898
Analog,2023-10-01 23:00:00,80.653061,150.325661,0.130193,204.982364,240.47367,0.845,985.754076,1141.225516,0.891667,1357.857098,1516.602935,46.686466,161.306121,0.013864
Analog,2023-10-02 23:00:00,126.616968,235.346411,0.072579,342.588809,524.774998,0.821667,993.371606,1389.141621,0.948333,1357.115755,1511.014672,42.141482,253.233937,0.014919
Analog,2023-10-03 23:00:00,103.390854,192.555757,0.108614,248.177625,335.376261,0.968333,1548.266888,1561.335094,0.995,1972.794692,1973.516526,60.290215,206.781708,0.015731
Analog,2023-10-04 23:00:00,114.89894,213.914708,0.129333,279.684444,394.123224,0.988333,1620.26513,1633.444267,0.998333,2077.952849,2082.869636,70.668776,229.79788,0.015758
Analog,2023-10-05 23:00:00,93.468055,174.043477,0.200368,228.804424,322.291427,0.848333,1131.714265,1377.03757,0.91,1557.587127,1828.079619,58.868387,186.936109,0.017924
Analog,2023-10-06 23:00:00,142.282271,265.50293,0.173368,381.576916,517.359759,0.721667,793.710794,1644.845391,0.851667,1122.843618,2095.25511,68.760823,284.564543,0.016078
Analog,2023-10-07 23:00:00,151.691498,284.686298,0.33386,381.390532,447.220253,0.453333,975.181534,2063.289452,0.585,1293.272534,2818.313284,61.493623,303.382996,0.017086
Analog,2023-10-08 23:00:00,53.482946,99.937399,0.169526,104.408272,139.734166,0.95,955.508928,1008.469348,0.97,1379.097794,1449.18435,51.243296,106.965892,0.017228
Analog,2023-10-09 23:00:00,69.007318,128.363072,0.213439,200.068529,229.420932,0.813333,523.576677,719.239047,0.921667,699.70338,878.116092,24.514153,138.014636,0.016818
Analog,2023-10-10 23:00:00,116.443766,217.579649,0.131298,297.827013,417.114651,0.61,589.059839,1531.986411,0.716667,796.537596,1914.089499,70.524068,232.887533,0.015721
Analog,2023-10-11 23:00:00,102.799062,191.088858,0.204105,276.851632,323.834256,0.79,1065.859902,1240.453774,0.931667,1439.182393,1543.346664,57.452851,205.598125,0.015456
Analog,2023-10-12 23:00:00,99.989913,186.136828,0.136579,271.826779,356.103562,0.923333,1085.21168,1194.801013,0.988333,1517.992996,1537.300107,40.236534,199.979827,0.014781
Analog,2023-10-13 23:00:00,109.635092,204.485017,0.096474,285.085716,355.001735,0.77,1023.341286,1424.056581,0.841667,1342.018415,1866.930197,52.090863,219.270184,0.016039
Analog,2023-10-14 23:00:00,162.488926,303.721248,0.32214,416.595066,443.622765,0.608333,1096.692647,2195.30929,0.74,1496.788932,2865.593163,67.745367,324.977852,0.016996
Analog,2023-10-15 23:00:00,84.682984,157.51272,0.211175,212.465158,284.102822,0.913333,1108.944751,1189.768776,0.975,1540.8605,1569.587462,59.182264,169.365969,0.016214
Analog,2023-10-16 23:00:00,26.127558,48.774401,0.147228,47.550221,58.835061,0.988333,484.984871,489.087041,0.996667,684.971422,685.715139,23.83435,52.255116,0.016047
Analog,2023-10-17 23:00:00,25.637118,47.708013,0.142263,65.035053,106.260953,0.863333,224.00609,329.71731,0.93,305.797315,400.649753,12.247117,51.274236,0.014519
Analog,2023-10-18 23:00:00,29.084943,54.197748,0.188035,77.430126,109.490045,0.888333,264.528637,369.029468,0.926667,372.985638,498.764481,14.191313,58.169885,0.016974
Analog,2023-10-19 23:00:00,51.986474,96.788377,0.254912,139.756649,179.723649,0.646667,308.774152,622.710674,0.821667,414.793052,737.803,23.904438,103.972948,0.015693
Analog,2023-10-20 23:00:00,102.105741,193.016913,0.279281,243.280778,317.459526,0.561667,395.406953,1590.68421,0.688333,540.117266,2409.0588,97.707845,204.211481,0.01687
Analog,2023-10-21 23:00:00,69.013871,128.923609,0.28193,174.211896,189.979696,0.663333,677.890578,976.736843,0.723333,926.19236,1318.689421,38.111292,138.027742,0.014325
Analog,2023-10-22 23:00:00,93.001237,172.958399,0.138965,262.395677,361.986588,0.798333,658.344851,976.160779,0.916667,908.603823,1155.273682,32.622391,186.002474,0.016697
Analog,2023-10-23 23:00:00,91.336967,170.027749,0.133404,260.570616,311.646398,0.781667,864.578103,1036.407698,0.858333,1131.639567,1322.223715,36.457469,182.673934,0.014139
Analog,2023-10-24 23:00:00,117.528193,218.950148,0.143772,310.31041,403.986054,0.801667,1052.555967,1457.00234,0.871667,1371.900656,1846.991726,53.659056,235.056386,0.015217
Analog,2023-10-25 23:00:00,212.489189,397.370194,0.409825,557.750424,605.95089,0.296667,1054.897859,2749.937173,0.408333,1376.16344,3624.133756,69.970739,424.978378,0.014742
Analog,2023-10-26 23:00:00,53.479191,99.726861,0.150211,97.028641,145.199381,0.956667,1001.859421,1026.052165,0.97,1392.632294,1407.110061,41.286644,106.958382,0.014087
Analog,2023-10-27 23:00:00,19.459182,36.273674,0.161947,39.436583,48.999292,0.971667,336.549959,344.281947,0.995,487.62031,491.930678,16.516457,38.918364,0.013492
Analog,2023-10-28 23:00:00,30.601791,57.329906,0.093158,78.147386,106.760888,0.593333,169.975351,409.974452,0.773333,242.200669,532.098185,16.746836,61.203583,0.014037
Analog,2023-10-29 23:00:00,31.886355,59.446313,0.158596,83.506176,122.451908,0.923333,337.100813,422.571421,0.96,489.471829,565.244081,17.226719,63.77271,0.015972
Analog,2023-10-30 23:00:00,28.120928,52.35489,0.125105,72.254404,89.522949,0.915,340.135483,366.74735,0.96,462.809886,477.752775,14.854708,56.241855,0.01477
Analog,2023-10-31 23:00:00,39.393925,73.376668,0.353947,111.789675,122.580896,0.585,254.485974,405.363374,0.828333,363.30575,481.686669,11.737575,78.787851,0.015609
Analog,2023-11-01 23:00:00,17.93432,33.403947,0.144404,45.466151,58.58707,0.896667,208.80176,235.438746,0.951667,284.453449,308.534963,9.686296,35.86864,0.015073
Analog,2023-11-02 23:00:00,17.822322,33.277592,0.128386,45.519814,57.707489,0.761667,176.710702,243.248307,0.83,262.459945,338.319039,9.435444,35.644643,0.015683
Analog,2023-11-03 23:00:00,39.737015,73.991816,0.446228,101.176727,112.507576,0.181667,188.304503,537.767848,0.29,256.326247,671.867269,13.248196,79.47403,0.014506
Analog,2023-11-04 23:00:00,21.360965,39.854107,0.155877,56.963735,69.53266,0.851667,224.465103,268.842862,0.95,342.371032,362.312585,11.613889,42.721929,0.014906
Analog,2023-11-05 23:00:00,81.175175,151.246433,0.204632,197.471725,298.271732,0.62,236.383259,1171.313691,0.733333,346.01285,1449.969338,57.434831,162.350351,0.014241
Analog,2023-11-06 23:00:00,44.328899,82.528627,0.108544,111.713993,149.800347,0.94,592.62774,615.185039,0.97,792.76572,815.07475,26.82053,88.657797,0.014534
Analog,2023-11-07 23:00:00,48.708342,90.649605,0.091404,119.722028,146.416136,0.851667,624.084762,682.595678,0.933333,865.993326,901.168321,26.770684,97.416684,0.013343
Analog,2023-11-08 23:00:00,257.456007,484.186313,0.241316,627.395989,782.699623,0.395,629.738503,3780.591061,0.54,849.130918,5177.082995,215.323631,514.912015,0.015586
Analog,2023-11-09 23:00:00,175.600048,326.209092,0.314421,489.637748,577.592754,0.61,1484.107253,2040.514516,0.816667,1908.543051,2327.97104,87.449237,351.200097,0.015432
Analog,2023-11-10 23:00:00,65.716457,122.603861,0.133456,135.839252,204.395075,0.963333,1089.669889,1120.400234,0.985,1549.824175,1586.284157,45.823318,131.432914,0.014389
Analog,2023-11-11 23:00:00,79.95371,148.814979,0.357404,215.915982,255.936584,0.63,745.799453,953.150844,0.873333,1047.06159,1191.48197,47.786914,159.90742,0.014685
Analog,2023-11-12 23:00:00,32.369665,60.396338,0.229737,75.453891,102.628655,0.93,501.945276,540.452014,0.968333,724.977585,750.376974,21.785073,64.739331,0.015732
Analog,2023-11-13 23:00:00,136.246724,258.349401,0.264228,323.836306,484.570263,0.5,297.81689,2091.882453,0.553333,411.304294,3133.314595,133.501879,272.493449,0.015737
Analog,2023-11-14 23:00:00,177.914631,332.701887,0.142754,446.742254,684.718474,0.716667,913.077592,2462.365957,0.77,1190.543877,3319.17673,129.834538,355.829263,0.014471
Analog,2023-11-15 23:00:00,115.429971,214.680917,0.179439,286.446418,344.755234,0.926667,1597.81108,1643.223821,0.985,2050.304681,2066.925485,78.704022,230.859942,0.015153
Analog,2023-11-16 23:00:00,132.920691,247.228969,0.163842,376.109505,510.320638,0.926667,1355.04686,1500.78987,0.975,1828.986671,1986.652649,48.119986,265.841382,0.015433
Analog,2023-11-17 23:00:00,163.915936,304.516391,0.346421,460.830913,542.431325,0.611667,1311.220374,1759.356161,0.825,1681.304388,1971.714554,76.214761,327.831872,0.014262
Analog,2023-11-18 23:00:00,65.449622,122.191401,0.215982,148.811679,206.985009,0.92,984.928772,1049.219156,0.941667,1411.629738,1483.997892,40.069609,130.899245,0.016382
Analog,2023-11-19 23:00:00,60.397688,112.430543,0.289175,160.531607,186.966447,0.711667,641.378778,812.171944,0.841667,864.510253,1010.457306,37.038937,120.795376,0.015159
Analog,2023-11-20 23:00:00,82.825205,154.276652,0.177982,233.388193,295.413494,0.678333,647.501089,923.81491,0.818333,880.282008,1140.987144,29.788798,165.65041,0.015143
Analog,2023-11-21 23:00:00,61.678917,114.911917,0.225772,140.851712,167.263902,0.815,773.228479,949.431009,0.87,1012.859327,1221.484369,44.031523,123.357833,0.01474
Analog,2023-11-22 23:00:00,116.452032,216.957794,0.248421,325.423265,465.077282,0.783333,659.824315,1299.982576,0.891667,902.653176,1460.340006,42.351323,232.904064,0.015567
Analog,2023-11-23 23:00:00,82.901688,154.226363,0.197263,207.006216,249.471183,0.816667,1057.727038,1149.287849,0.951667,1389.940279,1433.882237,52.580379,165.803377,0.015193
Analog,2023-11-24 23:00:00,79.020008,147.087002,0.207123,189.104515,235.153662,0.878333,971.034882,1075.63904,0.946667,1371.876791,1437.851428,51.856441,158.040015,0.015826
Analog,2023-11-25 23:00:00,63.131613,117.482278,0.186509,169.144352,220.824634,0.955,874.65081,882.72607,0.993333,1202.625309,1204.55037,47.885161,126.263226,0.015519
Analog,2023-11-26 23:00:00,45.513426,84.981548,0.138561,103.788198,157.175585,0.946667,720.827795,749.225466,0.973333,1065.588558,1097.909467,37.344388,91.026851,0.012956
Analog,2023-11-27 23:00:00,29.148911,54.36705,0.178632,63.990999,83.874835,0.95,450.79299,467.644301,0.993333,630.286085,632.198922,23.274724,58.297821,0.014662
Analog,2023-11-28 23:00:00,81.781096,153.250776,0.352614,214.527574,257.939521,0.501667,332.7822,1014.586696,0.685,449.283336,1320.231908,48.375127,163.562192,0.014717
Analog,2023-11-29 23:00:00,111.654996,209.684045,0.197947,283.228458,384.392593,0.578333,490.089266,1531.425046,0.766667,654.848801,2065.668603,84.337511,223.309992,0.016735
Analog,2023-11-30 23:00:00,145.102379,269.876108,0.264316,436.333208,544.617955,0.785,1015.553101,1410.114401,0.905,1337.63576,1674.437409,40.912054,290.204757,0.01638
Analog,2023-12-01 23:00:00,87.400186,162.924035,0.145667,182.215503,229.007605,0.906667,1331.465985,1421.273631,0.945,1654.198197,1769.414087,56.583002,174.800373,0.017388
Analog,2023-12-02 23:00:00,187.006134,347.647234,0.389421,503.158019,548.277644,0.425,1138.871135,2150.91467,0.708333,1519.194055,2371.715444,70.568772,374.012268,0.014194
Analog,2023-12-03 23:00:00,47.267616,88.166962,0.186702,92.764228,126.016641,0.956667,864.55243,888.961018,0.993333,1221.877019,1223.18944,31.383341,94.535232,0.015351
Analog,2023-12-04 23:00:00,31.952095,59.410475,0.126368,90.316645,121.975162,0.818333,270.184998,339.674781,0.936667,353.538659,397.294561,10.986936,63.904189,0.014755
Analog,2023-12-05 23:00:00,19.798479,36.915088,0.181842,37.103561,47.203775,0.996667,364.084725,364.278161,0.998333,492.657408,492.739884,17.979123,39.596958,0.014556
Analog,2023-12-06 23:00:00,26.652009,50.02167,0.184211,61.708015,103.644582,0.86,296.85815,426.311746,0.903333,416.649127,596.68144,19.053792,53.304019,0.015631
Analog,2023-12-07 23:00:00,57.193687,106.721214,0.18314,147.464244,198.056868,0.553333,285.222011,733.517222,0.713333,387.736177,892.736659,30.747601,114.387374,0.015516
Analog,2023-12-08 23:00:00,69.360297,129.250227,0.366123,174.575653,204.142604,0.311667,507.391592,925.873791,0.471667,666.259721,1121.805367,31.794997,138.720594,0.015254
Analog,2023-12-09 23:00:00,41.650255,77.732392,0.175526,91.242003,119.19909,0.926667,598.68849,678.727482,0.955,832.45666,895.160066,29.199751,83.30051,0.015671
Analog,2023-12-10 23:00:00,49.088349,91.486216,0.200211,126.08463,173.225759,0.856667,501.161149,641.19283,0.925,731.490624,852.561172,24.914483,98.176698,0.015774
Analog,2023-12-11 23:00:00,51.737171,96.693312,0.287175,136.451191,162.579323,0.676667,445.245365,654.521404,0.771667,613.354616,876.110596,35.736834,103.474342,0.01445
Analog,2023-12-12 23:00:00,101.704613,189.448126,0.272632,275.628138,406.078653,0.623333,450.085865,1215.24948,0.798333,663.590149,1475.901978,49.836992,203.409226,0.013956
Analog,2023-12-13 23:00:00,52.449054,97.612268,0.146368,119.519699,157.193283,0.961667,770.964659,798.749406,0.98,987.911789,1015.028411,35.794674,104.898108,0.015294
Analog,2023-12-14 23:00:00,41.444556,77.418746,0.168719,92.495488,117.117065,0.953333,658.387524,669.978679,0.993333,934.339219,936.16462,29.203057,82.889112,0.014723
Analog,2023-12-15 23:00:00,37.768214,70.291403,0.254737,100.322155,118.027716,0.871667,447.632201,481.519422,0.978333,615.940834,625.848288,23.033171,75.536427,0.014845
Analog,2023-12-16 23:00:00,24.908162,46.481697,0.264316,59.359432,67.421746,0.888333,351.361274,374.750976,0.956667,519.114784,534.156905,19.59775,49.816325,0.014341
Analog,2023-12-17 23:00:00,20.857932,38.837744,0.130298,57.274141,71.840131,0.925,239.054933,259.857383,0.97,339.241915,352.686505,8.882265,41.715865,0.017621
Analog,2023-12-18 23:00:00,14.851138,27.649419,0.202421,37.488044,47.803719,0.93,196.468897,205.963677,0.985,259.292902,265.872279,9.662865,29.702276,0.015212
Analog,2023-12-19 23:00:00,14.73257,27.471975,0.160421,37.926933,58.297698,0.981667,206.596375,208.74579,0.991667,285.562196,286.596433,8.210776,29.46514,0.014099
Analog,2023-12-20 23:00:00,18.517755,34.53307,0.198667,45.763282,54.817945,0.746667,231.155891,265.090678,0.863333,312.233495,345.121033,11.53827,37.035509,0.020804
Analog,2023-12-21 23:00:00,18.554973,34.541268,0.134404,47.65931,67.112342,0.956667,246.207116,253.842138,0.99,330.285413,332.394239,12.314024,37.109947,0.0161
Analog,2023-12-22 23:00:00,18.036881,33.809255,0.319667,44.385693,51.573672,0.673333,133.140429,262.229069,0.77,188.338709,369.525943,7.804104,36.073762,0.016067
Analog,2023-12-23 23:00:00,37.784214,70.946819,0.426807,96.655888,106.024851,0.365,153.51534,507.893733,0.56,220.176553,680.311121,11.069678,75.568428,0.016998
Analog,2023-12-24 23:00:00,45.062698,84.82927,0.33193,110.888303,140.37582,0.535,207.118648,660.079882,0.663333,302.792757,931.503003,14.805377,90.125396,0.016644
Analog,2023-12-25 23:00:00,19.266798,35.897672,0.161333,42.002116,49.795201,0.955,330.152751,336.339203,0.99,509.47083,512.203023,16.899911,38.533595,0.015365
Analog,2023-12-26 23:00:00,12.901859,24.104858,0.165579,27.3431,34.17833,0.983333,226.052544,228.125785,0.993333,332.39477,334.477679,10.960789,25.803718,0.014242
Analog,2023-12-27 23:00:00,38.400847,72.89194,0.362596,97.027408,99.656383,0.565,157.282201,566.053723,0.69,211.784393,882.64797,35.56595,76.801695,0.014491
Analog,2023-12-28 23:00:00,15.433263,28.751916,0.242772,41.613066,47.00304,0.903333,176.177712,196.605301,0.97,241.053787,247.870596,5.86964,30.866527,0.016397
Analog,2023-12-29 23:00:00,15.842012,29.499516,0.244175,38.383604,50.339777,0.636667,117.359983,238.842145,0.726667,161.17314,305.426467,7.008018,31.684024,0.014804
Analog,2023-12-30 23:00:00,73.231548,140.360753,0.405,165.639805,216.440647,0.32,161.159405,1225.202552,0.408333,229.830815,2036.440386,15.218463,146.463095,0.014141
Analog,2023-12-31 23:00:00,65.352535,121.636314,0.181333,166.951192,192.570129,0.616667,435.066421,918.89712,0.753333,713.669821,1156.847484,30.656023,130.705071,0.014619
Analog,2024-01-01 23:00:00,60.655683,112.838148,0.302965,177.574915,201.352639,0.74,479.375861,620.275064,0.873333,663.818544,759.96096,19.320879,121.311366,0.01466
Analog,2024-01-02 23:00:00,27.822128,51.866408,0.210614,73.497023,85.499642,0.963333,374.107899,379.52564,0.991667,534.299409,536.150293,14.86211,55.644255,0.01452
Analog,2024-01-03 23:00:00,19.132977,35.627019,0.246351,49.747655,71.912601,0.921667,230.952377,243.871857,0.97,312.539739,319.902421,7.547512,38.265954,0.01525
Analog,2024-01-04 23:00:00,53.915757,100.845018,0.313368,137.926643,206.190275,0.615,220.133186,718.965009,0.751667,307.554672,909.626341,31.165929,107.831514,0.015276
Analog,2024-01-05 23:00:00,31.359625,58.427597,0.136702,77.963964,100.146,0.925,467.298284,485.155279,0.973333,647.103189,655.585603,21.981108,62.71925,0.013669
Analog,2024-01-06 23:00:00,52.45431,97.552117,0.372123,146.662724,167.751949,0.67,416.557931,524.703579,0.865,585.39875,645.605713,24.120388,104.908619,0.014034
Analog,2024-01-07 23:00:00,35.327649,65.85698,0.246404,99.454086,125.135802,0.946667,457.46813,464.781625,0.996667,641.837667,643.836052,13.392391,70.655297,0.014454
Analog,2024-01-08 23:00:00,35.411862,66.419055,0.090035,93.699472,135.9444,0.865,293.532639,465.285154,0.948333,398.485839,649.989734,23.667974,70.823725,0.013852
Analog,2024-01-09 23:00:00,48.458872,90.259225,0.16207,133.704387,189.835998,0.783333,367.830291,538.963409,0.865,528.20392,694.016645,21.711719,96.917743,0.013599
Analog,2024-01-10 23:00:00,37.75398,70.339424,0.187789,87.685548,112.548352,0.973333,574.203857,581.520588,0.993333,770.243962,773.238349,23.978148,75.507961,0.015266
Analog,2024-01-11 23:00:00,42.107718,78.346465,0.173754,113.651887,163.671465,0.885,411.476518,517.047885,0.95,546.240095,630.243435,16.812873,84.215436,0.013948
Analog,2024-01-12 23:00:00,46.897224,87.263946,0.315088,120.953048,140.014246,0.688333,512.219652,575.351927,0.935,714.221259,737.805627,28.66984,93.794449,0.015526
Analog,2024-01-13 23:00:00,33.704249,62.787414,0.129877,83.327499,103.769702,0.975,492.927499,507.909451,0.993333,686.31464,696.042991,20.734184,67.408498,0.016075
Analog,2024-01-14 23:00:00,82.701215,154.258778,0.230281,227.632112,286.548361,0.75,454.066206,932.532719,0.868333,641.22186,1198.06822,38.016646,165.40243,0.016105
Analog,2024-01-15 23:00:00,218.048837,413.413636,0.429035,541.748878,557.808732,0.301667,629.211116,3212.485809,0.366667,806.888408,5002.138761,209.505907,436.097674,0.015906
Analog,2024-01-16 23:00:00,79.006607,147.276501,0.157211,202.527406,247.196263,0.958333,1111.90369,1138.28096,0.988333,1663.100716,1684.654091,60.123439,158.013215,0.015302
Analog,2024-01-17 23:00:00,124.095386,233.397411,0.406561,315.458945,343.47013,0.381667,432.761824,1659.153527,0.535,595.570992,2266.082359,29.076544,248.190772,0.014119
Analog,2024-01-18 23:00:00,95.186848,177.116311,0.321596,271.470988,296.416198,0.68,682.937042,1005.992408,0.846667,941.882314,1202.66006,37.196287,190.373696,0.016074
Analog,2024-01-19 23:00:00,52.095015,97.081366,0.283351,132.85455,156.55419,0.711667,510.448082,686.135291,0.841667,742.590869,901.416604,29.273702,104.190031,0.014771
Analog,2024-01-20 23:00:00,43.527608,81.007845,0.15007,121.014451,182.87555,0.88,387.276891,516.7382,0.966667,575.098945,634.196694,19.75495,87.055217,0.013134
Analog,2024-01-21 23:00:00,84.556207,157.314715,0.177035,232.051287,340.844544,0.775,527.284901,966.652775,0.861667,731.524459,1211.496052,37.696602,169.112414,0.0156
Analog,2024-01-22 23:00:00,80.46992,149.733991,0.127842,232.10399,330.232645,0.866667,767.58695,871.754078,0.931667,1036.568702,1144.67183,34.662676,160.93984,0.014591
Analog,2024-01-23 23:00:00,78.36644,146.114822,0.141439,207.135582,271.228499,0.948333,1050.241159,1068.876985,0.988333,1416.231727,1423.584895,39.794643,156.73288,0.013836
Analog,2024-01-24 23:00:00,169.785992,316.476458,0.227298,460.66172,554.938416,0.763333,1082.319395,2090.798907,0.845,1450.427615,2609.109829,84.028236,339.571983,0.014951
Analog,2024-01-25 23:00:00,162.994551,305.874101,0.173807,412.955585,560.531904,0.756667,1374.30987,2249.485434,0.826667,1817.072014,3169.415364,101.962928,325.989102,0.01429
Analog,2024-01-26 23:00:00,186.075982,345.97124,0.193965,487.346804,601.761305,0.788333,1585.805292,2241.125939,0.886667,2186.395474,2745.329641,87.779292,372.151965,0.015072
Analog,2024-01-27 23:00:00,96.872226,180.289959,0.20314,241.132249,280.042559,0.966667,1530.384641,1549.844189,0.99,2149.559618,2160.02564,77.969156,193.744452,0.015559
Analog,2024-01-28 23:00:00,63.761693,119.007223,0.158947,147.993705,230.018227,0.903333,790.513582,934.028455,0.958333,1124.012101,1275.071735,36.109376,127.523385,0.016492
Analog,2024-01-29 23:00:00,41.971777,78.077148,0.163368,110.465371,152.332083,0.933333,523.224758,541.30443,0.993333,694.100423,695.043822,27.825673,83.943553,0.014202
Analog,2024-01-30 23:00:00,22.690918,42.302702,0.147368,50.138522,66.652412,0.975,382.182754,386.677179,0.99,542.236346,544.192324,17.843331,45.381837,0.013879
Analog,2024-01-31 23:00:00,54.439426,102.527844,0.126509,129.271971,258.188716,0.75,185.413396,864.123788,0.801667,282.113195,1288.02681,53.002937,108.878851,0.014203
Analog,2024-02-01 23:00:00,33.365149,62.139627,0.21214,75.771656,98.82287,0.983333,522.767856,527.970052,0.998333,680.202455,680.264325,26.496201,66.730298,0.015593
Analog,2024-02-02 23:00:00,32.212525,59.920237,0.192,80.224213,111.437699,0.91,416.235252,441.173905,0.975,567.612426,575.159986,21.075621,64.425051,0.01497
Analog,2024-02-03 23:00:00,35.650452,66.427564,0.159667,94.8425,133.097802,0.801667,293.019549,420.243557,0.92,418.4525,518.354426,15.788574,71.300904,0.013301
Analog,2024-02-04 23:00:00,25.562871,47.674235,0.125684,58.929769,75.111886,0.983333,422.268231,423.022234,1.0,599.985668,599.985668,19.689422,51.125743,0.014276
Analog,2024-02-05 23:00:00,19.331396,36.099132,0.132298,42.280851,53.449976,0.983333,323.69115,324.740301,0.996667,491.542219,491.890447,15.998862,38.662792,0.015338
Analog,2024-02-06 23:00:00,18.196127,33.83256,0.161456,47.619831,69.082985,0.838333,168.829169,229.111717,0.923333,226.717463,263.716011,7.256058,36.392254,0.015599
Analog,2024-02-07 23:00:00,88.921751,168.722433,0.335018,212.523254,309.879506,0.515,205.124401,1356.122162,0.618333,275.611964,2081.923665,88.344796,177.843502,0.0173
Analog,2024-02-08 23:00:00,45.800772,85.242236,0.198596,114.153836,133.861899,0.901667,632.295182,647.788933,0.968333,851.995889,858.824257,32.995521,91.601544,0.01579
Analog,2024-02-09 23:00:00,36.366988,67.733992,0.13507,90.017837,143.88019,0.948333,486.045679,515.397761,0.981667,671.210157,690.699973,23.766162,72.733976,0.015412
Analog,2024-02-10 23:00:00,33.654931,62.945413,0.254351,87.370946,108.408767,0.706667,302.923813,451.439168,0.845,434.541677,635.343838,18.168246,67.309861,0.014709
Analog,2024-02-11 23:00:00,46.785906,87.247176,0.161614,128.480166,183.575867,0.798333,347.191481,528.378106,0.885,502.860667,719.05201,18.614334,93.571811,0.014407
Analog,2024-02-12 23:00:00,52.92469,98.487301,0.308825,141.721296,174.989773,0.516667,414.326502,626.969526,0.738333,551.102464,756.216967,25.026319,105.849379,0.015958
Analog,2024-02-13 23:00:00,21.99525,41.021364,0.203772,52.563584,67.768176,0.896667,278.754131,304.922677,0.976667,407.463846,415.863948,10.448664,43.990499,0.015399
Analog,2024-02-14 23:00:00,131.503551,256.411389,0.224842,285.128841,489.979572,0.271667,120.11928,2376.096946,0.36,168.159088,4313.585935,193.766737,263.007102,0.015655
Analog,2024-02-15 23:00:00,187.413657,349.548195,0.229684,523.825591,663.686549,0.726667,896.110984,2116.919391,0.811667,1207.226551,2632.851297,89.835006,374.827314,0.016753
Analog,2024-02-16 23:00:00,151.145608,281.041143,0.301474,410.746296,490.223334,0.7,1348.083438,1715.693678,0.858333,1811.673682,2122.180569,81.075527,302.291217,0.013948
Analog,2024-02-17 23:00:00,56.425202,105.150775,0.150719,122.314927,156.986347,0.978333,975.278605,986.81766,0.991667,1409.777668,1415.4259,44.645699,112.850405,0.01633
Analog,2024-02-18 23:00:00,27.7474,51.783411,0.150895,61.017679,78.462022,0.96,451.232199,481.376323,0.986667,670.183835,696.707582,17.484039,55.494801,0.015962
Analog,2024-02-19 23:00:00,22.747904,42.380291,0.279877,58.504065,75.764898,0.635,188.909105,293.457893,0.778333,261.178,368.379761,11.70413,45.495807,0.015642
Analog,2024-02-20 23:00:00,18.913265,35.252152,0.201807,50.704747,68.8451,0.733333,138.924145,224.869916,0.881667,210.955635,289.37055,8.496576,37.82653,0.015365
Analog,2024-02-21 23:00:00,158.023453,305.704042,0.373228,352.183328,598.2114,0.515,188.097932,2741.186396,0.633333,261.537542,4893.493915,222.214868,316.046906,0.016387
Analog,2024-02-22 23:00:00,95.154601,176.973361,0.227246,234.374107,331.935155,0.808333,1152.821426,1275.524601,0.926667,1544.12397,1594.83866,67.143762,190.309201,0.015543
Analog,2024-02-23 23:00:00,42.69656,79.605364,0.171404,99.822419,115.10742,0.916667,652.475371,674.962359,0.988333,945.143237,951.649312,27.135455,85.39312,0.015524
Analog,2024-02-24 23:00:00,31.442354,58.732285,0.337053,79.118865,95.761739,0.61,246.865047,414.97046,0.801667,361.78369,557.596252,16.982188,62.884708,0.016429
Analog,2024-02-25 23:00:00,114.090243,217.407424,0.236386,265.251615,480.393178,0.713333,263.763858,1863.721513,0.741667,371.908057,3079.782016,132.848331,228.180485,0.017147
Analog,2024-02-26 23:00:00,67.718144,126.032393,0.160333,165.526064,241.795827,0.935,914.780369,955.290592,0.983333,1247.336365,1252.521459,46.657834,135.436289,0.015739
Analog,2024-02-27 23:00:00,57.585128,107.304264,0.142789,129.149279,197.221607,0.973333,916.141674,933.9781,0.996667,1239.381505,1240.056081,39.224985,115.170257,0.015133
Analog,2024-02-28 23:00:00,69.4154,129.259729,0.191368,178.102563,265.396528,0.903333,861.866701,947.621608,0.965,1177.164659,1249.127052,50.02806,138.830799,0.01517
Analog,2024-02-29 23:00:00,134.923396,251.734712,0.285211,360.055548,578.737805,0.778333,667.048164,1698.27964,0.863333,940.882165,1953.711516,62.234695,269.846793,0.015849
Analog,2024-03-01 23:00:00,77.894777,145.199949,0.155246,162.99434,220.562859,0.95,1246.706391,1321.767081,0.971667,1663.788866,1772.478488,67.617234,155.789554,0.016732
Analog,2024-03-02 23:00:00,79.566066,148.014288,0.187649,209.911321,281.223956,0.915,976.615865,1034.911838,0.96,1332.771268,1372.271051,47.819029,159.132131,0.015931
Analog,2024-03-03 23:00:00,79.858829,148.870392,0.158772,180.902587,252.8688,0.891667,1116.523273,1211.392247,0.936667,1553.204708,1626.921105,49.851602,159.717658,0.015219
Analog,2024-03-04 23:00:00,73.753984,137.552156,0.117772,183.673055,255.730101,0.915,910.688554,1045.206264,0.961667,1201.221773,1374.060757,45.944061,147.507967,0.01641
Analog,2024-03-05 23:00:00,92.226655,171.711407,0.13593,253.923267,339.292902,0.938333,1028.667764,1106.288544,0.983333,1449.433708,1505.99031,44.328665,184.45331,0.016365
Analog,2024-03-06 23:00:00,116.820152,217.541795,0.197474,320.136628,424.002604,0.91,1156.012646,1422.325101,0.976667,1532.186844,1751.677224,48.913772,233.640303,0.016852
Analog,2024-03-07 23:00:00,175.178152,326.749228,0.145211,450.991883,557.219499,0.775,1234.604458,2321.899283,0.84,1622.710791,2893.991979,93.415768,350.356305,0.016119
Analog,2024-03-08 23:00:00,179.167973,334.1135,0.135561,492.445843,601.64857,0.823333,1353.825622,2054.905299,0.92,1721.166496,2490.463733,71.121883,358.335945,0.016662
Analog,2024-03-09 23:00:00,269.687315,503.17602,0.331193,723.462895,818.790342,0.588333,1589.772808,3130.849215,0.75,2033.700921,3789.257092,95.705952,539.37463,0.015354
Analog,2024-03-10 23:00:00,86.014358,160.164233,0.16407,202.291455,275.365117,0.935,1192.973423,1234.021595,0.981667,1603.300909,1628.529622,48.436724,172.028715,0.017418
Analog,2024-03-11 23:00:00,123.891935,235.823997,0.196491,285.906092,450.027466,0.611667,559.464302,1967.260504,0.691667,813.950892,3166.053287,132.455888,247.78387,0.015251
Analog,2024-03-12 23:00:00,143.433885,267.026052,0.156088,408.493331,493.599441,0.788333,955.918328,1579.154409,0.903333,1285.496267,1924.079786,59.250521,286.867771,0.016852
Analog,2024-03-13 23:00:00,132.11672,246.225216,0.178211,357.61031,449.879282,0.84,1187.604207,1619.543749,0.911667,1613.424717,2064.75719,63.527121,264.23344,0.015575
Analog,2024-03-14 23:00:00,227.842862,427.438216,0.324526,612.750742,736.195654,0.635,1182.803153,2918.701022,0.735,1540.407454,3972.688639,140.329234,455.685724,0.014201
Analog,2024-03-15 23:00:00,317.726672,604.280558,0.316526,779.790456,900.44801,0.53,1547.877326,4743.489725,0.626667,2053.326906,7478.144048,107.177804,635.453344,0.016641
Analog,2024-03-16 23:00:00,155.85432,290.201428,0.230509,444.747872,500.115372,0.955,1802.838501,1866.772095,0.985,2444.898012,2478.682798,87.911243,311.70864,0.014958
Analog,2024-03-17 23:00:00,139.158514,259.355605,0.336912,378.186848,469.498072,0.611667,1010.469859,1548.175394,0.825,1398.309444,1923.287131,64.589061,278.317027,0.015646
Analog,2024-03-18 23:00:00,160.21931,299.289329,0.289772,412.592687,580.589665,0.61,543.828792,1945.581609,0.736667,825.341537,2451.343439,88.763932,320.438621,0.01769
Analog,2024-03-19 23:00:00,203.099288,378.136154,0.262684,564.562299,704.653499,0.73,1094.160921,2200.707044,0.871667,1457.811626,2438.680091,74.346706,406.198576,0.01659
Analog,2024-03-20 23:00:00,383.265633,720.050655,0.198982,946.115686,1339.435488,0.685,1437.196721,5523.635146,0.768333,1954.854464,7315.160206,287.840616,766.531267,0.01596
Analog,2024-03-21 23:00:00,328.558328,611.234315,0.261912,900.566536,1036.969804,0.668333,2648.411651,3774.35541,0.795,3300.561126,4418.686642,144.002192,657.116656,0.014737
Analog,2024-03-22 23:00:00,173.999904,323.560349,0.224088,464.65338,560.556241,0.878333,1967.383752,2166.1536,0.951667,2678.84093,2807.892266,105.348473,347.999808,0.015555
Analog,2024-03-23 23:00:00,80.730627,150.402804,0.192667,196.086818,247.121693,0.94,1145.537405,1245.042709,0.975,1613.853576,1685.655176,54.345307,161.461253,0.016529
Analog,2024-03-24 23:00:00,30.741986,57.358714,0.160754,56.988262,76.397474,0.981667,557.665256,559.98614,0.993333,787.657353,788.863325,28.7981,61.483971,0.014509
Analog,2024-03-25 23:00:00,70.937996,136.368782,0.17893,158.626778,279.263025,0.891667,296.124784,1220.049183,0.943333,417.798976,2123.938721,95.534808,141.875992,0.014554
Analog,2024-03-26 23:00:00,136.735601,259.636513,0.294211,330.197239,518.419833,0.586667,588.299306,2017.910234,0.688333,775.994936,3064.138636,126.896725,273.471203,0.01577
Analog,2024-03-27 23:00:00,119.432893,222.485905,0.253175,317.451486,398.156346,0.635,1043.151881,1553.327543,0.766667,1407.619921,1981.732645,66.45234,238.865785,0.014216
Analog,2024-03-28 23:00:00,48.715649,90.832285,0.148702,107.837441,152.287569,0.841667,775.60315,847.974718,0.926667,1188.793336,1265.819254,47.600498,97.431298,0.014921
Analog,2024-03-29 23:00:00,40.155273,74.883377,0.114368,90.952163,141.819712,0.891667,462.042014,598.364628,0.92,658.365642,816.617172,29.427959,80.310545,0.015995
Analog,2024-03-30 23:00:00,25.196441,46.922287,0.151351,53.269637,71.833721,0.975,399.247589,403.014242,0.993333,528.79274,530.482769,17.853041,50.392883,0.014991
Analog,2024-03-31 23:00:00,197.271754,374.322222,0.323754,463.354699,603.272353,0.42,338.724698,3119.896182,0.513333,447.902585,4835.453372,211.569416,394.543507,0.014852
Analog,2024-04-01 23:00:00,138.099804,257.64077,0.23207,391.59794,532.01825,0.808333,1141.692212,1549.4826,0.903333,1512.869834,1998.671181,49.485836,276.199608,0.015622
Analog,2024-04-02 23:00:00,101.861839,189.575492,0.113018,260.159713,343.062674,0.921667,1351.187932,1422.62255,0.963333,1807.421101,1859.670432,61.132229,203.723678,0.014741
Analog,2024-04-03 23:00:00,97.26302,181.400561,0.186491,238.332946,288.194789,0.733333,938.989188,1438.377676,0.813333,1302.161029,1882.751608,49.138767,194.526039,0.015168
Analog,2024-04-04 23:00:00,123.335327,229.443911,0.131439,330.172113,392.76253,0.648333,808.435475,1476.887132,0.818333,1134.130443,1694.03981,51.148072,246.670654,0.01602
Analog,2024-04-05 23:00:00,136.883483,255.449304,0.165596,358.090932,461.444736,0.823333,1032.294172,1748.315289,0.903333,1409.375519,2088.828473,70.776569,273.766965,0.01428
Analog,2024-04-06 23:00:00,144.510009,268.643718,0.226404,386.583402,464.844593,0.81,1368.029175,1688.513914,0.938333,1829.013358,2068.969317,75.029787,289.020018,0.015065
Analog,2024-04-07 23:00:00,158.966017,295.941526,0.234105,458.493411,536.912106,0.815,1405.174119,1786.013383,0.908333,1913.611694,2079.740109,49.244437,317.932034,0.012836
Analog,2024-04-08 23:00:00,120.420259,225.517072,0.163263,300.64357,467.674284,0.705,1059.11216,1707.569166,0.815,1455.292248,2386.631554,79.602169,240.840518,0.014728
Analog,2024-04-09 23:00:00,100.838598,187.759379,0.105316,250.017604,303.797003,0.933333,1275.557848,1360.440045,0.971667,1678.370995,1751.197557,52.253432,201.677195,0.014273
Analog,2024-04-10 23:00:00,141.810862,263.762486,0.17507,381.285517,496.098419,0.821667,1403.00788,1731.206173,0.93,1920.944902,2154.677366,75.36108,283.621725,0.014698
Analog,2024-04-11 23:00:00,95.94247,178.590769,0.223316,245.064516,282.599177,0.805,1044.564978,1256.132586,0.898333,1404.139275,1581.779617,53.628518,191.88494,0.014855
Analog,2024-04-12 23:00:00,89.591388,166.667529,0.252772,242.768355,278.102898,0.783333,943.824926,1054.949218,0.946667,1359.059506,1402.63743,53.959485,179.182776,0.012448
Analog,2024-04-13 23:00:00,94.054759,175.422872,0.141123,257.606142,353.135043,0.708333,695.802433,1070.87196,0.848333,955.69558,1360.885792,45.575739,188.109518,0.013932
Analog,2024-04-14 23:00:00,281.79343,529.222811,0.20407,694.935897,962.767885,0.425,828.500956,4109.386938,0.558333,1122.09317,5523.470995,225.658825,563.58686,0.0167
Analog,2024-04-15 23:00:00,287.973763,538.321268,0.202246,770.801212,1118.981892,0.803333,1893.596588,3792.224386,0.863333,2527.754017,4980.255256,175.49849,575.947525,0.015585
Analog,2024-04-16 23:00:00,195.562134,363.917841,0.097737,519.514458,670.234215,0.971667,2532.896201,2629.180053,0.988333,3228.05737,3300.859659,100.817931,391.124269,0.013904
Analog,2024-04-17 23:00:00,669.872871,1295.653961,0.137561,1509.210705,3305.954552,0.783333,2246.286473,11348.257185,0.836667,2961.832719,19446.184029,865.447312,1339.745741,0.014775
Analog,2024-04-18 23:00:00,464.939424,864.903472,0.154035,1140.269202,1644.610723,0.925,6545.920665,6816.844435,0.971667,8380.533217,8552.454963,338.95557,929.878848,0.014163
Analog,2024-04-19 23:00:00,287.513509,535.25118,0.141035,664.010626,847.024051,0.946667,4509.160164,4677.810732,0.975,5939.414591,6056.601272,220.992232,575.027019,0.014369
Analog,2024-04-20 23:00:00,234.690348,436.614116,0.269491,652.48212,745.180727,0.823333,2354.053178,2670.616406,0.936667,3304.087417,3445.210577,131.399697,469.380695,0.014302
Analog,2024-04-21 23:00:00,165.755661,308.57759,0.245456,434.896318,542.525007,0.778333,1602.387863,2117.148919,0.896667,2252.214818,2749.080314,98.064818,331.511323,0.014472
Analog,2024-04-22 23:00:00,48.83106,90.993352,0.132912,115.831158,187.817116,0.95,699.197313,783.401139,0.973333,991.926692,1075.781849,35.703654,97.66212,0.016271
Analog,2024-04-23 23:00:00,73.912498,137.419379,0.264667,208.315202,296.173731,0.8,532.852205,797.137486,0.916667,716.465477,936.736711,23.620804,147.824996,0.015298
Analog,2024-04-24 23:00:00,79.667496,148.620129,0.126246,215.776436,328.638863,0.885,657.096789,1023.940686,0.94,862.167962,1311.661693,48.193085,159.334993,0.014949
Analog,2024-04-25 23:00:00,179.335557,334.737853,0.116474,478.088287,730.354673,0.78,1014.057438,2161.379108,0.863333,1343.994103,2684.071085,92.055415,358.671113,0.01463
Analog,2024-04-26 23:00:00,122.746897,228.389583,0.124439,313.270783,395.490372,0.943333,1660.624037,1695.410726,0.983333,2191.463135,2209.414472,79.72383,245.493793,0.015699
Analog,2024-04-27 23:00:00,120.392203,224.227464,0.139632,297.67811,377.928208,0.938333,1615.989382,1728.363659,0.978333,2246.567284,2308.924282,79.511765,240.784407,0.016085
Analog,2024-04-28 23:00:00,285.904588,535.083378,0.240175,742.119297,1018.693522,0.611667,1321.977945,3812.772398,0.746667,1786.691754,4851.614644,179.248085,571.809175,0.014867
Analog,2024-04-29 23:00:00,176.512722,328.642126,0.131544,449.189706,588.878276,0.881667,2003.204183,2369.039693,0.943333,2725.868856,3099.528351,99.734475,353.025444,0.01547
Analog,2024-04-30 23:00:00,322.05392,599.405553,0.381368,878.503409,1007.138651,0.473333,2080.462098,3722.379518,0.675,2795.18014,4288.195964,129.168585,644.107841,0.016485
Analog,2024-05-01 23:00:00,195.90137,365.106562,0.132316,511.405598,835.691665,0.845,1635.802602,2455.341206,0.945,2380.66953,2864.136944,72.28577,391.802741,0.014915
Analog,2024-05-02 23:00:00,277.274398,516.300694,0.255754,792.459656,1060.545867,0.801667,1854.701566,2976.110002,0.93,2471.389943,3534.615062,102.746022,554.548796,0.015592
Analog,2024-05-03 23:00:00,248.26207,461.842359,0.184404,676.009629,821.422238,0.818333,2461.7022,2976.089042,0.923333,3306.582639,3703.376173,129.746626,496.52414,0.014838
Analog,2024-05-04 23:00:00,168.553472,314.11224,0.16407,406.306348,516.093384,0.97,2508.334906,2528.848564,0.99,3521.494524,3528.113371,115.56075,337.106945,0.014417
Analog,2024-05-05 23:00:00,208.965159,389.759993,0.172053,572.391546,773.289189,0.885,2021.555664,2491.025959,0.953333,2856.222416,3361.744389,106.066333,417.930317,0.015359
Analog,2024-05-06 23:00:00,179.329571,333.781069,0.167947,467.245907,659.908309,0.89,1941.383058,2192.031467,0.953333,2615.517871,2838.499967,92.404441,358.659142,0.014713
Analog,2024-05-07 23:00:00,914.355885,1734.090726,0.283509,2183.516277,3447.97526,0.551667,2307.78865,13980.216374,0.658333,3179.42689,21216.640202,902.058019,1828.71177,0.016145
Analog,2024-05-08 23:00:00,666.197363,1248.269411,0.204737,1747.493245,2513.803875,0.848333,6412.360176,8508.764004,0.931667,7855.762948,11411.240492,464.188634,1332.394727,0.014371
Analog,2024-05-09 23:00:00,707.071262,1314.352989,0.231877,1878.18204,2927.363441,0.773333,6448.780732,8777.463741,0.866667,8161.523753,10375.751587,349.994017,1414.142525,0.015276
Analog,2024-05-10 23:00:00,293.843096,546.723741,0.118386,700.536585,859.419355,0.936667,4401.509755,4545.985731,0.98,5933.491446,5994.124744,204.516592,587.686192,0.015536
Analog,2024-05-11 23:00:00,255.856854,478.599978,0.349158,659.978515,735.087181,0.468333,1677.867888,3471.986458,0.605,2254.518491,4650.962575,108.016981,511.713709,0.01654
Analog,2024-05-12 23:00:00,325.08697,608.587295,0.118965,832.955577,1441.204974,0.773333,1498.183364,4251.415541,0.855,2055.920219,5436.938795,198.646065,650.17394,0.01442
Analog,2024-05-13 23:00:00,211.447737,393.654683,0.118281,510.381146,673.914491,0.968333,3017.162889,3046.786076,0.993333,3951.262942,3964.109686,155.811791,422.895474,0.014864
Analog,2024-05-14 23:00:00,144.40286,268.972496,0.094807,360.686785,455.088953,0.88,1863.285586,2129.123899,0.966667,2688.186691,2804.76737,88.870313,288.805721,0.015982
Analog,2024-05-15 23:00:00,268.381523,499.664708,0.129509,711.9452,982.787631,0.511667,1335.20428,3278.55363,0.646667,1814.327557,3766.694579,92.412831,536.763046,0.013368
Analog,2024-05-16 23:00:00,152.846522,284.745219,0.116351,348.160715,456.181365,0.988333,2460.375668,2474.956466,1.0,3247.959483,3247.959483,115.473364,305.693045,0.014838
Analog,2024-05-17 23:00:00,167.754384,312.346008,0.103825,383.646574,504.912661,0.828333,2034.579676,2439.010778,0.943333,2839.819238,3008.252606,94.407058,335.508767,0.015585
Analog,2024-05-18 23:00:00,256.429136,478.944635,0.198491,659.81009,788.347419,0.688333,1605.567917,3402.893931,0.821667,2160.554897,4573.757719,178.892935,512.858272,0.015681
Analog,2024-05-19 23:00:00,602.90955,1134.364981,0.284298,1513.247687,2231.054132,0.531667,2128.530284,8386.425361,0.67,2835.480815,11601.406347,469.348371,1205.819101,0.016072
Analog,2024-05-20 23:00:00,333.714763,621.873694,0.136895,841.07742,1317.193805,0.901667,3790.188892,4532.020932,0.955,5052.785963,5572.738755,178.824277,667.429526,0.015866
Analog,2024-05-21 23:00:00,397.222521,738.928518,0.133509,994.313728,1464.325114,0.95,5010.289385,5681.846006,0.991667,6892.469322,7000.982355,241.994548,794.445043,0.01513
Analog,2024-05-22 23:00:00,410.967534,765.09003,0.075404,1022.726005,1525.959638,0.891667,5007.926552,5628.813502,0.941667,6596.455822,7100.895307,246.34374,821.935069,0.017294
Analog,2024-05-23 23:00:00,1330.04028,2535.472674,0.137123,3211.334112,5831.169797,0.725,4508.187627,20033.557157,0.788333,6377.872489,30169.294834,1257.746519,2660.080561,0.018102
Analog,2024-05-24 23:00:00,924.103425,1719.50041,0.11893,2192.933746,3099.588394,0.871667,11456.962621,12889.495117,0.936667,14918.997134,16148.350909,573.167733,1848.206849,0.015285
Analog,2024-05-25 23:00:00,834.187213,1551.985825,0.250684,2178.020303,2596.63419,0.77,9461.770376,10838.899469,0.926667,12440.52046,13052.439123,517.235589,1668.374427,0.015989
Analog,2024-05-26 23:00:00,548.535166,1021.259498,0.105772,1267.140281,1894.921495,0.978333,7922.811605,8265.294059,0.993333,10431.909567,10796.567931,362.521857,1097.070332,0.016467
Analog,2024-05-27 23:00:00,431.713584,803.53818,0.109561,1038.64022,1425.739193,0.948333,6203.86761,6330.37671,0.995,8167.071228,8190.579831,268.639851,863.427167,0.016724
Analog,2024-05-28 23:00:00,406.15101,756.538232,0.10007,1085.718531,1383.322247,0.97,5577.164842,5634.288681,1.0,7736.69268,7736.69268,260.816497,812.302019,0.016499
Analog,2024-05-29 23:00:00,725.743371,1349.046823,0.40286,1942.270559,2223.863433,0.386667,4792.598066,8713.008362,0.613333,6632.639149,10244.280181,313.795256,1451.486741,0.015193
Analog,2024-05-30 23:00:00,296.901572,552.939426,0.123719,737.913216,1005.792727,0.816667,3357.41132,4431.091531,0.89,5134.653591,6199.629321,213.606627,593.803145,0.016354
Analog,2024-05-31 23:00:00,115.722576,215.384038,0.12507,272.784597,340.733066,0.925,1553.055449,1694.320914,0.973333,2079.739193,2164.297377,74.642555,231.445151,0.016372
Analog,2024-06-01 23:00:00,164.587394,307.690556,0.252404,439.874969,517.038782,0.743333,1287.746398,2124.855801,0.878333,1803.649839,2827.660905,106.631144,329.174787,0.015039
Analog,2024-06-02 23:00:00,121.994694,227.180143,0.10186,321.659397,428.977078,0.818333,1320.951484,1568.37271,0.89,1877.370032,2088.903391,64.343585,243.989389,0.015321
Analog,2024-06-03 23:00:00,433.630621,821.589911,0.324719,1063.347304,1762.649478,0.486667,1296.073431,6417.724703,0.631667,1753.561016,9531.841938,396.077885,867.261243,0.015907
Analog,2024-06-04 23:00:00,695.605837,1303.556825,0.155351,1780.490805,2986.389429,0.746667,3304.849309,9584.696074,0.838333,4373.321322,12562.562946,480.566989,1391.211674,0.016455
Analog,2024-06-05 23:00:00,658.358513,1225.803489,0.101,1817.205527,2524.370184,0.87,6265.572161,7862.472136,0.93,8590.38471,9938.574538,322.842393,1316.717027,0.015622
Analog,2024-06-06 23:00:00,565.91622,1054.584002,0.131175,1469.066428,2023.059861,0.926667,6793.337175,7725.818442,0.963333,9389.322616,10439.818476,307.678039,1131.83244,0.017137
Analog,2024-06-07 23:00:00,842.733664,1568.713599,0.263439,2267.232915,2767.198114,0.655,7327.236134,10481.393869,0.79,9982.800389,12925.448978,426.302299,1685.467329,0.015678
Analog,2024-06-08 23:00:00,677.558902,1259.349772,0.302351,1798.674218,2153.165291,0.661667,6126.572981,8036.380829,0.886667,8470.394863,9508.506305,360.434336,1355.117804,0.014526
Analog,2024-06-09 23:00:00,822.657024,1534.098291,0.223544,2144.464383,3354.833595,0.666667,3812.59033,10504.311533,0.815,5445.976391,11467.753418,369.850635,1645.314047,0.017353
Analog,2024-06-10 23:00:00,899.672538,1675.427571,0.22693,2507.540576,3452.813088,0.706667,5545.308864,10591.114255,0.793333,7213.969679,12361.673301,407.87373,1799.345076,0.016002
Analog,2024-06-11 23:00:00,637.57793,1185.588407,0.217754,1701.908051,2188.658677,0.861667,7167.821671,7947.297002,0.951667,9423.829239,9785.37898,370.096144,1275.155861,0.016882
Analog,2024-06-12 23:00:00,853.678561,1592.63033,0.202982,2320.722182,3559.443153,0.763333,5270.342511,9814.929546,0.851667,7550.07173,12682.86939,396.478138,1707.357122,0.016351
Analog,2024-06-13 23:00:00,717.477072,1335.442717,0.08393,1950.848906,2576.030597,0.858333,8191.361731,8979.412598,0.913333,10753.342009,11392.368452,356.800348,1434.954143,0.016365
Analog,2024-06-14 23:00:00,828.478238,1545.626827,0.15507,2155.176698,3007.129427,0.725,7660.300247,10839.915402,0.816667,10207.860828,14334.38978,430.82185,1656.956476,0.016541
Analog,2024-06-15 23:00:00,583.372742,1085.484073,0.224474,1461.587211,1650.553164,0.645,5584.507734,7552.128776,0.825,7576.633889,8958.06912,308.067121,1166.745483,0.014894
Analog,2024-06-16 23:00:00,568.063764,1056.965424,0.089456,1393.642871,2174.550194,0.873333,5969.84811,7831.355019,0.925,7962.45,9636.662117,278.87941,1136.127528,0.017219
Analog,2024-06-17 23:00:00,597.300143,1110.894125,0.063596,1614.088128,2524.915185,0.883333,5921.865491,6708.701405,0.975,7840.859,8004.356817,253.085119,1194.600286,0.017516
Analog,2024-06-18 23:00:00,643.367973,1196.421548,0.280193,1812.756468,2246.651294,0.89,7627.071366,7913.042545,0.988333,10264.903815,10291.665912,424.572764,1286.735945,0.016977
Analog,2024-06-19 23:00:00,388.437467,723.077739,0.216526,974.954419,1300.021541,0.873333,5182.652003,5642.013255,0.938333,7347.569747,7632.520516,278.032902,776.874933,0.016019
Analog,2024-06-20 23:00:00,133.47214,248.646963,0.217684,339.482421,406.141895,0.906667,1711.262577,1821.78567,0.97,2476.96255,2560.425087,90.25936,266.944281,0.017407
Analog,2024-06-21 23:00:00,84.644424,157.823837,0.117807,197.100492,266.21144,0.976667,1275.506135,1289.443502,0.998333,1774.842477,1782.706276,57.918527,169.288848,0.016286
Analog,2024-06-22 23:00:00,128.104616,238.347396,0.191316,348.484673,450.791139,0.656667,938.944654,1274.250182,0.906667,1340.788081,1464.778826,49.864159,256.209232,0.016612
Analog,2024-06-23 23:00:00,198.946665,370.395844,0.089386,564.514834,712.884452,0.645,1407.662353,2181.947516,0.833333,1924.337507,2477.007478,59.795191,397.893329,0.014835
Analog,2024-06-24 23:00:00,155.620595,289.747718,0.113351,413.194012,516.571005,0.83,1738.228809,2038.818814,0.881667,2344.811196,2683.676102,84.518447,311.241191,0.016753
Analog,2024-06-25 23:00:00,103.467831,192.997063,0.164877,194.8016,270.479012,0.996667,1872.728176,1875.816845,1.0,2631.001501,2631.001501,83.224763,206.935663,0.016423
Analog,2024-06-26 23:00:00,150.387383,279.845698,0.187596,405.54222,513.806506,0.878333,1665.692876,1841.61584,0.963333,2353.044256,2419.81009,64.864493,300.774765,0.014925
Analog,2024-06-27 23:00:00,188.614267,351.059574,0.077544,533.764698,677.691259,0.731667,1704.091132,2036.244775,0.91,2315.854258,2420.735552,72.363336,377.228533,0.01469
Analog,2024-06-28 23:00:00,214.89581,399.594024,0.203333,606.899981,714.638828,0.76,2053.596088,2435.131927,0.918333,2881.680088,3049.052798,116.384288,429.79162,0.014908
Analog,2024-06-29 23:00:00,137.033314,254.846193,0.25514,379.872132,476.81284,0.938333,1698.774842,1765.695197,0.991667,2305.001316,2321.064578,95.935784,274.066628,0.014412
Analog,2024-06-30 23:00:00,165.616859,308.126301,0.053491,472.301398,667.545974,0.753333,1277.016438,1821.410557,0.871667,1781.438658,2180.213934,59.342699,331.233717,0.015728
Analog,2024-07-01 23:00:00,104.983766,195.29561,0.158842,248.879543,346.011029,0.975,1566.836047,1586.59605,0.996667,1998.020165,2000.737449,75.748323,209.967532,0.01527
Analog,2024-07-02 23:00:00,147.385561,274.311646,0.297912,398.75094,525.048336,0.73,1408.476965,1769.408022,0.886667,1992.412244,2200.30691,86.867667,294.771122,0.015468
Analog,2024-07-03 23:00:00,59.166637,110.254554,0.12193,155.924564,243.5827,0.935,700.332173,790.029143,0.96,1010.305862,1095.250834,32.399228,118.333273,0.017099
Analog,2024-07-04 23:00:00,69.316493,128.976975,0.10993,197.396525,293.125731,0.806667,613.852551,806.566223,0.933333,815.932312,957.595398,31.313944,138.632987,0.01581
Analog,2024-07-05 23:00:00,154.547555,287.264624,0.268035,434.290179,592.832478,0.718333,908.81619,1564.689676,0.895,1242.063069,1650.770734,43.217601,309.095109,0.016033
Analog,2024-07-06 23:00:00,128.253892,238.541477,0.219,331.725198,367.554651,0.683333,1391.252509,1658.531673,0.905,1880.367371,1976.5269,77.160832,256.507784,0.014913
Analog,2024-07-07 23:00:00,204.555753,380.81746,0.065158,595.914254,864.701268,0.743333,1397.775574,2015.996099,0.883333,1971.569361,2379.847401,58.884927,409.111506,0.016487
Analog,2024-07-08 23:00:00,148.581803,276.600925,0.070333,403.053421,541.156666,0.941667,1771.288254,1891.954686,0.973333,2334.303981,2406.191706,76.280295,297.163606,0.016286
Analog,2024-07-09 23:00:00,136.910053,255.20104,0.143596,319.466407,431.058502,0.996667,2228.072797,2232.350598,1.0,3145.611226,3145.611226,105.733585,273.820107,0.01508
Analog,2024-07-10 23:00:00,162.378209,301.942244,0.272491,436.060845,552.019211,0.855,1855.049573,1980.335244,0.945,2525.835776,2634.949242,105.206408,324.756418,0.016313
Analog,2024-07-11 23:00:00,114.349125,212.648733,0.294596,305.957708,417.845039,0.7,1140.266993,1431.634157,0.855,1577.500604,1770.694679,68.586304,228.698251,0.014435
Analog,2024-07-12 23:00:00,36.542466,68.139985,0.118105,80.254477,110.499766,0.893333,484.003661,566.592239,0.938333,683.802577,773.847315,24.727129,73.084932,0.01655
Analog,2024-07-13 23:00:00,58.215635,108.879779,0.357386,150.481254,162.51033,0.208333,295.832394,767.177153,0.328333,406.804299,1008.991069,19.369916,116.43127,0.014384
Analog,2024-07-14 23:00:00,145.045498,276.204985,0.16486,336.666909,522.818495,0.758333,451.542476,2330.599696,0.85,644.40738,3339.229442,140.163751,290.090995,0.01412
Analog,2024-07-15 23:00:00,231.939504,434.018082,0.257491,580.539811,839.711828,0.591667,1014.086211,3164.548309,0.67,1354.369388,4210.306921,170.524331,463.879007,0.015031
Analog,2024-07-16 23:00:00,128.650274,239.271052,0.202491,322.156387,433.115095,0.94,1827.326176,1877.279015,0.981667,2457.122048,2472.528388,99.796713,257.300547,0.013645
Analog,2024-07-17 23:00:00,195.424495,363.920517,0.155,527.562803,786.696629,0.736667,1040.211478,2321.01623,0.85,1453.195883,2551.754706,78.926806,390.848989,0.014748
Analog,2024-07-18 23:00:00,129.667042,241.377682,0.175772,315.285297,366.800206,0.836667,1720.137889,1824.671757,0.94,2262.406464,2320.198597,83.642574,259.334084,0.01521
Analog,2024-07-19 23:00:00,153.215044,285.523444,0.125912,403.801799,528.859247,0.91,1987.597846,2132.31009,0.938333,2728.633302,2883.73727,103.648589,306.430088,0.015967
Analog,2024-07-20 23:00:00,96.438869,179.619039,0.157719,244.281038,304.605429,0.951667,1370.453611,1421.200426,0.98,1897.6206,1924.826965,67.908982,192.877738,0.014115
Analog,2024-07-21 23:00:00,122.728247,228.248977,0.265667,335.176512,416.19929,0.858333,1359.256481,1436.95715,0.97,1808.898119,1826.176602,72.293595,245.456493,0.01577
Analog,2024-07-22 23:00:00,137.905361,257.683211,0.087596,373.368308,607.538089,0.841667,1151.385859,1710.8888,0.923333,1546.290654,2238.639651,78.772728,275.810722,0.013816
Analog,2024-07-23 23:00:00,118.91606,221.45583,0.096,320.957815,459.374781,0.958333,1480.235847,1576.000691,0.983333,2055.845032,2107.771623,68.25478,237.83212,0.015946
Analog,2024-07-24 23:00:00,119.222233,222.107789,0.147158,287.344543,416.359249,0.955,1731.514399,1806.460044,0.981667,2420.611996,2437.432513,94.638218,238.444467,0.015805
Analog,2024-07-25 23:00:00,72.982027,136.014175,0.214667,188.155405,259.764853,0.978333,973.587509,1026.413085,0.993333,1392.298283,1417.871768,39.094474,145.964055,0.013327
Analog,2024-07-26 23:00:00,87.292494,163.111489,0.196526,231.800586,285.872548,0.661667,695.08438,1111.790725,0.77,952.958937,1477.707495,37.459609,174.584988,0.014854
Analog,2024-07-27 23:00:00,96.148065,179.2015,0.349491,258.799714,311.892631,0.526667,782.670475,1165.388539,0.723333,1081.663631,1456.253636,49.069342,192.29613,0.016361
Analog,2024-07-28 23:00:00,46.424643,86.44874,0.097404,116.233932,178.030602,0.885,588.66447,633.425674,0.98,816.444172,837.766334,27.973222,92.849287,0.01558
Analog,2024-07-29 23:00:00,71.1577,132.458247,0.148544,187.936249,313.477837,0.783333,360.64526,750.346123,0.915,520.927267,771.572404,23.715197,142.3154,0.014497
Analog,2024-07-30 23:00:00,52.417429,97.4351,0.233211,140.459959,186.81874,0.875,628.86005,676.253227,0.948333,818.38937,842.343479,35.702093,104.834857,0.014357
Analog,2024-07-31 23:00:00,36.232659,67.43141,0.145596,90.855321,177.094365,0.921667,383.476363,467.400635,0.966667,538.563177,569.800054,14.842854,72.465318,0.014349
Analog,2024-08-01 23:00:00,59.205712,110.458661,0.080509,169.548323,249.955703,0.836667,471.660843,676.798974,0.926667,623.997788,907.818563,31.334992,118.411424,0.015728
Analog,2024-08-02 23:00:00,90.887341,170.340251,0.102456,226.035638,460.59224,0.898333,674.487623,1330.487371,0.913333,916.65165,1863.92158,73.121715,181.774682,0.013894
Analog,2024-08-03 23:00:00,90.255018,167.938629,0.171,236.604344,334.208683,0.971667,1145.00649,1161.553748,0.998333,1547.307921,1549.923213,57.115793,180.510037,0.015899
Analog,2024-08-04 23:00:00,127.462725,237.031988,0.064825,347.594677,533.635549,0.868333,1181.380899,1488.751626,0.95,1624.365848,1805.139131,54.303868,254.925451,0.015592
Analog,2024-08-05 23:00:00,94.462429,175.814936,0.147825,221.653447,314.56707,0.911667,1343.056601,1429.411464,0.948333,1806.217044,1869.494405,67.83205,188.924858,0.014421
Analog,2024-08-06 23:00:00,71.417904,133.222945,0.128772,158.622674,223.468026,1.0,1200.013126,1200.013126,1.0,1646.343212,1646.343212,57.522868,142.835808,0.016539
Analog,2024-08-07 23:00:00,204.816337,381.266303,0.308719,533.319605,721.899429,0.595,838.413623,2597.427832,0.743333,1127.306124,3091.691522,112.327095,409.632674,0.016049
Analog,2024-08-08 23:00:00,133.145016,247.59107,0.08314,366.920657,442.337556,0.873333,1519.34556,1687.934249,0.936667,1975.43881,2085.462474,66.098471,266.290032,0.016642
Analog,2024-08-09 23:00:00,199.351558,370.660387,0.34007,548.56593,686.525246,0.626667,1704.559674,2374.928208,0.776667,2387.286226,2977.815909,111.131928,398.703116,0.016105
Analog,2024-08-10 23:00:00,62.800366,117.101283,0.15807,136.441813,191.114697,0.986667,1017.389891,1020.440099,1.0,1412.783002,1412.783002,46.91151,125.600732,0.017092
Analog,2024-08-11 23:00:00,149.022546,277.190362,0.130649,422.414659,607.293828,0.771667,864.384914,1455.011717,0.913333,1159.389935,1811.504887,54.074395,298.045092,0.015855
Analog,2024-08-12 23:00:00,105.825785,196.869784,0.283491,289.370693,338.998081,0.908333,1322.899386,1360.598972,0.985,1764.605078,1770.484027,74.666548,211.65157,0.014287
Analog,2024-08-13 23:00:00,101.246946,188.233995,0.155,271.304993,481.658625,0.893333,989.541796,1190.369654,0.956667,1369.331601,1478.28156,38.460397,202.493892,0.016933
Analog,2024-08-14 23:00:00,81.952887,152.727059,0.150333,190.12319,286.266525,0.993333,1298.10015,1299.902547,0.998333,1728.756497,1729.42649,63.458934,163.905775,0.016008
Analog,2024-08-15 23:00:00,143.180248,266.677251,0.186702,413.646104,581.145165,0.891667,1201.163725,1558.548442,0.941667,1596.626812,2009.788023,55.958648,286.360495,0.014181
Analog,2024-08-16 23:00:00,136.276516,253.436213,0.306421,374.401182,461.4368,0.906667,1512.590776,1648.180463,0.955,2044.067163,2177.432635,88.389694,272.553032,0.015765
Analog,2024-08-17 23:00:00,82.431971,153.366862,0.235702,202.074646,244.351681,0.973333,1225.122895,1228.936366,1.0,1634.48013,1634.48013,65.385475,164.863942,0.01631
Analog,2024-08-18 23:00:00,62.680071,116.807489,0.139579,153.674307,234.996729,0.99,885.048958,893.845173,0.998333,1201.354251,1201.527992,35.476622,125.360142,0.016634
Analog,2024-08-19 23:00:00,97.256378,180.793831,0.284175,265.372722,332.901883,0.698333,836.065107,1070.317008,0.835,1104.903317,1300.870241,46.411726,194.512756,0.015499
Analog,2024-08-20 23:00:00,69.029064,128.467332,0.179123,170.087478,278.389218,0.933333,939.20215,979.749762,0.978333,1288.114217,1310.556972,49.579219,138.058127,0.01545
Analog,2024-08-21 23:00:00,58.562033,109.195165,0.239333,164.202521,248.242551,0.918333,625.048492,704.367374,0.978333,942.151577,973.026256,25.43997,117.124065,0.015728
Analog,2024-08-22 23:00:00,42.15943,78.38605,0.177123,106.82841,150.481185,0.886667,517.898062,557.617895,0.95,703.032461,730.601456,30.383286,84.318861,0.01671
Analog,2024-08-23 23:00:00,24.812188,46.27142,0.129474,55.948327,77.69998,0.915,381.697399,410.248274,0.955,567.089919,594.382332,21.318352,49.624377,0.015379
Analog,2024-08-24 23:00:00,35.027729,65.173011,0.216684,94.013527,140.221387,0.54,191.11025,414.154254,0.808333,277.881852,439.271264,14.981171,70.055457,0.014549
Analog,2024-08-25 23:00:00,26.122168,48.681395,0.091421,69.485459,100.504982,0.96,345.451165,356.204714,0.99,474.994842,479.102626,16.724233,52.244336,0.015689
Analog,2024-08-26 23:00:00,42.535199,79.21181,0.256211,118.698055,170.848827,0.781667,295.651042,492.279081,0.856667,393.478907,560.250571,16.175993,85.070397,0.016915
Analog,2024-08-27 23:00:00,36.196453,67.343201,0.123491,98.65008,132.805859,0.875,391.877937,442.163068,0.973333,535.371389,550.823247,17.359412,72.392905,0.016565
Analog,2024-08-28 23:00:00,81.345815,151.477439,0.251316,219.365427,324.297268,0.636667,396.63263,965.203492,0.8,544.125577,1062.847875,34.990791,162.691629,0.015429
Analog,2024-08-29 23:00:00,80.560537,149.825871,0.11714,211.490948,324.200218,0.806667,661.837734,941.343452,0.91,908.85572,1048.487092,33.114061,161.121073,0.016843
Analog,2024-08-30 23:00:00,62.157562,115.736017,0.215105,165.200154,218.925641,0.901667,794.746961,836.578288,0.978333,1102.70246,1135.75546,41.062031,124.315125,0.016031
Analog,2024-08-31 23:00:00,61.919778,115.371194,0.254211,158.235777,204.18893,0.885,813.124181,877.417482,0.966667,1153.592159,1187.936225,41.839081,123.839556,0.016125
Analog,2024-09-01 23:00:00,67.026352,124.796994,0.216965,188.868577,333.375416,0.89,561.933059,669.736816,0.971667,844.080366,870.636117,19.623629,134.052705,0.017733
Analog,2024-09-02 23:00:00,47.640201,88.67293,0.130175,115.261496,205.966974,0.986667,666.61057,676.325834,1.0,889.138337,889.138337,29.899708,95.280403,0.01417
Analog,2024-09-03 23:00:00,47.62659,88.715054,0.191491,111.457469,172.468043,0.983333,735.852123,737.986741,1.0,1042.204149,1042.204149,38.203272,95.25318,0.01568
Analog,2024-09-04 23:00:00,33.405842,62.253598,0.128456,75.156859,114.490377,1.0,570.47699,570.47699,1.0,799.920131,799.920131,26.985559,66.811685,0.013699
Analog,2024-09-05 23:00:00,21.167789,39.454063,0.170965,52.08906,60.665346,0.95,310.020795,318.629814,0.993333,444.561148,445.708127,13.291095,42.335578,0.017076
Analog,2024-09-06 23:00:00,22.491276,42.020083,0.316018,57.194486,96.964598,0.51,116.786476,315.468775,0.653333,158.463284,422.973102,14.198848,44.982552,0.016205
Analog,2024-09-07 23:00:00,74.027799,141.208858,0.252035,172.621123,227.773106,0.373333,222.900296,1180.807712,0.455,319.315567,1893.037724,25.065907,148.055599,0.015056
Analog,2024-09-08 23:00:00,39.352507,73.291963,0.107123,95.437895,142.917694,0.941667,568.285331,584.686013,0.983333,790.935998,795.882828,30.499643,78.705014,0.015381
Analog,2024-09-09 23:00:00,28.853008,53.75979,0.215807,72.963534,83.804104,0.938333,386.110891,398.170217,0.993333,547.186068,548.283231,16.604359,57.706015,0.015804
Analog,2024-09-10 23:00:00,43.642559,82.687927,0.314246,107.713363,177.712065,0.601667,117.734852,632.256606,0.748333,157.316203,976.418548,40.965463,87.285118,0.015616
Analog,2024-09-11 23:00:00,46.856176,87.732985,0.185053,121.131646,234.68884,0.836667,289.210222,642.722843,0.898333,391.061699,910.846852,34.645234,93.712352,0.014851
Analog,2024-09-12 23:00:00,83.815649,156.913788,0.159386,207.013159,405.88132,0.861667,504.117875,1188.209395,0.891667,688.958808,1639.290497,63.278833,167.631298,0.015051
Analog,2024-09-13 23:00:00,82.899921,154.395919,0.211018,213.609355,332.118136,0.828333,880.85401,1121.869185,0.876667,1195.484114,1461.281373,52.422524,165.799843,0.015765
Analog,2024-09-14 23:00:00,49.603508,92.416651,0.268439,125.350799,161.811429,0.831667,591.287516,697.857249,0.921667,860.038078,943.079595,36.254261,99.207017,0.017984
Analog,2024-09-15 23:00:00,26.607521,49.539825,0.266982,68.107495,81.222489,0.746667,305.442074,366.426247,0.866667,427.913767,485.507345,16.599237,53.215042,0.016444
Analog,2024-09-16 23:00:00,35.881388,67.395648,0.234544,89.989794,174.78412,0.713333,176.45081,491.969037,0.825,239.353941,681.629337,25.723608,71.762775,0.01558
Analog,2024-09-17 23:00:00,61.910754,116.753586,0.223351,151.91204,309.104195,0.765,311.93741,923.549094,0.85,416.275268,1409.413529,56.977794,123.821509,0.017824
Analog,2024-09-18 23:00:00,48.252415,89.890854,0.209754,130.039067,194.248722,0.925,600.673073,624.745259,0.98,838.015554,849.803068,25.726283,96.50483,0.015727
Analog,2024-09-19 23:00:00,69.023755,128.483476,0.233211,191.228322,243.774589,0.828333,593.025791,792.045355,0.933333,846.11683,992.582256,29.297102,138.047509,0.015468
Analog,2024-09-20 23:00:00,90.534703,168.816409,0.362544,236.985501,295.967358,0.47,647.341598,1126.234614,0.68,879.464083,1396.400145,42.34494,181.069405,0.014411
Analog,2024-09-21 23:00:00,33.063002,61.703387,0.147421,79.036511,99.383134,0.828333,430.457341,490.185955,0.908333,654.460255,709.750068,22.143161,66.126005,0.015764
Analog,2024-09-22 23:00:00,42.674654,79.489678,0.106228,116.287781,168.53385,0.706667,279.550696,496.441396,0.833333,376.80237,592.777338,19.168942,85.349309,0.015939
Analog,2024-09-23 23:00:00,31.586719,58.792467,0.145842,87.603556,139.846977,0.943333,368.239808,395.052251,0.978333,496.65943,507.373714,14.777432,63.173438,0.014236
Analog,2024-09-24 23:00:00,35.13196,65.458498,0.175474,82.121241,106.411627,0.881667,457.870478,516.543875,0.938333,632.237423,681.996685,22.57895,70.263919,0.014548
Analog,2024-09-25 23:00:00,48.960471,91.131689,0.196544,127.521442,235.394395,0.895,392.506815,629.754481,0.948333,533.909386,744.286322,23.075014,97.920943,0.015052
Analog,2024-09-26 23:00:00,46.336281,86.213672,0.165684,123.316419,153.432072,0.86,518.194106,585.445762,0.933333,706.065606,735.454645,24.934052,92.672562,0.014706
Analog,2024-09-27 23:00:00,36.585254,68.12726,0.168667,93.635288,114.716895,0.84,422.895132,495.455657,0.905,569.963575,643.201624,22.727226,73.170508,0.015401
Analog,2024-09-28 23:00:00,55.725257,104.935981,0.365684,133.534637,156.600553,0.428333,288.467474,843.237461,0.521667,405.564952,1266.061198,20.169168,111.450514,0.014088
Analog,2024-09-29 23:00:00,29.325513,54.676703,0.210158,78.434207,115.444868,0.971667,370.406491,396.599669,0.99,523.460401,544.255112,14.089752,58.651026,0.016933
Analog,2024-09-30 23:00:00,41.036937,76.688706,0.264088,107.333578,130.034339,0.545,291.689554,518.226132,0.661667,404.228829,692.946832,18.505535,82.073874,0.016245
Analog,2024-10-01 23:00:00,78.140076,145.491328,0.412842,209.528828,291.379616,0.386667,266.649691,894.788803,0.686667,391.89194,905.403214,28.277611,156.280151,0.015894
Analog,2024-10-02 23:00:00,59.197686,110.045759,0.239526,174.925375,248.736046,0.863333,450.058766,566.740072,0.965,592.712949,663.321298,15.829948,118.395373,0.016475
Analog,2024-10-03 23:00:00,68.888534,128.206544,0.209965,185.715918,273.143231,0.808333,572.225619,789.294818,0.935,812.475731,952.81726,27.351632,137.777068,0.015859
Analog,2024-10-04 23:00:00,57.721993,107.477544,0.128526,153.213899,188.260763,0.911667,757.160733,786.174315,0.978333,1031.883604,1039.406231,37.060151,115.443986,0.015441
Analog,2024-10-05 23:00:00,112.747644,209.525932,0.385263,310.848347,366.954004,0.413333,835.851648,1270.412796,0.721667,1108.823587,1401.480478,55.314892,225.495289,0.015886
Analog,2024-10-06 23:00:00,78.577554,146.182714,0.179,227.537084,292.836799,0.87,637.946671,861.312504,0.938333,853.275319,1012.798569,28.594087,157.155108,0.016327
Analog,2024-10-07 23:00:00,64.639853,120.250097,0.214105,177.128985,221.229337,0.795,656.093083,769.391729,0.886667,878.150721,968.689147,35.611754,129.279706,0.015974
Analog,2024-10-08 23:00:00,49.740874,92.70299,0.159088,122.382522,172.944767,0.876667,635.120367,702.40891,0.933333,859.537544,928.741637,30.338335,99.481747,0.013993
Analog,2024-10-09 23:00:00,48.868825,90.973804,0.217439,118.484738,152.243117,0.918333,663.203398,687.084509,0.968333,894.692771,905.046248,36.413035,97.737649,0.016059
Analog,2024-10-10 23:00:00,49.243857,91.655099,0.17786,131.38375,212.615327,0.94,603.978363,636.023126,0.985,806.966928,815.978825,29.829389,98.487713,0.016472
Analog,2024-10-11 23:00:00,42.104576,78.397979,0.287211,106.262078,135.780091,0.823333,543.26704,579.931705,0.951667,748.894961,767.096967,31.218431,84.209152,0.016201
Analog,2024-10-12 23:00:00,74.124537,138.113602,0.116912,199.866691,271.106889,0.648333,509.848731,935.677004,0.741667,719.40269,1147.89502,26.402731,148.249075,0.01971
Analog,2024-10-13 23:00:00,45.037393,84.036261,0.185,102.703551,126.011175,0.94,696.323935,708.151215,0.998333,975.876919,976.63663,31.787159,90.074785,0.015095
Analog,2024-10-14 23:00:00,55.350472,103.09244,0.195439,154.357775,215.750461,0.95,612.390259,628.83031,1.0,821.265458,821.265458,22.974988,110.700944,0.015532
Analog,2024-10-15 23:00:00,42.934673,79.984724,0.146667,100.421807,155.065201,0.946667,612.269587,656.343169,0.968333,845.179833,886.956257,33.302258,85.869346,0.017101
Analog,2024-10-16 23:00:00,35.870151,66.888869,0.165544,83.25944,121.785248,0.875,487.367557,558.079061,0.926667,692.62785,772.42763,27.007857,71.740302,0.014823
Analog,2024-10-17 23:00:00,46.63382,86.802166,0.220895,125.835524,190.04287,0.583333,289.69021,531.513437,0.79,402.695964,570.281047,16.674303,93.26764,0.017221
Analog,2024-10-18 23:00:00,46.773763,87.230376,0.333596,122.906242,157.296277,0.593333,410.346199,606.268742,0.775,557.316653,791.222661,25.367676,93.547525,0.016316
Analog,2024-10-19 23:00:00,53.00701,99.019774,0.387772,129.883694,147.046747,0.325,325.650866,758.029361,0.593333,452.891027,914.308089,22.115038,106.01402,0.016118
Analog,2024-10-20 23:00:00,20.84561,38.884485,0.161632,50.549075,64.490681,0.958333,301.267613,327.785362,0.98,428.399306,455.831084,14.24686,41.69122,0.015213
Analog,2024-10-21 23:00:00,21.069253,39.20806,0.288421,60.905565,74.061234,0.788333,164.101722,214.600029,0.925,229.534879,258.407203,6.12514,42.138506,0.017536
Analog,2024-10-22 23:00:00,21.46743,40.018886,0.153877,55.420938,75.4926,0.765,157.839131,279.190413,0.858333,216.775143,335.640882,11.498346,42.93486,0.014583
Analog,2024-10-23 23:00:00,55.174601,103.997116,0.276439,141.476876,238.609032,0.76,212.238332,760.995832,0.831667,288.237463,1064.097656,42.338947,110.349203,0.015303
Analog,2024-10-24 23:00:00,26.702967,49.710469,0.123228,62.267939,85.465968,0.98,399.393596,403.235618,0.995,522.070048,524.487194,20.221849,53.405934,0.016114
Analog,2024-10-25 23:00:00,29.546011,55.074215,0.141754,78.426388,126.70163,0.836667,278.732658,371.214197,0.925,405.082892,493.803154,16.340505,59.092022,0.01628
Analog,2024-10-26 23:00:00,75.933915,144.446107,0.455351,179.173753,197.710946,0.188333,302.53047,1200.883051,0.306667,417.460681,1910.783122,23.987137,151.86783,0.01421
Analog,2024-10-27 23:00:00,23.853304,44.536249,0.160035,44.14866,57.82225,0.911667,415.218385,427.245551,0.975,583.231957,587.540088,16.953252,47.706608,0.016753
Analog,2024-10-28 23:00:00,18.361681,34.195164,0.117474,44.699472,60.202727,0.99,256.021354,257.400936,1.0,345.135568,345.135568,12.503855,36.723362,0.01654
Analog,2024-10-29 23:00:00,45.60892,86.045295,0.374158,112.050437,178.904244,0.438333,122.524999,674.337735,0.593333,169.596377,1010.360107,36.485814,91.21784,0.014782
Analog,2024-10-30 23:00:00,22.734693,42.423608,0.13314,51.985757,66.89342,0.945,316.875426,341.319254,0.98,441.840704,463.468483,14.974938,45.469386,0.014035
Analog,2024-10-31 23:00:00,25.852505,48.180068,0.176579,69.298789,87.970608,0.82,245.618104,321.04477,0.923333,338.126958,403.934242,12.335883,51.70501,0.016421
Analog,2024-11-01 23:00:00,26.275508,49.031383,0.153842,67.362511,86.994789,0.596667,165.471595,339.987502,0.716667,232.670358,425.689277,11.388467,52.551017,0.015559
Analog,2024-11-02 23:00:00,44.964208,83.769766,0.324684,111.340604,127.489647,0.326667,222.15083,628.543519,0.556667,322.189462,729.268454,14.774634,89.928415,0.017162
Analog,2024-11-03 23:00:00,19.796617,36.895398,0.149877,46.582086,73.034661,0.971667,288.218305,291.990866,0.983333,396.73316,399.014216,13.309949,39.593235,0.014613
Analog,2024-11-04 23:00:00,23.33184,43.449962,0.181088,65.032333,89.658222,0.918333,243.456558,270.784748,0.968333,331.634654,348.558221,9.357441,46.66368,0.014344
Analog,2024-11-05 23:00:00,28.164222,52.364098,0.226228,75.1291,98.127323,0.74,257.337531,347.760577,0.87,349.283224,428.340012,15.309725,56.328445,0.016679
Analog,2024-11-06 23:00:00,40.725859,76.006107,0.321579,109.587554,146.04621,0.58,190.518556,473.620124,0.763333,281.3327,613.071758,19.850425,81.451718,0.014999
Analog,2024-11-07 23:00:00,89.500099,169.75056,0.216737,214.555724,354.525702,0.65,274.852893,1374.988122,0.723333,363.117058,2134.97364,87.111959,179.000198,0.015875
Analog,2024-11-08 23:00:00,136.920107,260.412466,0.392877,333.066256,457.390959,0.343333,657.94169,2059.73723,0.571667,871.301292,3212.204822,127.439787,273.840213,0.015516
Analog,2024-11-09 23:00:00,61.212063,113.904325,0.213561,157.907592,217.934977,0.946667,833.685511,886.597448,0.971667,1163.595947,1218.622906,44.842318,122.424126,0.014053
Analog,2024-11-10 23:00:00,147.51679,276.101644,0.208684,363.857081,595.980049,0.625,708.302003,2097.941991,0.708333,949.864869,2604.548774,103.342519,295.03358,0.015476
Analog,2024-11-11 23:00:00,98.527264,183.222995,0.216246,243.7459,356.850681,0.798333,1097.84233,1281.864962,0.908333,1424.530999,1551.374417,62.472657,197.054528,0.01492
Analog,2024-11-12 23:00:00,68.358856,127.308017,0.247965,189.123812,234.493651,0.893333,769.905226,827.672979,0.981667,1111.913625,1127.163076,30.31506,136.717712,0.015244
Analog,2024-11-13 23:00:00,40.565126,75.4572,0.139491,104.289937,148.178744,0.898333,499.521159,533.131096,0.985,682.411547,688.531823,27.414528,81.130252,0.014092
Analog,2024-11-14 23:00:00,27.490848,51.213958,0.261351,72.476282,84.038234,0.773333,323.475204,364.949698,0.928333,487.369542,508.949078,14.185459,54.981696,0.015617
Analog,2024-11-15 23:00:00,48.916917,93.340933,0.263526,113.487624,130.876941,0.375,175.407773,803.198343,0.435,239.724262,1304.309715,41.008852,97.833834,0.015533
Analog,2024-11-16 23:00:00,51.285702,95.467556,0.310737,130.435237,148.944103,0.426667,304.457153,665.518024,0.726667,433.144918,696.178733,19.601835,102.571403,0.016051
Analog,2024-11-17 23:00:00,31.965851,59.567548,0.217123,81.39695,105.046446,0.74,379.764098,439.260927,0.86,520.00656,568.414103,19.527731,63.931701,0.015129
Analog,2024-11-18 23:00:00,73.86376,138.325504,0.282702,191.581597,250.514976,0.511667,286.626523,949.544872,0.673333,386.582271,1152.233807,42.853418,147.727519,0.01294
Analog,2024-11-19 23:00:00,39.602329,73.715675,0.10007,101.873767,121.701518,0.898333,484.835583,525.662466,0.961667,654.331741,684.085228,24.252494,79.204657,0.015054
Analog,2024-11-20 23:00:00,28.857605,53.776122,0.198474,75.641714,86.542101,0.808333,294.004384,372.555989,0.906667,415.933617,468.382094,14.024673,57.71521,0.013154
Analog,2024-11-21 23:00:00,17.918606,33.356213,0.13693,49.833251,57.778887,0.735,130.093011,200.590439,0.86,181.931252,246.537622,7.37165,35.837212,0.013701
Analog,2024-11-22 23:00:00,59.847443,114.465111,0.289965,139.325853,215.130383,0.386667,139.237598,960.468819,0.485,196.97388,1556.381413,58.2237,119.694886,0.014266
Analog,2024-11-23 23:00:00,45.496873,84.730296,0.290754,117.991384,144.861402,0.528333,396.616769,573.292553,0.768333,583.387464,705.096427,24.382595,90.993747,0.013613
Analog,2024-11-24 23:00:00,34.65978,64.523384,0.122719,84.518708,106.815587,0.926667,471.647356,501.251546,0.981667,709.966435,721.740857,22.717316,69.319559,0.015389
Analog,2024-11-25 23:00:00,21.419191,39.913537,0.174965,56.647129,71.417418,0.95,268.430211,278.193956,0.986667,368.880254,373.729196,10.026626,42.838382,0.016214
Analog,2024-11-26 23:00:00,39.751605,73.976742,0.409579,114.679576,128.583128,0.468333,187.331431,385.845871,0.73,258.961345,409.043895,10.707478,79.50321,0.015725
Analog,2024-11-27 23:00:00,136.608541,259.792866,0.356807,324.63088,396.915864,0.303333,245.654844,2131.250723,0.396667,322.860041,3359.133512,145.255645,273.217081,0.014995
Analog,2024-11-28 23:00:00,58.523258,108.922573,0.216456,144.52328,176.314578,0.708333,654.133672,785.429445,0.893333,881.92053,941.801944,34.820022,117.046516,0.015047
Analog,2024-11-29 23:00:00,38.027323,71.0989,0.162404,80.757306,118.921994,0.991667,667.01078,669.362037,0.995,1006.633061,1007.633892,29.330825,76.054645,0.015099
Analog,2024-11-30 23:00:00,62.779476,116.904357,0.335579,166.050357,196.451759,0.55,486.122679,781.944948,0.746667,665.114874,993.952592,29.955531,125.558951,0.015782
Analog,2024-12-01 23:00:00,33.434975,62.465447,0.131877,74.477515,111.531223,0.875,497.15018,533.030095,0.965,718.861759,729.822213,22.299204,66.869949,0.017849
Analog,2024-12-02 23:00:00,27.168801,50.650491,0.133509,63.276741,102.335717,0.988333,393.656984,406.036169,0.993333,538.353174,552.067707,19.818608,54.337602,0.015648
Analog,2024-12-03 23:00:00,48.371247,90.052969,0.306281,133.328339,163.882319,0.585,289.933667,533.409753,0.795,398.844567,599.37319,16.084868,96.742495,0.016121
Analog,2024-12-04 23:00:00,26.788435,49.853219,0.128281,64.896337,101.012784,0.955,346.671997,380.51634,0.97,481.038316,523.587691,17.363061,53.57687,0.016089
Analog,2024-12-05 23:00:00,28.125254,52.41953,0.157351,71.769885,95.916944,0.925,351.536866,380.962966,0.985,491.536511,504.418267,16.199835,56.250507,0.016393
Analog,2024-12-06 23:00:00,54.538994,102.29029,0.152509,137.753788,216.356523,0.605,215.09071,753.197742,0.71,303.938482,1025.31116,38.77648,109.077987,0.015673
Analog,2024-12-07 23:00:00,45.956005,85.55985,0.333333,117.646763,134.702377,0.443333,433.396219,585.273695,0.671667,585.929664,718.63617,25.646461,91.912011,0.016371
Analog,2024-12-08 23:00:00,38.780809,72.389631,0.119491,105.177021,145.811275,0.893333,388.036067,488.728469,0.945,560.389289,660.090237,18.832812,77.561617,0.016462
Analog,2024-12-09 23:00:00,50.381107,94.177778,0.164333,125.55531,176.389995,0.755,347.266186,683.151404,0.833333,472.245353,852.58598,30.170719,100.762214,0.014961
Analog,2024-12-10 23:00:00,40.917204,76.258439,0.148491,106.326629,142.32943,0.9,464.270806,550.189589,0.946667,666.549922,738.849388,26.424445,81.834407,0.016577
Analog,2024-12-11 23:00:00,54.789729,102.3355,0.302105,145.02272,178.487373,0.583333,403.393649,675.990081,0.723333,560.194313,877.795789,23.450673,109.579458,0.015814
Analog,2024-12-12 23:00:00,31.576464,58.834763,0.164825,85.022176,128.235132,0.838333,293.951095,389.018057,0.93,423.430363,502.127182,14.234304,63.152929,0.01598
Analog,2024-12-13 23:00:00,17.879654,33.313945,0.10293,41.329451,53.105658,0.956667,271.421776,278.017396,0.991667,374.424828,377.010542,13.908977,35.759308,0.015926
Analog,2024-12-14 23:00:00,21.686493,40.424967,0.214404,55.761312,75.950293,0.833333,210.769557,299.637018,0.901667,293.686559,397.840517,11.969963,43.372986,0.015821
Analog,2024-12-15 23:00:00,31.058068,57.893746,0.202368,84.733023,123.045777,0.763333,214.075026,384.091256,0.868333,313.819284,472.68078,13.887676,62.116136,0.015731
Analog,2024-12-16 23:00:00,37.920845,71.505483,0.145439,87.687914,126.243439,0.788333,293.11278,600.469855,0.835,398.862067,892.948829,35.583051,75.84169,0.014296
Analog,2024-12-17 23:00:00,30.834739,57.406687,0.186947,83.988182,107.886616,0.861667,314.511849,370.724502,0.948333,438.473373,473.982687,14.314015,61.669477,0.016836
Analog,2024-12-18 23:00:00,32.216505,60.001582,0.20093,81.64516,99.905886,0.688333,310.454695,420.457993,0.815,455.194803,547.980818,18.339465,64.433011,0.016768
Analog,2024-12-19 23:00:00,21.687168,40.420543,0.158105,53.955561,78.888578,0.863333,241.366184,315.410648,0.92,343.920805,410.503915,12.991139,43.374335,0.014532
Analog,2024-12-20 23:00:00,16.146008,30.19948,0.165912,40.439124,56.220591,0.785,166.881742,231.479886,0.856667,234.526555,308.820001,7.974979,32.292016,0.015007
Analog,2024-12-21 23:00:00,37.941678,71.863171,0.337561,90.524583,117.469386,0.446667,187.427447,591.90161,0.535,258.633645,937.475396,12.871726,75.883356,0.013933
Analog,2024-12-22 23:00:00,23.062994,43.081583,0.205965,50.121294,62.427984,0.86,305.87173,383.877775,0.885,445.640803,551.743206,14.403222,46.125987,0.015971
Analog,2024-12-23 23:00:00,23.153121,43.156362,0.08286,59.879575,72.269989,0.79,224.002527,296.242736,0.905,306.550019,380.805965,11.684555,46.306241,0.015297
Analog,2024-12-24 23:00:00,54.516586,103.164495,0.152737,122.769664,190.419731,0.605,197.963969,920.673856,0.676667,290.388595,1404.532868,14.294452,109.033173,0.015404
Analog,2024-12-25 23:00:00,31.959163,59.636465,0.163667,64.713851,82.416996,0.976667,532.613058,545.507314,0.995,774.162577,776.337322,23.467891,63.918327,0.0145
Analog,2024-12-26 23:00:00,32.447963,60.458763,0.164596,84.350172,105.201506,0.915,381.838158,424.792519,0.966667,528.870665,569.257519,15.657096,64.895927,0.016537
Analog,2024-12-27 23:00:00,29.399268,54.728158,0.188807,75.823781,93.019185,0.755,269.412898,393.108319,0.905,387.710815,467.57877,14.694191,58.798536,0.013887
Analog,2024-12-28 23:00:00,52.785344,98.863256,0.393807,132.842087,150.894837,0.401667,290.813606,752.022897,0.535,415.701504,1094.873303,20.195299,105.570687,0.016046
Analog,2024-12-29 23:00:00,37.780782,71.000419,0.238947,91.008023,125.882379,0.748333,305.421294,580.131857,0.815,452.920244,846.69892,17.89547,75.561564,0.014405
Analog,2024-12-30 23:00:00,30.903582,57.606739,0.188789,79.176444,92.908016,0.853333,317.144817,400.639242,0.913333,440.899926,519.57908,15.355977,61.807164,0.018978
Analog,2024-12-31 23:00:00,65.957042,123.571149,0.122982,164.360899,202.716274,0.573333,296.967709,997.613282,0.643333,417.421578,1521.368212,23.661302,131.914085,0.016849
Analog,2025-01-01 23:00:00,41.366965,77.139271,0.176281,100.499348,114.512228,0.861667,546.958585,595.972917,0.925,797.674637,835.82529,24.085592,82.733929,0.017184
Analog,2025-01-02 23:00:00,37.239325,69.414055,0.212123,94.09051,110.049661,0.891667,455.910731,503.741401,0.95,630.097919,660.67018,18.52253,74.478649,0.014234
Analog,2025-01-03 23:00:00,24.176719,45.222213,0.258386,59.605741,67.914246,0.8,214.277846,353.075493,0.838333,297.389505,495.334469,17.24956,48.353439,0.017721
Analog,2025-01-04 23:00:00,46.189054,88.438296,0.138404,107.443623,169.20151,0.575,154.261993,742.949547,0.653333,207.46372,1214.339225,15.636033,92.378109,0.01623
Analog,2025-01-05 23:00:00,54.311744,101.153555,0.320193,151.937008,179.942643,0.68,466.294789,640.923148,0.838333,648.354401,828.092357,22.932532,108.623489,0.016798
Analog,2025-01-06 23:00:00,42.625159,79.350093,0.254386,123.953808,152.229593,0.93,487.033382,514.037111,0.975,662.611505,687.098811,17.885707,85.250318,0.015604
Analog,2025-01-07 23:00:00,49.507931,92.095368,0.35093,144.534502,158.622873,0.715,359.884349,464.483396,0.915,497.5825,540.442503,11.372253,99.015863,0.015861
Analog,2025-01-08 23:00:00,89.639163,167.40573,0.279912,230.719711,310.013952,0.583333,356.093578,1175.381241,0.696667,498.019409,1442.821527,52.351916,179.278326,0.018764
Analog,2025-01-09 23:00:00,80.37577,149.786617,0.263281,202.537362,273.779162,0.561667,613.992293,1105.170454,0.688333,879.550815,1438.426549,48.117528,160.751541,0.017476
Analog,2025-01-10 23:00:00,60.123793,112.09293,0.147877,152.846948,200.547634,0.846667,671.182302,820.21607,0.916667,932.100718,1099.613511,39.492715,120.247585,0.015937
Analog,2025-01-11 23:00:00,80.454098,150.562787,0.263298,211.944356,278.68871,0.676667,456.752433,1017.288779,0.796667,655.682643,1375.008835,43.41477,160.908197,0.016493
Analog,2025-01-12 23:00:00,62.184123,115.795021,0.176193,160.915004,194.073859,0.785,650.766334,832.982411,0.858333,921.233251,1106.74492,37.391379,124.368247,0.014719
Analog,2025-01-13 23:00:00,64.698661,120.592129,0.189316,178.217725,231.156268,0.82,487.189763,728.610992,0.92,691.03047,945.626349,28.505586,129.397322,0.016625
Analog,2025-01-14 23:00:00,67.108147,124.854753,0.336579,183.135259,216.887131,0.626667,592.869806,778.134305,0.813333,801.90471,967.828632,33.895519,134.216294,0.015876
Analog,2025-01-15 23:00:00,64.727903,120.817325,0.222474,187.368813,234.991054,0.736667,402.997019,731.571038,0.87,553.044437,921.438757,28.141311,129.455807,0.014778
Analog,2025-01-16 23:00:00,74.223358,138.4784,0.126842,210.074664,323.209731,0.876667,524.919473,747.757915,0.958333,717.901027,901.920249,27.984143,148.446716,0.016292
Analog,2025-01-17 23:00:00,122.560015,228.050145,0.208895,343.137749,434.903779,0.638333,756.288765,1325.225443,0.801667,1053.129463,1442.924623,36.597663,245.120031,0.015509
Analog,2025-01-18 23:00:00,129.069874,241.296137,0.204421,317.075966,348.510463,0.675,1109.786538,1873.541829,0.795,1546.339175,2454.263509,91.571348,258.139749,0.016991
Analog,2025-01-19 23:00:00,95.117348,177.371287,0.261474,251.237489,284.956055,0.796667,872.33777,1153.519859,0.918333,1182.989998,1461.407111,41.449529,190.234697,0.015796
Analog,2025-01-20 23:00:00,66.604866,123.917333,0.25686,177.591171,219.911285,0.801667,569.790639,750.656441,0.92,757.206219,850.285433,21.772939,133.209732,0.015983
Analog,2025-01-21 23:00:00,125.199267,235.716894,0.390175,303.795174,369.512285,0.321667,558.888332,1867.832781,0.385,781.560922,2725.853626,42.018892,250.398534,0.015948
Analog,2025-01-22 23:00:00,156.401181,291.145903,0.417123,396.943969,433.207713,0.326667,585.617446,2090.298662,0.505,838.856207,2304.614519,40.507935,312.802361,0.015863
Analog,2025-01-23 23:00:00,71.771071,133.864111,0.133737,175.329358,203.084068,0.895,1019.33516,1088.498546,0.968333,1481.125201,1506.459403,47.927937,143.542142,0.015639
Analog,2025-01-24 23:00:00,68.421703,127.388344,0.322439,176.364426,198.760719,0.546667,571.944799,898.364063,0.72,801.828594,1096.413091,34.650894,136.843406,0.014512
Analog,2025-01-25 23:00:00,37.723304,70.367171,0.205544,99.788449,119.519876,0.973333,548.532363,558.70805,0.995,796.248426,797.964549,23.509745,75.446608,0.015227
Analog,2025-01-26 23:00:00,48.437564,90.379216,0.123368,127.385599,165.853073,0.865,515.51896,626.968936,0.943333,713.645718,829.359405,23.556321,96.875127,0.015829
Analog,2025-01-27 23:00:00,59.377621,110.409847,0.13814,153.202238,221.629904,0.895,560.240862,788.555179,0.928333,754.754797,955.467013,30.305195,118.755242,0.014754
Analog,2025-01-28 23:00:00,61.776158,114.971278,0.138105,156.909956,188.811799,0.803333,630.334468,793.442608,0.933333,903.694262,1016.901623,36.21235,123.552316,0.0169
Analog,2025-01-29 23:00:00,66.776579,124.707512,0.135228,163.59305,259.991637,0.868333,625.413706,936.403292,0.92,889.585254,1281.071688,42.944494,133.553159,0.015411
Analog,2025-01-30 23:00:00,118.948327,221.539788,0.151561,322.145965,427.434303,0.766667,806.081289,1418.196512,0.855,1119.118085,1721.829182,56.243936,237.896655,0.013198
Analog,2025-01-31 23:00:00,146.330991,273.084665,0.282404,367.290801,481.228986,0.551667,1090.447851,2045.612585,0.678333,1543.9007,2581.561594,70.287982,292.661983,0.015452
Analog,2025-02-01 23:00:00,100.90245,187.800172,0.325947,275.725801,308.082365,0.755,907.403968,1178.369742,0.878333,1399.779014,1617.107098,51.066965,201.804901,0.017145
Analog,2025-02-02 23:00:00,41.347923,77.074229,0.16607,110.485797,147.968117,0.973333,504.121247,533.997471,0.993333,730.933159,746.226492,24.635593,82.695846,0.016354
Analog,2025-02-03 23:00:00,56.902031,105.794518,0.252509,165.93883,235.983058,0.781667,402.058404,520.237647,0.945,557.02689,618.679882,15.249877,113.804061,0.015176
Analog,2025-02-04 23:00:00,44.716982,83.315562,0.147684,119.246471,147.701787,0.85,521.549129,616.422612,0.903333,720.116138,819.08133,29.953464,89.433965,0.016424
Analog,2025-02-05 23:00:00,35.039723,65.296676,0.188614,94.007895,115.437651,0.756667,300.46016,435.172916,0.885,416.37,559.932675,18.251391,70.079446,0.014031
Analog,2025-02-06 23:00:00,20.467538,38.146474,0.146702,49.908533,62.047072,0.948333,284.787273,300.022934,0.988333,408.858101,424.44544,13.10506,40.935075,0.015844
Analog,2025-02-07 23:00:00,51.048546,97.322981,0.099158,124.760705,207.908324,0.723333,227.330418,735.002217,0.866667,313.105918,1160.78569,46.233108,102.097092,0.016258
Analog,2025-02-08 23:00:00,51.573078,96.070799,0.173,138.03498,183.195425,0.76,451.715952,655.616584,0.881667,638.222498,814.115991,27.560231,103.146157,0.015155
Analog,2025-02-09 23:00:00,153.958244,290.615162,0.253088,384.552957,489.767484,0.58,559.683116,2167.533234,0.703333,815.892977,3249.371374,127.379283,307.916489,0.015309
Analog,2025-02-10 23:00:00,82.403678,153.468845,0.16107,206.036897,297.123791,0.955,974.045831,1142.190143,0.976667,1350.204813,1493.14258,55.056778,164.807356,0.014449
Analog,2025-02-11 23:00:00,118.90191,221.131379,0.164211,322.328909,471.575618,0.706667,859.051626,1444.889703,0.855,1169.541176,1614.974314,53.925411,237.803819,0.015605
Analog,2025-02-12 23:00:00,100.937472,187.793612,0.139754,273.544506,340.927,0.685,1008.182739,1225.69528,0.895,1360.827554,1443.978458,50.113627,201.874943,0.01571
Analog,2025-02-13 23:00:00,65.095754,121.211279,0.212509,163.70472,211.30581,0.811667,735.860693,892.632398,0.905,996.342274,1138.753085,37.920779,130.191508,0.01386
Analog,2025-02-14 23:00:00,65.948989,123.006349,0.15586,178.491735,236.959511,0.745,594.855205,824.996563,0.873333,844.030702,1050.335393,31.431855,131.897978,0.017376
Analog,2025-02-15 23:00:00,93.30731,176.597911,0.285456,230.921776,330.846874,0.551667,510.138945,1379.086792,0.653333,732.578926,2118.732778,71.959337,186.61462,0.01469
Analog,2025-02-16 23:00:00,99.351454,184.512324,0.219088,258.691069,383.908208,0.83,710.556066,1308.213061,0.923333,998.112309,1785.091155,60.215749,198.702909,0.015558
Analog,2025-02-17 23:00:00,105.49579,196.404898,0.191649,284.011135,438.68046,0.76,780.324672,1295.235751,0.866667,1084.722609,1652.033273,51.953738,210.991579,0.016835
Analog,2025-02-18 23:00:00,120.858616,225.58065,0.117368,319.363851,508.169604,0.793333,735.943025,1470.000437,0.903333,1038.294435,1864.462726,65.31915,241.717232,0.015504
Analog,2025-02-19 23:00:00,129.541505,241.436443,0.164088,344.869636,466.501469,0.798333,1106.429988,1626.45738,0.885,1500.943858,2032.950417,64.561835,259.08301,0.01497
Analog,2025-02-20 23:00:00,77.916507,144.985077,0.159509,193.267519,246.852648,0.843333,922.164726,1066.758113,0.926667,1238.403269,1332.134296,41.731471,155.833015,0.017703
Analog,2025-02-21 23:00:00,57.345331,106.933186,0.265719,152.05032,190.4423,0.731667,517.749589,742.782636,0.771667,716.627886,982.85015,30.055319,114.690663,0.016232
Analog,2025-02-22 23:00:00,88.380906,164.935941,0.276123,233.440804,265.244932,0.435,456.300144,1042.524153,0.75,665.651831,1131.034784,27.604373,176.761812,0.016959
Analog,2025-02-23 23:00:00,62.030438,115.575002,0.234825,161.474498,214.642139,0.783333,718.272733,843.602968,0.903333,1027.539,1104.033196,39.284828,124.060875,0.01687
Analog,2025-02-24 23:00:00,31.438128,58.517817,0.065649,78.207472,91.778769,0.836667,399.358101,431.759316,0.945,569.25783,586.777152,21.039362,62.876256,0.015846
Analog,2025-02-25 23:00:00,48.371599,91.266644,0.15107,114.247528,217.876422,0.771667,234.077282,755.182328,0.825,327.235905,1170.319392,46.506991,96.743199,0.015579
Analog,2025-02-26 23:00:00,34.459369,64.223978,0.192895,85.14075,111.927163,0.84,445.315878,501.604018,0.91,627.786857,672.397219,21.430531,68.918739,0.014095
Analog,2025-02-27 23:00:00,34.493554,64.221426,0.139421,97.542034,132.404222,0.958333,408.2682,421.616402,0.99,562.537546,565.976343,16.732699,68.987107,0.014531
Analog,2025-02-28 23:00:00,53.468925,100.240319,0.195316,130.430014,168.442774,0.608333,308.811223,758.310698,0.68,412.883819,1028.151127,36.531171,106.93785,0.015166
Analog,2025-03-01 23:00:00,112.061759,212.632297,0.348333,259.276407,326.595302,0.358333,385.582328,1825.749644,0.503333,573.398725,2977.921078,31.313104,224.123518,0.014833
Analog,2025-03-02 23:00:00,55.918824,104.214608,0.178175,133.172608,160.798178,0.885,754.510996,854.301023,0.936667,1134.069219,1216.331003,33.164345,111.837648,0.017338
Analog,2025-03-03 23:00:00,52.244421,97.306454,0.155579,127.91476,216.093556,0.896667,527.236198,719.13312,0.938333,736.370177,915.479351,25.281942,104.488842,0.014537
Analog,2025-03-04 23:00:00,53.461447,99.708704,0.22607,141.294685,204.312769,0.771667,493.089524,669.820745,0.875,668.450201,847.263042,27.883725,106.922893,0.013623
Analog,2025-03-05 23:00:00,39.645603,74.3793,0.116053,97.232607,126.012948,0.79,358.835291,573.058505,0.876667,529.846385,816.948572,21.055212,79.291206,0.016654
Analog,2025-03-06 23:00:00,169.35848,322.661235,0.430877,394.234805,535.731864,0.238333,267.65985,2735.827146,0.375,376.136226,4429.41407,195.458687,338.71696,0.014056
Analog,2025-03-07 23:00:00,67.874248,126.418659,0.151684,167.929966,221.993234,0.89,869.804028,949.132092,0.963333,1225.594809,1300.50932,49.568084,135.748495,0.015663
Analog,2025-03-08 23:00:00,83.75597,156.771559,0.231509,210.210361,263.319152,0.716667,651.049228,1136.723579,0.851667,973.192153,1531.961383,40.00977,167.51194,0.015079
Analog,2025-03-09 23:00:00,63.447757,118.074113,0.178474,164.601675,219.06367,0.868333,726.382678,859.922334,0.935,1023.985129,1143.325126,39.016641,126.895514,0.016435
Analog,2025-03-10 23:00:00,28.860916,53.821783,0.137719,63.488783,90.974614,0.98,456.043461,463.902194,0.991667,622.251423,625.296651,20.548957,57.721831,0.014933
Analog,2025-03-11 23:00:00,42.462206,79.431725,0.273316,110.825283,171.604346,0.681667,211.329618,541.445091,0.8,287.585044,725.168063,26.486185,84.924412,0.015679
Analog,2025-03-12 23:00:00,101.412163,191.905521,0.280807,241.206926,333.847769,0.525,327.048986,1586.41644,0.631667,462.409559,2333.712175,98.764092,202.824325,0.014701
Analog,2025-03-13 23:00:00,68.157839,127.079674,0.175684,187.483285,245.43451,0.79,563.621848,844.694033,0.881667,831.793945,1119.279425,34.403367,136.315678,0.016222
Analog,2025-03-14 23:00:00,82.073243,153.653271,0.208982,216.551719,255.94659,0.548333,520.517867,1086.50531,0.638333,726.020179,1524.679134,28.293726,164.146486,0.014711
Analog,2025-03-15 23:00:00,105.766608,196.70508,0.320316,273.316939,316.386193,0.466667,714.590341,1455.426772,0.661667,1027.332045,1671.663439,47.767071,211.533215,0.015587
Analog,2025-03-16 23:00:00,103.398033,192.685198,0.342807,263.615901,308.002498,0.505,579.18163,1373.323696,0.625,827.852819,1745.776619,39.42601,206.796067,0.015024
Analog,2025-03-17 23:00:00,39.802872,74.281002,0.142667,81.935888,100.387322,0.85,606.436868,683.086835,0.915,896.779329,969.173475,31.525739,79.605743,0.016853
Analog,2025-03-18 23:00:00,81.004396,152.267377,0.322105,207.515006,291.702625,0.628333,341.714828,1107.801785,0.745,458.479608,1562.785421,59.075548,162.008793,0.016586
Analog,2025-03-19 23:00:00,40.34793,75.256114,0.209807,96.350653,129.77466,0.865,531.2646,613.189609,0.953333,770.34347,859.438727,31.373288,80.695861,0.014451
Analog,2025-03-20 23:00:00,31.000084,57.780894,0.156105,76.127143,90.40628,0.896667,380.654335,442.355773,0.951667,545.069897,617.191098,19.082569,62.000167,0.015967
Analog,2025-03-21 23:00:00,84.918152,159.514845,0.345491,212.091427,280.996039,0.41,248.32652,1189.116183,0.578333,354.803403,1556.635778,54.84408,169.836304,0.016866
Analog,2025-03-22 23:00:00,151.77212,284.635561,0.168632,379.149166,572.862339,0.506667,477.587707,2147.414195,0.631667,648.613506,2898.929758,113.284048,303.544241,0.017174
Analog,2025-03-23 23:00:00,191.332471,357.416322,0.20714,520.305972,678.073795,0.683333,1079.367614,2266.315774,0.808333,1484.898476,2993.10406,105.52567,382.664941,0.015332
Analog,2025-03-24 23:00:00,137.131554,255.238248,0.237719,359.732122,490.308563,0.81,1442.986511,1693.457865,0.933333,2040.745198,2182.410628,84.043431,274.263108,0.014785
Analog,2025-03-25 23:00:00,129.853925,243.007209,0.271772,323.089691,444.983524,0.665,962.118403,1774.32045,0.788333,1303.078325,2421.547667,88.435271,259.707849,0.015369
Analog,2025-03-26 23:00:00,88.831596,165.18741,0.124,239.540332,367.011948,0.898333,888.858474,1104.130543,0.955,1206.651365,1416.069431,46.303696,177.663191,0.014989
Analog,2025-03-27 23:00:00,133.882201,249.423219,0.252561,358.51705,441.030145,0.691667,893.517589,1642.535052,0.836667,1235.129805,1895.504017,62.510724,267.764401,0.016341
Analog,2025-03-28 23:00:00,161.704292,302.667106,0.348,407.004776,490.161761,0.396667,1110.049377,2245.775063,0.505,1570.467932,3129.108077,73.505779,323.408585,0.015045
Analog,2025-03-29 23:00:00,134.994112,252.083569,0.183456,354.389509,456.118569,0.675,955.755597,1706.556001,0.835,1331.168186,2096.041809,75.956685,269.988225,0.014404
Analog,2025-03-30 23:00:00,95.75687,178.517769,0.125018,242.430198,416.358373,0.84,934.726642,1294.428071,0.92,1295.262613,1665.197346,52.41044,191.51374,0.015741
Analog,2025-03-31 23:00:00,81.809348,152.378335,0.140825,199.401459,330.782063,0.923333,975.114626,1097.415159,0.973333,1302.292176,1349.364749,43.331072,163.618696,0.014574
Analog,2025-04-01 23:00:00,196.811629,366.289731,0.244491,533.147177,773.302718,0.736667,961.426651,2331.578674,0.836667,1319.258321,2834.667508,97.921234,393.623258,0.01561
Analog,2025-04-02 23:00:00,144.64753,269.648992,0.210526,353.586125,512.724996,0.826667,1464.32732,2081.667795,0.89,2028.676835,2706.104924,97.927593,289.29506,0.015147
Analog,2025-04-03 23:00:00,96.369312,179.672017,0.208193,222.347891,268.605296,0.888333,1398.479334,1494.439661,0.95,1934.956376,1977.484335,67.390848,192.738624,0.0159
Analog,2025-04-04 23:00:00,118.283848,220.857378,0.265579,305.182871,374.630551,0.658333,1022.72289,1570.211448,0.721667,1400.360928,2065.205462,69.754763,236.567696,0.015981
Analog,2025-04-05 23:00:00,115.086521,215.877052,0.28993,286.161447,338.047075,0.495,855.157602,1636.740371,0.586667,1167.245505,2199.599707,51.63733,230.173043,0.013835
Analog,2025-04-06 23:00:00,134.740686,254.291166,0.245421,325.259602,372.189171,0.68,845.249542,2016.935964,0.745,1167.559084,2988.701428,53.825814,269.481372,0.017114
Analog,2025-04-07 23:00:00,59.147606,110.167675,0.255719,149.524475,173.059074,0.781667,632.316706,759.423511,0.92,911.797797,999.895909,38.689905,118.295213,0.015566
Analog,2025-04-08 23:00:00,29.614692,55.214213,0.23,75.922249,91.51736,0.661667,261.888094,395.595136,0.78,360.414725,509.627343,15.877711,59.229385,0.01411
Analog,2025-04-09 23:00:00,38.074741,71.024752,0.08607,98.567957,160.288387,0.733333,239.381721,499.533877,0.856667,322.953798,619.297902,21.444494,76.149481,0.014281
Analog,2025-04-10 23:00:00,35.132599,65.376191,0.216982,92.476185,121.420408,0.786667,372.338115,439.996983,0.895,499.490014,549.221262,20.602086,70.265197,0.015743
Analog,2025-04-11 23:00:00,86.993164,162.442508,0.253895,224.504904,317.192736,0.465,295.333459,1143.340332,0.576667,422.218329,1392.796898,51.646549,173.986327,0.015567
Analog,2025-04-12 23:00:00,77.409373,145.046331,0.366421,183.678963,202.966149,0.408333,565.734289,1163.623243,0.461667,778.442337,1573.234511,37.811421,154.818745,0.013766
Analog,2025-04-13 23:00:00,41.292409,76.932302,0.198263,97.827035,124.149665,0.863333,553.958206,610.267782,0.94,804.052599,838.105264,29.427874,82.584819,0.015497
Analog,2025-04-14 23:00:00,24.123565,44.940859,0.141123,59.618961,73.148104,0.893333,311.160245,340.072907,0.958333,440.703631,461.452383,15.734352,48.247131,0.014467
Analog,2025-04-15 23:00:00,24.32057,45.549005,0.20907,59.519891,71.610286,0.82,194.370559,344.154099,0.873333,265.961912,454.447942,16.095255,48.64114,0.013864
Analog,2025-04-16 23:00:00,19.955766,37.277883,0.10907,50.864704,60.349885,0.655,166.999954,272.432992,0.723333,225.148195,363.158067,10.499528,39.911532,0.0154
Analog,2025-04-17 23:00:00,79.513398,153.206257,0.389193,175.579831,199.070328,0.226667,149.955311,1392.629933,0.266667,206.864249,2384.096366,33.66339,159.026796,0.014469
Analog,2025-04-18 23:00:00,70.373231,132.650731,0.329684,167.388536,190.726779,0.35,339.400782,1097.484833,0.418333,490.669731,1619.706029,23.437482,140.746462,0.016598
Analog,2025-04-19 23:00:00,91.203134,170.864416,0.195702,226.980432,305.707789,0.453333,333.327351,1283.203205,0.628333,464.630727,1585.498489,43.167289,182.406267,0.013357
Analog,2025-04-20 23:00:00,140.755821,264.322321,0.229754,358.064357,433.952777,0.675,631.94383,1911.52592,0.79,834.721995,2544.395655,99.331775,281.511641,0.013534
Analog,2025-04-21 23:00:00,216.81221,407.341612,0.224877,555.46952,704.743503,0.745,978.994438,2949.758068,0.83,1339.499536,3911.170295,151.501853,433.62442,0.016756
Analog,2025-04-22 23:00:00,173.406789,324.687002,0.27714,424.613084,679.833426,0.633333,1357.677037,2547.100637,0.738333,1941.7013,3560.29582,137.610377,346.813579,0.017564
Analog,2025-04-23 23:00:00,111.883378,208.759792,0.172912,288.245538,422.166329,0.875,1259.902363,1487.173131,0.945,1820.783401,2017.580229,64.32086,223.766756,0.015525
Analog,2025-04-24 23:00:00,100.667672,188.385675,0.143947,257.218527,346.436055,0.881667,1076.163558,1392.155356,0.93,1590.632336,2010.880351,58.34651,201.335343,0.013187
Analog,2025-04-25 23:00:00,225.114512,426.038549,0.339053,531.13098,614.283614,0.448333,973.558577,3585.336575,0.528333,1382.017133,5518.754743,72.926243,450.229024,0.014295
Analog,2025-04-26 23:00:00,117.555792,218.616368,0.294368,316.332027,351.063215,0.696667,908.138824,1332.172996,0.915,1351.493237,1539.334484,55.023001,235.111585,0.014103
Analog,2025-04-27 23:00:00,80.479205,150.823571,0.111386,199.295359,355.677433,0.816667,654.724353,1158.308504,0.906667,954.721684,1621.303121,59.611027,160.958409,0.01517
Analog,2025-04-28 23:00:00,59.825981,111.439904,0.152895,152.932003,209.050916,0.876667,711.062357,826.34372,0.925,948.861092,1075.512642,38.353084,119.651962,0.015577
Analog,2025-04-29 23:00:00,73.886354,137.84051,0.140754,183.174598,253.808906,0.91,749.893624,1024.913748,0.956667,1033.251418,1314.988349,44.586372,147.772707,0.014753
Analog,2025-04-30 23:00:00,75.483596,140.452493,0.231596,201.509644,242.00903,0.745,735.331735,926.540135,0.866667,1016.122354,1171.911974,44.223004,150.967192,0.014693
Analog,2025-05-01 23:00:00,180.237779,343.784139,0.280439,438.16501,511.882478,0.631667,525.375902,2709.229662,0.743333,763.126132,4198.403993,175.479088,360.475557,0.015731
Analog,2025-05-02 23:00:00,100.772898,187.672863,0.136667,283.662186,325.112522,0.753333,1018.338492,1201.637148,0.858333,1461.234891,1607.684892,55.236645,201.545796,0.014849
Analog,2025-05-03 23:00:00,126.37742,236.769919,0.338246,317.586844,380.249948,0.445,634.271613,1695.728323,0.616667,936.69963,2231.779573,58.011187,252.75484,0.013791
Analog,2025-05-04 23:00:00,144.782873,270.908185,0.248246,378.395518,421.051689,0.706667,670.023441,1852.778952,0.786667,964.757104,2390.313079,85.85869,289.565745,0.015213
Analog,2025-05-05 23:00:00,101.525257,189.923468,0.194754,260.252343,343.083997,0.761667,915.849453,1402.144427,0.868333,1270.121903,1875.703167,60.461142,203.050513,0.014965
Analog,2025-05-06 23:00:00,89.178538,167.259069,0.199088,222.435058,319.287488,0.743333,758.457928,1261.005969,0.833333,1053.5958,1775.6579,66.236569,178.357077,0.016055
Analog,2025-05-07 23:00:00,141.832688,265.458689,0.254509,374.081925,441.931009,0.68,789.793274,1778.287553,0.81,1100.290595,2371.030841,77.264114,283.665375,0.015269
Analog,2025-05-08 23:00:00,110.743309,206.87592,0.166298,270.140525,372.355393,0.736667,1015.224385,1574.869678,0.848333,1403.510663,2083.454078,71.977547,221.486619,0.014418
Analog,2025-05-09 23:00:00,214.692863,406.347118,0.264421,527.021399,584.668888,0.491667,929.01285,3152.571086,0.565,1273.66674,4867.567347,77.174861,429.385726,0.016125
Analog,2025-05-10 23:00:00,120.545012,224.906526,0.37407,326.12373,359.690409,0.543333,1052.216257,1520.53856,0.681667,1565.889716,2060.854179,62.267212,241.090024,0.016646
Analog,2025-05-11 23:00:00,34.844981,64.975688,0.139947,74.78008,98.587179,0.976667,615.293585,621.994928,0.99,893.9392,900.799134,32.276559,69.689961,0.015658
Analog,2025-05-12 23:00:00,82.440746,155.474957,0.233,198.499951,328.655101,0.675,246.910055,1254.8728,0.751667,336.738642,1769.284628,73.689166,164.881492,0.015713
Analog,2025-05-13 23:00:00,103.874339,195.474219,0.223719,261.489431,416.129586,0.688333,542.163488,1464.550059,0.803333,737.476958,2145.276144,85.209708,207.748678,0.014915
Analog,2025-05-14 23:00:00,237.064375,445.971074,0.256175,590.539825,836.067753,0.673333,852.406869,3367.996396,0.778333,1162.368371,4705.921499,188.979436,474.12875,0.013877
Analog,2025-05-15 23:00:00,136.694307,254.522339,0.134649,350.592768,447.847892,0.931667,1735.133607,1805.938605,0.99,2479.294513,2502.056532,88.754836,273.388614,0.014569
Analog,2025-05-16 23:00:00,113.729105,212.035942,0.156491,295.776796,373.636855,0.795,1056.694504,1453.655303,0.891667,1480.266536,1906.817474,61.063931,227.45821,0.01488
Analog,2025-05-17 23:00:00,180.426325,341.726511,0.346333,433.737314,506.388282,0.41,848.433281,2697.186982,0.548333,1146.107538,4140.446844,59.99316,360.852651,0.016709
Analog,2025-05-18 23:00:00,139.877655,260.091302,0.135912,386.086311,529.130194,0.831667,1097.27732,1565.410588,0.936667,1549.590764,1736.255937,50.026238,279.755309,0.015111
Analog,2025-05-19 23:00:00,216.854798,404.739149,0.317579,574.263007,675.078965,0.613333,1209.736603,2629.499739,0.756667,1584.991288,3248.451698,108.736114,433.709596,0.015508
Analog,2025-05-20 23:00:00,135.058436,251.530708,0.153614,347.661304,431.020564,0.911667,1389.213244,1754.22686,0.961667,1926.032754,2258.581005,71.255695,270.116873,0.014884
Analog,2025-05-21 23:00:00,265.718624,499.657343,0.375614,654.617534,758.384088,0.32,1286.578201,3855.032749,0.47,1785.982023,5377.260659,91.286774,531.437249,0.014553
Analog,2025-05-22 23:00:00,135.814945,253.595398,0.213333,330.177229,405.813039,0.751667,1336.389398,1967.551107,0.82,1883.592624,2673.676374,76.937918,271.629889,0.015654
Analog,2025-05-23 23:00:00,128.63319,240.521002,0.163105,345.859192,437.776613,0.756667,1045.059877,1654.796404,0.838333,1416.177017,2185.392314,61.245647,257.266381,0.014857
Analog,2025-05-24 23:00:00,133.822318,251.014162,0.326246,341.319806,400.279998,0.588333,996.633414,1848.136133,0.683333,1353.617038,2534.383775,61.401902,267.644636,0.014517
Analog,2025-05-25 23:00:00,63.208428,117.713719,0.148088,156.664635,212.131116,0.921667,841.035783,918.721107,0.97,1160.936912,1228.025407,40.85007,126.416856,0.014948
Analog,2025-05-26 23:00:00,109.017963,203.961018,0.149561,280.936852,476.46598,0.766667,546.568708,1455.491215,0.826667,733.164285,1870.056162,67.321206,218.035926,0.016205
Analog,2025-05-27 23:00:00,108.190012,201.550569,0.181895,285.411072,350.01791,0.868333,907.605064,1379.364602,0.918333,1236.954331,1729.755718,56.609176,216.380024,0.013788
Analog,2025-05-28 23:00:00,88.266383,164.493429,0.228702,230.24256,266.328422,0.843333,997.546887,1215.018181,0.933333,1374.554723,1579.50591,49.438101,176.532765,0.016307
Analog,2025-05-29 23:00:00,102.657556,191.919113,0.242947,275.386961,345.511564,0.771667,762.964852,1293.541223,0.856667,1078.143174,1780.106634,57.923925,205.315112,0.015358
Analog,2025-05-30 23:00:00,129.42706,242.860433,0.289175,322.00845,412.669439,0.536667,773.799167,1827.899006,0.666667,1088.454011,2576.970577,78.270568,258.854121,0.015292
Analog,2025-05-31 23:00:00,221.856695,417.651493,0.445772,532.579246,572.398144,0.166667,790.497089,3386.325435,0.288333,1132.293072,4776.383919,61.023328,443.71339,0.015976
Analog,2025-06-01 23:00:00,96.533744,179.837791,0.20707,258.580343,356.565486,0.796667,932.09383,1153.875753,0.875,1359.132588,1572.660738,43.889017,193.067488,0.017958
Analog,2025-06-02 23:00:00,98.257816,182.907257,0.174965,266.942044,365.119606,0.825,962.478672,1243.673385,0.895,1314.776332,1553.833075,52.018964,196.515631,0.015724
Analog,2025-06-03 23:00:00,68.586902,127.72058,0.192035,172.881592,200.857543,0.796667,788.088752,912.954443,0.915,1120.921398,1193.706249,44.658688,137.173804,0.015945
Analog,2025-06-04 23:00:00,151.745049,283.944365,0.391807,378.315981,435.550801,0.148333,650.621083,2097.857163,0.323333,873.97127,2737.347232,50.540834,303.490098,0.017264
Analog,2025-06-05 23:00:00,70.029119,130.571556,0.12393,185.068078,283.59702,0.86,742.525086,885.769634,0.933333,1035.854983,1183.131236,38.03241,140.058238,0.015956
Analog,2025-06-06 23:00:00,52.788633,98.254461,0.155772,136.111277,208.248996,0.918333,663.277098,716.693014,0.98,890.150576,929.048303,36.451511,105.577265,0.01495
Analog,2025-06-07 23:00:00,48.341477,90.343179,0.101965,112.888654,167.301564,0.958333,504.334261,736.618701,0.976667,723.666461,1052.866569,39.376279,96.682955,0.01581
Analog,2025-06-08 23:00:00,138.745245,264.078722,0.179263,329.682,583.26489,0.55,396.134463,2186.797209,0.636667,537.705803,3527.873927,152.726063,277.49049,0.017186
Analog,2025-06-09 23:00:00,151.535366,282.380471,0.253772,418.346433,463.32487,0.77,959.889225,1659.347475,0.928333,1320.920346,1879.200905,58.080457,303.070732,0.014987
Analog,2025-06-10 23:00:00,150.162932,279.800283,0.217702,410.813078,619.767137,0.756667,1055.002257,1739.392562,0.885,1522.671122,2089.061842,63.25343,300.325864,0.015238
Analog,2025-06-11 23:00:00,84.209023,156.686501,0.169772,205.729317,267.232585,0.876667,1086.534943,1231.011777,0.933333,1474.001726,1601.669152,57.067557,168.418047,0.015238
Analog,2025-06-12 23:00:00,105.753644,197.327637,0.228088,268.055275,312.635153,0.798333,970.660156,1471.081542,0.89,1339.585312,1922.956509,49.663629,211.507287,0.015286
Analog,2025-06-13 23:00:00,78.674497,146.341952,0.283088,212.382374,262.11393,0.625,710.974131,946.516004,0.815,971.901091,1139.930228,39.022387,157.348993,0.017172
Analog,2025-06-14 23:00:00,87.252832,162.629933,0.338088,224.226277,245.009222,0.493333,597.757331,1117.207908,0.686667,816.455253,1417.24509,36.798804,174.505664,0.016581
Analog,2025-06-15 23:00:00,61.51978,114.550354,0.132281,163.816185,263.979144,0.845,561.329706,751.599378,0.961667,784.960977,887.865699,29.306069,123.039559,0.015065
Analog,2025-06-16 23:00:00,36.815007,68.551092,0.134035,92.957248,126.117087,0.973333,546.852259,553.716673,0.996667,741.702563,742.773446,27.991091,73.630014,0.016495
Analog,2025-06-17 23:00:00,50.588625,95.372113,0.125544,117.214823,182.440626,0.943333,450.011283,807.732591,0.97,624.985812,1211.068528,46.01924,101.17725,0.016376
Analog,2025-06-18 23:00:00,69.215861,129.814821,0.231351,179.801963,259.358534,0.608333,515.390602,941.885702,0.713333,692.654215,1270.973167,30.757364,138.431722,0.015808
Analog,2025-06-19 23:00:00,120.504173,224.844439,0.355912,322.574298,401.348365,0.51,614.92784,1437.70589,0.701667,859.142624,1771.027588,56.690796,241.008346,0.016884
Analog,2025-06-20 23:00:00,112.929942,210.1713,0.236982,294.508711,418.093105,0.745,961.249993,1374.158962,0.911667,1355.020167,1650.360842,61.536272,225.859885,0.015259
Analog,2025-06-21 23:00:00,128.508209,239.448116,0.357088,335.510502,408.264315,0.503333,1002.31675,1582.442087,0.778333,1432.869757,1943.659229,70.397216,257.016418,0.017151
Analog,2025-06-22 23:00:00,62.24224,115.991091,0.092579,153.929985,207.555019,0.95,893.325498,925.245414,0.975,1241.394796,1272.799709,40.367058,124.48448,0.01796
Analog,2025-06-23 23:00:00,66.457335,123.977792,0.159877,162.968655,281.544795,0.855,633.755102,927.111107,0.926667,875.02642,1207.461837,42.521787,132.914671,0.015831
Analog,2025-06-24 23:00:00,72.709481,135.450264,0.174965,187.163473,271.373946,0.945,760.068938,931.655478,0.971667,1032.477986,1230.94772,41.307368,145.418962,0.014579
Analog,2025-06-25 23:00:00,41.990276,78.238019,0.180702,100.061571,141.522946,0.998333,664.472917,666.38495,1.0,884.043501,884.043501,32.08712,83.980552,0.014165
Analog,2025-06-26 23:00:00,41.68789,77.904524,0.167175,108.505485,153.092463,0.925,450.101148,552.563831,0.96,616.850747,771.884374,26.411051,83.375779,0.014655
Analog,2025-06-27 23:00:00,28.284813,52.728017,0.244789,74.155413,88.124268,0.905,372.624982,397.649463,0.956667,512.324114,533.104863,20.677967,56.569625,0.015508
Analog,2025-06-28 23:00:00,44.918577,83.71508,0.334719,118.453607,148.11877,0.47,313.035019,558.885212,0.68,421.80883,650.655715,19.72157,89.837155,0.01546
Analog,2025-06-29 23:00:00,26.289836,48.973259,0.160351,65.586308,91.443566,0.845,271.319423,345.121972,0.916667,383.991988,437.647743,12.78193,52.579672,0.017069
Analog,2025-06-30 23:00:00,45.859602,86.820801,0.189474,112.388843,212.71533,0.876667,264.491953,687.631312,0.921667,357.994256,993.065504,38.148543,91.719205,0.016315
Analog,2025-07-01 23:00:00,39.770073,74.042541,0.208035,103.580685,142.577983,0.928333,487.155389,515.419962,0.98,691.905597,712.179791,27.539913,79.540146,0.015989
Analog,2025-07-02 23:00:00,44.465859,83.733362,0.118281,108.590994,180.937339,0.915,330.559824,636.495304,0.951667,463.193948,906.730551,34.652828,88.931719,0.016222
Analog,2025-07-03 23:00:00,29.230313,54.385625,0.172877,70.297122,104.65671,0.936667,389.572081,411.532235,0.975,521.361184,529.184567,18.85819,58.460625,0.016599
Analog,2025-07-04 23:00:00,111.470374,211.195566,0.247807,271.719791,350.287585,0.515,398.491454,1672.151597,0.626667,549.182673,2422.040752,92.560883,222.940747,0.015881
Analog,2025-07-05 23:00:00,81.237616,151.331094,0.158912,208.549366,257.416212,0.77,785.618612,1094.740105,0.886667,1148.28061,1437.999921,50.453083,162.475232,0.016933
Analog,2025-07-06 23:00:00,76.051635,141.492985,0.204982,207.097585,280.133895,0.868333,592.038398,864.796096,0.925,823.085305,1055.36995,28.655932,152.103271,0.016708
Analog,2025-07-07 23:00:00,57.183502,106.343454,0.178316,151.425464,193.815742,0.92,672.901485,770.139134,0.975,910.646995,935.041744,37.555098,114.367003,0.016959
Analog,2025-07-08 23:00:00,34.913655,65.029227,0.111789,86.276526,129.850083,0.965,467.749838,479.939451,0.993333,648.641661,653.156261,19.939043,69.82731,0.01503
Analog,2025-07-09 23:00:00,52.553899,98.099776,0.090579,129.327006,221.432989,0.758333,403.795769,741.413565,0.861667,583.174212,975.110755,36.014043,105.107799,0.016208
Analog,2025-07-10 23:00:00,79.343904,149.34362,0.172509,201.255466,295.894192,0.815,497.561783,1115.93857,0.875,693.31457,1587.990274,62.912432,158.687808,0.016633
Analog,2025-07-11 23:00:00,56.732662,105.658796,0.148,142.755469,187.706154,0.91,694.506305,794.588525,0.956667,956.409552,1055.949378,38.251648,113.465324,0.017384
Analog,2025-07-12 23:00:00,72.502777,134.944345,0.235491,195.659835,239.158017,0.6,582.616845,843.816492,0.758333,817.223428,1060.228757,32.556982,145.005554,0.017412
Analog,2025-07-13 23:00:00,38.691605,72.064355,0.155965,92.754244,128.301853,0.948333,562.376157,586.566482,0.976667,747.342895,770.012396,27.975793,77.38321,0.018267
Analog,2025-07-14 23:00:00,49.368995,92.156851,0.122965,129.856102,234.911592,0.903333,436.484071,636.95037,0.958333,602.337866,809.65293,26.494833,98.737989,0.015028
Analog,2025-07-15 23:00:00,46.179483,85.896954,0.242456,122.718056,176.36026,0.933333,567.529905,601.404918,0.97,783.180158,808.423357,31.610548,92.358966,0.013536
Analog,2025-07-16 23:00:00,42.014859,78.279738,0.224018,109.735736,155.151166,0.881667,502.671031,541.654737,0.961667,696.974751,727.451299,22.500273,84.029717,0.017231
Analog,2025-07-17 23:00:00,45.079565,83.933481,0.276912,122.714408,181.124809,0.863333,489.253405,558.95951,0.963333,688.655128,711.101772,20.864046,90.15913,0.01762
Analog,2025-07-18 23:00:00,48.919286,90.991552,0.309474,127.326325,163.547319,0.73,510.190792,610.166458,0.906667,693.955986,779.465073,29.552104,97.838573,0.015035
Analog,2025-07-19 23:00:00,68.105011,127.397607,0.192175,172.815151,305.877897,0.723333,471.318025,918.929387,0.825,652.87912,1267.177416,41.366561,136.210022,0.017081
Analog,2025-07-20 23:00:00,53.181006,99.25035,0.140912,144.279283,235.944078,0.941667,656.086331,701.772001,0.983333,956.348796,973.230985,31.514004,106.362012,0.016873
Analog,2025-07-21 23:00:00,50.83063,94.647548,0.121018,119.690172,179.409959,0.975,746.947687,756.667087,1.0,1021.705381,1021.705381,37.131744,101.66126,0.015763
Analog,2025-07-22 23:00:00,55.641782,103.492852,0.139246,143.047081,284.734952,0.956667,651.13528,718.715964,0.986667,867.505727,904.834098,26.807377,111.283563,0.016437
Analog,2025-07-23 23:00:00,49.059593,91.35196,0.194789,115.540141,154.946758,0.931667,730.72107,748.131223,0.981667,1018.437102,1024.660015,40.549699,98.119187,0.01497
Analog,2025-07-24 23:00:00,69.808379,129.849369,0.209965,191.722952,322.049738,0.871667,670.937396,811.595885,0.953333,969.917135,1037.494641,32.218963,139.616759,0.016083
Analog,2025-07-25 23:00:00,51.828143,96.542191,0.180544,137.645401,197.296132,0.881667,644.354687,673.227537,0.981667,895.298349,906.668504,34.576526,103.656287,0.014844
Analog,2025-07-26 23:00:00,85.02444,158.1932,0.404877,229.497795,283.617218,0.425,611.785199,986.205247,0.683333,833.537709,1145.650955,37.162901,170.04888,0.013856
Analog,2025-07-27 23:00:00,33.790395,62.96991,0.221421,87.624007,113.429131,0.968333,464.803193,490.446734,0.99,641.079239,665.554241,19.146405,67.580791,0.014106
Analog,2025-07-28 23:00:00,46.643029,86.90147,0.308298,124.708444,170.767171,0.648333,308.232587,557.692481,0.783333,421.53224,696.126458,18.404983,93.286059,0.015618
Analog,2025-07-29 23:00:00,39.964775,74.503611,0.198825,103.153273,159.050328,0.845,376.834868,518.334949,0.908333,512.464123,657.029647,21.689195,79.92955,0.01459
Analog,2025-07-30 23:00:00,42.722008,79.463105,0.267807,114.196289,150.060454,0.8,453.866778,543.65214,0.9,622.271176,704.625806,25.701068,85.444015,0.014845
Analog,2025-07-31 23:00:00,22.585394,42.095819,0.140263,53.04496,79.187076,0.981667,354.595777,355.734277,0.998333,488.739316,488.744788,17.017478,45.170788,0.016031
Analog,2025-08-01 23:00:00,20.507744,38.207802,0.172281,51.547336,69.137002,0.931667,267.503449,283.480537,0.991667,365.270373,372.420443,13.564536,41.015488,0.014453
Analog,2025-08-02 23:00:00,34.100761,63.820226,0.170947,84.271231,146.676129,0.798333,221.297567,480.57516,0.926667,308.229183,642.526159,25.375184,68.201523,0.014908
Analog,2025-08-03 23:00:00,59.818123,113.057176,0.174754,151.686018,323.569669,0.815,345.413529,862.932575,0.888333,477.299043,1297.764427,51.740628,119.636246,0.015674
Analog,2025-08-04 23:00:00,38.985161,72.660234,0.122316,96.964331,171.158944,0.986667,570.473465,571.54099,1.0,789.226928,789.226928,25.107626,77.970321,0.015012
Analog,2025-08-05 23:00:00,46.295962,86.250525,0.219439,111.028557,172.699125,0.9,626.743268,673.449297,0.966667,844.118368,876.351373,26.508606,92.591923,0.015412
Analog,2025-08-06 23:00:00,59.214135,110.227581,0.284561,165.374401,223.100009,0.815,545.77475,649.792212,0.946667,744.033578,799.732954,19.689387,118.42827,0.015358
Analog,2025-08-07 23:00:00,49.263281,91.634344,0.091667,134.718077,203.660287,0.953333,567.667912,583.268007,0.99,784.441354,787.769288,25.932514,98.526561,0.016373
Analog,2025-08-08 23:00:00,66.385902,123.483789,0.124333,179.287693,243.037952,0.885,743.874697,805.634261,0.976667,1054.569887,1080.239942,39.275966,132.771804,0.016906
Analog,2025-08-09 23:00:00,68.581188,127.777459,0.255211,170.94656,212.452082,0.736667,729.725694,949.370405,0.855,981.632698,1217.221077,38.384049,137.162377,0.017134
Analog,2025-08-10 23:00:00,107.977374,204.137336,0.144982,266.028949,424.606382,0.891667,737.879913,1610.282025,0.93,1033.125818,2488.565496,95.846034,215.954748,0.01458
Analog,2025-08-11 23:00:00,108.122066,201.164073,0.119035,290.655146,435.21499,0.916667,1074.082629,1322.027705,0.966667,1499.634766,1683.884178,51.662594,216.244131,0.017139
Analog,2025-08-12 23:00:00,145.489256,270.64102,0.239298,390.267252,490.838452,0.756667,1178.708516,1733.915103,0.871667,1621.482786,2178.616802,71.90106,290.978512,0.014606
Analog,2025-08-13 23:00:00,76.266885,142.053529,0.213667,200.60314,317.027735,0.891667,829.660786,958.941553,0.96,1131.029938,1226.713984,34.217402,152.53377,0.016718
Analog,2025-08-14 23:00:00,126.10269,234.590553,0.252018,343.643833,475.05143,0.723333,752.780942,1527.858294,0.853333,1045.827964,1776.052358,59.705725,252.20538,0.016681
Analog,2025-08-15 23:00:00,98.437749,183.115032,0.140035,256.509715,304.178406,0.72,1075.452878,1298.134078,0.855,1451.48606,1635.262317,62.199537,196.875498,0.014633
Analog,2025-08-16 23:00:00,77.224497,143.644825,0.18007,200.138808,253.919103,0.955,988.520289,1012.870096,0.985,1330.748533,1349.695577,49.850975,154.448994,0.01563
Analog,2025-08-17 23:00:00,95.820304,178.39673,0.074123,261.999671,381.188942,0.88,967.094186,1139.595979,0.97,1320.87195,1478.737981,42.92349,191.640607,0.016813
Analog,2025-08-18 23:00:00,80.900088,150.587219,0.095579,203.238254,282.664198,0.935,1002.603691,1083.159481,0.978333,1360.390613,1422.775551,44.529101,161.800176,0.017135
Analog,2025-08-19 23:00:00,183.039721,340.320089,0.221737,485.418258,718.411592,0.746667,1175.555124,2149.106131,0.885,1628.783925,2454.282247,75.109745,366.079441,0.016774
Analog,2025-08-20 23:00:00,107.093635,199.517267,0.185281,247.341092,318.795335,0.97,1600.106026,1622.370253,0.995,2220.131815,2227.295191,82.358806,214.18727,0.014977
Analog,2025-08-21 23:00:00,131.365937,244.703805,0.126246,321.799759,458.46203,0.978333,1907.696773,1953.940049,0.998333,2530.128695,2530.916714,88.685964,262.731875,0.016763
Analog,2025-08-22 23:00:00,113.132505,210.353565,0.227491,297.607031,366.455805,0.796667,1181.452055,1422.214824,0.938333,1658.812112,1787.50058,62.656493,226.26501,0.016279
Analog,2025-08-23 23:00:00,107.060538,199.227418,0.299544,288.134911,336.321085,0.738333,1114.06652,1325.776726,0.883333,1517.337468,1668.433788,64.307684,214.121077,0.0147
Analog,2025-08-24 23:00:00,78.633102,146.478823,0.145439,191.228698,261.761166,0.861667,979.297046,1089.958089,0.95,1297.328013,1375.216427,44.35114,157.266204,0.015734
Analog,2025-08-25 23:00:00,67.195225,125.091501,0.174404,165.964385,219.966167,0.946667,868.716634,938.721215,0.976667,1238.224549,1302.696436,49.715078,134.39045,0.014782
Analog,2025-08-26 23:00:00,54.259202,101.095791,0.176965,142.12186,184.331136,0.926667,668.007246,753.967294,0.981667,918.586191,1009.241382,32.065093,108.518405,0.016096
Analog,2025-08-27 23:00:00,56.648427,105.379138,0.273158,141.646453,173.252955,0.601667,599.908909,754.78395,0.783333,802.198186,921.808946,30.737863,113.296855,0.017937
Analog,2025-08-28 23:00:00,72.673918,135.32235,0.162632,186.01737,286.944203,0.85,616.916641,971.32839,0.91,830.426674,1176.85247,40.120031,145.347836,0.016863
Analog,2025-08-29 23:00:00,66.773262,124.506232,0.219526,173.380514,240.281204,0.78,696.322095,883.147337,0.896667,946.745876,1175.498859,38.787579,133.546523,0.016254
Analog,2025-08-30 23:00:00,44.205021,82.336766,0.227368,104.819712,129.732789,0.91,622.240041,657.828519,0.976667,864.376476,892.095037,32.246146,88.410041,0.018654
Analog,2025-08-31 23:00:00,118.722988,222.833428,0.225281,296.712029,467.122232,0.648333,460.685952,1672.352776,0.718333,621.502866,2299.648626,91.406569,237.445976,0.015982
Analog,2025-09-01 23:00:00,135.470675,252.229277,0.164825,367.62124,595.892002,0.815,918.622046,1592.441224,0.901667,1240.500732,1702.530838,51.527562,270.941351,0.015719
Analog,2025-09-02 23:00:00,112.873788,210.059549,0.248754,311.117154,412.152158,0.908333,1326.947953,1388.182026,0.986667,1788.574248,1799.577212,71.441761,225.747577,0.015198
Analog,2025-09-03 23:00:00,85.647476,159.545074,0.113947,207.288001,297.732152,0.941667,1151.30684,1193.027343,0.988333,1588.242252,1595.951131,57.275821,171.294951,0.016582
Analog,2025-09-04 23:00:00,61.846062,115.118903,0.120737,159.97248,239.877323,0.923333,719.411499,800.175715,0.973333,977.123548,1009.310528,29.530552,123.692125,0.015884
Analog,2025-09-05 23:00:00,99.065887,186.291627,0.184877,249.676593,320.08816,0.748333,682.410693,1406.318107,0.83,919.207333,2021.441531,78.53192,198.131774,0.015229
Analog,2025-09-06 23:00:00,90.912443,169.097263,0.200035,253.49818,306.575218,0.743333,827.281945,1024.10916,0.901667,1114.623195,1242.572495,47.77307,181.824886,0.016647
Analog,2025-09-07 23:00:00,55.523703,103.42908,0.197211,138.961769,205.358849,0.903333,731.175723,790.456455,0.973333,1032.607339,1058.76689,35.158579,111.047406,0.016524
Analog,2025-09-08 23:00:00,40.145556,74.799977,0.14707,93.780705,163.912915,0.96,548.219087,570.106617,0.99,740.94537,754.449047,24.480939,80.291112,0.014368
Analog,2025-09-09 23:00:00,68.126694,126.659406,0.198614,182.449722,269.830715,0.771667,627.538137,822.569518,0.906667,848.552832,986.984182,35.1618,136.253388,0.01578
Analog,2025-09-10 23:00:00,57.691675,107.407837,0.110351,155.531966,247.729302,0.985,724.642059,750.384855,0.996667,989.263137,1000.449793,31.126907,115.38335,0.015743
Analog,2025-09-11 23:00:00,69.706135,129.739667,0.18107,174.986778,256.814966,0.938333,901.661636,984.561682,0.975,1218.657193,1265.268679,42.44675,139.412269,0.016008
Analog,2025-09-12 23:00:00,84.117987,156.421198,0.221175,228.854851,324.278436,0.865,920.353498,1022.237722,0.958333,1267.082258,1314.083811,53.507412,168.235974,0.016678
Analog,2025-09-13 23:00:00,55.537661,103.336837,0.225193,142.630592,188.164648,0.903333,689.457862,746.869636,0.963333,964.447704,1018.422147,38.863687,111.075321,0.014741
Analog,2025-09-14 23:00:00,46.152697,85.970075,0.17207,121.983534,177.307093,0.813333,486.233159,606.238034,0.895,681.949327,813.764903,26.686819,92.305393,0.014737
Analog,2025-09-15 23:00:00,27.973751,52.051493,0.150246,70.649157,123.289862,0.953333,340.102885,379.746932,0.983333,453.2322,485.123148,16.428727,55.947502,0.01341
Analog,2025-09-16 23:00:00,64.336543,120.462413,0.171825,155.930797,339.025954,0.828333,351.998649,951.843572,0.875,503.47819,1402.331543,56.60816,128.673086,0.015251
Analog,2025-09-17 23:00:00,34.341588,64.034121,0.146632,76.92965,127.586844,0.973333,516.912649,524.140938,0.985,720.424885,723.835132,25.830043,68.683176,0.015662
Analog,2025-09-18 23:00:00,38.970146,72.575073,0.168439,104.45202,170.820227,0.966667,484.815455,497.838644,1.0,658.824525,658.824525,18.655435,77.940293,0.016061
Analog,2025-09-19 23:00:00,44.995113,83.725026,0.132614,119.811991,199.93609,0.958333,512.321285,587.880893,0.976667,700.977891,777.079745,24.927459,89.990225,0.014773
Analog,2025-09-20 23:00:00,71.091357,132.545298,0.335667,192.683704,273.837057,0.61,557.078683,851.659305,0.808333,763.060778,1045.777275,35.978145,142.182714,0.015022
Analog,2025-09-21 23:00:00,37.161584,69.282652,0.176649,95.73718,163.639312,0.858333,393.035372,481.806666,0.951667,570.887188,628.974963,18.440503,74.323169,0.015835
Analog,2025-09-22 23:00:00,35.757246,66.532453,0.086561,101.793847,172.252274,0.883333,326.14646,381.723564,0.96,455.263896,484.561773,14.961126,71.514493,0.01567
Analog,2025-09-23 23:00:00,34.786222,64.815501,0.130684,81.329074,121.244131,0.926667,391.97415,495.737,0.965,525.236114,641.026959,23.045232,69.572444,0.01541
Analog,2025-09-24 23:00:00,110.313318,208.018451,0.134632,275.371883,509.641892,0.703333,380.373766,1558.666165,0.793333,526.851218,2323.059286,97.115719,220.626636,0.016778
Analog,2025-09-25 23:00:00,102.064298,190.154297,0.210211,267.696218,380.187071,0.693333,745.834105,1268.380464,0.853333,1011.895432,1484.492143,57.179873,204.128596,0.015081
Analog,2025-09-26 23:00:00,113.131922,212.20577,0.173825,286.419918,387.180141,0.74,747.035549,1582.186739,0.858333,1010.8574,2131.425117,81.124439,226.263844,0.015875
Analog,2025-09-27 23:00:00,105.451731,197.706069,0.356789,260.944673,307.313244,0.421667,729.77266,1465.789652,0.523333,1024.26535,2050.115231,48.807216,210.903461,0.016868
Analog,2025-09-28 23:00:00,56.486672,105.203792,0.186211,135.193265,182.528772,0.941667,685.491691,820.274238,0.978333,955.447879,1075.290617,34.27782,112.973344,0.013945
Analog,2025-09-29 23:00:00,44.634502,83.262743,0.122509,118.590221,181.882756,0.89,299.678839,576.731477,0.945,417.696778,693.433097,24.691484,89.269004,0.014654
Analog,2025-09-30 23:00:00,34.059141,63.422224,0.130175,89.790132,134.791474,0.911667,430.993852,450.631877,0.971667,648.092914,656.258709,23.560258,68.118283,0.016433
Analog,2025-10-01 23:00:00,38.82232,72.324141,0.152702,101.586957,127.632192,0.821667,371.998361,486.527983,0.891667,535.614204,620.412099,21.32905,77.64464,0.017334
Analog,2025-10-02 23:00:00,43.928546,81.97012,0.314228,113.329017,149.795868,0.541667,325.35985,569.156557,0.715,441.87547,730.237187,26.858799,87.857093,0.016077
Analog,2025-10-03 23:00:00,38.855762,72.364663,0.132105,98.122905,152.324466,0.763333,378.141783,525.675501,0.883333,536.358788,680.251427,23.906009,77.711524,0.015781
Analog,2025-10-04 23:00:00,70.814206,132.088061,0.152316,179.896823,302.698683,0.63,388.892553,922.095222,0.72,547.684611,1227.492142,32.309948,141.628413,0.015754
Analog,2025-10-05 23:00:00,42.914708,80.017123,0.134947,104.723192,151.51366,0.953333,594.135659,602.387887,0.985,868.478706,871.948237,29.928346,85.829415,0.01482
Analog,2025-10-06 23:00:00,48.486508,90.329409,0.17286,127.852064,220.074279,0.935,538.978539,637.245167,0.976667,743.858281,819.665448,23.836002,96.973016,0.016048
Analog,2025-10-07 23:00:00,38.167166,71.122193,0.09907,94.353691,147.598708,0.96,526.471219,557.545362,0.98,713.175188,741.840225,26.27322,76.334332,0.014775
Analog,2025-10-08 23:00:00,34.756734,64.7449,0.145404,83.162558,114.649721,0.953333,506.164084,517.34199,0.991667,681.392442,682.507875,21.897881,69.513468,0.016033
Analog,2025-10-09 23:00:00,27.31227,50.890428,0.180228,66.016513,91.769137,0.863333,333.623202,388.875228,0.923333,466.733504,527.169428,17.841033,54.624539,0.014631
Analog,2025-10-10 23:00:00,23.619596,44.043774,0.168439,61.018492,76.171767,0.773333,235.016385,299.927777,0.866667,329.764936,410.73613,11.702211,47.239193,0.01651
Analog,2025-10-11 23:00:00,67.864031,129.17108,0.189737,155.537317,217.722866,0.46,233.944122,1097.279376,0.533333,319.400471,1741.986794,63.170467,135.728061,0.014511
Analog,2025-10-12 23:00:00,42.658046,79.414473,0.115123,109.884501,150.765096,0.843333,485.807799,579.332565,0.946667,698.404049,756.006615,26.778537,85.316092,0.016329
Analog,2025-10-13 23:00:00,48.88215,91.111077,0.291158,124.301182,151.630449,0.63,387.54389,637.772134,0.753333,518.508266,808.753037,23.92352,97.7643,0.015744
Analog,2025-10-14 23:00:00,19.569756,36.816285,0.167632,43.711879,71.192584,0.858333,226.302774,320.630143,0.903333,327.692342,480.115515,16.312312,39.139511,0.016231
Analog,2025-10-15 23:00:00,66.555866,127.314502,0.269526,155.464085,270.785518,0.495,166.69053,1081.774918,0.591667,233.441587,1780.407598,78.021548,133.111732,0.014873
Analog,2025-10-16 23:00:00,221.565947,420.751164,0.336649,528.689005,628.644123,0.415,404.882826,3408.089803,0.55,563.752128,5107.633206,220.222901,443.131894,0.015412
Analog,2025-10-17 23:00:00,113.741436,211.844969,0.189175,299.264222,363.554668,0.826667,1237.250326,1466.476169,0.918333,1740.822379,1902.395338,59.008239,227.482871,0.015987
Analog,2025-10-18 23:00:00,236.413281,444.838982,0.37007,566.450383,627.801496,0.335,833.967541,3610.724222,0.506667,1179.430807,5032.777388,65.166983,472.826562,0.014555
Analog,2025-10-19 23:00:00,61.697625,114.93865,0.211982,151.840478,190.662169,0.923333,844.289255,935.684411,0.955,1234.851615,1329.263747,40.363497,123.39525,0.017217
Analog,2025-10-20 23:00:00,26.763961,49.841159,0.138193,61.380523,88.70723,0.956667,369.603154,409.506518,0.973333,534.646583,572.033286,19.812211,53.527923,0.017605
Analog,2025-10-21 23:00:00,26.289953,48.931397,0.253579,69.752321,85.949754,0.668333,240.006153,321.168391,0.846667,337.040389,397.191006,11.379078,52.579906,0.014121
Analog,2025-10-22 23:00:00,57.789045,108.419833,0.417175,144.93098,212.035787,0.311667,242.040893,806.299522,0.525,336.752556,1051.038218,39.646036,115.578089,0.014827
Analog,2025-10-23 23:00:00,42.387234,78.949456,0.143491,103.969945,241.538047,0.881667,359.488082,578.240702,0.953333,513.476417,749.356166,25.705597,84.774469,0.015266
Analog,2025-10-24 23:00:00,143.206115,272.400487,0.267544,334.98409,486.053586,0.655,495.60937,2294.211903,0.728333,683.336965,3584.022681,146.952934,286.412231,0.014433
Analog,2025-10-25 23:00:00,140.384843,261.584033,0.208842,376.873166,463.573411,0.646667,1094.614976,1668.369941,0.763333,1500.872762,1999.438586,59.920392,280.769686,0.015166
Analog,2025-10-26 23:00:00,177.57375,332.429259,0.283404,455.481664,509.325016,0.52,1074.847951,2416.626351,0.603333,1447.008129,3278.558529,70.592996,355.1475,0.014566
Analog,2025-10-27 23:00:00,63.221402,117.791488,0.127772,149.88018,225.149015,0.875,810.586377,922.718118,0.961667,1168.934549,1228.585241,35.866002,126.442804,0.016153
Analog,2025-10-28 23:00:00,54.935851,102.281448,0.284789,144.808722,203.792497,0.648333,486.389943,695.522925,0.833333,655.876138,843.10695,28.39481,109.871702,0.015555
Analog,2025-10-29 23:00:00,41.779252,78.079854,0.164088,105.158183,132.948318,0.851667,382.32629,577.89159,0.881667,531.813233,780.663113,24.002734,83.558503,0.01735
Analog,2025-10-30 23:00:00,18.442521,34.428238,0.281053,46.654626,63.150517,0.666667,177.87154,248.03595,0.79,255.882204,340.667171,11.141316,36.885042,0.014497
Analog,2025-10-31 23:00:00,33.265553,62.184762,0.320263,83.290512,107.713569,0.443333,179.363353,465.23551,0.606667,251.175812,610.721247,23.549143,66.531107,0.016456
Analog,2025-11-01 23:00:00,56.939338,110.091571,0.39786,126.620354,164.826136,0.363333,200.594629,991.050625,0.433333,283.123512,1741.356002,16.236367,113.878677,0.017191
Analog,2025-11-02 23:00:00,25.916389,48.295268,0.142982,63.753224,74.903379,0.895,356.881862,386.025174,0.955,492.29539,516.559625,12.450208,51.832778,0.015141
Analog,2025-11-03 23:00:00,19.123901,35.655729,0.185737,45.88016,56.489184,0.913333,248.503494,297.305331,0.958333,359.983231,393.416294,12.116323,38.247803,0.015025
Analog,2025-11-04 23:00:00,10.077988,18.811486,0.192684,25.781215,32.929345,0.743333,95.358717,139.499195,0.838333,134.429076,183.811171,4.719329,20.155976,0.015317
Analog,2025-11-05 23:00:00,48.525538,93.318406,0.266298,108.476127,238.670176,0.54,79.453052,833.723055,0.631667,110.997686,1447.822562,56.871868,97.051076,0.017027
Analog,2025-11-06 23:00:00,59.992515,111.77543,0.312018,173.5468,229.327532,0.653333,336.015342,625.408827,0.821667,474.402238,740.826772,20.107151,119.985031,0.014616
Analog,2025-11-07 23:00:00,119.980998,225.902469,0.251649,298.340733,392.549337,0.506667,423.934321,1698.129123,0.635,580.395945,2360.119875,86.478843,239.961997,0.016106
Analog,2025-11-08 23:00:00,118.329461,220.664467,0.372947,298.57525,369.198513,0.385,846.512575,1611.041668,0.62,1215.832936,1963.574555,59.015402,236.658921,0.016772
Analog,2025-11-09 23:00:00,45.65053,85.074877,0.246298,115.349405,144.646809,0.825,548.802958,629.264909,0.886667,786.844144,866.558684,31.353577,91.30106,0.015147
Analog,2025-11-10 23:00:00,18.16661,33.873217,0.145404,45.214328,58.824047,0.815,199.60146,255.026279,0.918333,282.596076,339.952563,11.039464,36.333221,0.016441
Analog,2025-11-11 23:00:00,17.838987,33.646847,0.174281,44.433571,62.98033,0.768333,140.403674,261.334225,0.838333,198.153948,383.34143,6.911381,35.677974,0.015492
Analog,2025-11-12 23:00:00,16.391711,30.644757,0.107491,40.734506,53.580988,0.766667,147.797285,232.90208,0.856667,209.619354,312.131984,7.633433,32.783421,0.014607
Analog,2025-11-13 23:00:00,32.486947,60.848039,0.347807,85.915556,113.058735,0.515,148.091861,416.333502,0.666667,208.166533,560.725875,19.921253,64.973893,0.015999
Analog,2025-11-14 23:00:00,78.409717,147.726372,0.291211,192.391045,243.096999,0.398333,212.946031,1162.556373,0.536667,292.331287,1691.761091,62.996697,156.819435,0.015072
Analog,2025-11-15 23:00:00,53.967338,100.627136,0.248526,138.435546,160.162817,0.67,480.523333,702.333876,0.823333,678.312339,879.495383,26.432837,107.934676,0.014458
Analog,2025-11-16 23:00:00,61.951595,115.302388,0.29093,172.537719,207.526336,0.706667,523.392057,700.501375,0.858333,726.613009,880.079767,34.420921,123.903189,0.015244
Analog,2025-11-17 23:00:00,46.555638,87.072986,0.310544,121.425422,153.104196,0.603333,309.407045,598.139955,0.771667,436.769387,750.977734,24.660243,93.111277,0.014773
Analog,2025-11-18 23:00:00,49.625891,93.062845,0.198088,127.01239,173.367992,0.733333,325.232454,667.023952,0.838333,452.07971,897.393163,32.433435,99.251782,0.014925
Analog,2025-11-19 23:00:00,142.715556,267.158078,0.258754,348.866792,498.078868,0.481667,391.400226,2058.614463,0.628333,573.145978,2768.03579,111.827419,285.431112,0.014903
Analog,2025-11-20 23:00:00,186.624886,349.178299,0.321667,478.977117,575.722512,0.52,947.810114,2504.498133,0.641667,1291.110031,3139.222547,103.110022,373.249773,0.016029
Analog,2025-11-21 23:00:00,186.548406,347.246421,0.391649,504.658705,536.766882,0.323333,1030.551159,2290.826655,0.526667,1442.337961,2710.886681,69.896905,373.096812,0.015772
Analog,2025-11-22 23:00:00,95.407943,177.652545,0.324421,263.661347,296.775948,0.74,850.3363,1110.302505,0.87,1219.677196,1444.607691,45.344601,190.815885,0.015411
Analog,2025-11-23 23:00:00,78.638033,146.297855,0.265281,211.466756,336.117901,0.701667,432.630468,936.832557,0.836667,615.827558,1050.870667,27.3885,157.276066,0.015529
Analog,2025-11-24 23:00:00,96.483217,179.47775,0.279632,283.134018,360.602433,0.741667,631.54171,980.203175,0.911667,880.642436,1108.564328,28.884702,192.966434,0.014675
Analog,2025-11-25 23:00:00,86.049117,160.236655,0.332105,227.633132,299.794208,0.583333,768.18402,1103.009281,0.776667,1144.176457,1477.674808,52.943491,172.098233,0.01382
Analog,2025-11-26 23:00:00,40.753652,75.83617,0.239544,100.359048,127.276216,0.856667,501.357643,602.480017,0.906667,704.138808,786.614862,25.824623,81.507304,0.015573
Analog,2025-11-27 23:00:00,49.867284,95.258286,0.209719,116.54088,192.517082,0.646667,158.803138,802.181969,0.716667,225.306152,1305.019461,49.373273,99.734568,0.014675
Analog,2025-11-28 23:00:00,40.338352,75.843192,0.268596,98.253723,131.632209,0.583333,328.520848,601.823186,0.646667,463.241774,869.75935,19.12553,80.676704,0.014082
Analog,2025-11-29 23:00:00,41.036058,76.643609,0.272702,107.240987,126.234503,0.576667,284.562003,507.347942,0.781667,410.737029,630.667021,21.413371,82.072117,0.014792
Analog,2025-11-30 23:00:00,100.522006,191.959643,0.344912,237.061251,374.353982,0.433333,237.788823,1599.057262,0.553333,327.795608,2600.342198,110.838714,201.044011,0.013561
Analog,2025-12-01 23:00:00,75.774051,141.791286,0.196333,200.722425,342.560302,0.818333,609.213388,1022.796101,0.886667,859.868242,1372.445281,47.724924,151.548101,0.016083
Analog,2025-12-02 23:00:00,57.018202,106.35774,0.188316,136.781788,171.678417,0.891667,681.190434,811.487792,0.941667,941.606167,1064.832483,30.858205,114.036405,0.013989
Analog,2025-12-03 23:00:00,168.466478,315.939507,0.315404,417.972646,465.042923,0.508333,585.876289,2445.761848,0.598333,789.361852,3506.501797,141.738394,336.932957,0.01432
Analog,2025-12-04 23:00:00,71.745263,133.711623,0.149684,171.701577,222.699496,0.853333,899.237597,1043.358489,0.918333,1292.700798,1439.892664,48.34554,143.490526,0.016708
Analog,2025-12-05 23:00:00,211.396666,402.625555,0.190877,501.799021,662.80949,0.35,500.06199,3269.931579,0.483333,701.093433,5145.608257,210.713434,422.793332,0.015393
Analog,2025-12-06 23:00:00,191.126733,359.180166,0.346544,460.343157,521.342086,0.478333,1337.845948,2881.495141,0.548333,1938.571599,4247.981098,94.184731,382.253466,0.016317
Analog,2025-12-07 23:00:00,107.701788,200.658653,0.205,273.344966,364.169453,0.791667,1057.02154,1462.298111,0.881667,1495.627598,1879.077924,62.958563,215.403577,0.016386
Analog,2025-12-08 23:00:00,123.086033,233.716004,0.25886,300.877606,409.835259,0.585,458.868784,1816.126178,0.715,625.739249,2743.426129,113.496203,246.172065,0.016172
Analog,2025-12-09 23:00:00,95.527058,178.472047,0.136667,255.854669,333.927969,0.678333,839.850601,1184.770948,0.818333,1172.751048,1571.928696,42.074003,191.054117,0.016538
Analog,2025-12-10 23:00:00,112.255838,209.299243,0.355175,297.466614,384.945631,0.438333,876.976066,1402.093939,0.606667,1223.773836,1769.824176,54.249015,224.511675,0.014362
Analog,2025-12-11 23:00:00,84.138913,157.271294,0.199474,214.098958,298.687889,0.891667,611.574477,1173.038504,0.96,837.099386,1603.651844,60.421002,168.277826,0.014863
Analog,2025-12-12 23:00:00,78.147622,146.065709,0.133526,203.598347,281.090128,0.693333,793.533316,1077.920139,0.823333,1149.416938,1491.772202,54.470773,156.295243,0.014389
Analog,2025-12-13 23:00:00,119.846077,224.182525,0.392193,311.866212,414.330319,0.351667,741.857766,1510.646549,0.578333,1026.27334,2009.179109,69.648944,239.692155,0.015119
Analog,2025-12-14 23:00:00,91.384359,170.897193,0.154719,236.083266,329.788709,0.756667,796.647223,1254.263447,0.846667,1123.592337,1723.049503,56.236087,182.768717,0.01566
Analog,2025-12-15 23:00:00,76.410453,142.275696,0.102474,204.348297,286.202808,0.863333,833.141971,980.572231,0.92,1171.402906,1263.333025,43.105278,152.820907,0.01679
Analog,2025-12-16 23:00:00,122.931561,229.649814,0.163053,318.406945,459.691431,0.776667,697.123003,1596.222561,0.881667,968.24391,2123.861067,76.527102,245.863122,0.016101
Analog,2025-12-17 23:00:00,95.143319,177.258118,0.222351,241.079771,326.760515,0.78,1051.076358,1306.963792,0.876667,1487.058456,1678.47119,58.097475,190.286638,0.014373
Analog,2025-12-18 23:00:00,155.503213,291.096549,0.376263,391.94041,465.524439,0.433333,872.085103,2113.51455,0.565,1174.096425,2839.69604,58.200869,311.006425,0.015288
Analog,2025-12-19 23:00:00,52.946399,98.802053,0.207579,135.045463,191.616724,0.928333,725.531594,744.953538,0.976667,1078.630133,1089.605454,34.717018,105.892798,0.013239
Analog,2025-12-20 23:00:00,44.466538,82.971777,0.172421,107.69437,170.56193,0.658333,308.012279,668.853916,0.711667,442.028573,943.326478,18.625857,88.933076,0.013673
Analog,2025-12-21 23:00:00,25.954267,48.395796,0.18214,58.981805,80.886552,0.98,423.350371,430.464944,0.995,627.332342,637.515366,19.329158,51.908535,0.014063
Analog,2025-12-22 23:00:00,57.720055,109.349537,0.163825,129.989844,230.341757,0.933333,287.601867,964.397393,0.956667,418.272809,1502.996226,64.31332,115.440109,0.014124
Analog,2025-12-23 23:00:00,54.631252,102.609773,0.284737,134.177714,200.307163,0.48,406.256634,794.339787,0.613333,606.841112,1158.848828,28.896106,109.262505,0.013339
Analog,2025-12-24 23:00:00,80.390166,150.201063,0.397649,193.928666,228.5695,0.308333,355.850125,1146.080556,0.515,506.923514,1592.574028,25.124166,160.780332,0.015621
Analog,2025-12-25 23:00:00,25.265363,47.126361,0.174877,60.318292,71.870655,0.893333,351.563021,367.72599,0.97,514.134752,525.103695,11.423568,50.530727,0.015617
Analog,2025-12-26 23:00:00,26.327782,49.148303,0.235491,67.372052,77.975857,0.786667,282.056472,344.42931,0.906667,406.474248,468.310929,12.489348,52.655565,0.014606
Analog,2025-12-27 23:00:00,31.367046,59.104241,0.149719,80.500753,137.717614,0.696667,175.605855,435.550177,0.833333,255.372541,620.589424,19.300378,62.734092,0.013871
Analog,2025-12-28 23:00:00,25.880973,48.254975,0.168895,62.727193,81.96094,0.92,343.956383,396.019687,0.956667,556.296774,629.27432,25.73058,51.761947,0.015655
Analog,2025-12-29 23:00:00,16.946677,31.603142,0.124825,38.822333,45.751529,0.88,244.019104,269.198301,0.93,342.306051,367.943393,11.255286,33.893353,0.014879
Analog,2025-12-30 23:00:00,42.653446,83.05361,0.189632,94.163856,129.088571,0.518333,83.036012,749.729732,0.585,114.32429,1364.269736,7.892298,85.306892,0.014365
Analog,2025-12-31 23:00:00,48.665268,90.835734,0.262825,131.960189,152.874961,0.571667,252.470504,511.110355,0.748333,343.747907,636.554338,13.25816,97.330537,0.013508
Analog,2026-01-01 23:00:00,28.773877,53.628042,0.118877,71.979528,86.4693,0.855,355.304927,409.933221,0.943333,523.598501,576.252265,17.535355,57.547754,0.017623
Analog,2026-01-02 23:00:00,47.248162,87.872953,0.299632,131.021517,143.612001,0.658333,328.433979,516.569926,0.826667,482.593323,645.766567,18.387653,94.496324,0.014927
Analog,2026-01-03 23:00:00,29.0044,54.031689,0.105982,76.295898,94.228532,0.885,335.673161,357.863265,0.968333,492.302331,500.523999,14.219562,58.0088,0.014771
Analog,2026-01-04 23:00:00,42.113413,78.501063,0.223333,117.102793,181.092312,0.803333,270.741102,470.996446,0.9,379.664656,581.18332,16.690476,84.226826,0.014299
Analog,2026-01-05 23:00:00,34.160874,63.698025,0.106211,78.793341,117.00145,0.933333,443.333042,488.887813,0.981667,640.109134,669.591631,22.608522,68.321749,0.014484
Analog,2026-01-06 23:00:00,33.626359,62.546639,0.20107,91.686063,112.162203,0.75,348.930284,406.173802,0.908333,471.438713,502.701178,18.342625,67.252717,0.01468
Analog,2026-01-07 23:00:00,77.418597,146.870265,0.249281,191.513027,280.187813,0.726667,279.092489,1113.243127,0.821667,379.642778,1738.171798,70.441199,154.837194,0.014827
Analog,2026-01-08 23:00:00,349.224359,667.620006,0.403088,792.608294,1006.160017,0.196667,480.916309,5849.793356,0.32,718.803448,9569.659098,415.384569,698.448717,0.015656
Analog,2026-01-09 23:00:00,224.379826,417.975948,0.362895,568.41956,728.83863,0.486667,1794.104017,2980.635784,0.671667,2489.954325,3764.981539,119.940903,448.759652,0.015205
Analog,2026-01-10 23:00:00,89.39309,166.463125,0.280491,242.541903,284.390664,0.875,1094.918605,1174.407527,0.938333,1566.361033,1636.948092,60.275104,178.786181,0.013931
Analog,2026-01-11 23:00:00,46.767853,87.248701,0.145316,112.426186,164.641175,0.755,399.918843,680.712586,0.846667,595.536786,898.196409,27.679539,93.535706,0.014623
Analog,2026-01-12 23:00:00,64.261753,120.065906,0.225754,172.057907,216.535769,0.693333,447.487889,792.51618,0.818333,622.40581,1037.418468,32.744284,128.523507,0.014632
Analog,2026-01-13 23:00:00,57.231347,106.536061,0.286632,158.935611,191.517367,0.745,528.222545,676.089232,0.885,759.426897,868.123672,30.956964,114.462695,0.016098
Analog,2026-01-14 23:00:00,28.513015,53.137652,0.141105,70.775976,91.905256,0.878333,367.727274,408.75267,0.96,526.134,560.235323,18.530326,57.026029,0.017443
Analog,2026-01-15 23:00:00,23.322319,43.468124,0.153,60.896218,76.22339,0.691667,212.955886,288.721051,0.843333,306.248407,373.655576,10.69294,46.644638,0.01445
Analog,2026-01-16 23:00:00,25.599143,47.77185,0.121211,65.45616,82.362639,0.76,225.988302,332.94119,0.9,332.917512,463.694543,13.723147,51.198286,0.015362
Analog,2026-01-17 23:00:00,12.747676,23.773879,0.170421,31.570586,40.076116,0.86,156.548216,184.936984,0.928333,218.058953,246.566177,7.747319,25.495351,0.016949
Analog,2026-01-18 23:00:00,50.17851,94.629038,0.226684,121.022651,227.273085,0.613333,139.211766,758.653756,0.735,192.398007,1148.137472,41.827116,100.357019,0.016242
Analog,2026-01-19 23:00:00,35.047773,65.279145,0.100035,91.322931,147.120113,0.866667,366.86617,470.676669,0.943333,511.250245,586.980249,20.500388,70.095545,0.015273
Analog,2026-01-20 23:00:00,33.926836,63.167031,0.164298,94.013991,139.22947,0.796667,289.997227,396.114809,0.893333,403.810605,501.679988,13.804012,67.853672,0.015878
Analog,2026-01-21 23:00:00,52.532038,98.356824,0.185316,130.977008,166.811768,0.711667,301.848108,751.098006,0.823333,430.768419,1001.357621,40.234563,105.064075,0.015696
Analog,2026-01-22 23:00:00,100.086272,188.362881,0.402088,251.981452,303.711346,0.313333,324.903381,1424.699414,0.458333,460.874617,2072.535123,82.981264,200.172545,0.014221
Analog,2026-01-23 23:00:00,190.162104,358.847871,0.405702,452.057594,533.957346,0.261667,480.132827,2932.742077,0.373333,701.04372,4390.178502,185.026477,380.324208,0.014128
Analog,2026-01-24 23:00:00,464.133749,880.738837,0.385912,1092.924587,1209.075773,0.208333,896.022294,7285.336273,0.3,1231.644425,11244.422088,492.780833,928.267498,0.016553
Analog,2026-01-25 23:00:00,246.518827,459.05932,0.235895,659.378745,752.384211,0.736667,2209.155595,2968.992441,0.868333,3228.576069,3864.683379,118.39395,493.037653,0.015721
Analog,2026-01-26 23:00:00,118.539786,220.683267,0.196579,298.697609,368.472629,0.788333,1161.716245,1512.157965,0.923333,1639.205745,1776.258092,60.919577,237.079571,0.015497
Analog,2026-01-27 23:00:00,227.921231,426.42568,0.448596,594.211062,618.577043,0.275,903.449365,2876.34591,0.455,1276.610209,3797.377249,61.116338,455.842463,0.01537
Analog,2026-01-28 23:00:00,193.304809,361.306062,0.437193,487.660803,564.625071,0.243333,724.042025,2748.407705,0.453333,1038.188199,3566.545047,54.941595,386.609617,0.014919
Analog,2026-01-29 23:00:00,264.441484,496.883455,0.470965,665.456345,678.911785,0.185,744.241033,3486.743982,0.336667,1059.978692,4779.42842,58.837801,528.882968,0.015679
Analog,2026-01-30 23:00:00,57.411932,106.994001,0.208228,142.537151,184.537129,0.856667,707.058348,811.536845,0.923333,1010.479064,1091.091718,35.918285,114.823864,0.013843
Analog,2026-01-31 23:00:00,45.907822,87.156964,0.224965,109.581742,142.972267,0.55,208.344999,714.391019,0.62,307.23303,1124.406612,14.858664,91.815644,0.016502
Analog,2026-02-01 23:00:00,79.266471,147.6936,0.43007,214.946871,239.099354,0.345,313.028148,878.055994,0.701667,440.69548,1066.623127,21.187908,158.532943,0.013933
Analog,2026-02-02 23:00:00,21.078471,39.347822,0.130509,44.655633,56.751156,0.996667,375.11156,375.47806,1.0,571.278532,571.278532,15.763886,42.156942,0.014318
Analog,2026-02-03 23:00:00,15.975616,29.812751,0.208211,38.233684,49.571941,0.871667,229.930457,238.023624,0.97,345.163547,348.863459,11.361737,31.951232,0.015045
Analog,2026-02-04 23:00:00,9.518958,17.80852,0.190544,24.044106,28.836799,0.795,97.891973,136.318175,0.888333,139.042504,189.347759,4.940395,19.037917,0.014912
Analog,2026-02-05 23:00:00,10.476764,19.575422,0.211684,27.440467,36.175979,0.66,78.766588,139.462614,0.785,113.004075,188.446506,5.378487,20.953528,0.014482
Analog,2026-02-06 23:00:00,10.094253,18.895505,0.21314,25.302401,31.183079,0.696667,90.933217,141.209987,0.803333,129.574128,195.607041,4.783192,20.188506,0.014377
Analog,2026-02-07 23:00:00,25.091543,48.113384,0.268246,56.37891,79.127406,0.483333,77.958736,430.684802,0.555,113.456251,722.874517,5.939814,50.183087,0.014913
Analog,2026-02-08 23:00:00,12.856648,23.935978,0.222544,30.137001,36.13166,0.84,176.552693,200.1714,0.935,261.969867,281.486464,6.427678,25.713295,0.015873
Analog,2026-02-09 23:00:00,17.029893,31.764724,0.138018,39.739507,97.75932,0.848333,151.205175,259.126442,0.921667,218.121053,317.898984,10.54971,34.059786,0.014925
Analog,2026-02-10 23:00:00,36.431736,69.29549,0.167404,90.055272,156.956489,0.788333,210.800151,539.55794,0.893333,311.359734,859.031859,31.723915,72.863473,0.013674
Analog,2026-02-11 23:00:00,33.028119,61.470501,0.149404,86.610621,107.857911,0.926667,390.548907,433.467634,0.973333,536.220024,554.892386,20.788905,66.056238,0.015769
Analog,2026-02-12 23:00:00,37.125462,70.334106,0.199158,86.636463,121.556611,0.756667,231.642753,582.928564,0.866667,332.664949,899.342927,36.193907,74.250924,0.013708
Analog,2026-02-13 23:00:00,76.834575,146.654485,0.221737,179.610764,237.674612,0.488333,195.085875,1222.859737,0.62,280.340947,1905.491898,82.118241,153.669151,0.016504
Analog,2026-02-14 23:00:00,74.803569,140.884873,0.380439,179.140364,202.735201,0.365,443.491008,1123.032056,0.443333,625.818478,1673.421209,31.815581,149.607138,0.014725
Analog,2026-02-15 23:00:00,25.527505,47.565446,0.152684,60.540271,76.584735,0.961667,388.651069,398.510696,0.998333,572.083831,572.297695,18.755101,51.05501,0.013358
Analog,2026-02-16 23:00:00,8.532747,15.91526,0.146579,18.685061,23.197407,0.938333,132.135361,136.715792,0.973333,194.630512,196.921187,6.921395,17.065494,0.014302
Analog,2026-02-17 23:00:00,6.026078,11.234109,0.151333,16.293653,20.890315,0.891667,68.106629,75.909647,0.963333,96.78019,102.401041,2.87734,12.052155,0.013459
Analog,2026-02-18 23:00:00,17.200501,32.136337,0.320632,45.633742,54.862735,0.558333,80.510667,207.550604,0.781667,114.784684,276.482129,9.008829,34.401003,0.01321
Analog,2026-02-19 23:00:00,119.139559,231.341912,0.301211,259.157083,442.157042,0.481667,129.428524,2127.618967,0.57,178.972806,3799.139496,167.714573,238.279118,0.014467
Analog,2026-02-20 23:00:00,137.230358,256.217879,0.198158,357.552963,505.90755,0.621667,782.624781,1735.864029,0.748333,1076.547846,2176.436636,79.568416,274.460716,0.01455
Analog,2026-02-21 23:00:00,160.180067,298.374252,0.361298,409.719319,472.769767,0.331667,1293.089538,2106.437669,0.563333,1716.750935,2484.121439,80.22902,320.360134,0.013403
Analog,2026-02-22 23:00:00,65.140498,121.285501,0.155947,164.95138,228.91655,0.97,866.334534,909.052492,0.99,1227.021244,1228.760289,43.079577,130.280995,0.016962
Analog,2026-02-23 23:00:00,19.464644,36.275626,0.274632,47.812939,63.052263,0.823333,264.447707,279.627814,0.941667,377.090451,382.986355,14.857792,38.929287,0.015448
Analog,2026-02-24 23:00:00,20.918803,39.187009,0.377386,51.414336,65.629126,0.36,104.630124,295.844686,0.508333,158.530928,389.659565,14.013746,41.837606,0.013228
Analog,2026-02-25 23:00:00,35.319606,66.330153,0.222632,84.586871,206.429948,0.876667,133.694313,552.180195,0.908333,188.948612,864.807622,36.248737,70.639212,0.013437
Analog,2026-02-26 23:00:00,43.344849,80.916021,0.202596,112.320204,161.379616,0.905,320.300656,612.017407,0.965,459.12407,900.184192,33.371154,86.689698,0.015194
Analog,2026-02-27 23:00:00,55.989537,104.263753,0.207877,151.85029,221.916972,0.638333,478.588497,696.68792,0.785,670.898096,883.901157,32.844213,111.979074,0.015011
Analog,2026-02-28 23:00:00,53.876255,100.342122,0.243579,136.930346,194.38206,0.643333,331.101607,690.616687,0.77,475.759466,897.203729,29.136791,107.752511,0.016684
Analog-minimos-cuadrados,2021-04-01 23:00:00,115.150041,221.506072,0.478684,253.208036,315.840292,0.06,150.520922,2040.943283,0.14,210.103215,3537.931144,18.481993,230.300082,0.012924
Analog-minimos-cuadrados,2021-04-02 23:00:00,39.169152,72.990626,0.158018,92.613327,111.496965,0.885,542.600281,578.677411,0.961667,762.804163,785.981928,19.664463,78.338304,0.0119
Analog-minimos-cuadrados,2021-04-04 23:00:00,56.128566,104.687666,0.314053,157.539076,173.477417,0.725,457.236905,649.515805,0.811667,625.908002,844.017202,21.502331,112.257132,0.010846
Analog-minimos-cuadrados,2021-04-05 23:00:00,32.245179,60.053401,0.251544,86.057928,93.661495,0.986667,486.945929,488.818448,1.0,656.022017,656.022017,15.49216,64.490358,0.011926
Analog-minimos-cuadrados,2021-04-06 23:00:00,21.085688,39.464267,0.116246,51.938397,89.375059,0.813333,155.412045,298.630896,0.895,210.209976,353.691142,11.119869,42.171377,0.010681
Analog-minimos-cuadrados,2021-04-07 23:00:00,17.173753,32.06023,0.156947,42.333129,51.727034,0.825,215.181596,252.806932,0.925,310.641735,342.912933,12.26923,34.347506,0.012713
Analog-minimos-cuadrados,2021-04-08 23:00:00,23.450869,43.760295,0.256982,63.675695,75.844233,0.641667,132.331939,279.943815,0.77,196.463875,369.29431,10.007451,46.901738,0.011929
Analog-minimos-cuadrados,2021-04-09 23:00:00,157.042173,302.194063,0.421456,346.353519,385.762166,0.14,156.255555,2769.907218,0.17,212.948275,4842.954205,220.520138,314.084347,0.013027
Analog-minimos-cuadrados,2021-04-10 23:00:00,118.798336,221.619456,0.424895,307.625031,312.718897,0.221667,470.880919,1562.458723,0.4,648.50927,1849.575821,33.291501,237.596673,0.014345
Analog-minimos-cuadrados,2021-04-11 23:00:00,44.636652,83.232496,0.169228,106.864329,133.094962,0.908333,564.724537,641.174211,0.95,777.573942,867.477096,28.118159,89.273304,0.014586
Analog-minimos-cuadrados,2021-04-12 23:00:00,20.452338,38.158147,0.099386,49.566882,68.150822,0.915,274.61046,301.215779,0.943333,364.094755,397.452309,12.59776,40.904676,0.013998
Analog-minimos-cuadrados,2021-04-13 23:00:00,113.773314,213.739458,0.428246,273.097162,322.047258,0.233333,210.343822,1721.369831,0.398333,318.72996,2395.540734,101.239327,227.546627,0.013368
Analog-minimos-cuadrados,2021-04-14 23:00:00,31.461132,58.700759,0.170754,66.463667,82.301687,0.903333,470.524069,535.724331,0.921667,641.799856,728.043146,19.119779,62.922264,0.016383
Analog-minimos-cuadrados,2021-04-15 23:00:00,27.636399,51.576618,0.131719,68.278034,89.043681,0.803333,234.921222,411.347219,0.866667,321.885214,585.104778,12.128416,55.272798,0.015432
Analog-minimos-cuadrados,2021-04-16 23:00:00,127.538265,247.291629,0.483333,280.345851,284.84334,0.056667,207.822274,2244.822646,0.1,295.734061,3962.331371,23.705344,255.076531,0.014908
Analog-minimos-cuadrados,2021-04-17 23:00:00,40.754608,75.839634,0.300667,124.053752,133.853224,0.92,403.094622,420.191755,0.986667,551.030997,553.646312,20.403639,81.509216,0.015866
Analog-minimos-cuadrados,2021-04-18 23:00:00,16.476764,30.923118,0.162158,36.54747,89.256133,0.87,142.976472,277.00478,0.92,210.501261,383.053946,13.674038,32.953528,0.014146
Analog-minimos-cuadrados,2021-04-19 23:00:00,13.68191,25.526239,0.198018,31.500861,38.88025,0.928333,208.945171,226.454442,0.956667,298.921242,318.024067,11.729376,27.363819,0.015681
Analog-minimos-cuadrados,2021-04-20 23:00:00,8.801844,16.420515,0.155561,20.348527,24.830366,0.945,134.866741,140.610053,0.983333,196.321067,198.537153,6.391195,17.603689,0.014308
Analog-minimos-cuadrados,2021-04-21 23:00:00,24.918189,47.62328,0.179421,57.759004,133.270962,0.816667,76.549705,413.91019,0.853333,108.553376,672.188387,28.999944,49.836378,0.014814
Analog-minimos-cuadrados,2021-04-22 23:00:00,51.268157,95.475857,0.263667,151.638546,186.511139,0.793333,295.623914,502.270238,0.901667,407.150025,570.667236,15.226468,102.536313,0.014159
Analog-minimos-cuadrados,2021-04-23 23:00:00,43.909906,82.545715,0.110368,112.094609,152.631608,0.815,385.531997,650.307309,0.875,578.152889,891.507986,21.826414,87.819812,0.01594
Analog-minimos-cuadrados,2021-04-24 23:00:00,63.516202,118.619784,0.316105,161.7752,185.448263,0.54,472.206186,840.055876,0.681667,667.098483,1071.231991,28.239331,127.032404,0.013472
Analog-minimos-cuadrados,2021-04-25 23:00:00,82.212385,153.449368,0.225719,207.378394,296.022779,0.538333,317.521114,1130.074654,0.69,472.201316,1395.969335,48.820591,164.424769,0.017847
Analog-minimos-cuadrados,2021-04-26 23:00:00,60.53136,112.558094,0.264053,164.501216,206.131129,0.761667,549.327067,699.173966,0.886667,765.466393,873.549799,31.85305,121.06272,0.014224
Analog-minimos-cuadrados,2021-04-27 23:00:00,34.278016,63.920506,0.169807,87.161277,110.405419,0.943333,463.514825,488.309349,0.978333,704.813373,723.473668,26.546164,68.556032,0.015142
Analog-minimos-cuadrados,2021-04-28 23:00:00,33.813352,63.291075,0.308982,85.329311,142.688993,0.533333,203.900834,466.495633,0.77,305.797327,603.274672,20.664277,67.626705,0.017223
Analog-minimos-cuadrados,2021-04-29 23:00:00,26.407213,49.119302,0.249491,62.237054,80.23006,0.871667,369.593133,387.051588,0.961667,493.683998,502.516423,21.281815,52.814425,0.014863
Analog-minimos-cuadrados,2021-04-30 23:00:00,33.929818,64.838345,0.174526,78.115551,109.687069,0.785,192.206004,556.267278,0.838333,286.758376,925.988829,11.007732,67.859636,0.016122
Analog-minimos-cuadrados,2021-05-01 23:00:00,75.189201,144.750036,0.249246,167.161525,320.612301,0.386667,234.504148,1299.225058,0.453333,324.511419,2209.657168,85.602485,150.378401,0.014907
Analog-minimos-cuadrados,2021-05-02 23:00:00,50.088351,93.442266,0.114684,119.765526,227.782358,0.88,536.001296,757.13848,0.92,769.30193,985.380875,34.847736,100.176702,0.015252
Analog-minimos-cuadrados,2021-05-03 23:00:00,58.583843,109.389844,0.156211,134.711468,308.859115,0.893333,582.846793,920.444627,0.928333,858.123704,1276.504547,45.821527,117.167686,0.017196
Analog-minimos-cuadrados,2021-05-04 23:00:00,49.681779,92.510909,0.230649,114.036882,139.522034,0.881667,725.965334,758.749729,0.97,1004.685307,1018.445061,41.95398,99.363559,0.015243
Analog-minimos-cuadrados,2021-05-05 23:00:00,25.966205,48.399785,0.152,54.189415,74.913916,0.985,441.695433,445.181684,1.0,644.245774,644.245774,22.514061,51.93241,0.014908
Analog-minimos-cuadrados,2021-05-06 23:00:00,20.221227,37.675501,0.332211,55.760039,61.039019,0.633333,116.671809,232.113815,0.798333,170.139119,271.109936,7.698904,40.442453,0.015745
Analog-minimos-cuadrados,2021-05-07 23:00:00,29.95306,56.347111,0.375702,76.812022,95.330289,0.418333,104.865911,393.391411,0.605,141.126516,535.949762,18.158359,59.90612,0.015278
Analog-minimos-cuadrados,2021-05-08 23:00:00,21.532435,40.133141,0.182579,51.933755,81.343293,0.718333,177.500304,299.510248,0.838333,246.456956,357.653062,10.438214,43.06487,0.01516
Analog-minimos-cuadrados,2021-05-09 23:00:00,16.131345,30.065095,0.188316,39.445447,57.327294,0.923333,198.459871,236.504715,0.966667,291.703495,333.001916,10.753,32.26269,0.014528
Analog-minimos-cuadrados,2021-05-10 23:00:00,49.058422,93.031434,0.265737,118.700113,294.761571,0.718333,164.263247,732.594135,0.855,236.519959,1129.668288,44.708396,98.116844,0.013823
Analog-minimos-cuadrados,2021-05-11 23:00:00,36.582721,68.234806,0.153702,69.846906,123.36882,0.943333,646.719449,672.560102,0.981667,899.502623,913.462265,36.773439,73.165442,0.016074
Analog-minimos-cuadrados,2021-05-12 23:00:00,34.817245,64.842661,0.261614,94.503882,137.882417,0.871667,383.736402,436.579528,0.965,601.462959,624.234247,22.465211,69.634491,0.017215
Analog-minimos-cuadrados,2021-05-13 23:00:00,30.918,57.541232,0.336421,82.339709,98.122879,0.655,264.207544,374.87825,0.848333,390.623392,471.211406,16.9259,61.836,0.014635
Analog-minimos-cuadrados,2021-05-14 23:00:00,35.530967,66.27269,0.117333,94.699138,162.467211,0.791667,193.787871,462.72167,0.883333,288.833861,527.255728,17.091982,71.061935,0.015088
Analog-minimos-cuadrados,2021-05-15 23:00:00,42.504419,79.119169,0.208684,102.615819,140.06271,0.618333,396.388527,601.037654,0.785,547.803025,725.548103,25.480154,85.008837,0.013937
Analog-minimos-cuadrados,2021-05-16 23:00:00,49.661735,93.162739,0.135579,114.821704,332.137578,0.933333,347.864285,823.516493,0.945,522.876687,1038.468821,37.489091,99.323469,0.014838
Analog-minimos-cuadrados,2021-05-17 23:00:00,45.913143,85.693154,0.173035,100.273413,196.144306,0.945,690.275876,728.806053,0.99,1017.607913,1028.686442,39.819301,91.826286,0.014215
Analog-minimos-cuadrados,2021-05-18 23:00:00,34.00055,63.445202,0.17514,75.548325,118.02175,0.971667,531.095588,538.816975,0.993333,796.352536,798.990872,29.999215,68.001101,0.015798
Analog-minimos-cuadrados,2021-05-19 23:00:00,22.042662,41.14971,0.156053,52.885803,62.657915,0.981667,359.226006,360.363193,1.0,524.676222,524.676222,15.913456,44.085325,0.014533
Analog-minimos-cuadrados,2021-05-20 23:00:00,13.802274,25.779048,0.388123,34.945363,38.03629,0.32,73.504182,186.495773,0.503333,106.453443,240.800226,4.97661,27.604549,0.013316
Analog-minimos-cuadrados,2021-05-21 23:00:00,102.198526,200.088356,0.359088,218.85354,355.797921,0.228333,75.94878,1878.917758,0.308333,105.405434,3478.023408,154.471496,204.397051,0.015137
Analog-minimos-cuadrados,2021-05-22 23:00:00,66.15076,123.269847,0.319789,164.427254,182.24111,0.45,511.325425,924.951297,0.628333,714.449132,1125.894291,32.56373,132.30152,0.014148
Analog-minimos-cuadrados,2021-05-23 23:00:00,44.92553,83.625563,0.107105,115.428115,155.953501,0.805,438.220004,597.179475,0.9,653.694337,771.266848,23.466687,89.851061,0.013605
Analog-minimos-cuadrados,2021-05-24 23:00:00,20.771274,38.681833,0.271421,56.063008,64.758637,0.821667,215.243833,246.71792,0.943333,320.367,337.243556,12.581821,41.542548,0.015099
Analog-minimos-cuadrados,2021-05-25 23:00:00,26.702266,51.226699,0.155193,60.043045,172.340165,0.863333,124.270165,451.783302,0.916667,185.367738,775.479064,32.91733,53.404532,0.013293
Analog-minimos-cuadrados,2021-05-26 23:00:00,22.782347,42.391625,0.268211,48.173189,56.334541,0.858333,367.06379,382.070414,0.955,511.776202,518.793512,22.77723,45.564695,0.015333
Analog-minimos-cuadrados,2021-05-27 23:00:00,153.97608,292.374815,0.473333,350.510876,539.133021,0.125,194.11702,2545.47943,0.283333,283.771903,4130.297056,183.542084,307.952159,0.016694
Analog-minimos-cuadrados,2021-05-28 23:00:00,111.55932,207.372561,0.249719,292.501419,371.363094,0.628333,1055.689437,1384.17552,0.783333,1332.702585,1627.248737,57.545994,223.11864,0.013214
Analog-minimos-cuadrados,2021-05-29 23:00:00,109.412582,204.3891,0.448579,279.955897,290.886587,0.24,513.654664,1452.621938,0.501667,762.687741,1720.172237,37.904901,218.825163,0.013839
Analog-minimos-cuadrados,2021-05-30 23:00:00,33.771361,63.071218,0.166947,75.429303,143.039374,0.895,396.23472,533.377673,0.94,579.186204,747.645708,24.661731,67.542722,0.015595
Analog-minimos-cuadrados,2021-05-31 23:00:00,15.572407,29.002941,0.206316,29.118118,37.824951,0.958333,306.75657,309.616141,0.986667,426.554326,427.503854,18.252137,31.144814,0.014972
Analog-minimos-cuadrados,2021-06-01 23:00:00,16.247524,30.302061,0.236579,43.71682,52.769911,0.94,199.139884,226.480843,0.973333,299.31889,329.011198,9.864543,32.495048,0.015563
Analog-minimos-cuadrados,2021-06-02 23:00:00,20.288163,37.934385,0.165719,51.509424,74.474967,0.755,129.857817,274.785343,0.841667,181.39392,363.510996,12.676925,40.576326,0.014333
Analog-minimos-cuadrados,2021-06-03 23:00:00,13.867684,25.869406,0.092719,35.252673,53.490053,0.886667,126.081505,181.391337,0.935,170.849674,233.283541,7.955263,27.735368,0.015567
Analog-minimos-cuadrados,2021-06-04 23:00:00,38.284105,72.653785,0.301982,89.816023,123.232399,0.195,105.093067,612.36269,0.298333,152.575543,939.265305,23.967961,76.568211,0.016282
Analog-minimos-cuadrados,2021-06-05 23:00:00,93.683459,178.929316,0.466754,205.463513,291.147039,0.088333,196.278267,1626.52756,0.163333,275.451076,2692.855602,65.150677,187.366919,0.016033
Analog-minimos-cuadrados,2021-06-06 23:00:00,64.92362,120.888364,0.360825,166.916304,226.526223,0.53,538.990227,860.484941,0.718333,744.781698,1027.238932,34.99095,129.84724,0.014703
Analog-minimos-cuadrados,2021-06-07 23:00:00,35.179124,65.469297,0.194561,90.848746,114.693097,0.835,383.292273,444.898589,0.931667,518.417161,556.724842,15.688879,70.358249,0.016273
Analog-minimos-cuadrados,2021-06-08 23:00:00,32.313683,60.531193,0.461877,81.327926,83.810348,0.193333,130.864092,453.492867,0.365,190.025222,625.398782,10.022577,64.627365,0.014233
Analog-minimos-cuadrados,2021-06-09 23:00:00,23.800275,44.800405,0.226,58.52882,85.420215,0.77,128.268928,335.656655,0.87,181.816512,500.201384,18.874609,47.60055,0.015164
Analog-minimos-cuadrados,2021-06-10 23:00:00,20.425307,38.099884,0.122825,52.429582,73.03325,0.748333,154.685684,272.825166,0.86,204.897188,344.562094,12.996528,40.850614,0.014749
Analog-minimos-cuadrados,2021-06-11 23:00:00,15.722246,29.253563,0.152351,40.601357,56.415217,0.805,156.565948,205.268743,0.893333,219.413696,262.334474,9.372868,31.444492,0.014236
Analog-minimos-cuadrados,2021-06-12 23:00:00,28.801995,54.638764,0.185737,69.71638,86.462405,0.443333,109.043334,429.134964,0.565,153.645646,660.106501,7.290883,57.60399,0.014826
Analog-minimos-cuadrados,2021-06-13 23:00:00,25.490915,47.425216,0.276895,69.572233,87.869931,0.773333,198.738442,291.914068,0.921667,292.03398,351.737198,9.410662,50.981831,0.016374
Analog-minimos-cuadrados,2021-06-14 23:00:00,20.558951,38.234929,0.222193,56.293337,73.074929,0.885,191.981145,229.06991,0.963333,249.464382,274.801151,6.559469,41.117902,0.015168
Analog-minimos-cuadrados,2021-06-15 23:00:00,28.142947,52.639365,0.218579,72.733507,88.266381,0.448333,159.091992,362.21424,0.656667,214.464461,458.806675,11.760669,56.285895,0.016635
Analog-minimos-cuadrados,2021-06-16 23:00:00,20.705293,38.629853,0.185211,51.764026,88.513538,0.828333,202.440755,286.267656,0.918333,295.819554,382.457088,13.488519,41.410587,0.015175
Analog-minimos-cuadrados,2021-06-17 23:00:00,24.998302,46.642389,0.200158,64.556758,79.555552,0.668333,214.631387,334.189232,0.795,314.414719,471.07969,16.868872,49.996605,0.014421
Analog-minimos-cuadrados,2021-06-18 23:00:00,55.909355,104.537877,0.338333,140.032555,180.41448,0.408333,175.048191,774.352137,0.573333,257.50215,1010.172564,39.211896,111.818711,0.014435
Analog-minimos-cuadrados,2021-06-19 23:00:00,118.572623,226.070971,0.498947,274.546359,281.23967,0.005,302.118519,1898.190264,0.015,390.320501,3063.077498,26.181844,237.145246,0.017232
Analog-minimos-cuadrados,2021-06-20 23:00:00,63.909572,119.41053,0.258561,164.866253,229.65809,0.733333,420.435954,805.569523,0.873333,584.476775,1041.988588,31.052316,127.819144,0.014646
Analog-minimos-cuadrados,2021-06-21 23:00:00,42.282715,78.758639,0.126807,106.927439,160.817883,0.906667,445.331603,557.638372,0.938333,561.585831,683.51797,21.202188,84.565429,0.014869
Analog-minimos-cuadrados,2021-06-22 23:00:00,95.65424,181.470715,0.230842,230.326807,398.117798,0.748333,344.277947,1490.968546,0.806667,489.513103,2388.270556,99.460838,191.308479,0.014433
Analog-minimos-cuadrados,2021-06-23 23:00:00,119.412225,224.007268,0.471228,285.75948,303.045239,0.105,621.289222,1760.567127,0.185,817.451302,2461.237836,43.700425,238.82445,0.014102
Analog-minimos-cuadrados,2021-06-24 23:00:00,35.992264,67.042184,0.163561,81.398477,105.359479,0.961667,567.388517,584.209445,0.993333,790.166846,796.857792,27.482542,71.984529,0.016583
Analog-minimos-cuadrados,2021-06-25 23:00:00,34.146808,64.418084,0.087158,86.368205,135.248137,0.695,172.396255,475.348576,0.811667,227.600669,692.138705,27.544641,68.293616,0.014913
Analog-minimos-cuadrados,2021-06-26 23:00:00,77.050547,145.295487,0.48886,181.837626,190.364233,0.046667,260.006733,1192.063252,0.095,338.650274,1778.589345,20.565895,154.101094,0.01519
Analog-minimos-cuadrados,2021-06-27 23:00:00,44.961463,84.057653,0.334509,119.730381,140.418669,0.648333,304.879784,568.152474,0.801667,420.917457,707.805226,20.997484,89.922925,0.013293
Analog-minimos-cuadrados,2021-06-28 23:00:00,15.947753,29.710716,0.127579,36.091758,47.984727,0.98,246.584182,250.630948,0.998333,325.695809,326.357596,8.894475,31.895505,0.014114
Analog-minimos-cuadrados,2021-06-29 23:00:00,19.39799,36.271813,0.156737,46.736974,62.196368,0.843333,162.171357,283.424845,0.906667,227.549321,381.623354,13.905781,38.79598,0.015212
Analog-minimos-cuadrados,2021-06-30 23:00:00,101.955768,198.486011,0.268474,221.642439,362.149515,0.583333,132.655144,1826.790085,0.691667,186.644192,3331.384939,152.307817,203.911536,0.015108
Analog-minimos-cuadrados,2021-07-01 23:00:00,43.156282,80.35207,0.266088,104.185045,126.974703,0.693333,476.982557,583.771936,0.873333,653.843744,740.027406,28.56467,86.312565,0.01639
Analog-minimos-cuadrados,2021-07-02 23:00:00,115.268294,220.436657,0.265825,272.09831,357.356642,0.295,334.630513,1858.544015,0.44,490.692947,3012.612073,128.108911,230.536587,0.015585
Analog-minimos-cuadrados,2021-07-03 23:00:00,85.050044,158.875916,0.273772,213.210634,256.244251,0.35,414.73032,1159.268405,0.505,594.43184,1467.584277,31.401096,170.100087,0.014318
Analog-minimos-cuadrados,2021-07-04 23:00:00,90.707599,169.225948,0.082281,230.117141,339.650909,0.781667,677.517447,1222.996526,0.863333,994.238105,1612.348437,56.51276,181.415198,0.015651
Analog-minimos-cuadrados,2021-07-05 23:00:00,62.881336,117.652967,0.104404,164.695736,234.923486,0.871667,552.593364,815.979099,0.926667,762.337246,1129.769105,42.043764,125.762673,0.015738
Analog-minimos-cuadrados,2021-07-06 23:00:00,98.561448,184.160429,0.460702,246.516673,256.497018,0.146667,514.236169,1357.304055,0.378333,765.177264,1706.268937,38.653716,197.122896,0.014579
Analog-minimos-cuadrados,2021-07-07 23:00:00,48.20503,90.313649,0.151368,116.792058,185.296453,0.836667,395.101018,688.048368,0.903333,557.852136,931.123853,32.190727,96.410061,0.015469
Analog-minimos-cuadrados,2021-07-08 23:00:00,28.494767,53.083098,0.148474,78.874773,96.356901,0.905,311.048532,338.251359,0.968333,419.006656,441.461147,14.147332,56.989534,0.01557
Analog-minimos-cuadrados,2021-07-09 23:00:00,61.289725,114.839032,0.462228,149.511959,156.774424,0.133333,233.028465,907.975871,0.231667,353.198696,1262.624964,19.630636,122.579449,0.015975
Analog-minimos-cuadrados,2021-07-10 23:00:00,41.47572,77.899342,0.149684,104.677578,131.343054,0.583333,224.820447,573.94982,0.72,305.261773,780.437777,24.086072,82.95144,0.017516
Analog-minimos-cuadrados,2021-07-11 23:00:00,141.800426,271.319909,0.410088,329.804606,429.029804,0.368333,239.268502,2291.39033,0.463333,328.466748,3803.992559,168.061025,283.600852,0.014488
Analog-minimos-cuadrados,2021-07-12 23:00:00,85.157153,158.397603,0.417105,246.133283,255.138801,0.515,553.503666,853.897705,0.733333,733.967523,1012.009108,34.336789,170.314306,0.014265
Analog-minimos-cuadrados,2021-07-13 23:00:00,37.102539,69.105912,0.253018,96.696743,113.078563,0.96,518.435288,527.500072,0.988333,731.671421,735.331519,26.851748,74.205079,0.01619
Analog-minimos-cuadrados,2021-07-14 23:00:00,10.291319,19.234611,0.22814,25.469286,37.871965,0.72,89.391206,141.4007,0.835,124.896196,182.586638,5.214906,20.582638,0.015482
Analog-minimos-cuadrados,2021-07-15 23:00:00,18.476557,34.729583,0.354456,47.845946,61.660997,0.55,94.782592,246.858691,0.688333,129.880154,348.27499,12.67583,36.953115,0.014195
Analog-minimos-cuadrados,2021-07-16 23:00:00,15.621585,29.072541,0.290018,43.014011,50.840547,0.74,143.041119,179.147868,0.908333,198.096079,226.070271,8.223766,31.243171,0.016466
Analog-minimos-cuadrados,2021-07-17 23:00:00,26.32082,49.899527,0.406842,64.571343,83.294069,0.348333,95.737927,393.251579,0.458333,136.894915,603.269418,8.775486,52.64164,0.014932
Analog-minimos-cuadrados,2021-07-18 23:00:00,87.649281,165.915606,0.482088,204.905181,233.501823,0.066667,169.196347,1402.626884,0.16,238.319437,2067.540886,88.511062,175.298562,0.015635
Analog-minimos-cuadrados,2021-07-19 23:00:00,26.078021,48.572815,0.153105,59.410452,88.0625,0.948333,376.697061,402.625798,0.983333,504.518783,519.146154,16.399453,52.156042,0.015606
Analog-minimos-cuadrados,2021-07-20 23:00:00,34.186834,64.461653,0.133088,84.00229,119.729454,0.683333,173.18137,496.521691,0.776667,246.623218,749.059005,26.961582,68.373669,0.014937
Analog-minimos-cuadrados,2021-07-21 23:00:00,58.48196,111.112684,0.462018,135.725855,140.969048,0.095,191.108699,931.358854,0.165,256.645676,1430.902494,15.15315,116.96392,0.014153
Analog-minimos-cuadrados,2021-07-22 23:00:00,36.120222,68.029606,0.168491,87.14324,168.658128,0.846667,236.019303,553.148915,0.91,337.65755,835.967973,31.125003,72.240443,0.014737
Analog-minimos-cuadrados,2021-07-23 23:00:00,27.156435,50.650073,0.275719,69.251045,91.054445,0.741667,267.343258,368.736947,0.845,371.235694,480.975583,16.140406,54.31287,0.016317
Analog-minimos-cuadrados,2021-07-24 23:00:00,52.206262,99.149216,0.41807,126.325773,171.654371,0.341667,200.640212,803.616586,0.461667,308.671741,1285.45661,34.786503,104.412525,0.015398
Analog-minimos-cuadrados,2021-07-25 23:00:00,71.742792,134.787468,0.420456,179.354778,211.217059,0.31,310.921543,1017.356575,0.541667,429.860205,1399.0077,55.932986,143.485585,0.015418
Analog-minimos-cuadrados,2021-07-26 23:00:00,44.951204,84.073986,0.208982,116.874289,172.369418,0.731667,318.731238,552.770247,0.866667,439.668878,721.042057,24.474478,89.902408,0.01702
Analog-minimos-cuadrados,2021-07-27 23:00:00,36.891099,68.885129,0.325105,87.379446,99.19461,0.546667,294.065995,554.700875,0.693333,431.902985,755.034818,19.907413,73.782197,0.015721
Analog-minimos-cuadrados,2021-07-28 23:00:00,14.764974,27.771919,0.153526,32.515268,45.751736,0.896667,177.023654,251.932465,0.94,263.139894,383.941482,13.942159,29.529948,0.014759
Analog-minimos-cuadrados,2021-07-29 23:00:00,15.172177,28.325857,0.244702,39.331914,51.122747,0.66,88.806581,193.024219,0.798333,125.942833,247.251627,8.390193,30.344355,0.01549
Analog-minimos-cuadrados,2021-07-30 23:00:00,30.646493,58.094274,0.172404,73.604044,94.9983,0.413333,91.62912,470.818475,0.521667,121.234947,723.792966,22.121232,61.292986,0.014947
Analog-minimos-cuadrados,2021-07-31 23:00:00,73.84178,142.758234,0.483947,163.925182,181.631219,0.063333,152.442224,1285.710946,0.096667,212.320152,2248.552338,15.590356,147.68356,0.015436
Analog-minimos-cuadrados,2021-08-01 23:00:00,68.753525,129.298998,0.297333,167.709175,286.027064,0.696667,318.566707,985.26709,0.833333,491.149483,1445.414645,52.305509,137.507049,0.014727
Analog-minimos-cuadrados,2021-08-02 23:00:00,74.444524,139.463636,0.130754,186.472121,329.040914,0.828333,462.438427,1049.770226,0.875,621.582138,1477.777221,58.34367,148.889048,0.014399
Analog-minimos-cuadrados,2021-08-03 23:00:00,56.182615,104.591365,0.131193,144.83509,202.93288,0.685,458.274625,724.334007,0.848333,676.023462,891.55293,31.231715,112.36523,0.015296
Analog-minimos-cuadrados,2021-08-04 23:00:00,80.569773,150.912061,0.141491,202.41114,277.57896,0.721667,392.810208,1100.511032,0.828333,581.326891,1517.163563,57.865628,161.139546,0.01568
Analog-minimos-cuadrados,2021-08-05 23:00:00,76.37195,142.847219,0.455123,192.805452,220.006484,0.181667,428.651783,1062.016255,0.36,614.83596,1410.29502,31.418021,152.743899,0.013189
Analog-minimos-cuadrados,2021-08-06 23:00:00,40.67249,75.632714,0.347772,100.879746,121.047896,0.538333,340.853486,567.675957,0.718333,477.098442,673.033818,21.644804,81.34498,0.013734
Analog-minimos-cuadrados,2021-08-07 23:00:00,28.827879,54.127311,0.393246,71.566948,86.180909,0.311667,114.789278,416.339708,0.476667,162.266786,578.517866,8.65571,57.655758,0.014469
Analog-minimos-cuadrados,2021-08-08 23:00:00,35.851479,67.209603,0.416404,92.281681,108.226281,0.398333,134.370288,471.995597,0.625,191.05803,635.995226,23.161846,71.702957,0.014372
Analog-minimos-cuadrados,2021-08-09 23:00:00,15.742306,29.328957,0.12686,36.411933,59.004174,0.92,169.410038,239.803978,0.948333,224.338266,294.541722,9.523768,31.484613,0.016817
Analog-minimos-cuadrados,2021-08-10 23:00:00,11.575296,21.560601,0.206053,30.350714,37.61335,0.645,97.58024,149.132248,0.803333,145.731413,191.653046,5.875941,23.150593,0.013953
Analog-minimos-cuadrados,2021-08-11 23:00:00,22.714561,42.932684,0.438632,54.882019,59.652475,0.23,94.16126,346.252152,0.341667,137.070827,518.636802,7.356619,45.429122,0.014933
Analog-minimos-cuadrados,2021-08-12 23:00:00,10.193799,19.136373,0.317018,24.780027,28.682959,0.598333,75.58974,148.779875,0.69,104.595848,201.951787,4.2811,20.387599,0.014926
Analog-minimos-cuadrados,2021-08-13 23:00:00,22.133476,42.487965,0.34807,51.697699,81.685113,0.398333,62.484655,359.587217,0.52,86.010868,595.640837,20.585144,44.266952,0.014484
Analog-minimos-cuadrados,2021-08-14 23:00:00,18.063804,33.707311,0.169193,46.30961,67.47881,0.635,163.120825,248.736965,0.746667,223.070749,324.096835,11.370661,36.127608,0.015033
Analog-minimos-cuadrados,2021-08-15 23:00:00,59.426535,112.1468,0.447754,149.205194,168.629648,0.208333,144.251252,829.48759,0.34,192.747653,1170.092011,48.807768,118.853071,0.014721
Analog-minimos-cuadrados,2021-08-16 23:00:00,27.004829,50.287049,0.24707,72.733548,87.058156,0.611667,203.186366,322.02846,0.828333,279.062862,379.071848,11.992761,54.009659,0.018662
Analog-minimos-cuadrados,2021-08-17 23:00:00,23.086885,42.988069,0.159719,59.59213,72.828657,0.691667,180.301953,295.213578,0.82,259.849221,350.289128,9.674063,46.17377,0.015249
Analog-minimos-cuadrados,2021-08-18 23:00:00,58.131873,110.397968,0.371702,135.040912,161.884607,0.145,172.368575,939.969427,0.195,240.43003,1500.106667,25.881535,116.263746,0.015142
Analog-minimos-cuadrados,2021-08-19 23:00:00,24.139398,44.939027,0.274088,59.310222,72.738196,0.713333,298.534465,343.41339,0.87,424.701196,454.509669,17.967863,48.278796,0.016392
Analog-minimos-cuadrados,2021-08-20 23:00:00,11.822242,22.035222,0.194018,29.62763,36.160865,0.878333,151.426064,172.361623,0.931667,224.00167,243.776743,8.350007,23.644485,0.015326
Analog-minimos-cuadrados,2021-08-21 23:00:00,35.206524,67.367575,0.361,79.902345,91.53399,0.23,95.044754,581.346177,0.33,130.75296,959.265591,8.104743,70.413049,0.016724
Analog-minimos-cuadrados,2021-08-22 23:00:00,37.210383,69.280096,0.389895,101.080829,126.142712,0.538333,185.604535,418.557733,0.743333,260.299865,462.251638,12.683906,74.420766,0.014987
Analog-minimos-cuadrados,2021-08-23 23:00:00,15.111425,28.133817,0.235298,37.533974,43.220391,0.991667,235.576753,236.226658,0.998333,320.258931,320.400732,11.991153,30.222851,0.015217
Analog-minimos-cuadrados,2021-08-24 23:00:00,10.79097,20.096634,0.165737,27.059614,49.696206,0.945,123.386162,152.954999,0.961667,178.121856,210.308801,5.60666,21.58194,0.016936
Analog-minimos-cuadrados,2021-08-25 23:00:00,35.714964,67.715843,0.328491,90.522768,187.821707,0.73,119.01717,500.937349,0.885,166.093895,798.30517,33.183727,71.429928,0.017315
Analog-minimos-cuadrados,2021-08-26 23:00:00,23.071898,42.940861,0.163351,57.022304,85.820003,0.958333,321.339544,347.751559,0.991667,465.83974,478.359308,17.851666,46.143795,0.015733
Analog-minimos-cuadrados,2021-08-27 23:00:00,44.049204,83.22563,0.327895,113.550642,149.091883,0.661667,213.872862,598.906259,0.778333,337.900197,911.406927,34.469449,88.098407,0.01507
Analog-minimos-cuadrados,2021-08-28 23:00:00,51.056362,96.13532,0.468737,125.928642,131.215425,0.125,190.60793,732.356396,0.263333,253.159229,1025.515747,14.293091,102.112725,0.014404
Analog-minimos-cuadrados,2021-08-29 23:00:00,63.391719,118.885724,0.394298,162.971555,209.004567,0.381667,230.008834,806.395688,0.591667,320.617811,1023.545144,36.719257,126.783437,0.014159
Analog-minimos-cuadrados,2021-08-30 23:00:00,21.954054,40.892878,0.190561,49.640441,66.511717,0.941667,319.232303,331.241551,0.986667,448.711129,453.355819,17.059508,43.908109,0.01518
Analog-minimos-cuadrados,2021-08-31 23:00:00,44.227593,83.40071,0.307105,107.715198,129.990178,0.401667,192.885334,627.733106,0.645,299.365528,865.506096,32.042417,88.455185,0.014451
Analog-minimos-cuadrados,2021-09-01 23:00:00,26.084463,48.648622,0.150632,67.979147,90.895091,0.64,174.114819,323.755897,0.778333,236.983639,400.473345,12.466053,52.168926,0.015006
Analog-minimos-cuadrados,2021-09-02 23:00:00,26.365122,49.052108,0.200772,68.341314,92.970836,0.711667,179.725868,330.577102,0.821667,247.408298,412.210147,14.477805,52.730244,0.017593
Analog-minimos-cuadrados,2021-09-03 23:00:00,30.98605,57.781524,0.332737,79.85391,89.178409,0.42,206.635596,405.258233,0.56,295.273458,518.268839,14.130127,61.9721,0.014715
Analog-minimos-cuadrados,2021-09-04 23:00:00,34.392333,64.887246,0.369158,81.894112,102.817178,0.32,129.646194,536.263417,0.428333,181.234914,797.258331,15.809603,68.784666,0.016313
Analog-minimos-cuadrados,2021-09-05 23:00:00,25.32069,47.164507,0.323456,69.835298,79.256932,0.681667,174.237999,284.622046,0.82,241.15504,360.752072,9.880048,50.64138,0.015763
Analog-minimos-cuadrados,2021-09-06 23:00:00,14.684975,27.352633,0.186877,36.869721,45.024447,0.841667,168.669051,200.958018,0.94,238.276298,260.085051,8.903021,29.36995,0.016346
Analog-minimos-cuadrados,2021-09-07 23:00:00,22.833391,42.62745,0.165439,60.426189,74.65697,0.591667,148.417232,289.074509,0.711667,209.21583,382.491903,10.440234,45.666782,0.016529
Analog-minimos-cuadrados,2021-09-08 23:00:00,26.573014,49.550666,0.330228,66.728683,74.508218,0.523333,204.372115,365.051251,0.67,278.286914,450.351994,12.561919,53.146028,0.015582
Analog-minimos-cuadrados,2021-09-09 23:00:00,13.408313,24.992687,0.128386,31.935834,38.364157,0.853333,171.377504,194.674813,0.958333,253.00147,260.544707,8.568923,26.816626,0.014514
Analog-minimos-cuadrados,2021-09-10 23:00:00,23.872397,44.647804,0.219544,61.94751,79.978765,0.696667,155.726472,316.122492,0.788333,220.988923,428.11545,14.194117,47.744795,0.015888
Analog-minimos-cuadrados,2021-09-11 23:00:00,55.102451,104.474061,0.146895,134.435279,223.637916,0.536667,229.663903,798.627803,0.655,302.819011,1202.24157,37.159446,110.204902,0.014537
Analog-minimos-cuadrados,2021-09-12 23:00:00,69.317607,129.197544,0.245719,188.669895,339.25945,0.855,467.253332,887.356824,0.92,729.961171,1154.823335,39.473135,138.635213,0.015523
Analog-minimos-cuadrados,2021-09-13 23:00:00,75.31622,140.404195,0.084509,184.771497,315.609256,0.905,696.646997,1094.526415,0.948333,1003.214565,1545.628689,62.078631,150.632441,0.015414
Analog-minimos-cuadrados,2021-09-14 23:00:00,31.018532,57.819228,0.210263,70.36126,85.623363,0.983333,502.982271,504.701762,1.0,728.862722,728.862722,24.427448,62.037064,0.016965
Analog-minimos-cuadrados,2021-09-15 23:00:00,63.889176,119.590138,0.342088,160.359418,190.922458,0.361667,300.622691,909.384321,0.498333,457.110492,1264.91774,27.903298,127.778352,0.015782
Analog-minimos-cuadrados,2021-09-16 23:00:00,66.964364,125.572553,0.362877,182.26868,246.5005,0.705,348.956408,761.588114,0.9,505.081031,1005.29854,31.36893,133.928727,0.014019
Analog-minimos-cuadrados,2021-09-17 23:00:00,47.158648,87.729953,0.355158,127.702654,144.352553,0.66,445.92983,546.294629,0.88,618.859351,683.603316,26.997317,94.317297,0.014537
Analog-minimos-cuadrados,2021-09-18 23:00:00,51.605993,96.264639,0.44114,135.238174,142.864177,0.33,291.517161,642.044668,0.538333,426.768403,821.721442,20.313203,103.211986,0.014122
Analog-minimos-cuadrados,2021-09-19 23:00:00,51.863191,97.195251,0.295123,130.067019,208.370595,0.731667,219.176966,741.442263,0.811667,311.174765,1023.612905,38.716863,103.726383,0.013315
Analog-minimos-cuadrados,2021-09-20 23:00:00,26.367048,49.111085,0.149632,62.590322,93.625315,0.96,387.892378,399.872279,0.98,534.942826,541.322559,20.719701,52.734096,0.01674
Analog-minimos-cuadrados,2021-09-21 23:00:00,57.01106,106.124089,0.195333,145.851523,288.293225,0.658333,256.391793,802.223119,0.816667,399.750325,985.339566,37.592756,114.02212,0.015935
Analog-minimos-cuadrados,2021-09-22 23:00:00,47.895509,89.214289,0.328474,121.953807,141.617487,0.583333,507.877767,625.215525,0.841667,747.690322,843.535255,32.520955,95.791019,0.015649
Analog-minimos-cuadrados,2021-09-23 23:00:00,25.036085,46.732758,0.218842,53.138664,71.44818,0.998333,443.610743,443.616132,1.0,683.956855,683.956855,25.038944,50.07217,0.015983
Analog-minimos-cuadrados,2021-09-24 23:00:00,16.2868,30.367422,0.237018,39.517211,47.302857,0.933333,223.966459,229.401655,0.991667,325.791595,327.420649,12.195335,32.573601,0.013705
Analog-minimos-cuadrados,2021-09-25 23:00:00,33.69518,63.162184,0.347018,82.998557,91.437425,0.266667,112.980589,501.61334,0.428333,173.638766,694.035207,9.034128,67.390361,0.016171
Analog-minimos-cuadrados,2021-09-26 23:00:00,48.531539,91.020784,0.251825,119.283347,241.609654,0.811667,226.207807,701.222838,0.878333,329.116929,946.817837,35.262039,97.063078,0.014526
Analog-minimos-cuadrados,2021-09-27 23:00:00,58.606397,109.319221,0.236579,155.18256,190.900686,0.873333,465.951905,721.512592,0.918333,657.393133,971.688751,33.380701,117.212793,0.015168
Analog-minimos-cuadrados,2021-09-28 23:00:00,57.122693,106.324845,0.137842,150.273604,226.665022,0.861667,412.885629,704.394839,0.936667,611.870868,892.440574,28.223019,114.245386,0.016057
Analog-minimos-cuadrados,2021-09-29 23:00:00,50.212559,93.530655,0.19986,129.647896,180.716053,0.898333,570.468487,641.536742,0.973333,769.383957,803.736004,26.000961,100.425118,0.015681
Analog-minimos-cuadrados,2021-09-30 23:00:00,44.246523,82.367066,0.138754,109.397976,201.268784,0.943333,498.285415,582.722385,0.98,701.987211,738.947742,23.365444,88.493046,0.016842
Analog-minimos-cuadrados,2021-10-01 23:00:00,63.611987,118.684063,0.299895,168.647617,212.197674,0.59,463.437956,811.574587,0.773333,682.137998,1071.35342,27.968296,127.223974,0.018375
Analog-minimos-cuadrados,2021-10-02 23:00:00,43.301403,80.664488,0.251789,117.425808,141.63097,0.796667,431.599537,554.322155,0.905,667.430669,778.561853,24.869771,86.602805,0.015113
Analog-minimos-cuadrados,2021-10-03 23:00:00,61.360184,114.524722,0.147667,151.260981,366.603992,0.895,305.031477,903.629819,0.935,462.218034,1085.361565,38.745552,122.720369,0.016733
Analog-minimos-cuadrados,2021-10-04 23:00:00,41.949447,78.11553,0.162211,95.644948,205.172072,0.978333,566.616728,624.210951,0.995,854.32408,891.89312,32.403124,83.898894,0.013742
Analog-minimos-cuadrados,2021-10-05 23:00:00,29.354073,54.723139,0.186211,58.036188,76.955915,0.993333,507.562525,512.154261,0.998333,828.48986,832.828389,28.388007,58.708146,0.015721
Analog-minimos-cuadrados,2021-10-06 23:00:00,20.163442,37.611767,0.19814,41.169511,47.601749,0.983333,358.877917,360.483652,1.0,560.157319,560.157319,21.264704,40.326884,0.015089
Analog-minimos-cuadrados,2021-10-07 23:00:00,37.251434,71.297786,0.232421,89.956023,121.048378,0.633333,155.932363,559.772413,0.846667,226.81481,899.85503,37.033306,74.502868,0.015373
Analog-minimos-cuadrados,2021-10-08 23:00:00,39.968954,74.367731,0.314386,106.752153,128.469555,0.466667,287.738873,496.468861,0.753333,416.457154,580.119037,18.019753,79.937908,0.013888
Analog-minimos-cuadrados,2021-10-09 23:00:00,66.45322,125.525961,0.297351,159.320152,222.899949,0.533333,233.501261,1004.342739,0.635,336.989591,1412.456625,17.35837,132.906439,0.015864
Analog-minimos-cuadrados,2021-10-10 23:00:00,82.408253,153.645216,0.31314,215.006173,336.216916,0.8,463.414445,1132.198728,0.876667,670.974528,1328.269539,41.65764,164.816507,0.01508
Analog-minimos-cuadrados,2021-10-11 23:00:00,80.417331,149.792005,0.14807,209.621072,316.365357,0.841667,570.550587,1017.342432,0.911667,790.109162,1345.534081,48.891632,160.834663,0.016035
Analog-minimos-cuadrados,2021-10-12 23:00:00,57.201458,106.589783,0.260175,150.080255,262.248354,0.736667,483.81372,678.640139,0.915,716.758845,848.985462,30.99209,114.402915,0.01516
Analog-minimos-cuadrados,2021-10-13 23:00:00,72.755338,135.628037,0.192912,200.423068,282.756525,0.723333,483.067307,834.47968,0.86,703.829927,1067.531587,33.630617,145.510676,0.015128
Analog-minimos-cuadrados,2021-10-14 23:00:00,56.859778,105.934228,0.189684,155.460265,234.460848,0.813333,501.623177,641.829234,0.918333,758.695483,854.677555,26.0945,113.719556,0.017033
Analog-minimos-cuadrados,2021-10-15 23:00:00,86.597582,163.876018,0.345281,200.016081,213.356694,0.57,436.576261,1413.656652,0.675,652.600459,2220.618999,30.781634,173.195163,0.019064
Analog-minimos-cuadrados,2021-10-16 23:00:00,84.938419,158.841573,0.417982,216.310415,239.727803,0.345,435.451171,1128.985009,0.666667,699.063572,1404.888821,40.441679,169.876838,0.015077
Analog-minimos-cuadrados,2021-10-17 23:00:00,52.984298,99.207486,0.174772,132.164214,266.154628,0.87,343.627939,755.984074,0.933333,512.031508,1055.415256,36.459247,105.968596,0.015699
Analog-minimos-cuadrados,2021-10-18 23:00:00,41.090352,76.40955,0.261035,102.932324,162.01388,0.815,465.603798,581.31214,0.923333,662.848431,745.370712,29.505156,82.180703,0.015508
Analog-minimos-cuadrados,2021-10-19 23:00:00,42.136788,78.881283,0.278298,102.842114,134.816555,0.775,372.496841,608.794845,0.886667,579.971766,888.7581,33.580131,84.273575,0.015723
Analog-minimos-cuadrados,2021-10-20 23:00:00,45.537886,85.045813,0.177965,113.771942,265.575273,0.781667,300.139438,647.025016,0.891667,455.695489,750.450139,24.393038,91.075773,0.015849
Analog-minimos-cuadrados,2021-10-21 23:00:00,46.970253,87.477399,0.289123,134.589357,228.199571,0.835,399.862233,557.281621,0.953333,591.011633,648.309409,19.291522,93.940506,0.015968
Analog-minimos-cuadrados,2021-10-22 23:00:00,86.015061,160.807407,0.330702,217.654869,235.946425,0.551667,366.240765,1166.889224,0.743333,577.155012,1538.279534,59.234719,172.030123,0.014032
Analog-minimos-cuadrados,2021-10-23 23:00:00,59.56684,111.16552,0.332965,153.073433,175.029405,0.516667,373.189443,789.603717,0.706667,543.951972,962.123989,25.27594,119.133681,0.014942
Analog-minimos-cuadrados,2021-10-24 23:00:00,276.310146,526.495115,0.40314,645.823603,876.589614,0.243333,528.951632,4263.516839,0.381667,780.705533,6474.132447,276.634928,552.620292,0.015514
Analog-minimos-cuadrados,2021-10-25 23:00:00,152.960455,288.698404,0.183228,382.113504,583.835843,0.823333,1224.513222,2113.036556,0.901667,1612.353335,3021.782032,100.874803,305.92091,0.015594
Analog-minimos-cuadrados,2021-10-26 23:00:00,134.566285,250.773372,0.132211,320.843733,414.833108,0.766667,1483.219999,1968.450159,0.873333,2155.828154,2688.861832,101.06689,269.13257,0.016597
Analog-minimos-cuadrados,2021-10-27 23:00:00,115.263904,214.699891,0.204018,301.074048,366.654526,0.698333,957.308024,1491.240604,0.835,1480.303988,1906.278832,56.518932,230.527808,0.014682
Analog-minimos-cuadrados,2021-10-28 23:00:00,255.138711,484.912689,0.428368,601.162744,624.013253,0.233333,740.229893,4038.576222,0.31,1085.651807,6390.127007,63.01941,510.277423,0.017415
Analog-minimos-cuadrados,2021-10-29 23:00:00,66.116431,123.261439,0.209228,142.21562,179.380367,0.875,1031.86115,1086.37034,0.936667,1549.952029,1584.101494,58.050087,132.232861,0.017491
Analog-minimos-cuadrados,2021-10-30 23:00:00,60.204658,115.636806,0.448772,134.430172,158.608192,0.151667,123.057335,1028.132458,0.208333,171.064224,1747.029661,28.24618,120.409315,0.016262
Analog-minimos-cuadrados,2021-10-31 23:00:00,49.198031,92.78781,0.31,111.60374,130.853127,0.5,253.401971,817.98912,0.561667,352.799837,1207.45795,15.171474,98.396061,0.016462
Analog-minimos-cuadrados,2021-11-01 23:00:00,23.961445,44.627277,0.163754,58.229145,74.246682,0.875,302.38795,342.235547,0.941667,437.399024,464.176494,15.539221,47.92289,0.016664
Analog-minimos-cuadrados,2021-11-02 23:00:00,46.043046,86.978272,0.298719,113.822796,200.249186,0.57,151.669937,665.774383,0.741667,223.804918,981.380039,34.434115,92.086091,0.01695
Analog-minimos-cuadrados,2021-11-03 23:00:00,26.115367,48.930378,0.204491,57.21353,71.097572,0.84,313.397595,443.246497,0.906667,454.12231,639.812736,20.255748,52.230733,0.017243
Analog-minimos-cuadrados,2021-11-04 23:00:00,38.98252,72.594707,0.343368,101.960238,116.981023,0.521667,260.277724,480.130358,0.798333,416.492375,576.022864,17.763784,77.96504,0.01769
Analog-minimos-cuadrados,2021-11-05 23:00:00,22.611083,42.052561,0.15286,63.082629,73.743828,0.751667,170.737164,258.566161,0.883333,232.236415,314.853281,9.128603,45.222166,0.015748
Analog-minimos-cuadrados,2021-11-06 23:00:00,51.44837,97.657412,0.400825,118.18631,143.104704,0.283333,138.30737,849.082527,0.351667,196.082968,1367.613139,11.608067,102.896741,0.01599
Analog-minimos-cuadrados,2021-11-07 23:00:00,17.66724,33.036268,0.114018,36.001738,44.646837,0.981667,319.478131,320.183013,1.0,474.738554,474.738554,12.748748,35.33448,0.015571
Analog-minimos-cuadrados,2021-11-08 23:00:00,52.352629,97.347153,0.150158,144.425552,192.754737,0.568333,238.74073,554.657661,0.793333,340.442667,623.022984,17.235079,104.705258,0.015337
Analog-minimos-cuadrados,2021-11-09 23:00:00,30.759293,57.248254,0.138702,74.826511,94.041869,0.898333,392.276185,439.405032,0.948333,502.044685,550.098054,17.394509,61.518585,0.014499
Analog-minimos-cuadrados,2021-11-10 23:00:00,125.09476,235.408635,0.319544,310.552537,391.37496,0.475,355.442457,1804.851489,0.623333,511.699253,2555.418371,103.54526,250.189519,0.016835
Analog-minimos-cuadrados,2021-11-11 23:00:00,149.170903,277.898455,0.438965,366.533474,377.470696,0.193333,610.241395,2145.772931,0.301667,906.101394,2649.440681,48.236268,298.341807,0.015264
Analog-minimos-cuadrados,2021-11-12 23:00:00,37.555601,70.014298,0.169544,78.694668,104.296541,0.98,673.070317,679.996876,0.996667,950.689112,953.059126,31.397545,75.111202,0.016176
Analog-minimos-cuadrados,2021-11-13 23:00:00,46.690998,88.948856,0.398228,108.274768,122.862892,0.316667,157.63309,749.008553,0.388333,224.084306,1184.842996,12.61485,93.381997,0.015991
Analog-minimos-cuadrados,2021-11-14 23:00:00,25.114865,46.830333,0.231614,71.04308,83.046319,0.931667,285.097581,291.453031,0.998333,425.546943,425.548148,14.32044,50.229731,0.01801
Analog-minimos-cuadrados,2021-11-15 23:00:00,27.755228,51.635579,0.217158,79.178543,95.716553,0.8,207.46745,292.411378,0.926667,287.675716,361.108326,9.131587,55.510456,0.014001
Analog-minimos-cuadrados,2021-11-16 23:00:00,62.323767,116.621443,0.256474,165.256243,244.02405,0.696667,269.916405,781.97527,0.806667,385.436333,1037.680871,33.114311,124.647535,0.015449
Analog-minimos-cuadrados,2021-11-17 23:00:00,43.032602,80.583649,0.138175,109.474546,140.592445,0.941667,494.815789,616.452951,0.958333,629.585309,813.107739,21.375143,86.065203,0.015064
Analog-minimos-cuadrados,2021-11-18 23:00:00,44.950106,84.070336,0.273965,115.577946,132.748619,0.718333,409.178031,607.182731,0.855,652.809625,890.812629,28.400248,89.900213,0.014921
Analog-minimos-cuadrados,2021-11-19 23:00:00,28.601725,53.413287,0.176632,70.529381,81.941258,0.763333,278.339841,412.37437,0.818333,387.424365,550.654421,18.579405,57.20345,0.015606
Analog-minimos-cuadrados,2021-11-20 23:00:00,36.006745,68.211106,0.345474,84.241586,101.025732,0.42,167.379314,559.20619,0.531667,259.496262,850.641238,11.962253,72.013491,0.015915
Analog-minimos-cuadrados,2021-11-21 23:00:00,48.419661,90.783126,0.131965,117.205247,208.846747,0.811667,241.054639,693.740432,0.886667,368.153248,924.557329,33.754665,96.839321,0.014494
Analog-minimos-cuadrados,2021-11-22 23:00:00,21.401273,39.90897,0.153702,42.467305,55.471245,0.986667,373.48572,374.860415,0.996667,493.039391,493.874572,16.661332,42.802547,0.014641
Analog-minimos-cuadrados,2021-11-23 23:00:00,22.80043,42.526863,0.206474,55.546391,66.123609,0.766667,267.333298,335.996445,0.855,389.392187,459.741448,13.953272,45.600861,0.015073
Analog-minimos-cuadrados,2021-11-24 23:00:00,90.198295,169.149623,0.284947,217.386078,304.000753,0.373333,189.522299,1348.552891,0.566667,278.158174,1838.824319,67.202543,180.39659,0.016781
Analog-minimos-cuadrados,2021-11-25 23:00:00,36.976011,68.817712,0.183737,95.425602,115.770065,0.886667,479.764738,504.385194,0.965,628.225902,643.203989,22.851534,73.952022,0.015499
Analog-minimos-cuadrados,2021-11-26 23:00:00,27.672663,51.578878,0.124263,62.551886,83.449459,0.965,427.853053,438.997395,0.981667,609.778505,618.473813,21.993588,55.345326,0.015956
Analog-minimos-cuadrados,2021-11-27 23:00:00,24.005643,44.838714,0.143281,62.016313,82.072771,0.733333,197.985482,317.973672,0.848333,282.8252,425.001636,11.149929,48.011285,0.016636
Analog-minimos-cuadrados,2021-11-28 23:00:00,26.865046,50.563702,0.084895,64.822109,97.944109,0.723333,187.609217,396.595377,0.803333,268.560819,565.868767,9.840505,53.730092,0.015047
Analog-minimos-cuadrados,2021-11-29 23:00:00,21.053555,39.181173,0.153439,52.499002,70.939929,0.786667,212.497175,292.087424,0.866667,298.29237,379.853143,12.033911,42.10711,0.016456
Analog-minimos-cuadrados,2021-11-30 23:00:00,22.236179,41.415653,0.17014,62.969021,84.820329,0.875,196.470363,245.378982,0.951667,291.032268,317.655725,7.912744,44.472357,0.01599
Analog-minimos-cuadrados,2021-12-01 23:00:00,49.834338,94.291987,0.326421,120.858591,149.02847,0.221667,176.462866,749.741607,0.34,247.602972,1111.17196,22.29349,99.668676,0.017115
Analog-minimos-cuadrados,2021-12-02 23:00:00,35.198014,65.507679,0.290632,98.117267,118.241976,0.676667,307.580858,395.208961,0.823333,450.246465,522.99062,17.903186,70.396028,0.019005
Analog-minimos-cuadrados,2021-12-03 23:00:00,23.001278,42.995363,0.266175,57.418679,71.774693,0.758333,236.85216,328.850114,0.868333,362.501388,456.070592,14.434739,46.002556,0.017173
Analog-minimos-cuadrados,2021-12-04 23:00:00,31.700565,59.474249,0.258316,77.191048,93.611704,0.383333,161.823077,464.543689,0.52,237.781172,609.607371,11.035538,63.401129,0.015037
Analog-minimos-cuadrados,2021-12-05 23:00:00,108.979869,207.074536,0.256193,252.486385,370.866446,0.513333,209.155659,1752.745814,0.621667,303.770562,2682.85305,116.078929,217.959739,0.019091
Analog-minimos-cuadrados,2021-12-06 23:00:00,57.479416,106.834306,0.179596,148.070973,183.293371,0.89,687.916548,708.131036,0.976667,844.335766,849.423048,30.989159,114.958833,0.017485
Analog-minimos-cuadrados,2021-12-07 23:00:00,46.463185,86.636488,0.106368,116.017277,172.628744,0.888333,561.522516,627.471288,0.945,826.745716,870.339489,26.025309,92.926369,0.015696
Analog-minimos-cuadrados,2021-12-08 23:00:00,84.36545,156.909643,0.195228,238.940183,296.915525,0.761667,539.221287,880.012687,0.91,770.286452,973.792133,26.260243,168.730901,0.016838
Analog-minimos-cuadrados,2021-12-09 23:00:00,67.744295,126.082768,0.145509,180.893421,215.769336,0.78,745.70408,862.393145,0.906667,984.507786,1064.435395,32.270465,135.48859,0.014591
Analog-minimos-cuadrados,2021-12-10 23:00:00,134.877376,251.157528,0.409298,356.710497,399.371285,0.338333,817.257172,1681.638459,0.533333,1212.30947,2095.996828,57.72151,269.754753,0.014863
Analog-minimos-cuadrados,2021-12-11 23:00:00,90.823455,169.421056,0.403193,237.283003,249.363968,0.455,579.047858,1092.718122,0.666667,854.881743,1285.778804,37.752356,181.64691,0.014666
Analog-minimos-cuadrados,2021-12-12 23:00:00,24.289942,45.411694,0.198246,46.860928,58.522593,0.96,437.01066,446.021085,0.98,656.459777,661.750898,19.607372,48.579885,0.015681
Analog-minimos-cuadrados,2021-12-13 23:00:00,30.255484,56.330922,0.26614,86.013771,128.851208,0.886667,263.570143,350.973375,0.956667,379.005932,437.002861,11.0019,60.510967,0.016116
Analog-minimos-cuadrados,2021-12-14 23:00:00,18.828122,35.08778,0.163246,49.898317,80.15057,0.943333,240.304839,258.132292,0.98,335.595834,346.661786,10.970088,37.656244,0.017536
Analog-minimos-cuadrados,2021-12-15 23:00:00,13.791912,25.743631,0.151404,27.489374,38.530635,0.986667,249.120442,252.030644,0.995,353.260693,354.962417,11.125784,27.583824,0.015881
Analog-minimos-cuadrados,2021-12-16 23:00:00,149.474484,287.229271,0.38707,337.248103,429.251114,0.285,177.274267,2539.607464,0.415,259.489738,4292.452942,193.149689,298.948967,0.016396
Analog-minimos-cuadrados,2021-12-17 23:00:00,46.002845,85.69824,0.118807,95.482433,116.405292,0.921667,683.05324,717.853527,0.968333,864.465031,902.238162,31.106827,92.00569,0.016594
Analog-minimos-cuadrados,2021-12-18 23:00:00,117.734377,220.748129,0.443333,295.221987,330.634349,0.193333,551.132944,1617.802028,0.44,1067.759601,2469.01179,55.029896,235.468754,0.016975
Analog-minimos-cuadrados,2021-12-19 23:00:00,86.552893,163.904665,0.176053,227.417575,329.455359,0.841667,494.862543,1136.64714,0.918333,747.439068,1788.530754,62.258728,173.105787,0.017957
Analog-minimos-cuadrados,2021-12-20 23:00:00,48.517409,90.296975,0.253386,131.161742,158.338911,0.895,558.885202,601.137161,0.953333,736.566039,775.331231,29.666466,97.034819,0.016244
Analog-minimos-cuadrados,2021-12-21 23:00:00,22.726376,42.558964,0.161404,43.228349,56.734759,0.98,448.370477,450.24341,0.993333,761.954319,762.976634,30.078993,45.452753,0.015267
Analog-minimos-cuadrados,2021-12-22 23:00:00,13.428314,25.028279,0.265702,35.43859,42.941679,0.813333,165.078479,187.851676,0.898333,253.315861,274.007399,10.823494,26.856627,0.013584
Analog-minimos-cuadrados,2021-12-23 23:00:00,54.294852,104.744056,0.498596,119.952348,127.157855,0.003333,105.670971,958.769709,0.018333,182.610291,1685.757063,12.876157,108.589704,0.014723
Analog-minimos-cuadrados,2021-12-24 23:00:00,51.674706,96.90451,0.406228,129.206855,142.425058,0.17,157.558903,752.989809,0.28,220.030606,1003.306204,11.927462,103.349413,0.016086
Analog-minimos-cuadrados,2021-12-25 23:00:00,24.516654,45.672309,0.183474,66.794732,97.757991,0.875,258.597042,286.659174,0.96,369.049879,382.461426,12.768658,49.033309,0.014582
Analog-minimos-cuadrados,2021-12-26 23:00:00,25.617319,47.746823,0.238035,69.526952,83.611518,0.823333,244.23183,289.929386,0.91,370.251238,402.335422,11.227217,51.234637,0.01741
Analog-minimos-cuadrados,2021-12-27 23:00:00,12.903635,24.110414,0.205965,24.899528,30.900882,0.991667,234.185277,235.43513,0.995,348.175951,348.809986,11.972101,25.807271,0.01663
Analog-minimos-cuadrados,2021-12-28 23:00:00,31.250201,58.155867,0.284877,83.360353,113.052331,0.7,163.13401,323.435862,0.866667,277.262594,358.953303,10.124139,62.500402,0.015301
Analog-minimos-cuadrados,2021-12-29 23:00:00,24.370431,45.338123,0.185035,62.796047,79.853571,0.88,236.090512,301.123207,0.94,302.832863,340.578017,10.094216,48.740861,0.017088
Analog-minimos-cuadrados,2021-12-30 23:00:00,30.543132,56.851634,0.283018,85.792772,98.712806,0.66,241.052688,338.313902,0.85,351.260576,426.505167,15.095276,61.086264,0.01565
Analog-minimos-cuadrados,2021-12-31 23:00:00,42.849681,80.356471,0.348544,103.259567,134.773243,0.34,170.76285,645.196263,0.49,253.918337,821.513884,12.481945,85.699362,0.014523
Analog-minimos-cuadrados,2022-01-01 23:00:00,20.619009,38.437327,0.141228,52.294287,72.601759,0.916667,281.076235,321.601935,0.961667,410.941871,445.945592,12.36362,41.238017,0.014188
Analog-minimos-cuadrados,2022-01-02 23:00:00,24.065694,44.876439,0.202614,62.117528,71.103582,0.813333,267.411815,332.246192,0.875,379.594516,453.329687,13.368581,48.131388,0.016633
Analog-minimos-cuadrados,2022-01-03 23:00:00,16.950835,31.573858,0.208509,45.937421,65.843065,0.955,199.575497,210.695813,0.998333,292.375932,292.445785,7.769833,33.90167,0.016654
Analog-minimos-cuadrados,2022-01-04 23:00:00,34.441065,64.223551,0.141368,90.870119,138.101949,0.788333,182.82512,429.898589,0.881667,263.184696,506.213847,17.40514,68.88213,0.016058
Analog-minimos-cuadrados,2022-01-05 23:00:00,89.2144,167.458745,0.317702,227.895371,328.070757,0.613333,307.418916,1213.850967,0.756667,425.808663,1693.511558,67.162204,178.4288,0.016865
Analog-minimos-cuadrados,2022-01-06 23:00:00,58.280248,108.378959,0.219316,157.384949,196.452316,0.796667,600.570438,695.897977,0.916667,851.821905,920.39073,38.362239,116.560496,0.015404
Analog-minimos-cuadrados,2022-01-07 23:00:00,40.940727,76.394195,0.181368,102.901576,148.491292,0.83,397.256184,556.330587,0.913333,653.789258,796.647126,22.725291,81.881454,0.015191
Analog-minimos-cuadrados,2022-01-08 23:00:00,44.214294,82.196349,0.372965,113.857606,121.466742,0.421667,313.084542,566.061762,0.61,414.931861,638.373782,19.440806,88.428587,0.014388
Analog-minimos-cuadrados,2022-01-09 23:00:00,60.132253,112.011417,0.121421,158.899779,229.86575,0.613333,298.492175,729.43671,0.778333,452.014144,868.724645,29.034128,120.264506,0.015568
Analog-minimos-cuadrados,2022-01-10 23:00:00,36.079875,67.185643,0.117193,87.39463,99.82672,0.781667,473.622414,526.708569,0.935,640.978219,659.828447,23.434565,72.15975,0.014831
Analog-minimos-cuadrados,2022-01-11 23:00:00,41.707734,77.86856,0.219807,107.534668,134.931609,0.803333,430.487056,553.000944,0.89,655.383844,788.162732,23.081727,83.415468,0.014756
Analog-minimos-cuadrados,2022-01-12 23:00:00,73.751931,137.232597,0.255544,197.384285,255.802846,0.635,348.816095,861.405544,0.805,480.893583,910.913624,27.836434,147.503862,0.016292
Analog-minimos-cuadrados,2022-01-13 23:00:00,60.974354,113.607076,0.11993,164.507833,209.985957,0.755,517.871873,764.342604,0.855,673.011309,931.674025,28.810305,121.948709,0.016911
Analog-minimos-cuadrados,2022-01-14 23:00:00,103.055792,192.854766,0.277842,268.738363,313.733346,0.585,551.182065,1239.253549,0.763333,820.403716,1629.243279,35.02352,206.111585,0.015919
Analog-minimos-cuadrados,2022-01-15 23:00:00,178.013571,333.243249,0.435018,439.774198,450.510486,0.231667,755.158398,2589.373702,0.29,1059.361107,3742.995681,56.172677,356.027143,0.016637
Analog-minimos-cuadrados,2022-01-16 23:00:00,71.355453,132.935367,0.180263,190.720864,235.764823,0.823333,706.97348,924.136507,0.891667,1056.690526,1234.960082,34.575158,142.710905,0.015355
Analog-minimos-cuadrados,2022-01-17 23:00:00,63.207084,117.940813,0.129912,167.959289,198.21935,0.666667,469.331822,808.371602,0.745,589.513659,987.725345,21.231373,126.414168,0.015116
Analog-minimos-cuadrados,2022-01-18 23:00:00,154.907176,288.641729,0.178404,413.082033,515.117007,0.535,604.079711,1769.957325,0.788333,856.012409,1876.343595,61.128237,309.814351,0.014548
Analog-minimos-cuadrados,2022-01-19 23:00:00,83.810259,156.034634,0.159737,216.060148,253.764173,0.961667,1147.77346,1174.8285,0.988333,1433.679731,1439.718173,51.394536,167.620517,0.015311
Analog-minimos-cuadrados,2022-01-20 23:00:00,107.189541,199.871843,0.131088,281.727756,363.492781,0.728333,928.713436,1344.582252,0.901667,1662.866447,1977.815392,73.641364,214.379083,0.014144
Analog-minimos-cuadrados,2022-01-21 23:00:00,192.518763,362.038899,0.469684,469.073298,489.887131,0.108333,695.056326,2851.020135,0.153333,966.512353,4002.303329,55.457358,385.037527,0.014521
Analog-minimos-cuadrados,2022-01-22 23:00:00,59.146379,110.196761,0.283754,153.836015,181.02109,0.791667,578.706859,733.400701,0.92,865.725509,943.674471,35.920298,118.292758,0.015631
Analog-minimos-cuadrados,2022-01-23 23:00:00,227.18048,432.509526,0.240877,511.955794,659.615381,0.335,307.706176,3805.523662,0.438333,455.393464,5886.862169,260.931462,454.360961,0.015999
Analog-minimos-cuadrados,2022-01-24 23:00:00,107.748687,200.314774,0.144614,296.362213,344.600656,0.865,1034.385758,1126.375667,0.963333,1307.271013,1339.98935,34.479756,215.497374,0.016508
Analog-minimos-cuadrados,2022-01-25 23:00:00,181.289964,337.531169,0.38693,494.472506,538.059985,0.346667,1161.696978,2062.924566,0.59,1650.621784,2388.076673,78.77047,362.579928,0.014928
Analog-minimos-cuadrados,2022-01-26 23:00:00,49.886055,93.264379,0.156807,102.394186,133.036978,0.931667,851.197816,944.646635,0.96,1315.821307,1429.849549,47.152644,99.77211,0.014729
Analog-minimos-cuadrados,2022-01-27 23:00:00,17.56783,32.77128,0.141018,43.781227,56.169529,0.906667,226.963931,251.835352,0.963333,327.075226,342.498204,11.127584,35.13566,0.014776
Analog-minimos-cuadrados,2022-01-28 23:00:00,23.902595,44.537185,0.156421,66.529449,82.313602,0.703333,198.464218,262.249375,0.841667,312.67555,364.754957,11.201682,47.80519,0.01824
Analog-minimos-cuadrados,2022-01-29 23:00:00,55.082475,103.298498,0.483158,132.344483,140.146335,0.065,207.68199,821.759265,0.205,308.133066,1079.878528,17.142933,110.164951,0.015541
Analog-minimos-cuadrados,2022-01-30 23:00:00,95.983001,180.416907,0.307614,231.585528,283.367029,0.393333,237.094314,1435.863062,0.455,350.687666,1894.081496,75.314818,191.966003,0.014856
Analog-minimos-cuadrados,2022-01-31 23:00:00,143.688505,268.843459,0.423596,377.457321,409.485133,0.265,465.947067,1837.15602,0.4,588.398254,2126.484951,76.848089,287.377009,0.017716
Analog-minimos-cuadrados,2022-02-01 23:00:00,53.242631,100.377302,0.155351,98.588238,137.404688,0.911667,702.518974,962.982877,0.936667,909.563426,1372.856448,30.438073,106.485262,0.018108
Analog-minimos-cuadrados,2022-02-02 23:00:00,49.916394,93.077338,0.158614,134.788428,154.982724,0.778333,558.622984,642.470229,0.896667,867.088259,929.597016,26.951699,99.832789,0.014307
Analog-minimos-cuadrados,2022-02-03 23:00:00,52.999385,98.692871,0.256281,142.652934,165.351679,0.775,539.494096,666.835516,0.88,731.221835,846.945153,31.60637,105.998769,0.015327
Analog-minimos-cuadrados,2022-02-04 23:00:00,99.261141,185.482838,0.451053,246.284357,267.527939,0.196667,479.599024,1384.523676,0.418333,833.495437,2018.652928,42.732311,198.522282,0.014979
Analog-minimos-cuadrados,2022-02-05 23:00:00,85.650228,159.616287,0.429456,216.710424,224.637967,0.233333,375.087576,1188.954521,0.365,537.946286,1444.667864,26.813029,171.300456,0.017401
Analog-minimos-cuadrados,2022-02-06 23:00:00,19.151596,35.730634,0.200912,42.404267,55.084378,0.998333,318.341613,318.476936,1.0,465.145944,465.145944,11.755527,38.303192,0.013926
Analog-minimos-cuadrados,2022-02-07 23:00:00,16.004665,29.824566,0.139246,36.452782,46.059764,0.898333,221.867776,238.097131,0.955,295.059445,303.990962,10.213615,32.009331,0.014535
Analog-minimos-cuadrados,2022-02-08 23:00:00,25.480796,47.638393,0.132877,64.723964,79.013406,0.613333,161.527853,348.034219,0.753333,258.488818,484.582918,11.989113,50.961593,0.01563
Analog-minimos-cuadrados,2022-02-09 23:00:00,50.003772,94.165884,0.183684,122.220841,163.75706,0.391667,161.694266,732.82152,0.535,224.857734,1049.853485,23.568898,100.007543,0.015935
Analog-minimos-cuadrados,2022-02-10 23:00:00,50.960707,95.532258,0.400737,132.025691,141.32565,0.398333,294.804678,661.426856,0.506667,396.633586,913.185546,18.879081,101.921414,0.016801
Analog-minimos-cuadrados,2022-02-11 23:00:00,23.133342,43.171462,0.250807,60.153097,70.782155,0.836667,288.199488,319.744002,0.95,468.873309,481.886402,17.809392,46.266683,0.015084
Analog-minimos-cuadrados,2022-02-12 23:00:00,31.125052,58.392307,0.395842,74.266597,80.547869,0.328333,122.989993,476.264402,0.446667,192.727851,702.646008,9.947323,62.250104,0.016257
Analog-minimos-cuadrados,2022-02-13 23:00:00,14.897903,27.792178,0.218719,36.985945,46.083119,0.841667,177.273502,218.630723,0.9,276.930576,311.373216,9.051955,29.795805,0.013863
Analog-minimos-cuadrados,2022-02-14 23:00:00,13.285802,24.760637,0.208982,33.939244,39.614087,0.751667,129.056483,175.185175,0.863333,176.495258,217.187534,6.572514,26.571604,0.014059
Analog-minimos-cuadrados,2022-02-15 23:00:00,19.907592,37.070182,0.231912,55.033184,65.642068,0.63,107.744815,224.577996,0.793333,161.178181,269.277319,7.760724,39.815184,0.014355
Analog-minimos-cuadrados,2022-02-16 23:00:00,90.260705,171.567668,0.448246,207.200455,254.967363,0.186667,137.251534,1471.94686,0.295,188.384164,2280.741063,100.180748,180.521411,0.015012
Analog-minimos-cuadrados,2022-02-17 23:00:00,30.896973,57.514889,0.198421,82.393169,98.029894,0.888333,361.725485,401.979427,0.943333,466.069563,509.749194,16.796065,61.793945,0.015644
Analog-minimos-cuadrados,2022-02-18 23:00:00,37.145737,70.036098,0.139018,82.103078,132.838809,0.85,273.180753,626.117774,0.925,418.625277,967.676048,39.611976,74.291475,0.017233
Analog-minimos-cuadrados,2022-02-19 23:00:00,69.659693,133.145384,0.275421,159.029888,226.069464,0.438333,240.949918,1151.500219,0.508333,352.586789,1865.126639,23.234367,139.319386,0.015541
Analog-minimos-cuadrados,2022-02-20 23:00:00,68.220764,126.981749,0.147596,187.917694,225.019352,0.663333,478.968948,709.116928,0.905,711.805404,822.304667,23.340065,136.441528,0.014501
Analog-minimos-cuadrados,2022-02-21 23:00:00,164.305645,309.020927,0.242316,407.408442,516.091247,0.588333,564.548443,2339.948047,0.711667,758.018989,3330.526444,132.884331,328.611291,0.016288
Analog-minimos-cuadrados,2022-02-22 23:00:00,94.540627,175.753313,0.239789,261.169768,297.786972,0.895,974.844628,1031.323499,0.98,1256.187881,1263.347861,51.390153,189.081254,0.015662
Analog-minimos-cuadrados,2022-02-23 23:00:00,58.153691,108.545671,0.118351,154.225734,209.854507,0.881667,676.784108,739.334176,0.961667,1064.034734,1097.690656,37.61115,116.307382,0.013675
Analog-minimos-cuadrados,2022-02-24 23:00:00,59.636259,111.202613,0.174333,151.896291,191.964667,0.651667,520.075964,814.379341,0.811667,781.07201,1098.765579,32.631952,119.272519,0.016151
Analog-minimos-cuadrados,2022-02-25 23:00:00,54.642849,102.989961,0.247105,132.736266,184.040482,0.726667,352.150498,826.65505,0.831667,581.445234,1203.214689,29.650148,109.285699,0.015855
Analog-minimos-cuadrados,2022-02-26 23:00:00,66.160562,124.436097,0.393175,163.773878,205.551004,0.413333,265.364487,945.177345,0.488333,375.035385,1383.115885,26.271379,132.321125,0.016448
Analog-minimos-cuadrados,2022-02-27 23:00:00,46.069751,85.770809,0.269053,128.464548,152.94265,0.758333,383.353339,538.163404,0.888333,580.418086,679.493284,18.369511,92.139501,0.016816
Analog-minimos-cuadrados,2022-02-28 23:00:00,24.967067,46.548547,0.134649,56.890782,71.040335,0.973333,372.430182,384.66343,0.995,513.007482,518.84404,17.942534,49.934135,0.017375
Analog-minimos-cuadrados,2022-03-01 23:00:00,27.303316,50.936592,0.267491,68.077983,79.465876,0.588333,217.984442,374.197129,0.735,405.656249,566.776888,17.641009,54.606632,0.014867
Analog-minimos-cuadrados,2022-03-02 23:00:00,18.027042,33.598411,0.167281,49.422581,56.713269,0.813333,182.216409,213.942255,0.918333,269.900058,292.935802,7.360221,36.054084,0.014601
Analog-minimos-cuadrados,2022-03-03 23:00:00,19.22397,35.808528,0.136614,52.1475,65.080624,0.835,186.11935,226.140843,0.941667,257.298238,283.22233,7.616942,38.447941,0.014935
Analog-minimos-cuadrados,2022-03-04 23:00:00,25.065582,46.693204,0.364947,68.481175,75.63417,0.538333,175.895261,294.618556,0.68,234.922968,364.935532,10.722701,50.131163,0.015268
Analog-minimos-cuadrados,2022-03-05 23:00:00,24.155394,44.939043,0.12386,65.678269,81.923689,0.72,158.615929,270.401767,0.86,235.492899,325.495038,9.586343,48.310787,0.01487
Analog-minimos-cuadrados,2022-03-06 23:00:00,114.255271,217.321342,0.258491,261.280528,326.080488,0.383333,193.176954,1886.877574,0.513333,281.864508,3023.560596,133.744564,228.510542,0.015738
Analog-minimos-cuadrados,2022-03-07 23:00:00,107.91779,203.039104,0.293123,269.652529,392.196977,0.618333,503.074522,1465.894269,0.71,667.013475,2025.259695,74.830421,215.83558,0.017333
Analog-minimos-cuadrados,2022-03-08 23:00:00,66.560093,123.918885,0.218526,179.876286,208.768865,0.761667,624.897412,837.53119,0.858333,837.884256,1080.739144,34.757706,133.120186,0.01483
Analog-minimos-cuadrados,2022-03-09 23:00:00,79.392315,149.593472,0.129772,196.123814,322.166725,0.891667,540.968938,1118.533845,0.956667,819.687315,1655.090331,61.267598,158.78463,0.015274
Analog-minimos-cuadrados,2022-03-10 23:00:00,67.955615,127.314909,0.201228,167.767654,202.039501,0.635,574.213296,954.073295,0.751667,805.085193,1331.613319,31.853428,135.91123,0.016575
Analog-minimos-cuadrados,2022-03-11 23:00:00,105.029203,197.345831,0.330386,249.338567,274.196953,0.426667,455.334806,1661.65607,0.52,684.69012,2538.388541,34.622061,210.058407,0.015798
Analog-minimos-cuadrados,2022-03-12 23:00:00,77.700889,144.829831,0.435912,205.644641,219.228424,0.285,446.115646,906.722688,0.631667,650.927278,1065.824487,31.01472,155.401778,0.017852
Analog-minimos-cuadrados,2022-03-13 23:00:00,46.998322,87.595267,0.197842,129.972828,166.3574,0.75,331.072884,540.408295,0.88,495.437666,676.599938,18.571413,93.996645,0.016847
Analog-minimos-cuadrados,2022-03-14 23:00:00,32.580479,60.864508,0.195263,83.797869,123.109044,0.903333,366.235388,443.240864,0.971667,469.46148,581.388723,21.823658,65.160957,0.016023
Analog-minimos-cuadrados,2022-03-15 23:00:00,36.062946,67.182132,0.275842,96.613464,120.989443,0.811667,357.198593,441.832078,0.93,608.332203,665.611219,25.416947,72.125893,0.015631
Analog-minimos-cuadrados,2022-03-16 23:00:00,70.693652,131.927348,0.203737,183.972187,264.164926,0.558333,262.584147,905.354153,0.723333,386.625043,1017.361134,35.829898,141.387304,0.013697
Analog-minimos-cuadrados,2022-03-17 23:00:00,38.440084,71.645972,0.106439,100.171198,125.692492,0.936667,474.959423,513.125123,0.978333,638.346979,670.693622,19.07724,76.880169,0.015729
Analog-minimos-cuadrados,2022-03-18 23:00:00,70.097946,130.90172,0.279246,177.607642,220.09197,0.563333,534.728348,937.302717,0.72,827.695755,1268.08687,36.645443,140.195891,0.015398
Analog-minimos-cuadrados,2022-03-19 23:00:00,53.666342,99.917263,0.341649,143.973324,168.673721,0.578333,392.470809,642.102012,0.76,566.857103,819.423284,23.626632,107.332684,0.016235
Analog-minimos-cuadrados,2022-03-20 23:00:00,43.897816,81.633777,0.185895,113.032199,154.842028,0.688333,311.369651,572.043541,0.828333,439.566934,684.910655,20.707534,87.795631,0.01663
Analog-minimos-cuadrados,2022-03-21 23:00:00,129.160791,247.195452,0.195667,293.167266,493.186878,0.798333,345.968455,2177.105825,0.836667,491.142985,3639.197454,160.348474,258.321583,0.016106
Analog-minimos-cuadrados,2022-03-22 23:00:00,52.176269,97.187246,0.163667,138.176322,189.951031,0.98,718.827104,736.173047,0.995,967.166483,976.283023,34.832567,104.352538,0.01721
Analog-minimos-cuadrados,2022-03-23 23:00:00,62.443011,116.212007,0.273088,158.507516,166.591328,0.693333,498.640199,808.052674,0.836667,735.945105,963.956329,30.863426,124.886022,0.017447
Analog-minimos-cuadrados,2022-03-24 23:00:00,23.641653,44.070966,0.202035,55.363028,71.203421,0.89,319.588964,375.043143,0.946667,483.772568,538.033609,16.608353,47.283306,0.016535
Analog-minimos-cuadrados,2022-03-25 23:00:00,15.837713,29.739634,0.186526,38.138847,46.367701,0.575,94.996271,234.203454,0.686667,135.441895,329.242941,11.77932,31.675426,0.015569
Analog-minimos-cuadrados,2022-03-26 23:00:00,33.801507,64.151406,0.360088,78.973648,91.561544,0.286667,95.85587,544.27629,0.36,136.955269,856.445874,7.903814,67.603014,0.017569
Analog-minimos-cuadrados,2022-03-27 23:00:00,20.201098,37.660309,0.217175,54.476587,62.654187,0.805,211.098965,253.499902,0.92,316.745268,345.539356,9.011755,40.402196,0.014506
Analog-minimos-cuadrados,2022-03-28 23:00:00,130.782108,251.52793,0.397877,291.106568,450.003997,0.188333,158.413138,2236.932548,0.333333,213.60326,3781.976695,161.200644,261.564216,0.017237
Analog-minimos-cuadrados,2022-03-29 23:00:00,55.504869,103.346204,0.222842,145.719768,252.801261,0.846667,525.814417,731.819568,0.94,742.553412,902.627404,34.556271,111.009738,0.015109
Analog-minimos-cuadrados,2022-03-30 23:00:00,34.015823,63.441027,0.258386,83.834392,97.290073,0.921667,485.193517,519.513269,0.968333,719.437336,737.78415,27.569079,68.031646,0.015925
Analog-minimos-cuadrados,2022-03-31 23:00:00,69.119338,129.583471,0.330807,174.147741,208.800963,0.608333,357.339001,929.074092,0.795,560.876677,1265.808618,46.654946,138.238676,0.016096
Analog-minimos-cuadrados,2022-04-01 23:00:00,112.98408,212.694182,0.363754,283.647564,330.802345,0.371667,325.946752,1598.370762,0.525,473.877397,2125.128797,63.671886,225.96816,0.016251
Analog-minimos-cuadrados,2022-04-03 23:00:00,69.306442,128.997004,0.205544,175.977244,264.264124,0.753333,558.889608,929.628404,0.868333,819.493613,1226.414554,36.015194,138.612883,0.014693
Analog-minimos-cuadrados,2022-04-04 23:00:00,79.513192,148.004253,0.125825,214.13401,276.33779,0.638333,474.88597,949.944814,0.798333,695.629677,1060.56478,28.450789,159.026385,0.014569
Analog-minimos-cuadrados,2022-04-05 23:00:00,103.419862,192.952029,0.194772,283.823,375.742162,0.596667,602.715875,1215.158984,0.768333,868.879727,1497.830745,51.627773,206.839723,0.017927
Analog-minimos-cuadrados,2022-04-06 23:00:00,96.004514,178.900785,0.242632,246.376791,288.439144,0.69,895.312849,1263.98698,0.825,1271.081062,1660.654832,53.332478,192.009028,0.015485
Analog-minimos-cuadrados,2022-04-07 23:00:00,63.118207,117.707273,0.256439,159.52054,186.070356,0.695,629.148678,851.033951,0.84,933.992841,1106.545497,35.600053,126.236413,0.015428
Analog-minimos-cuadrados,2022-04-08 23:00:00,63.968938,120.698351,0.406842,152.854289,163.170046,0.21,270.636838,973.347194,0.325,377.430373,1394.013021,16.401464,127.937876,0.015642
Analog-minimos-cuadrados,2022-04-09 23:00:00,54.219936,101.620704,0.263912,142.968636,241.191913,0.605,275.531038,711.150634,0.741667,373.362941,998.583446,38.513884,108.439873,0.016708
Analog-minimos-cuadrados,2022-04-10 23:00:00,42.763403,79.637398,0.241561,128.008894,168.251101,0.865,409.061184,471.894158,0.963333,579.121955,609.043166,18.604238,85.526807,0.014698
Analog-minimos-cuadrados,2022-04-11 23:00:00,58.389197,108.986016,0.30707,156.718919,176.356581,0.565,362.597619,715.312774,0.681667,561.724554,967.114646,33.357677,116.778395,0.015705
Analog-minimos-cuadrados,2022-04-12 23:00:00,33.168216,61.762725,0.237614,91.775015,117.601973,0.725,215.429135,367.369097,0.885,330.965314,466.48867,14.348025,66.336433,0.015148
Analog-minimos-cuadrados,2022-04-13 23:00:00,33.987183,63.781496,0.126877,85.24343,104.151988,0.625,210.972057,481.495084,0.72,293.427951,677.126703,15.971247,67.974366,0.014153
Analog-minimos-cuadrados,2022-04-14 23:00:00,64.339597,122.213021,0.424035,147.041196,157.138019,0.238333,205.769935,1043.310014,0.318333,314.972663,1705.886778,17.650872,128.679195,0.014627
Analog-minimos-cuadrados,2022-04-15 23:00:00,16.845934,31.434222,0.143333,33.044295,44.620949,0.975,296.165434,304.929503,0.986667,436.758551,443.007729,13.620355,33.691869,0.015985
Analog-minimos-cuadrados,2022-04-16 23:00:00,28.571443,53.369125,0.132544,78.178526,101.481984,0.615,147.623981,337.65572,0.793333,215.846874,410.829133,12.143412,57.142886,0.014378
Analog-minimos-cuadrados,2022-04-17 23:00:00,112.534719,213.048428,0.381105,273.642398,345.802203,0.32,237.292408,1645.170887,0.488333,341.839941,2429.386017,74.568037,225.069438,0.015253
Analog-minimos-cuadrados,2022-04-18 23:00:00,46.871079,87.3218,0.151772,123.501637,150.636048,0.85,501.523838,613.132143,0.911667,702.145324,835.787782,26.622807,93.742158,0.01446
Analog-minimos-cuadrados,2022-04-19 23:00:00,194.154821,367.58011,0.413439,449.352783,521.418649,0.165,331.262097,3137.416574,0.295,502.420057,4973.855884,217.2134,388.309642,0.015323
Analog-minimos-cuadrados,2022-04-20 23:00:00,212.934939,404.473105,0.424877,496.982015,517.145179,0.203333,742.801225,3465.088036,0.26,1071.950726,5357.71693,60.107756,425.869878,0.015084
Analog-minimos-cuadrados,2022-04-21 23:00:00,272.743489,510.722675,0.379561,669.357604,754.260446,0.401667,951.685649,3818.829093,0.556667,1320.064895,4865.647187,184.649886,545.486978,0.016374
Analog-minimos-cuadrados,2022-04-22 23:00:00,135.134605,251.274331,0.328193,389.923415,411.001098,0.68,1048.40714,1450.942138,0.853333,1418.601659,1759.710022,59.445868,270.269209,0.017193
Analog-minimos-cuadrados,2022-04-23 23:00:00,85.641316,159.175669,0.301632,247.976778,274.990284,0.843333,810.26097,964.683704,0.926667,1102.687904,1211.782793,42.596809,171.282633,0.016294
Analog-minimos-cuadrados,2022-04-24 23:00:00,40.929717,76.354504,0.154754,97.487676,163.617758,0.863333,423.007364,604.813007,0.926667,607.709834,785.146684,23.146893,81.859433,0.014789
Analog-minimos-cuadrados,2022-04-25 23:00:00,41.068405,76.737175,0.134895,104.709345,133.913053,0.745,398.460854,572.10082,0.805,569.742154,784.074474,22.069282,82.13681,0.015513
Analog-minimos-cuadrados,2022-04-26 23:00:00,30.604757,57.134512,0.183684,74.65713,92.055247,0.678333,276.944286,430.556754,0.818333,412.090842,584.514562,15.119703,61.209513,0.015581
Analog-minimos-cuadrados,2022-04-27 23:00:00,58.822256,111.785319,0.329684,139.421363,168.181457,0.216667,209.954984,932.705436,0.275,294.149105,1462.526333,23.450172,117.644511,0.014712
Analog-minimos-cuadrados,2022-04-28 23:00:00,88.088714,164.177911,0.328579,236.263636,300.681292,0.476667,337.718581,1047.077717,0.708333,486.612805,1291.290255,43.123967,176.177428,0.015075
Analog-minimos-cuadrados,2022-04-29 23:00:00,58.596636,109.54269,0.324456,144.991787,168.006634,0.551667,521.23393,828.813338,0.726667,747.745304,1120.51714,31.533643,117.193272,0.014736
Analog-minimos-cuadrados,2022-04-30 23:00:00,66.636505,123.949296,0.380474,171.07804,183.714503,0.418333,407.508603,826.039778,0.661667,630.246983,1026.146002,27.480073,133.273009,0.015351
Analog-minimos-cuadrados,2022-05-01 23:00:00,26.248862,48.913029,0.195193,71.024823,91.763615,0.84,257.565069,325.071402,0.93,363.937599,412.605114,10.023555,52.497725,0.016236
Analog-minimos-cuadrados,2022-05-02 23:00:00,25.28325,47.079144,0.25507,66.323834,90.463338,0.77,231.298121,317.421446,0.893333,339.515341,409.258721,14.491676,50.566499,0.014584
Analog-minimos-cuadrados,2022-05-03 23:00:00,21.008846,39.228902,0.151842,53.711502,64.647963,0.71,190.368498,284.290624,0.838333,277.034005,375.549701,9.824023,42.017692,0.015078
Analog-minimos-cuadrados,2022-05-04 23:00:00,122.240955,233.551199,0.486579,274.65747,285.893768,0.04,127.075079,2082.968194,0.11,194.481785,3351.955513,150.862169,244.48191,0.015011
Analog-minimos-cuadrados,2022-05-05 23:00:00,490.705847,946.362831,0.478947,1056.398218,1121.86582,0.035,371.750862,8902.510245,0.065,527.813129,15579.582865,715.088498,981.411695,0.01576
Analog-minimos-cuadrados,2022-05-06 23:00:00,114.956463,214.020467,0.251035,324.605579,362.103426,0.905,1342.443631,1424.003159,0.978333,1917.791214,1940.834489,70.747656,229.912927,0.015535
Analog-minimos-cuadrados,2022-05-07 23:00:00,166.323442,309.405711,0.374439,468.724709,492.475495,0.511667,1133.22313,1823.353107,0.755,1601.825908,2091.626425,70.560242,332.646884,0.015674
Analog-minimos-cuadrados,2022-05-08 23:00:00,60.181306,112.099709,0.156193,158.881026,209.562721,0.908333,767.437518,809.445774,0.965,1091.341496,1117.376808,35.21575,120.362612,0.015583
Analog-minimos-cuadrados,2022-05-09 23:00:00,75.576491,141.754674,0.238088,200.366317,255.176426,0.565,367.36409,972.602552,0.691667,564.949405,1359.42763,41.457788,151.152982,0.01757
Analog-minimos-cuadrados,2022-05-10 23:00:00,191.787656,368.656415,0.485702,430.693706,444.640848,0.078333,454.849688,3288.094638,0.126667,658.602304,5675.895916,43.832351,383.575312,0.016676
Analog-minimos-cuadrados,2022-05-11 23:00:00,64.627474,120.359101,0.260684,169.282681,194.397891,0.883333,767.359268,854.328099,0.945,1094.369041,1168.798202,41.676705,129.254949,0.016436
Analog-minimos-cuadrados,2022-05-12 23:00:00,77.392701,145.996409,0.451579,186.018856,203.183402,0.175,177.888306,1157.468008,0.298333,246.875849,1662.801677,68.942255,154.785403,0.01538
Analog-minimos-cuadrados,2022-05-13 23:00:00,88.350405,164.66597,0.382123,228.139023,298.668136,0.455,339.816701,1158.271738,0.713333,492.023494,1415.644911,49.931877,176.700811,0.016429
Analog-minimos-cuadrados,2022-05-14 23:00:00,57.453808,107.580356,0.356982,132.058741,152.160139,0.416667,416.180918,923.446471,0.493333,605.430982,1255.928341,29.000578,114.907617,0.015279
Analog-minimos-cuadrados,2022-05-15 23:00:00,23.622815,44.084035,0.149614,44.824085,62.428099,0.976667,439.243868,445.721686,0.995,639.556623,641.107629,19.38754,47.24563,0.017899
Analog-minimos-cuadrados,2022-05-16 23:00:00,15.973153,29.761196,0.144947,35.405151,44.584784,0.976667,256.385854,262.603286,0.991667,364.98528,369.599207,11.758018,31.946306,0.01499
Analog-minimos-cuadrados,2022-05-17 23:00:00,87.485922,165.693837,0.411105,204.220953,233.58872,0.243333,169.217402,1387.068741,0.353333,243.934641,2073.492602,89.146802,174.971844,0.014901
Analog-minimos-cuadrados,2022-05-18 23:00:00,30.513373,57.142386,0.129807,71.30408,107.389224,0.958333,382.984697,456.659738,0.983333,511.523332,629.977077,17.152884,61.026746,0.015489
Analog-minimos-cuadrados,2022-05-19 23:00:00,28.021683,52.229927,0.17093,73.840926,86.274678,0.76,290.176823,359.973725,0.893333,431.562116,495.356333,14.845831,56.043366,0.015803
Analog-minimos-cuadrados,2022-05-20 23:00:00,24.592757,45.846549,0.122877,60.667257,75.306022,0.665,218.573362,341.852066,0.791667,306.643392,425.770884,11.334209,49.185513,0.014235
Analog-minimos-cuadrados,2022-05-21 23:00:00,62.964508,119.60392,0.396474,151.174969,171.562711,0.283333,212.88783,952.092946,0.35,305.333173,1462.603745,16.390868,125.929015,0.016631
Analog-minimos-cuadrados,2022-05-22 23:00:00,38.449364,71.573227,0.313298,102.80549,119.45547,0.741667,347.809677,488.452999,0.858333,506.766177,643.022337,19.714782,76.898728,0.016678
Analog-minimos-cuadrados,2022-05-23 23:00:00,39.5402,73.898795,0.256474,105.114092,123.591052,0.6,211.465587,487.263612,0.776667,315.62898,605.519256,16.92362,79.080399,0.013496
Analog-minimos-cuadrados,2022-05-24 23:00:00,27.992136,52.116573,0.157316,74.266051,97.501748,0.806667,239.373736,330.300623,0.918333,330.710924,400.857053,11.776569,55.984272,0.016742
Analog-minimos-cuadrados,2022-05-25 23:00:00,39.886754,74.226029,0.286842,110.954456,143.875977,0.763333,271.022405,441.972557,0.888333,381.939192,551.132343,16.361139,79.773509,0.014022
Analog-minimos-cuadrados,2022-05-26 23:00:00,19.524186,36.417052,0.158421,47.552777,59.745521,0.883333,263.9034,290.396142,0.936667,398.413863,425.989025,14.149114,39.048372,0.014561
Analog-minimos-cuadrados,2022-05-27 23:00:00,25.908627,49.063085,0.188368,61.998122,95.350895,0.683333,175.923015,395.254063,0.801667,257.566741,597.99615,20.183214,51.817253,0.014889
Analog-minimos-cuadrados,2022-05-28 23:00:00,57.823158,109.104894,0.411947,134.049526,151.555709,0.258333,186.508236,950.228668,0.345,281.378126,1413.72431,14.979935,115.646317,0.016452
Analog-minimos-cuadrados,2022-05-29 23:00:00,23.265126,43.352958,0.153474,58.196137,71.838783,0.926667,319.691387,335.618864,0.973333,454.148975,463.260423,11.605283,46.530252,0.016896
Analog-minimos-cuadrados,2022-05-30 23:00:00,26.879241,50.226952,0.262877,71.47119,82.347233,0.626667,214.668213,340.867279,0.765,289.601408,450.298683,11.576816,53.758481,0.015066
Analog-minimos-cuadrados,2022-05-31 23:00:00,47.743854,90.191688,0.139772,116.697193,148.926545,0.573333,242.245258,697.288611,0.655,353.687003,1064.67683,21.233224,95.487709,0.014372
Analog-minimos-cuadrados,2022-06-01 23:00:00,28.267236,52.684847,0.294737,75.116251,83.833228,0.666667,253.848718,354.579373,0.811667,354.593887,463.030968,13.273549,56.534472,0.01714
Analog-minimos-cuadrados,2022-06-02 23:00:00,24.284067,45.287879,0.263579,68.391921,80.455198,0.823333,216.927157,286.868071,0.928333,319.248766,380.400687,10.304621,48.568134,0.017665
Analog-minimos-cuadrados,2022-06-03 23:00:00,19.384977,36.101408,0.159298,50.376956,60.08367,0.783333,179.815236,246.350418,0.903333,264.091776,305.233749,9.388835,38.769955,0.015135
Analog-minimos-cuadrados,2022-06-04 23:00:00,75.574778,145.155132,0.392667,170.493024,210.034354,0.226667,171.885393,1277.115655,0.295,243.148099,2175.640343,32.632753,151.149557,0.014173
Analog-minimos-cuadrados,2022-06-05 23:00:00,24.758943,46.118119,0.158386,52.787905,66.374743,0.925,402.880674,422.446724,0.968333,602.389219,612.700329,20.197938,49.517887,0.015895
Analog-minimos-cuadrados,2022-06-06 23:00:00,24.269859,45.275113,0.230982,67.426247,77.881057,0.925,281.36568,298.675139,0.985,404.109924,406.893235,10.864591,48.539718,0.014544
Analog-minimos-cuadrados,2022-06-07 23:00:00,22.369933,41.65493,0.225386,62.8623,80.572224,0.946667,246.569711,268.306698,0.991667,364.393697,374.19471,10.026609,44.739867,0.015346
Analog-minimos-cuadrados,2022-06-08 23:00:00,20.654443,38.627444,0.181649,53.23886,68.469189,0.836667,210.581571,288.320833,0.906667,303.019879,398.17867,9.64975,41.308886,0.014488
Analog-minimos-cuadrados,2022-06-09 23:00:00,21.854476,40.917834,0.109386,49.817054,70.6977,0.818333,223.888142,340.532721,0.87,313.180816,474.3574,11.037658,43.708952,0.014128
Analog-minimos-cuadrados,2022-06-10 23:00:00,56.843803,107.472982,0.414211,137.203063,146.270525,0.321667,248.9767,846.038119,0.405,348.90615,1236.501111,17.094493,113.687606,0.014817
Analog-minimos-cuadrados,2022-06-11 23:00:00,20.874148,38.865509,0.173807,54.20574,64.79582,0.876667,253.724617,284.978733,0.945,361.327632,382.181611,12.529434,41.748296,0.014004
Analog-minimos-cuadrados,2022-06-12 23:00:00,30.495049,56.798686,0.336982,80.051551,84.925056,0.566667,182.316402,389.141076,0.72,263.434688,493.7325,15.487386,60.990097,0.013442
Analog-minimos-cuadrados,2022-06-13 23:00:00,19.140203,35.716118,0.147246,53.522332,68.291013,0.865,186.257783,224.645257,0.953333,258.783504,296.984609,7.623031,38.280407,0.016913
Analog-minimos-cuadrados,2022-06-14 23:00:00,22.263424,41.528487,0.281281,59.078358,69.365443,0.58,175.818227,278.106541,0.731667,249.273471,362.427864,9.696384,44.526849,0.015078
Analog-minimos-cuadrados,2022-06-15 23:00:00,60.680423,114.417926,0.453211,145.764363,149.770613,0.233333,203.139627,911.783096,0.328333,295.909445,1321.418761,16.150053,121.360845,0.014424
Analog-minimos-cuadrados,2022-06-16 23:00:00,16.810413,31.387952,0.147316,37.17423,45.224531,0.98,267.979261,271.032335,0.998333,379.253857,380.200291,11.375929,33.620827,0.01511
Analog-minimos-cuadrados,2022-06-17 23:00:00,21.784745,40.782825,0.257333,54.504573,64.16064,0.553333,142.164734,303.655273,0.663333,196.044108,404.018953,7.913286,43.569491,0.01373
Analog-minimos-cuadrados,2022-06-18 23:00:00,63.884083,121.019407,0.466228,153.138511,165.989979,0.11,162.46231,969.772437,0.2,221.066443,1475.678193,13.756399,127.768167,0.017153
Analog-minimos-cuadrados,2022-06-19 23:00:00,20.429564,38.099166,0.248456,52.571231,58.623335,0.996667,315.77972,316.453876,1.0,455.467507,455.467507,11.215346,40.859129,0.016306
Analog-minimos-cuadrados,2022-06-20 23:00:00,13.120164,24.473611,0.169404,27.205776,33.6835,0.998333,227.059873,227.164568,1.0,326.766562,326.766562,10.553367,26.240328,0.01471
Analog-minimos-cuadrados,2022-06-21 23:00:00,27.791299,52.351253,0.339018,69.536072,78.104421,0.39,133.03441,398.39833,0.49,199.640365,593.330756,8.877773,55.582599,0.015023
Analog-minimos-cuadrados,2022-06-22 23:00:00,46.884682,88.448978,0.451088,116.031114,118.861897,0.2,174.641528,663.544682,0.323333,248.710074,951.718099,13.171822,93.769363,0.014962
Analog-minimos-cuadrados,2022-06-23 23:00:00,16.529454,31.171523,0.204579,39.795865,55.297179,0.943333,181.317483,252.959132,0.986667,249.058462,370.282136,11.491865,33.058908,0.01657
Analog-minimos-cuadrados,2022-06-24 23:00:00,74.644685,143.890422,0.172193,167.596784,200.459328,0.416667,133.597705,1272.741235,0.506667,182.702229,2207.570755,90.307703,149.28937,0.015999
Analog-minimos-cuadrados,2022-06-25 23:00:00,56.583774,105.336889,0.235351,151.43004,168.323126,0.613333,397.59482,711.969985,0.785,561.728866,892.574956,26.751686,113.167548,0.01619
Analog-minimos-cuadrados,2022-06-26 23:00:00,58.650609,109.464273,0.236684,152.476604,175.412412,0.561667,362.419393,730.802593,0.701667,521.796635,955.688482,21.742566,117.301217,0.016207
Analog-minimos-cuadrados,2022-06-27 23:00:00,22.210751,41.339088,0.088351,56.109048,78.848537,0.846667,259.882976,307.068253,0.931667,390.140464,425.297364,13.857244,44.421501,0.016554
Analog-minimos-cuadrados,2022-06-28 23:00:00,12.776136,23.828882,0.148053,31.067921,42.499847,0.963333,188.116515,196.651572,0.99,269.423023,275.983529,7.545309,25.552272,0.015674
Analog-minimos-cuadrados,2022-06-29 23:00:00,14.288254,26.61132,0.195754,39.432012,45.974399,0.898333,160.936675,174.840849,0.968333,233.024239,238.899999,5.480041,28.576508,0.015286
Analog-minimos-cuadrados,2022-06-30 23:00:00,31.9544,59.491048,0.412596,88.455664,96.950976,0.418333,139.324077,355.859267,0.703333,204.178645,381.003405,10.936336,63.908799,0.015893
Analog-minimos-cuadrados,2022-07-01 23:00:00,103.847411,195.060197,0.421246,247.860233,271.678997,0.18,191.684275,1599.638902,0.413333,303.949009,1943.535401,79.64614,207.694822,0.017314
Analog-minimos-cuadrados,2022-07-02 23:00:00,129.248258,244.909774,0.485,307.938107,316.012488,0.051667,350.485599,2006.247826,0.096667,539.129073,2997.690828,32.768945,258.496516,0.01504
Analog-minimos-cuadrados,2022-07-03 23:00:00,42.615118,79.409492,0.243965,113.746752,136.808601,0.896667,550.15072,592.185321,0.963333,790.420863,809.553863,29.389072,85.230237,0.013506
Analog-minimos-cuadrados,2022-07-04 23:00:00,19.388459,36.114196,0.363789,49.787337,53.096168,0.461667,145.55969,268.3223,0.656667,226.750345,334.798295,9.436386,38.776918,0.013571
Analog-minimos-cuadrados,2022-07-05 23:00:00,46.038557,86.363201,0.44,114.247078,134.197231,0.22,122.06926,643.896091,0.421667,178.647405,865.621682,33.822072,92.077113,0.015279
Analog-minimos-cuadrados,2022-07-06 23:00:00,33.069643,61.588548,0.298561,96.206609,115.395019,0.793333,227.467036,350.107332,0.918333,341.189649,437.949536,11.922073,66.139286,0.015771
Analog-minimos-cuadrados,2022-07-07 23:00:00,33.900725,63.148993,0.13993,91.34655,121.96936,0.643333,202.844603,404.475382,0.816667,296.209156,473.745801,13.531693,67.80145,0.014529
Analog-minimos-cuadrados,2022-07-08 23:00:00,86.328011,161.935435,0.46307,211.832741,223.513534,0.195,188.814736,1233.02929,0.338333,284.391899,1786.640009,74.119562,172.656023,0.016781
Analog-minimos-cuadrados,2022-07-09 23:00:00,86.808805,162.966532,0.355439,209.825556,242.225667,0.328333,368.83739,1286.050074,0.405,585.248397,1833.182517,29.670481,173.617611,0.015452
Analog-minimos-cuadrados,2022-07-10 23:00:00,113.105022,210.60159,0.437228,305.805962,322.620175,0.351667,520.496556,1227.465061,0.68,743.556744,1371.604021,36.448769,226.210045,0.013452
Analog-minimos-cuadrados,2022-07-11 23:00:00,53.609139,99.906572,0.239035,145.209476,183.119656,0.915,619.860867,662.014205,0.976667,946.806044,964.649718,26.517455,107.218279,0.013915
Analog-minimos-cuadrados,2022-07-12 23:00:00,22.081006,41.202339,0.176298,52.180616,61.994112,0.985,342.371619,347.95458,0.995,497.238119,501.194741,14.492202,44.162013,0.012408
Analog-minimos-cuadrados,2022-07-13 23:00:00,53.465365,100.350212,0.22693,135.664523,163.782042,0.525,279.246546,734.411359,0.656667,404.172522,1020.882263,16.699569,106.930729,0.013931
Analog-minimos-cuadrados,2022-07-14 23:00:00,46.642574,86.834823,0.183544,122.202561,154.79665,0.838333,478.465829,621.239344,0.915,693.119352,795.69332,24.714499,93.285147,0.014192
Analog-minimos-cuadrados,2022-07-15 23:00:00,28.167707,52.561334,0.131018,66.242052,96.643122,0.92,369.690031,422.325181,0.948333,556.576014,617.689639,19.555113,56.335413,0.014661
Analog-minimos-cuadrados,2022-07-16 23:00:00,156.175754,297.153217,0.311018,361.068752,391.807362,0.085,272.423278,2507.161598,0.176667,395.120641,4027.123054,31.19115,312.351508,0.014386
Analog-minimos-cuadrados,2022-07-17 23:00:00,53.204764,99.185306,0.161158,121.41729,151.204709,0.96,856.280996,874.268873,0.993333,1239.892911,1243.919601,37.998888,106.409529,0.013325
Analog-minimos-cuadrados,2022-07-18 23:00:00,47.054624,87.744876,0.140351,113.563957,137.259438,0.88,614.009001,677.994082,0.945,934.220293,974.565659,33.181622,94.109248,0.014615
Analog-minimos-cuadrados,2022-07-19 23:00:00,48.865636,90.871117,0.113105,137.669988,169.090469,0.816667,422.857914,544.181687,0.928333,583.489521,645.695601,17.127362,97.731273,0.013231
Analog-minimos-cuadrados,2022-07-20 23:00:00,81.002689,150.888043,0.239035,222.892847,260.26863,0.693333,559.056713,924.440027,0.838333,776.101186,1104.30607,31.761866,162.005378,0.014934
Analog-minimos-cuadrados,2022-07-21 23:00:00,62.215772,115.822627,0.214175,174.111338,200.083081,0.88,669.91461,741.439487,0.981667,996.043395,1017.07832,27.624434,124.431543,0.013999
Analog-minimos-cuadrados,2022-07-22 23:00:00,71.72198,134.565224,0.143912,184.687064,224.471632,0.583333,404.613962,955.779838,0.718333,602.082616,1302.673424,28.147825,143.443961,0.01561
Analog-minimos-cuadrados,2022-07-23 23:00:00,160.531215,301.831343,0.319912,382.383639,432.186002,0.281667,505.625923,2470.949808,0.326667,765.474366,3638.247669,40.845362,321.06243,0.014008
Analog-minimos-cuadrados,2022-07-24 23:00:00,54.387649,101.479866,0.181526,137.408349,158.963241,0.931667,803.980836,836.352696,0.981667,1201.522197,1215.885903,40.362715,108.775299,0.016259
Analog-minimos-cuadrados,2022-07-25 23:00:00,78.749992,146.616952,0.282193,219.467512,247.841228,0.666667,578.192021,868.701553,0.831667,829.029883,1058.036015,28.876058,157.499984,0.015445
Analog-minimos-cuadrados,2022-07-26 23:00:00,134.550544,252.052176,0.319211,343.780837,395.064639,0.468333,535.85812,1873.445513,0.58,765.100963,2547.932018,92.857321,269.101087,0.01387
Analog-minimos-cuadrados,2022-07-27 23:00:00,43.286999,80.604138,0.184789,111.671127,147.547984,0.831667,448.333227,583.260923,0.908333,655.083455,762.892887,24.371379,86.573998,0.015803
Analog-minimos-cuadrados,2022-07-28 23:00:00,51.833451,96.47873,0.215175,140.175449,164.230015,0.648333,336.64273,606.461902,0.841667,475.555724,694.810289,19.913276,103.666902,0.016397
Analog-minimos-cuadrados,2022-07-29 23:00:00,192.591833,371.446642,0.49886,432.828566,440.493524,0.003333,312.323679,3289.382002,0.018333,451.34587,5670.131184,35.559563,385.183665,0.017022
Analog-minimos-cuadrados,2022-07-30 23:00:00,112.953333,209.79472,0.430263,313.919746,334.617528,0.37,629.116725,1179.111525,0.691667,900.911001,1345.035042,42.777297,225.906665,0.015694
Analog-minimos-cuadrados,2022-07-31 23:00:00,36.213291,67.506738,0.195877,90.927666,151.608568,0.883333,360.624721,541.760158,0.931667,496.867403,703.280065,24.468149,72.426581,0.01575
Analog-minimos-cuadrados,2022-08-01 23:00:00,54.781466,102.669345,0.372351,138.144873,185.971803,0.213333,249.669092,735.596806,0.373333,374.876832,942.207757,17.142389,109.562933,0.013498
Analog-minimos-cuadrados,2022-08-02 23:00:00,27.377208,51.040241,0.148561,70.754957,114.654692,0.878333,321.745838,358.383165,0.966667,481.577536,501.114629,15.286347,54.754415,0.015541
Analog-minimos-cuadrados,2022-08-03 23:00:00,27.423534,51.106907,0.294544,72.141674,84.399892,0.811667,332.145893,375.384278,0.945,518.028613,548.935672,19.418345,54.847068,0.016407
Analog-minimos-cuadrados,2022-08-04 23:00:00,20.384053,37.998211,0.26493,56.130131,66.522094,0.825,192.282294,246.604983,0.938333,296.752705,343.479829,10.306609,40.768107,0.015972
Analog-minimos-cuadrados,2022-08-05 23:00:00,19.817233,37.04311,0.139228,51.748313,59.870159,0.813333,197.925511,261.008775,0.92,290.775538,361.10429,10.6748,39.634465,0.015405
Analog-minimos-cuadrados,2022-08-06 23:00:00,53.364091,100.556317,0.400474,125.361172,147.134012,0.318333,173.021927,823.043111,0.428333,245.281726,1246.751517,13.546448,106.728182,0.017776
Analog-minimos-cuadrados,2022-08-07 23:00:00,24.237914,45.150906,0.221404,66.665687,83.966722,0.94,288.338095,314.681199,0.985,435.308514,443.495296,10.570961,48.475828,0.017017
Analog-minimos-cuadrados,2022-08-08 23:00:00,16.990919,31.682868,0.131404,42.837254,58.19799,0.95,245.861769,252.209742,0.985,367.48998,369.100755,12.476094,33.981838,0.014205
Analog-minimos-cuadrados,2022-08-09 23:00:00,17.797522,33.159104,0.283368,47.114127,52.8152,0.751667,173.191869,222.080909,0.923333,261.899456,292.695844,9.36211,35.595043,0.016691
Analog-minimos-cuadrados,2022-08-10 23:00:00,55.645757,104.639275,0.413193,136.015668,171.257644,0.275,171.191737,806.857139,0.471667,263.014025,1102.323703,42.347709,111.291514,0.015631
Analog-minimos-cuadrados,2022-08-11 23:00:00,26.01008,48.472598,0.117667,63.594052,88.137774,0.965,352.458438,371.728442,0.993333,488.494304,493.538719,15.452879,52.020161,0.014331
Analog-minimos-cuadrados,2022-08-12 23:00:00,17.318477,32.27898,0.135421,44.268687,53.547499,0.951667,236.070275,246.712042,0.99,336.062401,339.70424,9.819492,34.636955,0.017923
Analog-minimos-cuadrados,2022-08-13 23:00:00,36.201566,67.728741,0.439035,89.69342,96.104442,0.241667,136.894013,516.038461,0.398333,199.686189,680.073873,10.434293,72.403131,0.016134
Analog-minimos-cuadrados,2022-08-14 23:00:00,19.791981,36.844422,0.285649,54.1616,69.706513,0.811667,195.308118,235.480363,0.935,274.75384,299.13486,6.099526,39.583962,0.016711
Analog-minimos-cuadrados,2022-08-15 23:00:00,12.737569,23.763231,0.139982,33.109295,39.37186,0.843333,132.681325,172.083699,0.916667,194.134713,234.650531,7.415464,25.475139,0.016477
Analog-minimos-cuadrados,2022-08-16 23:00:00,18.826643,35.569816,0.281474,43.320201,49.787328,0.543333,125.707367,303.071465,0.616667,180.703284,452.534862,7.096089,37.653286,0.017604
Analog-minimos-cuadrados,2022-08-17 23:00:00,33.885383,63.483331,0.406474,86.704289,101.601691,0.368333,113.282076,449.039529,0.535,162.058882,583.173064,21.609212,67.770766,0.015515
Analog-minimos-cuadrados,2022-08-18 23:00:00,15.004069,27.954266,0.19493,40.235915,50.659574,0.9,175.781557,194.518917,0.961667,260.696369,274.478007,8.236734,30.008139,0.015977
Analog-minimos-cuadrados,2022-08-19 23:00:00,31.499769,59.477471,0.368368,74.055618,82.615978,0.365,116.788464,491.248761,0.481667,166.92227,724.315511,8.797768,62.999538,0.016936
Analog-minimos-cuadrados,2022-08-20 23:00:00,80.92894,153.205743,0.471228,190.506866,202.894545,0.08,157.414885,1292.687416,0.101667,215.658374,1974.488814,14.878844,161.85788,0.015246
Analog-minimos-cuadrados,2022-08-21 23:00:00,17.022061,31.740038,0.149368,34.200487,42.291797,0.951667,303.946871,311.647011,0.988333,440.374459,444.78247,13.374408,34.044121,0.015029
Analog-minimos-cuadrados,2022-08-22 23:00:00,26.279111,48.959571,0.331246,76.020838,83.570573,0.691667,183.840388,279.868523,0.868333,267.080417,360.010857,8.76844,52.558222,0.015805
Analog-minimos-cuadrados,2022-08-23 23:00:00,40.94895,76.584201,0.40186,112.340101,125.959953,0.485,201.891468,463.903202,0.796667,301.84094,577.425465,18.280493,81.8979,0.017241
Analog-minimos-cuadrados,2022-08-24 23:00:00,15.232084,28.382421,0.116509,38.771154,50.479293,0.941667,221.625464,231.445185,0.971667,346.575117,351.380662,12.31098,30.464169,0.016029
Analog-minimos-cuadrados,2022-08-25 23:00:00,12.055938,22.466058,0.178281,29.357274,38.396432,0.903333,154.911231,172.093198,0.946667,220.857156,237.507938,7.738781,24.111876,0.0152
Analog-minimos-cuadrados,2022-08-26 23:00:00,26.67261,49.972001,0.181965,66.143954,86.668264,0.705,140.925156,371.867866,0.791667,207.469233,506.470583,14.851976,53.34522,0.013915
Analog-minimos-cuadrados,2022-08-27 23:00:00,70.008448,133.680164,0.417544,162.25577,200.608116,0.203333,194.016611,1151.433865,0.261667,273.231223,1907.270714,16.34945,140.016895,0.015163
Analog-minimos-cuadrados,2022-08-28 23:00:00,28.691664,53.455322,0.17386,72.701516,94.830646,0.893333,338.714373,394.239689,0.958333,481.053334,533.368182,13.628568,57.383327,0.014492
Analog-minimos-cuadrados,2022-08-29 23:00:00,17.088658,31.896347,0.125421,37.012888,47.737597,0.908333,268.928175,280.7087,0.95,397.012877,406.439895,12.887115,34.177316,0.014868
Analog-minimos-cuadrados,2022-08-30 23:00:00,16.152921,30.140245,0.223526,39.256064,46.602199,0.865,193.408339,238.164056,0.936667,295.476514,350.68988,10.530261,32.305843,0.015133
Analog-minimos-cuadrados,2022-08-31 23:00:00,18.818059,35.070981,0.227193,51.571915,61.293566,0.796667,163.112771,221.235818,0.888333,234.061405,279.144448,7.856054,37.636118,0.017089
Analog-minimos-cuadrados,2022-09-01 23:00:00,11.888287,22.156571,0.134368,28.016942,33.476548,0.88,165.467395,184.064151,0.966667,253.595107,263.975819,8.159777,23.776574,0.016149
Analog-minimos-cuadrados,2022-09-02 23:00:00,25.851294,48.259496,0.298035,70.324707,84.021524,0.615,139.234967,303.415073,0.793333,208.078302,398.012201,12.269712,51.702589,0.014527
Analog-minimos-cuadrados,2022-09-03 23:00:00,33.05058,61.960313,0.254386,77.466257,104.36847,0.58,203.024518,511.063569,0.66,296.747519,742.246382,18.032144,66.101159,0.017259
Analog-minimos-cuadrados,2022-09-04 23:00:00,29.973075,55.794191,0.122474,79.523408,104.306225,0.756667,288.712242,367.106886,0.883333,425.332612,483.883614,10.992369,59.94615,0.016555
Analog-minimos-cuadrados,2022-09-05 23:00:00,18.6811,34.834064,0.115281,45.529731,61.047909,0.908333,251.035315,278.637359,0.946667,365.365915,392.722448,11.767468,37.362201,0.017765
Analog-minimos-cuadrados,2022-09-06 23:00:00,23.287333,43.411473,0.178123,58.338256,72.506134,0.843333,278.070263,328.746155,0.928333,410.361735,455.066196,15.033989,46.574666,0.015936
Analog-minimos-cuadrados,2022-09-07 23:00:00,42.111064,78.462331,0.400246,111.106178,116.625128,0.335,204.810193,479.485059,0.646667,319.297114,552.268058,14.198278,84.222127,0.015092
Analog-minimos-cuadrados,2022-09-08 23:00:00,22.763569,42.396812,0.294877,63.572994,69.598374,0.788333,220.921935,280.389157,0.903333,324.518759,375.194023,11.90973,45.527137,0.014667
Analog-minimos-cuadrados,2022-09-09 23:00:00,31.723295,59.285172,0.377105,77.632206,94.801514,0.313333,126.133159,461.912423,0.578333,207.010709,591.438652,10.517053,63.446591,0.015389
Analog-minimos-cuadrados,2022-09-10 23:00:00,41.195674,77.775534,0.298754,100.810277,120.918692,0.41,142.039083,624.956331,0.471667,211.434176,938.747538,9.27489,82.391347,0.016306
Analog-minimos-cuadrados,2022-09-11 23:00:00,20.27916,37.775475,0.136193,52.136304,67.207621,0.835,227.840354,278.937841,0.923333,335.333133,372.700947,9.430724,40.55832,0.013869
Analog-minimos-cuadrados,2022-09-12 23:00:00,16.375446,30.511616,0.19514,42.302152,50.774842,0.863333,181.457751,217.158634,0.93,256.400616,289.1527,7.478649,32.750893,0.014069
Analog-minimos-cuadrados,2022-09-13 23:00:00,22.04556,41.06553,0.116825,58.580078,83.591646,0.76,163.554999,262.164896,0.876667,234.5518,321.324822,8.075562,44.091121,0.016042
Analog-minimos-cuadrados,2022-09-14 23:00:00,39.905729,74.31227,0.384719,108.647582,118.153175,0.496667,178.204449,439.570327,0.746667,257.934904,484.765385,15.101584,79.811458,0.015394
Analog-minimos-cuadrados,2022-09-15 23:00:00,39.324982,73.405484,0.208298,101.849936,119.269064,0.476667,201.037296,503.838923,0.658333,310.959563,614.281045,11.473962,78.649963,0.01515
Analog-minimos-cuadrados,2022-09-16 23:00:00,42.103378,78.341956,0.397719,111.173384,118.473048,0.39,306.758725,518.213597,0.653333,459.038606,634.947042,20.743744,84.206755,0.014405
Analog-minimos-cuadrados,2022-09-17 23:00:00,41.530522,77.48805,0.147053,106.768242,151.632766,0.771667,278.702937,567.269508,0.901667,417.053387,740.675717,21.597663,83.061045,0.01431
Analog-minimos-cuadrados,2022-09-18 23:00:00,72.983323,136.466054,0.379298,183.74715,213.868176,0.361667,320.893256,1032.951019,0.563333,471.564326,1259.867309,46.073011,145.966646,0.014914
Analog-minimos-cuadrados,2022-09-19 23:00:00,59.891538,111.470831,0.410614,157.95631,169.838574,0.303333,377.639784,775.002564,0.465,546.352945,938.040961,25.198987,119.783076,0.017082
Analog-minimos-cuadrados,2022-09-20 23:00:00,31.5313,58.698647,0.258456,88.195753,97.019348,0.863333,338.174916,384.374252,0.955,484.273934,523.621252,16.706303,63.062601,0.015545
Analog-minimos-cuadrados,2022-09-21 23:00:00,20.508903,38.218642,0.133228,53.751857,84.162474,0.901667,224.035522,259.412099,0.958333,331.665678,353.092905,9.25881,41.017807,0.014804
Analog-minimos-cuadrados,2022-09-22 23:00:00,22.39192,41.806491,0.136298,58.129991,85.30502,0.825,220.922418,293.856053,0.931667,324.154949,386.389708,10.65581,44.78384,0.015229
Analog-minimos-cuadrados,2022-09-23 23:00:00,33.507988,62.42774,0.258333,87.635453,108.533772,0.73,256.453764,407.201753,0.805,362.718008,535.729432,13.674278,67.015976,0.017425
Analog-minimos-cuadrados,2022-09-24 23:00:00,81.703866,152.658962,0.453825,209.357126,216.310554,0.241667,284.924998,1121.858432,0.448333,434.139688,1260.576659,20.990556,163.407733,0.016221
Analog-minimos-cuadrados,2022-09-25 23:00:00,20.042462,37.425885,0.186667,42.128102,50.407149,0.983333,364.829328,365.971618,0.998333,535.66069,535.734658,15.885139,40.084924,0.016113
Analog-minimos-cuadrados,2022-09-26 23:00:00,21.12824,39.494311,0.260877,54.211919,65.166486,0.731667,165.790409,288.697566,0.821667,225.331237,388.687607,9.25228,42.256481,0.013911
Analog-minimos-cuadrados,2022-09-27 23:00:00,22.864666,42.763706,0.153158,58.064483,68.442538,0.761667,180.607719,306.990699,0.868333,265.765908,436.796835,8.943727,45.729331,0.015323
Analog-minimos-cuadrados,2022-09-28 23:00:00,27.207836,50.670075,0.263895,75.827575,89.005805,0.655,160.873672,293.855576,0.83,232.57048,361.566415,9.46314,54.415672,0.017599
Analog-minimos-cuadrados,2022-09-29 23:00:00,14.944804,27.859937,0.199737,37.974688,47.218081,0.818333,183.758844,204.336912,0.921667,259.528809,275.085772,8.861441,29.889608,0.015359
Analog-minimos-cuadrados,2022-09-30 23:00:00,31.23333,58.207784,0.366035,78.793149,86.31709,0.39,141.349286,411.111075,0.593333,206.850537,469.150368,9.470986,62.46666,0.015745
Analog-minimos-cuadrados,2022-10-01 23:00:00,65.393272,123.122215,0.472719,155.422814,163.17368,0.115,165.015722,1003.543449,0.183333,232.726331,1445.736215,14.202757,130.786544,0.016331
Analog-minimos-cuadrados,2022-10-02 23:00:00,12.880157,24.06924,0.168632,21.639144,27.753483,0.996667,255.20523,255.233257,1.0,375.578182,375.578182,9.940012,25.760313,0.015637
Analog-minimos-cuadrados,2022-10-03 23:00:00,10.921864,20.34818,0.209509,28.315403,33.98337,0.928333,135.647913,142.427053,0.985,195.785072,197.559427,5.801088,21.843727,0.015559
Analog-minimos-cuadrados,2022-10-04 23:00:00,16.083679,29.988375,0.185807,44.029113,51.131173,0.621667,102.965523,185.299261,0.82,153.858099,223.264331,4.95001,32.167357,0.014379
Analog-minimos-cuadrados,2022-10-05 23:00:00,16.40629,30.598849,0.29193,45.363986,52.286619,0.728333,114.855145,185.114369,0.886667,159.634178,226.874981,6.097154,32.81258,0.015322
Analog-minimos-cuadrados,2022-10-06 23:00:00,28.043418,52.240892,0.374421,74.504402,80.86751,0.441667,135.619133,341.186254,0.643333,183.748232,387.503764,12.236968,56.086836,0.017669
Analog-minimos-cuadrados,2022-10-07 23:00:00,17.947246,33.452945,0.132842,47.922634,57.507883,0.781667,155.843945,220.859278,0.885,236.77942,292.835874,8.417658,35.894492,0.014367
Analog-minimos-cuadrados,2022-10-08 23:00:00,36.583885,68.943537,0.413789,88.32967,100.740871,0.293333,139.902245,553.306249,0.375,207.58271,828.038047,10.847997,73.16777,0.014202
Analog-minimos-cuadrados,2022-10-09 23:00:00,21.075629,39.259751,0.178491,58.587155,69.759308,0.805,203.953116,256.678274,0.911667,306.965392,351.263396,8.635876,42.151259,0.015329
Analog-minimos-cuadrados,2022-10-10 23:00:00,36.30547,67.912122,0.363632,94.968792,109.766729,0.565,184.49423,447.46779,0.73,270.100746,590.440978,17.8396,72.610939,0.015546
Analog-minimos-cuadrados,2022-10-11 23:00:00,58.345611,109.251487,0.300614,145.209989,242.421884,0.58,239.068985,811.548272,0.773333,346.754755,1040.365478,36.303624,116.691223,0.015953
Analog-minimos-cuadrados,2022-10-12 23:00:00,39.753661,74.140215,0.38593,96.112347,108.054934,0.421667,369.943516,580.736254,0.578333,536.773958,763.302245,24.503074,79.507321,0.014964
Analog-minimos-cuadrados,2022-10-13 23:00:00,19.885054,37.136118,0.169386,46.574532,55.286527,0.91,298.57141,317.828293,0.965,471.528126,485.407411,14.150098,39.770109,0.015014
Analog-minimos-cuadrados,2022-10-14 23:00:00,30.709512,57.889603,0.211474,75.141034,86.345224,0.546667,130.053171,450.613251,0.678333,187.265345,656.235169,22.371495,61.419025,0.015475
Analog-minimos-cuadrados,2022-10-15 23:00:00,86.85415,169.924573,0.394386,184.819767,301.643595,0.275,114.243475,1600.90836,0.306667,160.719901,2982.370329,77.137606,173.7083,0.015125
Analog-minimos-cuadrados,2022-10-16 23:00:00,57.404611,106.82092,0.289018,131.578055,174.236516,0.735,618.267672,881.21166,0.851667,805.936477,1101.74121,40.958166,114.809223,0.017086
Analog-minimos-cuadrados,2022-10-17 23:00:00,41.608855,77.90701,0.296649,98.672118,118.725618,0.741667,475.470431,646.544937,0.835,676.30019,915.962851,28.628214,83.217709,0.014307
Analog-minimos-cuadrados,2022-10-18 23:00:00,25.701479,47.92725,0.261737,61.918085,71.652362,0.771667,306.813715,380.911475,0.871667,467.390063,552.143541,15.020666,51.402959,0.014559
Analog-minimos-cuadrados,2022-10-19 23:00:00,17.973666,33.494834,0.326842,46.350017,50.85768,0.461667,130.251827,238.478261,0.67,197.853842,297.52374,8.382535,35.947331,0.01615
Analog-minimos-cuadrados,2022-10-20 23:00:00,12.493329,23.311754,0.295053,31.633005,37.40592,0.625,101.967663,171.346447,0.761667,154.272426,226.990161,6.358512,24.986657,0.01572
Analog-minimos-cuadrados,2022-10-21 23:00:00,47.447901,89.733135,0.488947,110.002776,115.905275,0.031667,83.985092,764.868375,0.088333,122.994318,1157.813487,8.653217,94.895802,0.014627
Analog-minimos-cuadrados,2022-10-22 23:00:00,43.364562,81.476479,0.360526,113.063919,139.036544,0.35,153.99526,549.04597,0.67,224.734353,674.549837,18.737954,86.729124,0.016126
Analog-minimos-cuadrados,2022-10-23 23:00:00,14.35111,26.759605,0.219526,34.894579,41.801183,0.8,189.49106,221.527492,0.901667,284.562235,304.319004,9.917753,28.702221,0.014424
Analog-minimos-cuadrados,2022-10-24 23:00:00,49.703629,95.544315,0.352667,110.088454,139.291769,0.36,130.325149,864.053141,0.473333,191.474489,1484.182496,18.297999,99.407258,0.016237
Analog-minimos-cuadrados,2022-10-25 23:00:00,78.23727,146.741848,0.424596,202.010038,242.021496,0.375,259.954251,993.428348,0.558333,385.319461,1290.777943,44.334776,156.474541,0.014915
Analog-minimos-cuadrados,2022-10-26 23:00:00,62.291967,116.203326,0.406877,159.960242,169.619249,0.386667,329.841474,811.060292,0.641667,493.33479,960.644796,30.299389,124.583935,0.015213
Analog-minimos-cuadrados,2022-10-27 23:00:00,54.469173,101.406766,0.367018,140.074204,161.591278,0.485,252.174097,707.295721,0.688333,366.917077,838.306371,28.699769,108.938345,0.014868
Analog-minimos-cuadrados,2022-10-28 23:00:00,55.784361,104.732078,0.315614,139.868964,161.237416,0.293333,259.867816,760.574911,0.428333,362.788458,1039.743915,32.540695,111.568722,0.013256
Analog-minimos-cuadrados,2022-10-29 23:00:00,46.851582,87.398424,0.297684,120.708291,130.221557,0.403333,215.329559,612.226971,0.658333,319.507036,671.887877,13.715297,93.703165,0.016624
Analog-minimos-cuadrados,2022-10-30 23:00:00,21.469461,39.977125,0.247684,54.989969,62.322087,0.728333,221.224599,295.587498,0.836667,338.93848,406.011009,13.936203,42.938921,0.013739
Analog-minimos-cuadrados,2022-10-31 23:00:00,63.766828,122.646196,0.268263,144.179689,152.691285,0.398333,126.319831,1076.777378,0.533333,190.648309,1808.876303,78.706396,127.533655,0.016623
Analog-minimos-cuadrados,2022-11-01 23:00:00,53.5988,102.670236,0.362965,122.62132,139.407236,0.335,195.844886,874.078161,0.383333,286.607443,1457.324863,13.803353,107.1976,0.014689
Analog-minimos-cuadrados,2022-11-02 23:00:00,61.091268,113.828271,0.439825,166.109889,171.683675,0.343333,268.553201,698.352201,0.523333,382.341966,860.072147,17.390638,122.182536,0.015022
Analog-minimos-cuadrados,2022-11-03 23:00:00,27.550029,51.275695,0.231667,76.852509,92.683789,0.755,219.879947,309.747279,0.885,316.872978,365.057914,10.14779,55.100058,0.014339
Analog-minimos-cuadrados,2022-11-04 23:00:00,134.798614,256.789603,0.261895,298.255701,381.842924,0.24,155.7873,2358.559649,0.321667,224.933246,3954.95994,162.956909,269.597228,0.015221
Analog-minimos-cuadrados,2022-11-05 23:00:00,113.83687,212.691923,0.399807,284.514166,306.090618,0.233333,647.727476,1590.14325,0.443333,845.960091,1923.805019,42.749941,227.67374,0.015759
Analog-minimos-cuadrados,2022-11-06 23:00:00,39.347706,73.289234,0.241281,103.887801,116.761499,0.915,517.794238,540.06565,0.975,767.260401,773.696728,28.865507,78.695413,0.015193
Analog-minimos-cuadrados,2022-11-07 23:00:00,20.813689,38.736443,0.230754,55.160278,67.034351,0.588333,134.234325,255.054407,0.761667,195.310884,305.982061,7.961744,41.627378,0.013047
Analog-minimos-cuadrados,2022-11-08 23:00:00,53.733263,100.342107,0.374509,133.402326,143.012696,0.281667,152.843315,758.955821,0.493333,241.126991,901.555058,34.649903,107.466525,0.013705
Analog-minimos-cuadrados,2022-11-09 23:00:00,36.031832,67.216127,0.321754,98.806857,109.339238,0.74,255.670082,472.760613,0.816667,366.729295,642.870893,21.059441,72.063664,0.015095
Analog-minimos-cuadrados,2022-11-10 23:00:00,37.307031,69.533738,0.275123,100.67689,130.695115,0.586667,178.62667,424.825404,0.798333,263.53923,467.469275,13.680742,74.614063,0.014152
Analog-minimos-cuadrados,2022-11-11 23:00:00,39.300406,73.430354,0.306088,98.958678,108.366513,0.673333,259.379696,511.168275,0.78,366.261673,710.266122,25.527904,78.600812,0.016083
Analog-minimos-cuadrados,2022-11-12 23:00:00,27.378261,51.33526,0.197053,68.836845,90.281601,0.73,208.170496,381.582201,0.9,339.465354,551.623158,12.773031,54.756523,0.015558
Analog-minimos-cuadrados,2022-11-13 23:00:00,21.891366,40.786368,0.107965,57.732845,86.156714,0.835,201.852832,268.08135,0.935,295.473881,327.814122,7.827563,43.782733,0.016624
Analog-minimos-cuadrados,2022-11-14 23:00:00,15.795332,29.756737,0.159912,33.702629,46.331744,0.983333,216.730911,270.196757,0.99,299.013585,399.782863,14.059331,31.590665,0.016359
Analog-minimos-cuadrados,2022-11-15 23:00:00,76.973637,144.553433,0.462982,182.624706,186.980063,0.16,153.05818,1203.190985,0.276667,250.539723,1781.616689,75.722294,153.947274,0.015159
Analog-minimos-cuadrados,2022-11-16 23:00:00,21.271007,39.666874,0.242018,57.295265,64.689014,0.896667,230.893255,267.237242,0.953333,330.181364,358.330708,8.712991,42.542014,0.016517
Analog-minimos-cuadrados,2022-11-17 23:00:00,31.364702,58.6319,0.174526,80.975613,127.170879,0.775,149.575298,431.169397,0.871667,230.919396,587.455118,20.023265,62.729404,0.013854
Analog-minimos-cuadrados,2022-11-18 23:00:00,28.720635,53.744387,0.277175,69.504722,86.141147,0.711667,261.836777,426.092535,0.791667,357.374304,572.450753,15.327227,57.44127,0.015396
Analog-minimos-cuadrados,2022-11-19 23:00:00,35.481413,66.047257,0.246386,91.773965,128.010721,0.721667,264.70317,459.740191,0.895,427.272381,613.78267,17.36702,70.962826,0.013995
Analog-minimos-cuadrados,2022-11-20 23:00:00,36.454712,68.239012,0.33807,91.220431,109.049153,0.598333,272.937158,507.837613,0.716667,397.807415,710.871756,15.011252,72.909425,0.013666
Analog-minimos-cuadrados,2022-11-21 23:00:00,54.903493,103.312238,0.277211,134.730057,187.365114,0.558333,207.258403,811.130393,0.711667,328.153337,1154.068706,37.566304,109.806986,0.013303
Analog-minimos-cuadrados,2022-11-22 23:00:00,31.20736,58.214321,0.192877,77.063763,92.57657,0.82,330.739019,418.599104,0.915,428.702916,523.584227,15.559229,62.41472,0.01579
Analog-minimos-cuadrados,2022-11-23 23:00:00,93.542246,175.259632,0.285789,231.317596,331.557369,0.556667,309.480596,1334.350981,0.703333,477.890116,1581.764008,58.64651,187.084492,0.013353
Analog-minimos-cuadrados,2022-11-24 23:00:00,106.72078,198.978778,0.235807,300.58372,370.764895,0.67,569.791755,1098.160434,0.826667,768.685465,1279.257959,31.40423,213.44156,0.014784
Analog-minimos-cuadrados,2022-11-25 23:00:00,118.386678,220.619669,0.300632,316.881114,369.751634,0.521667,766.315277,1447.109921,0.726667,1073.078848,1706.650571,52.518388,236.773356,0.016704
Analog-minimos-cuadrados,2022-11-26 23:00:00,77.384712,144.155587,0.246175,197.480102,229.027603,0.796667,768.143575,1016.610683,0.905,1162.504107,1357.159329,44.668408,154.769424,0.016234
Analog-minimos-cuadrados,2022-11-27 23:00:00,44.176243,82.432155,0.140368,112.747297,158.475845,0.928333,562.588674,621.349392,0.988333,844.098709,871.380292,24.523985,88.352486,0.014736
Analog-minimos-cuadrados,2022-11-28 23:00:00,64.745191,120.619339,0.124561,191.318461,233.100101,0.806667,532.890443,646.658726,0.911667,762.294727,864.707699,22.474357,129.490382,0.013671
Analog-minimos-cuadrados,2022-11-29 23:00:00,109.193579,203.825231,0.41714,286.475248,313.029673,0.346667,620.237275,1360.923824,0.53,828.093271,1705.700803,44.566092,218.387159,0.015477
Analog-minimos-cuadrados,2022-11-30 23:00:00,30.615691,57.116363,0.231158,71.098257,86.522225,0.953333,476.437733,489.545196,0.981667,757.87634,770.487992,27.774742,61.231381,0.016221
Analog-minimos-cuadrados,2022-12-01 23:00:00,19.607289,36.751693,0.20714,50.762419,62.55228,0.745,177.078461,289.059472,0.805,259.544359,425.608091,9.535231,39.214578,0.014654
Analog-minimos-cuadrados,2022-12-02 23:00:00,30.482619,57.33998,0.201947,74.924087,91.582371,0.553333,140.573844,446.383361,0.66,202.617111,613.042768,9.44042,60.965239,0.0153
Analog-minimos-cuadrados,2022-12-03 23:00:00,77.573608,148.109723,0.463772,180.215259,205.209579,0.096667,153.63449,1251.437015,0.158333,234.62944,2074.838041,16.067836,155.147217,0.01612
Analog-minimos-cuadrados,2022-12-04 23:00:00,22.137802,41.291791,0.154772,52.210096,71.320065,0.921667,293.450348,339.686029,0.963333,433.963917,477.37284,15.011996,44.275604,0.015037
Analog-minimos-cuadrados,2022-12-05 23:00:00,61.525623,115.11982,0.341088,154.280234,190.59231,0.463333,192.498798,851.190664,0.598333,271.367834,1121.252505,35.133821,123.051246,0.015761
Analog-minimos-cuadrados,2022-12-06 23:00:00,86.515063,162.590092,0.480123,222.582775,229.624545,0.093333,331.332448,1143.563053,0.255,454.55982,1513.936536,24.453813,173.030125,0.016587
Analog-minimos-cuadrados,2022-12-07 23:00:00,17.636879,32.888503,0.189386,36.552904,44.180735,0.983333,308.174511,310.209487,1.0,449.478653,449.478653,13.530095,35.273759,0.014765
Analog-minimos-cuadrados,2022-12-08 23:00:00,57.976205,111.159374,0.422211,129.40869,139.221246,0.285,97.479686,1003.39062,0.403333,146.424929,1716.6345,62.172179,115.952411,0.012745
Analog-minimos-cuadrados,2022-12-09 23:00:00,37.496126,70.100538,0.338877,95.080158,112.151213,0.42,189.877912,527.281219,0.561667,271.533665,694.562771,24.027044,74.992253,0.015334
Analog-minimos-cuadrados,2022-12-10 23:00:00,31.734926,59.624041,0.181456,81.768857,99.885986,0.61,182.6008,414.547895,0.716667,251.69876,573.816681,10.515221,63.469852,0.013728
Analog-minimos-cuadrados,2022-12-11 23:00:00,39.304495,73.914594,0.307368,97.706778,115.442614,0.575,235.673475,538.094329,0.691667,344.391058,798.968889,15.773525,78.608991,0.01531
Analog-minimos-cuadrados,2022-12-12 23:00:00,52.850061,98.764307,0.320912,140.730244,162.780409,0.49,254.676616,667.284704,0.68,362.653537,852.451695,23.174157,105.700121,0.013725
Analog-minimos-cuadrados,2022-12-13 23:00:00,44.821956,83.507978,0.277298,128.945111,158.8141,0.78,330.527737,473.737492,0.913333,447.906592,563.617728,13.181745,89.643912,0.014012
Analog-minimos-cuadrados,2022-12-14 23:00:00,91.759162,174.507944,0.375158,225.996918,241.83896,0.495,349.699073,1341.323483,0.646667,475.620082,2082.838504,83.898884,183.518324,0.013783
Analog-minimos-cuadrados,2022-12-15 23:00:00,93.064043,174.017548,0.293368,242.39736,280.978324,0.408333,375.114174,1182.331487,0.615,531.895765,1528.171596,55.49602,186.128085,0.015929
Analog-minimos-cuadrados,2022-12-16 23:00:00,52.249178,97.588468,0.165579,129.992682,158.807756,0.708333,422.880147,725.064203,0.815,548.840546,979.969998,21.458479,104.498357,0.015326
Analog-minimos-cuadrados,2022-12-17 23:00:00,103.748191,193.924384,0.416877,255.76288,266.029021,0.288333,497.372037,1529.683622,0.406667,761.71524,2155.106143,37.159215,207.496381,0.014859
Analog-minimos-cuadrados,2022-12-18 23:00:00,41.554749,77.481765,0.164193,111.630252,147.258902,0.936667,478.441081,529.487566,0.988333,710.244104,731.338884,16.196983,83.109498,0.015396
Analog-minimos-cuadrados,2022-12-19 23:00:00,37.638821,70.010437,0.331404,103.808497,113.439162,0.813333,382.734467,446.140798,0.921667,501.586587,542.44978,20.787522,75.277642,0.014865
Analog-minimos-cuadrados,2022-12-20 23:00:00,23.897645,44.712664,0.223807,51.566115,61.341785,0.831667,327.638706,415.675551,0.903333,512.187031,606.047073,19.623195,47.795291,0.015441
Analog-minimos-cuadrados,2022-12-21 23:00:00,56.50564,106.67369,0.198053,135.142094,165.5077,0.381667,153.677492,860.91777,0.495,220.720032,1275.975108,40.636706,113.011281,0.014256
Analog-minimos-cuadrados,2022-12-22 23:00:00,42.767374,80.056567,0.291018,99.337137,108.236279,0.708333,334.400569,662.005499,0.791667,439.87495,898.560329,33.161679,85.534748,0.016892
Analog-minimos-cuadrados,2022-12-23 23:00:00,48.355605,89.992117,0.26986,124.360002,151.62392,0.553333,346.116261,589.861053,0.79,506.55538,680.320418,21.69306,96.711209,0.015969
Analog-minimos-cuadrados,2022-12-24 23:00:00,60.767707,113.951598,0.301158,155.565562,205.575339,0.605,315.091393,819.1475,0.755,454.831732,1043.08565,19.167669,121.535414,0.014354
Analog-minimos-cuadrados,2022-12-25 23:00:00,19.784803,36.885995,0.155509,44.232799,54.22182,0.946667,329.854281,338.099012,0.985,487.503059,490.853371,18.032123,39.569607,0.016636
Analog-minimos-cuadrados,2022-12-26 23:00:00,15.568702,29.062876,0.146474,30.132552,39.855743,0.968333,271.892581,281.970105,0.988333,401.775316,408.43423,12.502381,31.137404,0.014723
Analog-minimos-cuadrados,2022-12-27 23:00:00,36.668844,69.141945,0.173,84.46408,115.924805,0.706667,219.273328,597.427009,0.756667,317.217701,901.281941,13.927198,73.337688,0.012957
Analog-minimos-cuadrados,2022-12-28 23:00:00,116.88437,222.639781,0.496228,273.169972,277.74641,0.001667,220.59115,1839.727132,0.07,315.246877,2882.658524,21.938556,233.768741,0.016073
Analog-minimos-cuadrados,2022-12-29 23:00:00,38.369815,71.412743,0.275702,110.103388,118.376714,0.838333,352.165718,426.897845,0.928333,485.999858,526.384422,16.696054,76.73963,0.015532
Analog-minimos-cuadrados,2022-12-30 23:00:00,43.209363,81.213436,0.406754,111.171685,124.824864,0.441667,208.393629,576.530225,0.6,288.05335,823.000493,14.563477,86.418727,0.01606
Analog-minimos-cuadrados,2022-12-31 23:00:00,85.374982,163.672779,0.43107,192.636768,221.052711,0.271667,178.707742,1458.929379,0.36,259.566231,2450.512035,16.683959,170.749965,0.014919
Analog-minimos-cuadrados,2023-01-01 23:00:00,30.556459,56.970472,0.217123,81.375073,91.905258,0.868333,383.610016,433.443374,0.931667,573.892278,614.444485,17.865292,61.112918,0.016196
Analog-minimos-cuadrados,2023-01-02 23:00:00,35.208641,65.532843,0.204368,94.443345,131.937882,0.865,327.797989,407.337389,0.958333,474.336186,510.942041,12.888999,70.417281,0.015441
Analog-minimos-cuadrados,2023-01-03 23:00:00,21.183717,39.55152,0.135456,47.691682,57.898192,0.921667,310.557058,337.697749,0.946667,433.681058,466.949957,15.74863,42.367434,0.016243
Analog-minimos-cuadrados,2023-01-04 23:00:00,56.911052,108.946389,0.352491,139.593326,147.179772,0.606667,246.363576,878.842109,0.723333,343.576312,1447.802878,59.264446,113.822104,0.015267
Analog-minimos-cuadrados,2023-01-05 23:00:00,20.012997,37.490978,0.170333,47.286302,60.825343,0.955,253.877327,310.604039,0.98,351.593743,440.656327,14.064148,40.025995,0.016
Analog-minimos-cuadrados,2023-01-06 23:00:00,17.733996,33.042172,0.295947,46.876832,53.574931,0.79,182.353928,219.776674,0.913333,281.835088,304.564641,11.621633,35.467992,0.014328
Analog-minimos-cuadrados,2023-01-07 23:00:00,23.632728,44.211004,0.192228,62.000341,80.688911,0.658333,142.955152,304.193569,0.763333,206.542108,389.292179,8.116938,47.265456,0.014645
Analog-minimos-cuadrados,2023-01-08 23:00:00,15.390066,28.700363,0.175596,38.831158,49.33983,0.903333,184.056014,212.045801,0.951667,268.480162,291.010902,7.77172,30.780133,0.014993
Analog-minimos-cuadrados,2023-01-09 23:00:00,114.499321,217.158834,0.348421,257.459362,356.023057,0.403333,160.46962,1948.844952,0.51,229.051843,3074.762738,136.836854,228.998642,0.013352
Analog-minimos-cuadrados,2023-01-10 23:00:00,66.839654,124.496664,0.232439,180.573246,208.66075,0.58,546.458817,817.30375,0.746667,706.014559,980.16437,27.342429,133.679307,0.014984
Analog-minimos-cuadrados,2023-01-11 23:00:00,50.343174,93.810516,0.23793,123.565143,148.900837,0.92,725.122992,770.747498,0.955,1078.103467,1122.934474,43.996336,100.686348,0.014797
Analog-minimos-cuadrados,2023-01-12 23:00:00,29.125004,54.416625,0.243596,63.865233,79.500223,0.896667,444.366424,494.974712,0.958333,690.69428,724.898197,23.963419,58.250008,0.014109
Analog-minimos-cuadrados,2023-01-13 23:00:00,20.292243,37.826704,0.110544,50.740107,59.48485,0.823333,225.84857,293.544404,0.908333,318.459578,387.736178,10.473531,40.584485,0.015701
Analog-minimos-cuadrados,2023-01-14 23:00:00,65.470339,125.012895,0.285912,151.172495,201.816338,0.475,143.315414,1059.986655,0.555,207.267494,1778.726755,11.956609,130.940678,0.015741
Analog-minimos-cuadrados,2023-01-15 23:00:00,79.148926,147.465059,0.275316,213.025136,271.83775,0.613333,361.58976,906.370708,0.795,551.939173,1036.122795,30.632615,158.297851,0.01623
Analog-minimos-cuadrados,2023-01-16 23:00:00,51.580538,96.145235,0.25007,135.719254,158.761178,0.828333,615.032735,711.034132,0.868333,818.266721,929.625924,31.202934,103.161075,0.014705
Analog-minimos-cuadrados,2023-01-17 23:00:00,35.271201,65.799151,0.157088,87.347314,131.922074,0.936667,505.621814,534.161658,0.961667,740.798485,776.456758,19.893263,70.542402,0.01508
Analog-minimos-cuadrados,2023-01-18 23:00:00,77.373627,144.988547,0.249754,201.531047,276.165964,0.645,404.893484,952.304199,0.753333,595.631015,1386.697208,50.763293,154.747255,0.014842
Analog-minimos-cuadrados,2023-01-19 23:00:00,92.790568,172.705386,0.162789,264.467388,332.061992,0.753333,608.317123,893.932458,0.915,884.296466,1074.498146,28.647146,185.581137,0.015584
Analog-minimos-cuadrados,2023-01-20 23:00:00,106.531094,198.082522,0.352684,290.072034,313.371664,0.508333,797.106015,1193.658293,0.726667,1092.68501,1363.160144,50.483574,213.062187,0.015851
Analog-minimos-cuadrados,2023-01-21 23:00:00,72.459167,135.126912,0.207596,203.449662,258.288224,0.815,687.123469,858.055654,0.936667,1061.976677,1213.666163,40.302344,144.918333,0.01393
Analog-minimos-cuadrados,2023-01-22 23:00:00,44.252131,82.499228,0.246298,109.18694,138.525422,0.903333,611.8854,639.90564,0.948333,895.117262,916.538778,32.982744,88.504262,0.013826
Analog-minimos-cuadrados,2023-01-23 23:00:00,128.904842,240.660123,0.351263,331.141079,427.596375,0.501667,396.1507,1638.61444,0.715,628.057795,2022.410281,75.217328,257.809683,0.015517
Analog-minimos-cuadrados,2023-01-24 23:00:00,78.633564,147.323635,0.279105,187.755509,207.098496,0.791667,757.582559,1200.627551,0.811667,950.461295,1660.417116,67.759475,157.267128,0.014937
Analog-minimos-cuadrados,2023-01-25 23:00:00,34.458315,64.382966,0.232158,80.557796,95.55179,0.973333,580.412294,583.126964,0.996667,925.543903,926.200033,31.06512,68.916631,0.015018
Analog-minimos-cuadrados,2023-01-26 23:00:00,21.51182,40.056789,0.319649,58.593537,64.859613,0.741667,207.078386,262.507063,0.903333,306.810119,344.31918,10.968271,43.023639,0.015707
Analog-minimos-cuadrados,2023-01-27 23:00:00,33.400657,62.794221,0.470211,81.172415,85.105701,0.118333,91.537051,484.956509,0.205,131.669057,675.95218,7.502928,66.801315,0.015693
Analog-minimos-cuadrados,2023-01-28 23:00:00,16.174312,30.094025,0.273719,45.154718,55.645555,0.753333,116.926366,169.857334,0.888333,164.467758,189.997087,6.185159,32.348625,0.014284
Analog-minimos-cuadrados,2023-01-29 23:00:00,94.024872,178.234021,0.385404,212.207214,265.403434,0.223333,111.330617,1590.518681,0.356667,170.607895,2462.097426,101.184574,188.049744,0.014838
Analog-minimos-cuadrados,2023-01-30 23:00:00,47.206248,87.79243,0.099632,132.868806,165.314253,0.763333,388.978963,515.77054,0.901667,508.080476,623.140698,17.63289,94.412497,0.013952
Analog-minimos-cuadrados,2023-01-31 23:00:00,70.48454,131.441622,0.243667,190.103397,252.668235,0.67,452.193424,826.386075,0.776667,615.155824,1014.432147,30.490157,140.969079,0.01528
Analog-minimos-cuadrados,2023-02-01 23:00:00,81.20235,150.841972,0.358632,227.018554,239.520912,0.528333,596.490423,831.267144,0.818333,788.660952,902.28546,35.187286,162.404699,0.013685
Analog-minimos-cuadrados,2023-02-02 23:00:00,23.616296,44.089886,0.178368,52.507318,61.651126,0.976667,457.982241,460.884451,0.991667,700.26028,701.485345,20.373255,47.232591,0.013142
Analog-minimos-cuadrados,2023-02-03 23:00:00,30.755562,57.701434,0.371158,79.530084,93.154839,0.566667,217.338394,406.084617,0.726667,305.548236,551.486728,14.004415,61.511124,0.015242
Analog-minimos-cuadrados,2023-02-04 23:00:00,29.123341,54.308762,0.371807,75.672324,84.524861,0.528333,183.553114,350.717075,0.791667,271.364378,380.132893,10.788113,58.246682,0.01591
Analog-minimos-cuadrados,2023-02-05 23:00:00,20.626667,38.392931,0.344123,55.619876,62.989182,0.596667,159.739973,220.439592,0.913333,232.193761,262.748463,9.460551,41.253333,0.01439
Analog-minimos-cuadrados,2023-02-06 23:00:00,43.96382,82.289008,0.205333,108.568909,163.908114,0.571667,128.386389,634.710418,0.773333,196.92429,839.124678,31.533924,87.927639,0.014375
Analog-minimos-cuadrados,2023-02-07 23:00:00,78.314577,146.852909,0.216035,202.098288,305.770339,0.698333,334.095688,1041.728538,0.755,430.020252,1413.877678,53.356729,156.629154,0.015149
Analog-minimos-cuadrados,2023-02-08 23:00:00,50.977216,94.90404,0.262246,123.748029,147.510127,0.815,632.783472,750.309278,0.883333,869.421528,988.463822,37.636538,101.954433,0.01389
Analog-minimos-cuadrados,2023-02-09 23:00:00,21.968671,41.104243,0.196947,38.671181,45.848043,0.993333,447.213108,447.827302,1.0,697.013109,697.013109,21.01288,43.937341,0.015554
Analog-minimos-cuadrados,2023-02-10 23:00:00,14.998026,27.959717,0.180404,36.74671,43.403293,0.941667,219.480151,226.776757,0.988333,317.596699,321.009785,11.356127,29.996051,0.014997
Analog-minimos-cuadrados,2023-02-11 23:00:00,17.969215,33.466251,0.304579,48.681172,58.902872,0.748333,129.963047,193.838206,0.911667,205.067965,241.604604,8.180742,35.938429,0.015908
Analog-minimos-cuadrados,2023-02-12 23:00:00,10.326702,19.277903,0.119509,26.157322,32.973101,0.911667,138.594698,151.707553,0.963333,208.983871,219.804678,7.189113,20.653405,0.015931
Analog-minimos-cuadrados,2023-02-13 23:00:00,30.222204,56.392217,0.226526,81.62126,112.15463,0.566667,131.794729,362.406475,0.765,181.565835,421.917543,14.511363,60.444408,0.014157
Analog-minimos-cuadrados,2023-02-14 23:00:00,43.266599,80.629071,0.187386,115.665914,147.441258,0.66,198.762073,516.926797,0.811667,270.944807,564.11769,18.574783,86.533197,0.016151
Analog-minimos-cuadrados,2023-02-15 23:00:00,70.011772,131.147958,0.139298,181.723505,280.431789,0.705,330.934317,904.295659,0.801667,425.898298,1186.296506,46.666147,140.023544,0.014612
Analog-minimos-cuadrados,2023-02-16 23:00:00,45.464641,84.595687,0.246825,115.659679,127.505266,0.97,613.22768,618.410506,0.986667,819.865286,822.237732,31.556971,90.929282,0.015314
Analog-minimos-cuadrados,2023-02-17 23:00:00,31.125244,58.07456,0.118105,72.35451,94.984121,0.91,479.192871,532.398291,0.95,708.616734,763.234526,23.53462,62.250488,0.014249
Analog-minimos-cuadrados,2023-02-18 23:00:00,49.5516,92.15859,0.355965,128.923466,146.706978,0.546667,295.817546,559.757225,0.838333,438.129203,573.904254,18.195817,99.103201,0.015372
Analog-minimos-cuadrados,2023-02-19 23:00:00,55.062837,102.516805,0.132702,140.465855,235.483235,0.855,349.448417,657.211407,0.93,523.398095,792.440642,24.934427,110.125674,0.016291
Analog-minimos-cuadrados,2023-02-20 23:00:00,37.079004,69.028208,0.18914,78.336707,90.08943,0.935,583.602082,597.55142,0.978333,769.107116,778.723414,29.976183,74.158008,0.01623
Analog-minimos-cuadrados,2023-02-21 23:00:00,46.771043,87.471525,0.146404,111.16113,235.145694,0.875,454.781762,694.790439,0.933333,687.261941,975.403882,31.507938,93.542086,0.0142
Analog-minimos-cuadrados,2023-02-22 23:00:00,148.931618,278.969278,0.291105,375.87837,459.725229,0.465,420.272843,2021.108076,0.598333,618.450267,2546.387994,94.332909,297.863236,0.014379
Analog-minimos-cuadrados,2023-02-23 23:00:00,106.226776,197.599806,0.309228,289.060583,332.010092,0.531667,784.651632,1295.381009,0.728333,1035.488213,1427.928212,46.438243,212.453553,0.015746
Analog-minimos-cuadrados,2023-02-24 23:00:00,60.857317,113.312791,0.249404,151.209432,167.76122,0.933333,827.08229,849.287927,0.985,1207.513847,1215.27635,45.45315,121.714633,0.01556
Analog-minimos-cuadrados,2023-02-25 23:00:00,48.756843,90.776782,0.152702,127.716514,206.606763,0.843333,430.240735,632.680798,0.918333,663.174848,800.344541,22.165892,97.513686,0.015021
Analog-minimos-cuadrados,2023-02-26 23:00:00,83.829223,156.227586,0.208807,228.975039,378.187327,0.813333,493.049283,1029.432193,0.905,735.364922,1271.934351,40.507696,167.658445,0.013716
Analog-minimos-cuadrados,2023-02-27 23:00:00,76.911871,143.876069,0.119368,210.871422,326.037324,0.951667,721.594472,995.442565,0.98,1007.554772,1357.306647,45.980962,153.823742,0.014828
Analog-minimos-cuadrados,2023-02-28 23:00:00,72.93745,135.801446,0.186561,179.505954,221.603647,0.946667,1003.645913,1059.066378,0.966667,1361.96885,1413.057012,48.45757,145.874899,0.014318
Analog-minimos-cuadrados,2023-03-01 23:00:00,45.002924,83.981627,0.148228,91.276484,122.796904,0.995,829.80431,831.542219,0.996667,1236.842026,1237.613215,41.700868,90.005848,0.015727
Analog-minimos-cuadrados,2023-03-02 23:00:00,54.674988,101.820955,0.126491,155.825798,225.265888,0.948333,600.466795,644.588279,0.988333,846.345881,856.377422,21.42971,109.349976,0.016143
Analog-minimos-cuadrados,2023-03-03 23:00:00,48.225654,89.78255,0.231211,127.300657,153.252432,0.958333,633.990206,657.625691,0.988333,865.800203,873.458022,32.564113,96.451309,0.015782
Analog-minimos-cuadrados,2023-03-04 23:00:00,44.182955,82.262186,0.212772,118.140767,142.110822,0.875,483.683248,547.96267,0.955,695.130938,733.411463,24.701148,88.365911,0.015338
Analog-minimos-cuadrados,2023-03-05 23:00:00,134.823322,254.388692,0.270842,328.6518,587.874565,0.715,447.166906,1959.555822,0.845,700.554496,2533.004189,97.819826,269.646643,0.014687
Analog-minimos-cuadrados,2023-03-06 23:00:00,184.091557,343.73725,0.175421,495.89375,631.509794,0.668333,1007.706741,2112.839066,0.826667,1421.923414,2616.23515,93.509059,368.183114,0.016965
Analog-minimos-cuadrados,2023-03-07 23:00:00,124.631702,231.910257,0.253754,315.517985,402.202305,0.658333,1203.548282,1645.373352,0.808333,1593.175621,1997.518893,65.228403,249.263405,0.017552
Analog-minimos-cuadrados,2023-03-08 23:00:00,150.99719,280.836155,0.146421,415.787435,536.258943,0.711667,847.970508,1440.047992,0.911667,1301.064131,1664.598133,40.05641,301.994379,0.014244
Analog-minimos-cuadrados,2023-03-09 23:00:00,101.913192,189.568764,0.273596,250.738558,282.970367,0.651667,1039.0451,1388.63493,0.765,1408.77574,1712.837177,59.145404,203.826383,0.013111
Analog-minimos-cuadrados,2023-03-10 23:00:00,108.042325,201.055858,0.348596,295.522444,325.36739,0.678333,960.36762,1255.311318,0.876667,1452.109389,1638.183488,58.429155,216.084651,0.016123
Analog-minimos-cuadrados,2023-03-11 23:00:00,52.254232,97.360493,0.146158,131.13054,181.492899,0.883333,588.354711,764.588241,0.911667,892.135799,1064.068076,26.415354,104.508464,0.015391
Analog-minimos-cuadrados,2023-03-12 23:00:00,48.854031,91.218826,0.15814,127.123299,231.063684,0.831667,440.517148,657.489431,0.938333,666.93206,889.621074,31.318482,97.708062,0.0141
Analog-minimos-cuadrados,2023-03-13 23:00:00,46.493911,86.657616,0.129667,120.639661,198.663269,0.913333,512.743392,626.049692,0.951667,761.725571,820.481711,25.386787,92.987821,0.014194
Analog-minimos-cuadrados,2023-03-14 23:00:00,49.424545,92.417432,0.181053,128.830706,176.461154,0.798333,476.128005,669.904587,0.875,696.694479,926.978825,30.519443,98.849091,0.015997
Analog-minimos-cuadrados,2023-03-15 23:00:00,79.420519,147.700325,0.127333,217.041094,307.761569,0.648333,419.157248,913.797822,0.801667,581.614934,1035.372276,32.699871,158.841038,0.015146
Analog-minimos-cuadrados,2023-03-16 23:00:00,69.247209,128.82523,0.241579,203.259489,245.741671,0.8,705.942404,773.446021,0.95,963.62764,980.679302,35.067247,138.494419,0.015617
Analog-minimos-cuadrados,2023-03-17 23:00:00,58.999237,109.9376,0.144123,147.784681,224.437853,0.915,769.655239,843.490327,0.973333,1099.768511,1154.665065,40.436973,117.998475,0.01432
Analog-minimos-cuadrados,2023-03-18 23:00:00,38.6766,72.056761,0.218333,93.655899,118.56399,0.933333,579.242689,632.003251,0.961667,823.662779,861.140268,27.740992,77.353199,0.014602
Analog-minimos-cuadrados,2023-03-19 23:00:00,21.384115,39.913507,0.187895,48.573781,57.698195,0.926667,346.340146,356.566919,0.971667,514.645287,519.685288,18.015452,42.768229,0.017105
Analog-minimos-cuadrados,2023-03-20 23:00:00,22.696749,42.279845,0.136649,60.893251,88.933801,0.885,217.528609,264.109236,0.956667,323.182262,358.446403,9.51508,45.393497,0.015542
Analog-minimos-cuadrados,2023-03-21 23:00:00,22.268885,41.414886,0.299228,59.362797,73.390034,0.673333,204.860636,271.996257,0.861667,278.26492,319.745707,11.5773,44.53777,0.016218
Analog-minimos-cuadrados,2023-03-22 23:00:00,122.860211,236.446165,0.128281,266.731002,459.379174,0.566667,154.58625,2210.131878,0.63,239.947409,3800.380624,172.559957,245.720422,0.013622
Analog-minimos-cuadrados,2023-03-23 23:00:00,138.18552,257.428298,0.233018,405.002408,491.186627,0.733333,830.454462,1265.835963,0.876667,1081.337917,1478.816121,41.618649,276.371039,0.016028
Analog-minimos-cuadrados,2023-03-24 23:00:00,136.316339,254.046775,0.201684,361.579542,429.021499,0.57,943.750157,1676.970635,0.678333,1239.806365,2078.713312,59.754081,272.632677,0.013715
Analog-minimos-cuadrados,2023-03-25 23:00:00,92.10332,171.573094,0.290737,253.767499,277.678706,0.888333,1130.81177,1204.176542,0.956667,1657.772845,1710.776724,61.993167,184.20664,0.015759
Analog-minimos-cuadrados,2023-03-26 23:00:00,213.279707,399.198478,0.311737,551.802217,700.457501,0.513333,781.772006,2774.490728,0.621667,1115.144348,3663.236975,131.841834,426.559413,0.014256
Analog-minimos-cuadrados,2023-03-27 23:00:00,122.046305,227.412809,0.075684,315.604258,407.676984,0.808333,1112.808304,1561.84363,0.878333,1502.552244,2015.815592,67.443578,244.092611,0.017756
Analog-minimos-cuadrados,2023-03-28 23:00:00,116.72093,217.219995,0.357123,310.192374,324.159338,0.506667,823.793442,1431.824467,0.796667,1255.376154,1561.74631,49.006353,233.441859,0.014886
Analog-minimos-cuadrados,2023-03-29 23:00:00,98.597629,184.659226,0.135579,243.858635,387.872981,0.758333,646.904652,1476.366326,0.85,923.664231,1993.930923,71.454507,197.195258,0.016395
Analog-minimos-cuadrados,2023-03-30 23:00:00,131.374316,245.786339,0.175088,355.942916,506.425283,0.75,839.37526,1527.311782,0.843333,1116.078288,2034.881553,71.546093,262.748632,0.017141
Analog-minimos-cuadrados,2023-03-31 23:00:00,81.718775,152.113783,0.168491,217.758684,273.726571,0.921667,1012.470839,1043.926632,0.99,1336.009077,1341.577925,51.483834,163.43755,0.015934
Analog-minimos-cuadrados,2023-04-01 23:00:00,85.339201,158.847907,0.309404,236.948812,270.245575,0.636667,643.020882,996.148653,0.848333,991.197041,1181.974745,38.878504,170.678401,0.014766
Analog-minimos-cuadrados,2023-04-02 23:00:00,159.177991,296.948186,0.259667,405.636124,505.433553,0.526667,583.651522,2093.490646,0.696667,888.942098,2471.448297,87.913543,318.355983,0.015311
Analog-minimos-cuadrados,2023-04-03 23:00:00,89.564751,166.641374,0.183421,236.904814,274.999203,0.695,878.373021,1104.884233,0.9,1209.009715,1359.343442,47.983436,179.129503,0.015493
Analog-minimos-cuadrados,2023-04-04 23:00:00,166.991868,311.169003,0.298509,471.101511,589.643046,0.691667,977.011345,1844.175866,0.825,1401.939326,2225.581442,66.496876,333.983735,0.01571
Analog-minimos-cuadrados,2023-04-05 23:00:00,161.607922,301.074273,0.373965,417.945376,452.768541,0.398333,1164.710691,2092.59894,0.57,1551.429703,2478.295552,72.286463,323.215843,0.017601
Analog-minimos-cuadrados,2023-04-06 23:00:00,94.217349,175.344293,0.283947,255.691641,292.634487,0.778333,965.025197,1210.035725,0.903333,1417.480126,1560.972817,52.06951,188.434698,0.014616
Analog-minimos-cuadrados,2023-04-07 23:00:00,45.468645,84.571276,0.309211,122.588995,136.755789,0.753333,509.533827,577.493164,0.94,697.862819,717.305416,27.747107,90.93729,0.014575
Analog-minimos-cuadrados,2023-04-08 23:00:00,22.842428,42.571819,0.167667,57.190612,69.421357,0.818333,235.725977,296.575998,0.89,336.29528,398.199936,12.379424,45.684856,0.015201
Analog-minimos-cuadrados,2023-04-09 23:00:00,61.918242,116.806188,0.314772,148.767715,226.574971,0.581667,199.977122,942.131658,0.691667,288.558418,1322.299362,52.787905,123.836483,0.016714
Analog-minimos-cuadrados,2023-04-10 23:00:00,40.455343,75.20404,0.330158,106.274559,119.261834,0.733333,458.903821,514.00811,0.906667,619.540821,651.747685,26.38763,80.910685,0.015249
Analog-minimos-cuadrados,2023-04-11 23:00:00,41.528379,77.333754,0.300298,111.248114,140.071917,0.725,313.873698,458.574351,0.905,475.066046,552.62949,12.574123,83.056758,0.013202
Analog-minimos-cuadrados,2023-04-12 23:00:00,107.484143,203.130291,0.279649,263.766561,319.621939,0.395,274.094526,1586.887888,0.475,370.585293,2354.833954,86.31094,214.968286,0.016789
Analog-minimos-cuadrados,2023-04-13 23:00:00,181.669487,342.604919,0.201298,434.927101,551.132247,0.395,509.939122,2787.37533,0.463333,686.778413,4168.64095,171.956633,363.338974,0.015733
Analog-minimos-cuadrados,2023-04-14 23:00:00,60.672222,113.041929,0.204596,125.548451,151.047755,0.916667,961.549767,1002.880824,0.958333,1265.59795,1292.243043,47.710227,121.344443,0.015608
Analog-minimos-cuadrados,2023-04-15 23:00:00,89.062,165.785184,0.218754,242.147881,293.619675,0.678333,699.765,988.326225,0.955,1068.402506,1145.412094,41.951469,178.124,0.015369
Analog-minimos-cuadrados,2023-04-16 23:00:00,71.726547,133.658648,0.289053,195.027628,221.732942,0.82,779.879726,923.882174,0.941667,1131.515034,1251.259428,44.276447,143.453093,0.015449
Analog-minimos-cuadrados,2023-04-17 23:00:00,108.14285,202.035689,0.176509,276.587315,353.531211,0.35,390.617728,1425.75117,0.526667,550.939844,1703.989925,52.372188,216.2857,0.015888
Analog-minimos-cuadrados,2023-04-18 23:00:00,76.795835,142.759029,0.124596,225.180619,285.441771,0.868333,726.407409,833.118617,0.963333,937.076005,997.023669,27.914205,153.59167,0.015947
Analog-minimos-cuadrados,2023-04-19 23:00:00,112.765547,211.443253,0.091123,292.817646,399.911762,0.738333,789.591765,1457.43692,0.838333,1050.820346,1977.627879,76.844275,225.531093,0.015286
Analog-minimos-cuadrados,2023-04-20 23:00:00,226.249986,425.315483,0.255895,550.274183,682.364105,0.468333,631.336503,3365.99308,0.548333,897.095788,4775.132428,195.847746,452.499971,0.014372
Analog-minimos-cuadrados,2023-04-21 23:00:00,136.041786,253.7624,0.110228,359.733143,428.491468,0.653333,1014.578,1710.107227,0.761667,1393.124019,2172.293611,70.985219,272.083573,0.01461
Analog-minimos-cuadrados,2023-04-22 23:00:00,127.833717,238.368629,0.179877,330.909513,377.660833,0.685,925.634745,1616.718465,0.848333,1343.091761,1826.196496,49.553322,255.667435,0.015339
Analog-minimos-cuadrados,2023-04-23 23:00:00,167.605891,312.932553,0.15614,459.09374,535.977575,0.641667,1077.426924,1889.734064,0.816667,1522.143918,2265.494809,45.192602,335.211781,0.014311
Analog-minimos-cuadrados,2023-04-24 23:00:00,125.067835,233.304055,0.140737,324.740234,392.009338,0.725,1111.891977,1693.559338,0.781667,1519.49137,2228.674237,56.623746,250.135669,0.014126
Analog-minimos-cuadrados,2023-04-25 23:00:00,112.046763,208.563248,0.206772,272.005074,314.731762,0.805,1301.655449,1660.531853,0.901667,1790.350921,2072.701445,70.593578,224.093526,0.012674
Analog-minimos-cuadrados,2023-04-26 23:00:00,108.489338,201.688244,0.347912,293.608576,321.158757,0.581667,821.350938,1260.92964,0.846667,1189.272062,1384.208538,48.83552,216.978676,0.014237
Analog-minimos-cuadrados,2023-04-27 23:00:00,51.636621,96.142559,0.10214,125.526393,160.232477,0.968333,670.771714,770.145396,0.995,1061.948017,1068.566166,34.690357,103.273242,0.014027
Analog-minimos-cuadrados,2023-04-28 23:00:00,65.46263,122.406277,0.126,169.431429,212.594939,0.62,444.964936,836.75659,0.753333,629.975819,1095.828438,37.158832,130.925259,0.015724
Analog-minimos-cuadrados,2023-04-29 23:00:00,126.656971,237.549476,0.462105,314.272729,331.111685,0.146667,561.212455,1817.560554,0.271667,855.703607,2567.160795,44.4108,253.313941,0.013466
Analog-minimos-cuadrados,2023-04-30 23:00:00,27.58884,51.500369,0.124404,57.066805,84.072384,0.968333,494.455292,502.231601,0.993333,724.398441,725.48572,22.808246,55.177681,0.016029
Analog-minimos-cuadrados,2023-05-01 23:00:00,17.620964,32.896899,0.225456,47.872794,60.893149,0.94,206.136915,233.512217,0.983333,292.208711,330.322476,9.805873,35.241927,0.013178
Analog-minimos-cuadrados,2023-05-02 23:00:00,201.55148,383.83127,0.483509,448.272823,641.19873,0.06,188.531263,3506.945424,0.131667,278.854873,5677.080071,256.966379,403.102959,0.015834
Analog-minimos-cuadrados,2023-05-03 23:00:00,58.519718,109.223457,0.14993,118.647475,161.184656,0.943333,909.904532,1016.317264,0.951667,1235.68101,1381.496838,48.50591,117.039436,0.014931
Analog-minimos-cuadrados,2023-05-04 23:00:00,62.025925,115.949629,0.119491,147.07889,222.320464,0.875,704.012517,947.527608,0.926667,1032.346737,1310.662046,39.138605,124.051849,0.014667
Analog-minimos-cuadrados,2023-05-05 23:00:00,65.091682,121.827244,0.331298,157.992371,193.395001,0.471667,431.97377,967.002485,0.578333,613.997643,1334.528938,27.28239,130.183364,0.014614
Analog-minimos-cuadrados,2023-05-06 23:00:00,78.994054,147.878001,0.285579,194.085441,218.478875,0.395,430.294475,1178.435116,0.518333,660.569538,1631.784642,34.52215,157.988109,0.017069
Analog-minimos-cuadrados,2023-05-07 23:00:00,166.217138,312.721872,0.242404,404.854628,544.309618,0.453333,426.854897,2430.680941,0.595,611.323331,3358.794043,138.471384,332.434276,0.014935
Analog-minimos-cuadrados,2023-05-08 23:00:00,164.976945,307.484557,0.459965,429.695865,477.580877,0.146667,875.664076,2144.470999,0.328333,1192.783513,2622.817251,62.669642,329.953891,0.014033
Analog-minimos-cuadrados,2023-05-09 23:00:00,69.963243,130.355919,0.209211,183.987066,229.110714,0.875,823.97983,960.351363,0.94,1184.263044,1273.271084,31.259487,139.926486,0.013614
Analog-minimos-cuadrados,2023-05-10 23:00:00,51.423619,95.695677,0.321596,136.754978,155.634546,0.52,455.326911,647.807264,0.756667,680.969584,792.436713,26.716994,102.847238,0.014035
Analog-minimos-cuadrados,2023-05-11 23:00:00,90.186436,169.51621,0.354386,216.533228,266.208402,0.415,388.422933,1377.472923,0.54,582.748281,1958.668709,77.736275,180.372872,0.016404
Analog-minimos-cuadrados,2023-05-12 23:00:00,77.305295,144.032791,0.175912,191.589587,284.582763,0.548333,489.859267,1080.452388,0.718333,749.607329,1412.053332,43.744387,154.61059,0.014969
Analog-minimos-cuadrados,2023-05-13 23:00:00,91.026735,170.539235,0.373579,216.488402,237.501607,0.371667,523.545183,1360.472619,0.548333,801.878134,1876.21616,38.273965,182.05347,0.015973
Analog-minimos-cuadrados,2023-05-14 23:00:00,64.079797,120.120755,0.162088,162.243653,240.578253,0.863333,484.98564,878.845985,0.931667,735.146798,1239.61847,46.645374,128.159595,0.014264
Analog-minimos-cuadrados,2023-05-15 23:00:00,59.329397,110.435891,0.16414,165.559187,224.478758,0.865,545.993098,674.476498,0.941667,781.116019,876.970703,28.857898,118.658793,0.013312
Analog-minimos-cuadrados,2023-05-16 23:00:00,230.434417,436.425281,0.398772,546.791736,730.160379,0.323333,496.866665,3530.581948,0.446667,692.893323,5303.200879,225.619783,460.868835,0.016235
Analog-minimos-cuadrados,2023-05-17 23:00:00,88.525286,164.724207,0.150088,253.66079,309.240336,0.916667,926.939873,1011.731239,0.968333,1274.331888,1350.137923,39.689513,177.050572,0.01448
Analog-minimos-cuadrados,2023-05-18 23:00:00,89.609502,166.906142,0.110895,222.562195,273.957498,0.783333,916.792001,1204.281927,0.883333,1279.215171,1527.10487,46.523099,179.219003,0.013468
Analog-minimos-cuadrados,2023-05-19 23:00:00,162.73758,305.831397,0.382702,400.430491,467.53202,0.311667,837.303076,2352.065132,0.425,1132.897337,3269.426017,93.258063,325.475159,0.017125
Analog-minimos-cuadrados,2023-05-20 23:00:00,85.231051,159.141644,0.31393,229.701173,255.584619,0.655,638.122713,1035.127828,0.816667,935.326573,1371.231796,38.898696,170.462102,0.014363
Analog-minimos-cuadrados,2023-05-21 23:00:00,146.482934,279.736348,0.224105,343.216052,515.365289,0.555,341.503999,2299.830801,0.66,494.429248,3644.66104,155.067184,292.965868,0.015185
Analog-minimos-cuadrados,2023-05-22 23:00:00,86.088534,160.122716,0.06393,234.756718,311.337277,0.761667,788.088114,983.4445,0.906667,1046.734615,1159.534789,36.726885,172.177068,0.016197
Analog-minimos-cuadrados,2023-05-23 23:00:00,60.156417,112.026876,0.120544,148.151221,193.94724,0.953333,811.407384,833.42261,0.993333,1172.083405,1180.527905,40.087358,120.312834,0.014141
Analog-minimos-cuadrados,2023-05-24 23:00:00,50.850445,94.742747,0.100579,125.672847,167.585099,0.961667,713.21286,729.228637,0.988333,1043.039975,1054.788735,33.660797,101.70089,0.014082
Analog-minimos-cuadrados,2023-05-25 23:00:00,55.045473,102.608083,0.104316,144.557483,188.605714,0.861667,602.509376,721.046395,0.948333,855.431474,938.614727,29.334266,110.090945,0.014879
Analog-minimos-cuadrados,2023-05-26 23:00:00,62.313737,116.236259,0.119789,162.751275,194.693045,0.585,419.132624,790.747362,0.738333,596.008424,993.259775,24.148669,124.627474,0.015858
Analog-minimos-cuadrados,2023-05-27 23:00:00,150.548921,284.857049,0.49193,357.773794,366.679182,0.025,535.555832,2342.211206,0.06,783.507798,3623.619557,45.919115,301.097842,0.015711
Analog-minimos-cuadrados,2023-05-28 23:00:00,42.1706,79.082544,0.128965,107.233598,171.211148,0.96,425.129371,595.376837,0.98,633.916656,881.362414,29.667867,84.3412,0.017165
Analog-minimos-cuadrados,2023-05-29 23:00:00,60.450556,112.992279,0.137474,156.610777,217.793566,0.645,411.122675,808.22036,0.775,564.907915,1068.229568,37.884364,120.901112,0.014485
Analog-minimos-cuadrados,2023-05-30 23:00:00,51.766689,96.38004,0.213877,131.994226,178.717599,0.67,496.050519,672.646416,0.76,681.469843,837.775358,26.378091,103.533378,0.014213
Analog-minimos-cuadrados,2023-05-31 23:00:00,32.424371,60.447721,0.131614,79.333805,97.241951,0.941667,448.565464,471.926083,0.98,676.341681,693.734844,22.067008,64.848742,0.016356
Analog-minimos-cuadrados,2023-06-01 23:00:00,63.521282,118.50314,0.351526,164.316258,197.257955,0.45,299.386194,821.059303,0.59,420.027255,1001.61029,33.774647,127.042564,0.015212
Analog-minimos-cuadrados,2023-06-02 23:00:00,125.905032,238.347221,0.165754,305.897449,371.619774,0.288333,352.385796,1878.911747,0.405,475.216827,2849.692886,100.587421,251.810065,0.016845
Analog-minimos-cuadrados,2023-06-03 23:00:00,95.912963,179.08072,0.368702,247.506616,271.441705,0.39,636.685267,1217.513597,0.626667,880.303726,1510.630631,40.894766,191.825927,0.01591
Analog-minimos-cuadrados,2023-06-04 23:00:00,56.913175,105.947169,0.078614,153.977539,193.475919,0.853333,633.963286,733.489034,0.941667,898.71882,980.101056,29.688934,113.826349,0.017135
Analog-minimos-cuadrados,2023-06-05 23:00:00,110.183576,206.22523,0.164228,280.826459,349.457078,0.346667,401.690765,1475.258278,0.515,561.920922,1879.389081,61.264116,220.367152,0.015986
Analog-minimos-cuadrados,2023-06-06 23:00:00,63.94484,119.005457,0.277053,167.415281,192.749263,0.776667,696.050602,808.918251,0.921667,937.539267,1016.175518,39.068668,127.88968,0.015325
Analog-minimos-cuadrados,2023-06-07 23:00:00,44.676123,83.196952,0.213193,108.282178,136.843572,0.83,484.912688,633.724284,0.91,744.657687,874.800085,27.765927,89.352246,0.016888
Analog-minimos-cuadrados,2023-06-08 23:00:00,68.380582,128.087349,0.177982,172.214161,220.103183,0.393333,259.655742,941.622297,0.551667,379.913416,1260.962979,48.079911,136.761163,0.014566
Analog-minimos-cuadrados,2023-06-09 23:00:00,46.908303,87.319221,0.122491,128.465475,155.310932,0.743333,387.610538,542.445152,0.883333,525.014739,644.541176,18.72551,93.816605,0.015937
Analog-minimos-cuadrados,2023-06-10 23:00:00,121.467321,229.527795,0.436053,297.225265,341.504305,0.17,423.406076,1776.230766,0.266667,567.119619,2626.610238,57.592905,242.934642,0.016817
Analog-minimos-cuadrados,2023-06-11 23:00:00,76.502872,142.64608,0.09814,202.183094,269.828849,0.903333,595.78462,933.986964,0.981667,874.581969,1190.596783,36.565146,153.005745,0.01522
Analog-minimos-cuadrados,2023-06-12 23:00:00,120.207254,225.703819,0.094035,309.946856,463.462378,0.718333,639.402689,1609.345172,0.808333,857.771837,2182.552465,84.884535,240.414508,0.015991
Analog-minimos-cuadrados,2023-06-13 23:00:00,189.86171,355.341869,0.222579,490.750635,714.5154,0.663333,910.092764,2524.082187,0.775,1303.227455,3258.82608,122.282152,379.723419,0.015852
Analog-minimos-cuadrados,2023-06-14 23:00:00,260.988169,485.601768,0.168895,712.326127,860.011354,0.48,1321.572219,2948.996709,0.716667,1825.160131,3215.516125,101.26285,521.976339,0.015357
Analog-minimos-cuadrados,2023-06-15 23:00:00,178.002448,330.976624,0.194491,474.045418,582.061233,0.765,1728.541855,2225.497165,0.865,2304.864575,2687.405048,84.331709,356.004896,0.016208
Analog-minimos-cuadrados,2023-06-16 23:00:00,187.662228,349.376573,0.363018,523.699612,597.84687,0.576667,1398.186803,2115.386787,0.81,1889.252953,2490.649443,77.646033,375.324455,0.01441
Analog-minimos-cuadrados,2023-06-17 23:00:00,184.621101,344.53415,0.428018,482.319759,519.018857,0.241667,1039.296069,2430.596655,0.43,1554.139727,2961.685145,70.435593,369.242201,0.015247
Analog-minimos-cuadrados,2023-06-18 23:00:00,361.616073,682.759186,0.373772,837.561334,1107.036294,0.346667,668.612753,5904.769618,0.393333,962.545182,8822.159821,382.35532,723.232145,0.015556
Analog-minimos-cuadrados,2023-06-19 23:00:00,183.059547,340.397655,0.064737,517.115168,627.808086,0.836667,1763.221876,1981.484164,0.938333,2252.779364,2356.542839,69.721488,366.119095,0.015337
Analog-minimos-cuadrados,2023-06-20 23:00:00,249.009637,463.658498,0.101526,684.844249,847.498587,0.596667,1757.939879,2823.250507,0.79,2305.60591,3152.688263,99.437732,498.019273,0.015896
Analog-minimos-cuadrados,2023-06-21 23:00:00,155.539012,289.425551,0.088386,406.751631,529.647567,0.976667,1886.016788,2110.990314,0.99,2446.233306,2767.678109,86.747353,311.078023,0.014379
Analog-minimos-cuadrados,2023-06-22 23:00:00,194.268259,362.087425,0.141719,511.741285,641.924127,0.771667,1655.204533,2490.028635,0.87,2134.233605,3134.770092,82.423253,388.536518,0.015696
Analog-minimos-cuadrados,2023-06-23 23:00:00,231.713187,431.69023,0.180088,610.809426,764.707815,0.611667,1271.095171,2908.719908,0.768333,1787.243337,3275.964488,102.355143,463.426375,0.013892
Analog-minimos-cuadrados,2023-06-24 23:00:00,224.262841,418.119364,0.435596,595.175231,624.37808,0.286667,1218.738092,2641.894824,0.538333,1659.205007,3144.68241,78.057873,448.525682,0.016178
Analog-minimos-cuadrados,2023-06-25 23:00:00,178.712256,332.817319,0.065737,472.604244,738.926029,0.818333,1314.21986,2232.667179,0.936667,1939.143038,2603.309351,79.93814,357.424513,0.015004
Analog-minimos-cuadrados,2023-06-26 23:00:00,185.648708,346.002437,0.199456,486.247402,655.807797,0.476667,1497.614139,2298.097501,0.63,1931.862839,2785.753474,80.005331,371.297415,0.014869
Analog-minimos-cuadrados,2023-06-27 23:00:00,160.669273,299.17987,0.125982,418.693899,578.098387,0.875,1657.863904,2064.018261,0.94,2158.402614,2499.975656,69.205864,321.338545,0.014774
Analog-minimos-cuadrados,2023-06-28 23:00:00,122.346072,227.829244,0.236421,329.964276,438.553854,0.865,1401.95122,1519.544574,0.96,1901.246746,1958.956766,68.836652,244.692144,0.016258
Analog-minimos-cuadrados,2023-06-29 23:00:00,87.251187,162.517079,0.118456,226.768056,320.032616,0.971667,1140.085947,1168.345654,0.996667,1615.466503,1622.972202,48.933374,174.502374,0.01614
Analog-minimos-cuadrados,2023-06-30 23:00:00,114.542322,213.591994,0.123912,306.732728,401.165836,0.71,982.754366,1418.79837,0.861667,1393.525288,1873.489487,69.279657,229.084644,0.01568
Analog-minimos-cuadrados,2023-07-01 23:00:00,103.309098,192.242667,0.234526,291.356334,369.975628,0.745,832.119526,1129.956203,0.883333,1171.404724,1439.3699,48.347239,206.618197,0.014954
Analog-minimos-cuadrados,2023-07-02 23:00:00,81.362439,151.41845,0.096088,207.528446,276.402005,0.926667,1064.614714,1131.618495,0.971667,1433.257655,1470.495365,47.278295,162.724878,0.015151
Analog-minimos-cuadrados,2023-07-03 23:00:00,71.413418,133.080704,0.100386,189.02855,276.158683,0.938333,835.665823,942.812846,0.986667,1201.840199,1243.252588,42.062087,142.826835,0.014942
Analog-minimos-cuadrados,2023-07-04 23:00:00,64.092535,119.215767,0.247053,169.416804,203.179675,0.726667,647.397881,835.568963,0.846667,911.025499,1057.549426,35.825777,128.18507,0.014359
Analog-minimos-cuadrados,2023-07-05 23:00:00,362.729301,693.73783,0.379333,801.797426,1014.292075,0.313333,461.856347,6349.36378,0.353333,700.083801,10419.324181,469.29083,725.458601,0.015079
Analog-minimos-cuadrados,2023-07-06 23:00:00,254.251262,472.9259,0.15093,719.075439,790.296368,0.428333,1393.007415,2558.469189,0.66,1909.328185,2724.990494,68.548893,508.502525,0.01479
Analog-minimos-cuadrados,2023-07-07 23:00:00,218.209558,406.097859,0.146825,585.181724,678.504359,0.538333,1401.236199,2661.512801,0.716667,1918.203074,3299.772313,83.893181,436.419116,0.01641
Analog-minimos-cuadrados,2023-07-08 23:00:00,253.042529,471.63758,0.411702,685.498729,725.127552,0.42,1593.001394,3011.181926,0.608333,2104.08902,3654.857682,99.618031,506.085058,0.014695
Analog-minimos-cuadrados,2023-07-09 23:00:00,253.848785,472.206109,0.137105,694.134962,986.037473,0.763333,1545.700659,2737.73745,0.891667,2178.614908,2983.229124,85.553808,507.69757,0.013619
Analog-minimos-cuadrados,2023-07-10 23:00:00,169.541175,315.493998,0.213421,443.932874,584.474068,0.72,1610.032708,2175.960419,0.848333,2112.770284,2562.392643,96.677465,339.082351,0.015239
Analog-minimos-cuadrados,2023-07-11 23:00:00,167.371153,312.194961,0.109333,409.132196,694.987397,0.813333,1254.152617,2248.193253,0.873333,1649.786262,2770.533998,92.048099,334.742305,0.014949
Analog-minimos-cuadrados,2023-07-12 23:00:00,167.543612,311.451751,0.111281,462.254379,567.031158,0.676667,1496.138956,1906.569406,0.891667,2017.060045,2264.481452,71.862673,335.087223,0.012709
Analog-minimos-cuadrados,2023-07-13 23:00:00,167.708079,311.737672,0.366351,454.349199,506.106724,0.605,1404.152463,1909.086288,0.806667,2012.405378,2370.815972,83.76606,335.416159,0.014633
Analog-minimos-cuadrados,2023-07-14 23:00:00,113.701906,211.64278,0.119649,304.950668,439.44998,0.86,1127.666464,1391.258434,0.956667,1623.793219,1782.982264,53.533683,227.403812,0.016993
Analog-minimos-cuadrados,2023-07-15 23:00:00,112.055096,208.403146,0.303737,294.486512,333.245847,0.541667,902.363871,1332.739727,0.735,1268.180296,1569.387217,54.641083,224.110192,0.014801
Analog-minimos-cuadrados,2023-07-16 23:00:00,60.440196,112.777009,0.191474,136.328333,176.491539,0.953333,1005.058516,1036.813434,0.988333,1473.020458,1512.85413,50.291781,120.880392,0.014691
Analog-minimos-cuadrados,2023-07-17 23:00:00,109.979851,207.889045,0.176965,267.697679,420.554974,0.62,389.953818,1620.599214,0.708333,530.621061,2376.524326,96.172004,219.959702,0.015681
Analog-minimos-cuadrados,2023-07-18 23:00:00,84.236762,156.835586,0.343807,215.706527,243.696043,0.443333,711.194365,1092.667289,0.601667,942.953089,1358.788126,42.127778,168.473524,0.016439
Analog-minimos-cuadrados,2023-07-19 23:00:00,119.375652,224.302201,0.142421,288.71783,467.706538,0.756667,532.286798,1794.40405,0.806667,798.233292,2545.061704,99.647089,238.751304,0.015157
Analog-minimos-cuadrados,2023-07-20 23:00:00,127.285138,239.528554,0.108053,330.075206,526.397664,0.753333,854.72089,1745.80182,0.853333,1178.031837,2479.571235,100.329048,254.570275,0.016326
Analog-minimos-cuadrados,2023-07-21 23:00:00,217.807929,407.429697,0.225439,568.805728,716.866452,0.643333,1080.60872,2804.826694,0.731667,1441.338513,3662.607215,133.415417,435.615858,0.015313
Analog-minimos-cuadrados,2023-07-22 23:00:00,174.904252,325.478065,0.163667,496.363337,547.293573,0.72,1535.321181,2013.708704,0.816667,1993.16597,2463.271243,75.629659,349.808503,0.014241
Analog-minimos-cuadrados,2023-07-23 23:00:00,256.219766,477.059985,0.103053,723.789541,848.750393,0.68,1847.54795,2809.689307,0.805,2491.424419,3411.309687,89.08185,512.439531,0.015003
Analog-minimos-cuadrados,2023-07-24 23:00:00,179.433012,333.675065,0.322193,481.105991,527.185474,0.626667,1683.618331,2218.780651,0.783333,2146.282947,2587.750036,91.451059,358.866025,0.01549
Analog-minimos-cuadrados,2023-07-25 23:00:00,93.888158,174.838645,0.150789,232.557015,319.22763,0.933333,1267.920853,1328.695591,0.975,1695.670214,1729.390852,55.99299,187.776317,0.015694
Analog-minimos-cuadrados,2023-07-26 23:00:00,92.493599,172.246924,0.287088,242.139178,295.33593,0.731667,910.216489,1175.374199,0.828333,1342.060911,1606.607579,54.586773,184.987197,0.016892
Analog-minimos-cuadrados,2023-07-27 23:00:00,69.167838,128.890488,0.181912,184.027645,245.407887,0.806667,648.394459,889.204642,0.93,982.317678,1120.176011,29.524918,138.335677,0.016121
Analog-minimos-cuadrados,2023-07-28 23:00:00,73.549259,137.095481,0.129772,198.844036,233.839495,0.651667,518.533331,882.908184,0.773333,686.658074,1065.796584,30.070492,147.098517,0.016132
Analog-minimos-cuadrados,2023-07-29 23:00:00,96.960683,180.958914,0.33386,259.546203,271.997002,0.355,522.035794,1200.980414,0.476667,710.842959,1550.73391,30.911202,193.921367,0.015012
Analog-minimos-cuadrados,2023-07-30 23:00:00,72.411182,134.81181,0.095351,198.181813,239.384671,0.683333,638.843559,833.907591,0.875,891.345228,1022.329797,30.523873,144.822363,0.015545
Analog-minimos-cuadrados,2023-07-31 23:00:00,61.849139,115.148154,0.093912,175.436114,218.37688,0.933333,685.275155,723.582884,0.971667,923.928663,948.444059,27.284277,123.698279,0.015222
Analog-minimos-cuadrados,2023-08-01 23:00:00,74.539905,138.773013,0.151982,202.373798,270.723644,0.845,648.319306,870.400277,0.956667,870.940616,1017.140974,26.185009,149.079811,0.014116
Analog-minimos-cuadrados,2023-08-02 23:00:00,80.170791,149.132499,0.146649,223.211101,251.635351,0.721667,664.108684,911.673503,0.866667,887.159018,1086.868297,30.783714,160.341582,0.014588
Analog-minimos-cuadrados,2023-08-03 23:00:00,97.47632,181.900678,0.185018,255.335708,284.079427,0.471667,605.08113,1180.524136,0.618333,806.062771,1418.356979,31.391869,194.95264,0.014873
Analog-minimos-cuadrados,2023-08-04 23:00:00,104.043123,194.204395,0.254123,274.366278,311.039643,0.506667,776.674945,1300.760833,0.665,1113.450561,1689.835017,49.544474,208.086246,0.015223
Analog-minimos-cuadrados,2023-08-05 23:00:00,57.14856,106.36134,0.094175,173.335306,199.319317,0.936667,554.773743,584.962194,0.98,752.86311,763.413805,23.940601,114.29712,0.0165
Analog-minimos-cuadrados,2023-08-06 23:00:00,86.509328,161.834018,0.069912,228.066723,344.361375,0.856667,709.886624,1138.220208,0.94,1007.306209,1502.704905,52.203454,173.018655,0.014885
Analog-minimos-cuadrados,2023-08-07 23:00:00,80.401311,149.909782,0.163035,207.561019,294.902969,0.851667,859.287816,1099.61154,0.94,1154.959485,1498.090039,56.727265,160.802622,0.015228
Analog-minimos-cuadrados,2023-08-08 23:00:00,138.644841,257.883825,0.251526,367.906747,493.473142,0.63,755.575885,1697.516181,0.781667,1087.224191,2023.097095,69.141271,277.289682,0.012744
Analog-minimos-cuadrados,2023-08-09 23:00:00,145.949363,271.731106,0.134386,395.948621,525.085784,0.69,988.703793,1718.41385,0.828333,1334.744827,1897.257178,58.358258,291.898726,0.016019
Analog-minimos-cuadrados,2023-08-10 23:00:00,107.583585,200.341909,0.118649,280.419345,387.527169,0.838333,1044.244627,1420.041595,0.921667,1439.999867,1698.143291,48.088943,215.167169,0.016186
Analog-minimos-cuadrados,2023-08-11 23:00:00,188.915495,352.717081,0.160175,496.5016,538.762113,0.39,1010.628589,2337.473823,0.57,1345.056426,2966.925395,77.454488,377.830989,0.016242
Analog-minimos-cuadrados,2023-08-12 23:00:00,218.583251,407.062334,0.395088,569.147521,599.334718,0.388333,1500.87401,2851.311286,0.536667,2038.805472,3421.036182,96.471063,437.166501,0.015865
Analog-minimos-cuadrados,2023-08-13 23:00:00,86.197589,160.659736,0.131684,194.463023,238.635485,0.83,1291.20424,1386.834672,0.923333,1837.202921,1920.955345,65.072991,172.395177,0.016115
Analog-minimos-cuadrados,2023-08-14 23:00:00,69.245786,128.859456,0.074842,182.558381,246.381294,0.9,785.900434,910.388511,0.978333,1083.557748,1154.728851,35.206466,138.491571,0.014982
Analog-minimos-cuadrados,2023-08-15 23:00:00,75.416449,140.253477,0.159316,202.545449,256.016995,0.788333,753.161257,921.701839,0.913333,1000.873607,1134.442036,37.883184,150.832898,0.015301
Analog-minimos-cuadrados,2023-08-16 23:00:00,43.356435,80.75289,0.136175,109.903045,131.103172,0.883333,531.994419,587.87856,0.956667,769.03178,807.050372,22.221362,86.712869,0.014807
Analog-minimos-cuadrados,2023-08-17 23:00:00,144.770402,270.411796,0.25814,365.170269,482.140161,0.47,421.400054,1892.60695,0.593333,590.785902,2377.858342,92.109993,289.540804,0.01391
Analog-minimos-cuadrados,2023-08-18 23:00:00,72.229267,134.505738,0.167386,186.838685,216.501544,0.865,877.090939,979.359227,0.928333,1185.823918,1295.273992,46.034112,144.458535,0.016588
Analog-minimos-cuadrados,2023-08-19 23:00:00,120.620116,225.152196,0.311579,302.818182,351.301937,0.388333,593.494516,1683.343544,0.503333,829.139691,2178.704692,41.608939,241.240232,0.016552
Analog-minimos-cuadrados,2023-08-20 23:00:00,62.85077,117.068043,0.224772,163.179418,183.701464,0.868333,794.148087,836.845553,0.966667,1098.813264,1122.184888,40.412011,125.70154,0.015744
Analog-minimos-cuadrados,2023-08-21 23:00:00,51.163469,95.265174,0.171123,129.338459,175.671639,0.938333,683.598993,710.92644,0.976667,993.589706,1007.81616,38.542144,102.326938,0.015054
Analog-minimos-cuadrados,2023-08-22 23:00:00,38.62207,72.029824,0.146579,103.242602,126.251077,0.846667,409.467253,518.688901,0.928333,599.904026,702.035379,23.315146,77.24414,0.016256
Analog-minimos-cuadrados,2023-08-23 23:00:00,53.302344,99.201781,0.108298,143.814359,193.366959,0.605,277.296368,633.037507,0.763333,371.83721,717.624413,23.948008,106.604689,0.015695
Analog-minimos-cuadrados,2023-08-24 23:00:00,47.489461,88.381227,0.23914,123.23566,144.99771,0.528333,362.126442,587.778201,0.716667,484.544749,689.358052,22.583866,94.978923,0.015217
Analog-minimos-cuadrados,2023-08-25 23:00:00,93.084253,175.611689,0.16114,235.116746,307.745755,0.595,375.549361,1268.71262,0.693333,531.757272,1824.585353,72.4463,186.168505,0.015936
Analog-minimos-cuadrados,2023-08-26 23:00:00,75.009783,139.370496,0.243193,212.047508,225.564968,0.628333,597.017236,825.468674,0.841667,812.38896,943.602522,31.51705,150.019566,0.016896
Analog-minimos-cuadrados,2023-08-27 23:00:00,109.48359,204.048685,0.253421,301.122586,379.435204,0.71,658.351022,1267.636648,0.813333,910.318151,1516.128312,47.800911,218.967179,0.016105
Analog-minimos-cuadrados,2023-08-28 23:00:00,223.903557,422.481732,0.186596,544.997388,800.431243,0.605,750.68827,3338.286094,0.688333,1056.871741,4924.477812,203.77066,447.807114,0.015111
Analog-minimos-cuadrados,2023-08-29 23:00:00,155.196575,289.067495,0.254421,412.71437,499.967997,0.646667,1308.427969,1897.892713,0.778333,1710.134626,2295.849084,68.668475,310.39315,0.014754
Analog-minimos-cuadrados,2023-08-30 23:00:00,85.443336,159.112854,0.172105,194.072178,242.495664,0.926667,1214.004692,1268.101797,0.98,1632.575107,1660.543398,59.824651,170.886672,0.016601
Analog-minimos-cuadrados,2023-08-31 23:00:00,114.097383,212.723004,0.194193,284.403067,336.581135,0.586667,898.521525,1525.10281,0.725,1243.497348,1934.819641,59.393045,228.194765,0.014676
Analog-minimos-cuadrados,2023-09-01 23:00:00,115.049416,214.787339,0.299895,291.94135,326.233857,0.395,597.453814,1603.160209,0.526667,810.265206,1973.059938,37.413779,230.098832,0.016166
Analog-minimos-cuadrados,2023-09-02 23:00:00,79.705003,148.178485,0.265281,219.088955,254.313946,0.623333,717.471269,889.721185,0.863333,1000.693498,1062.377112,40.470853,159.410006,0.014745
Analog-minimos-cuadrados,2023-09-03 23:00:00,154.034746,286.712173,0.135053,408.054751,595.25607,0.575,630.742876,1880.261986,0.75,917.72672,1959.459859,66.171902,308.069493,0.01484
Analog-minimos-cuadrados,2023-09-04 23:00:00,128.006118,239.363012,0.114123,337.461383,526.079873,0.843333,1053.524176,1613.292328,0.916667,1421.402486,2127.541748,72.118955,256.012237,0.016534
Analog-minimos-cuadrados,2023-09-05 23:00:00,114.833128,213.571023,0.178789,339.209994,438.66909,0.925,1146.413177,1253.425162,0.98,1524.046241,1591.977796,38.120867,229.666257,0.013736
Analog-minimos-cuadrados,2023-09-06 23:00:00,128.806622,239.585487,0.09414,343.445785,451.830725,0.761667,1190.941882,1569.417935,0.893333,1599.877756,1846.251637,55.931831,257.613245,0.014675
Analog-minimos-cuadrados,2023-09-07 23:00:00,125.733629,234.881818,0.294632,326.728599,394.935622,0.565,931.786618,1622.558139,0.736667,1310.245045,2075.03108,55.328042,251.467258,0.015108
Analog-minimos-cuadrados,2023-09-08 23:00:00,96.94722,180.44981,0.12486,266.153109,295.983191,0.7,751.525257,1087.978966,0.871667,1128.436747,1390.381087,45.2271,193.89444,0.014628
Analog-minimos-cuadrados,2023-09-09 23:00:00,119.62777,222.514461,0.382018,307.773517,343.296558,0.415,816.630804,1559.543976,0.54,1184.189064,1891.605074,56.135266,239.255541,0.016204
Analog-minimos-cuadrados,2023-09-10 23:00:00,105.056816,195.343921,0.095632,297.510468,427.236057,0.646667,728.281313,1076.133273,0.818333,1009.762201,1248.861306,33.694016,210.113632,0.013087
Analog-minimos-cuadrados,2023-09-11 23:00:00,145.466065,270.935423,0.251298,387.970407,510.735352,0.676667,882.347983,1757.599874,0.783333,1185.304882,2152.761851,71.697212,290.93213,0.013982
Analog-minimos-cuadrados,2023-09-12 23:00:00,108.694596,202.349026,0.217421,291.968207,331.768592,0.636667,911.111456,1273.715867,0.866667,1213.813108,1490.332661,44.694839,217.389192,0.013867
Analog-minimos-cuadrados,2023-09-13 23:00:00,170.532166,318.678008,0.108667,449.147775,635.438102,0.681667,912.686172,2051.385038,0.805,1311.547423,2707.678619,96.671556,341.064333,0.016253
Analog-minimos-cuadrados,2023-09-14 23:00:00,127.854405,237.675753,0.190807,334.330406,397.671006,0.811667,1454.469113,1623.329189,0.95,1934.656914,1995.150625,77.060005,255.70881,0.015804
Analog-minimos-cuadrados,2023-09-15 23:00:00,104.899548,195.273939,0.275474,283.185829,312.219122,0.716667,961.530282,1248.273405,0.926667,1394.448767,1512.346636,54.741982,209.799096,0.013608
Analog-minimos-cuadrados,2023-09-16 23:00:00,154.984296,288.610111,0.381316,391.343318,431.538266,0.326667,952.797539,2101.466742,0.468333,1347.156206,2437.415419,66.448581,309.968592,0.016198
Analog-minimos-cuadrados,2023-09-17 23:00:00,130.456365,242.521791,0.290877,377.039475,524.857491,0.79,795.054573,1264.487939,0.938333,1136.007056,1404.207469,31.882716,260.912729,0.015075
Analog-minimos-cuadrados,2023-09-18 23:00:00,159.69611,297.451996,0.231,434.820235,610.414818,0.723333,971.67643,1793.692351,0.89,1325.837421,2196.687629,70.564657,319.392221,0.015017
Analog-minimos-cuadrados,2023-09-19 23:00:00,103.875632,193.559976,0.120825,255.038546,333.208216,0.88,1285.081515,1486.737322,0.911667,1689.505462,1917.755644,61.42037,207.751265,0.016465
Analog-minimos-cuadrados,2023-09-20 23:00:00,62.343625,116.240778,0.108474,144.929173,195.717762,0.98,921.421136,931.505882,0.996667,1243.288788,1243.91423,38.286286,124.687251,0.015744
Analog-minimos-cuadrados,2023-09-21 23:00:00,71.132338,133.113109,0.169947,170.360114,219.812205,0.79,705.987575,1045.834227,0.846667,954.10682,1399.194356,36.118503,142.264676,0.016476
Analog-minimos-cuadrados,2023-09-22 23:00:00,174.369825,328.227296,0.176246,435.48535,497.967866,0.415,793.582859,2471.464625,0.513333,1129.420766,3435.257327,53.756799,348.739649,0.017146
Analog-minimos-cuadrados,2023-09-23 23:00:00,130.492556,242.726618,0.210491,342.747188,407.838434,0.728333,1321.15193,1613.851741,0.868333,1741.873932,1950.401357,69.772011,260.985112,0.01472
Analog-minimos-cuadrados,2023-09-24 23:00:00,121.00841,225.046343,0.120053,318.77708,433.941579,0.813333,1292.004322,1533.698594,0.931667,1712.987439,1831.510496,58.95097,242.016821,0.015123
Analog-minimos-cuadrados,2023-09-25 23:00:00,149.501051,278.319488,0.230439,394.114919,467.900263,0.718333,1138.6771,1825.313656,0.821667,1526.716348,2229.193333,67.576735,299.002101,0.014109
Analog-minimos-cuadrados,2023-09-26 23:00:00,301.708246,567.595893,0.318772,757.20156,982.684503,0.595,1086.697937,4241.076002,0.696667,1482.114616,5904.493907,230.174726,603.416492,0.014761
Analog-minimos-cuadrados,2023-09-27 23:00:00,277.689946,524.13436,0.403158,680.412676,747.816435,0.271667,1343.854587,4119.696925,0.355,1764.054826,5996.005301,89.907979,555.379892,0.01357
Analog-minimos-cuadrados,2023-09-28 23:00:00,150.81851,280.701617,0.286561,385.098282,457.577304,0.703333,1263.885986,1948.852144,0.831667,1825.421505,2430.231952,74.511401,301.637019,0.015328
Analog-minimos-cuadrados,2023-09-29 23:00:00,80.299723,149.527835,0.135579,201.795924,248.71356,0.773333,849.130598,1062.802989,0.925,1257.153886,1376.399902,46.879611,160.599447,0.015348
Analog-minimos-cuadrados,2023-09-30 23:00:00,131.40059,247.550372,0.316105,315.631786,350.309718,0.381667,726.35204,1964.832355,0.451667,979.086798,2770.22672,44.56044,262.801179,0.016898
Analog-minimos-cuadrados,2023-10-01 23:00:00,86.706673,161.872301,0.142509,233.219091,265.794019,0.678333,809.198838,1107.331832,0.793333,1114.910692,1456.14051,39.039256,173.413346,0.013864
Analog-minimos-cuadrados,2023-10-02 23:00:00,138.103331,256.479464,0.073614,366.870143,562.500883,0.743333,848.42102,1591.864214,0.883333,1163.028848,1595.850657,48.333632,276.206661,0.014919
Analog-minimos-cuadrados,2023-10-03 23:00:00,105.080079,195.585781,0.081561,282.76133,367.213379,0.926667,1335.543907,1385.778105,0.968333,1718.946313,1740.044566,52.105724,210.160158,0.015731
Analog-minimos-cuadrados,2023-10-04 23:00:00,101.54074,189.105125,0.123088,251.342431,344.734725,0.978333,1388.535214,1404.896322,0.996667,1805.193613,1809.913363,62.241799,203.08148,0.015758
Analog-minimos-cuadrados,2023-10-05 23:00:00,95.955242,179.005232,0.276088,250.404913,316.521621,0.731667,917.359383,1285.187382,0.863333,1283.427063,1725.263278,51.435712,191.910485,0.017924
Analog-minimos-cuadrados,2023-10-06 23:00:00,144.466457,270.550915,0.176842,372.993271,503.712571,0.546667,591.680416,1830.57082,0.73,842.346754,2438.195395,89.591726,288.932915,0.016078
Analog-minimos-cuadrados,2023-10-07 23:00:00,145.444217,274.86199,0.357053,353.248657,407.048376,0.368333,731.202334,2135.382216,0.441667,969.647722,3167.775164,49.242265,290.888435,0.017086
Analog-minimos-cuadrados,2023-10-08 23:00:00,52.978948,98.932285,0.178123,128.385114,155.397607,0.865,714.071907,808.147765,0.943333,1028.719128,1139.96229,42.615019,105.957896,0.017228
Analog-minimos-cuadrados,2023-10-09 23:00:00,72.919601,135.740432,0.247439,202.51371,240.013666,0.605,402.685011,780.054326,0.83,534.987548,887.803737,26.786104,145.839203,0.016818
Analog-minimos-cuadrados,2023-10-10 23:00:00,121.046971,227.635943,0.137825,298.131706,430.067589,0.52,451.97535,1724.046059,0.635,610.769202,2438.103881,94.034554,242.093943,0.015721
Analog-minimos-cuadrados,2023-10-11 23:00:00,102.447172,190.407961,0.230105,272.927329,318.0648,0.593333,810.168383,1254.696385,0.751667,1111.517923,1557.400263,49.256079,204.894344,0.015456
Analog-minimos-cuadrados,2023-10-12 23:00:00,103.001658,191.594105,0.112211,285.120384,366.567228,0.811667,840.947842,1124.505474,0.935,1196.50809,1333.972622,36.867826,206.003317,0.014781
Analog-minimos-cuadrados,2023-10-13 23:00:00,111.213259,208.114179,0.116912,292.08264,358.822344,0.656667,793.280679,1396.377785,0.751667,1043.462161,1914.282244,44.422328,222.426518,0.016039
Analog-minimos-cuadrados,2023-10-14 23:00:00,175.663912,331.41244,0.367895,428.383032,447.922771,0.441667,789.612112,2629.76781,0.545,1096.938505,3889.576394,56.090293,351.327824,0.016996
Analog-minimos-cuadrados,2023-10-15 23:00:00,85.75943,159.495445,0.294561,230.060522,270.458598,0.801667,881.779305,1053.212353,0.906667,1242.177018,1341.439986,50.838323,171.51886,0.016214
Analog-minimos-cuadrados,2023-10-16 23:00:00,23.597568,44.002787,0.141474,46.819138,55.687949,0.928333,393.919875,406.477517,0.971667,555.063025,560.876669,19.994243,47.195136,0.016047
Analog-minimos-cuadrados,2023-10-17 23:00:00,25.549105,47.580509,0.12407,65.000789,108.592208,0.808333,180.004623,335.986231,0.881667,245.046408,430.278714,14.939963,51.09821,0.014519
Analog-minimos-cuadrados,2023-10-18 23:00:00,30.225288,56.420239,0.185912,81.606954,114.781329,0.813333,210.935952,369.371472,0.906667,298.257807,493.377339,15.271266,60.450577,0.016974
Analog-minimos-cuadrados,2023-10-19 23:00:00,52.512445,97.961578,0.271333,136.645057,179.760594,0.598333,248.932119,683.053116,0.718333,333.081738,875.69543,31.948109,105.02489,0.015693
Analog-minimos-cuadrados,2023-10-20 23:00:00,101.967977,194.347785,0.271544,236.696713,313.443569,0.526667,313.521488,1671.818777,0.613333,427.419263,2694.045272,109.542345,203.935955,0.01687
Analog-minimos-cuadrados,2023-10-21 23:00:00,71.777767,134.500346,0.306509,183.43069,196.829971,0.52,578.949448,994.229454,0.646667,786.894848,1366.801848,33.644897,143.555535,0.014325
Analog-minimos-cuadrados,2023-10-22 23:00:00,95.455751,177.495926,0.132965,268.252498,365.882037,0.668333,550.296658,992.777328,0.83,763.252509,1152.458249,34.226847,190.911501,0.016697
Analog-minimos-cuadrados,2023-10-23 23:00:00,96.544249,179.790145,0.131193,277.814821,332.831697,0.703333,729.415961,1015.715069,0.795,956.293189,1296.951072,32.129812,193.088499,0.014139
Analog-minimos-cuadrados,2023-10-24 23:00:00,118.42882,220.951625,0.149088,317.481432,405.128988,0.69,824.498541,1446.582682,0.82,1090.265057,1848.41632,56.867438,236.857641,0.015217
Analog-minimos-cuadrados,2023-10-25 23:00:00,220.297534,417.22117,0.423789,542.78688,576.133441,0.231667,794.04926,3247.372638,0.323333,1056.650729,4979.070827,59.830227,440.595069,0.014742
Analog-minimos-cuadrados,2023-10-26 23:00:00,51.036434,95.075661,0.207105,117.404397,152.330429,0.93,812.818489,850.054261,0.958333,1150.183418,1183.803608,36.736567,102.072868,0.014087
Analog-minimos-cuadrados,2023-10-27 23:00:00,16.870049,31.426506,0.171702,36.725293,44.561119,0.936667,259.085466,270.893209,0.985,374.997599,380.430602,13.183812,33.740097,0.013492
Analog-minimos-cuadrados,2023-10-28 23:00:00,33.303407,62.762965,0.128333,81.674976,111.802071,0.505,132.010798,485.241253,0.62,189.803028,674.258015,18.604731,66.606813,0.014037
Analog-minimos-cuadrados,2023-10-29 23:00:00,31.715556,59.133823,0.133333,84.097992,126.300679,0.875,260.352054,385.221415,0.936667,380.427386,513.30105,15.187306,63.431112,0.015972
Analog-minimos-cuadrados,2023-10-30 23:00:00,23.607532,43.948736,0.126,62.110656,75.950614,0.885,258.021934,290.954792,0.96,350.27756,368.521338,10.695828,47.215063,0.01477
Analog-minimos-cuadrados,2023-10-31 23:00:00,37.903694,70.626616,0.394035,104.214226,116.103306,0.421667,180.023236,427.784467,0.668333,255.204072,485.701341,14.214557,75.807387,0.015609
Analog-minimos-cuadrados,2023-11-01 23:00:00,16.411793,30.603012,0.151404,43.090247,54.999796,0.823333,158.833824,206.855775,0.916667,216.471203,270.897347,8.17256,32.823585,0.015073
Analog-minimos-cuadrados,2023-11-02 23:00:00,19.759022,37.099381,0.174263,51.254789,63.213962,0.625,132.240807,265.547269,0.713333,196.452169,377.136428,7.969127,39.518045,0.015683
Analog-minimos-cuadrados,2023-11-03 23:00:00,40.968708,76.844766,0.459211,98.733371,108.340782,0.135,142.804961,622.350366,0.178333,195.891306,909.08273,11.169475,81.937415,0.014506
Analog-minimos-cuadrados,2023-11-04 23:00:00,23.252549,43.310537,0.200386,62.842969,75.655096,0.745,185.631464,279.067237,0.891667,284.277833,345.131397,10.2269,46.505098,0.014906
Analog-minimos-cuadrados,2023-11-05 23:00:00,86.131191,161.133549,0.191544,203.839415,307.225861,0.601667,193.381181,1336.041429,0.671667,285.098407,1768.107578,74.029029,172.262382,0.014241
Analog-minimos-cuadrados,2023-11-06 23:00:00,45.624567,84.853779,0.086825,122.015324,161.543947,0.866667,506.450466,554.052192,0.948333,679.841579,709.985299,22.567156,91.249135,0.014534
Analog-minimos-cuadrados,2023-11-07 23:00:00,54.16274,100.783395,0.110947,142.259128,167.327472,0.715,504.380733,685.269324,0.818333,700.94359,876.056002,22.446946,108.32548,0.013343
Analog-minimos-cuadrados,2023-11-08 23:00:00,270.634576,511.494491,0.241105,636.381668,795.068516,0.326667,524.57697,4256.342742,0.436667,707.431786,6335.082924,273.426786,541.269151,0.015586
Analog-minimos-cuadrados,2023-11-09 23:00:00,168.707843,313.382431,0.345544,464.957665,535.267231,0.52,1302.627528,2020.946994,0.716667,1693.393894,2340.959956,79.807035,337.415687,0.015432
Analog-minimos-cuadrados,2023-11-10 23:00:00,63.623089,118.734521,0.154105,149.733493,201.233246,0.893333,890.151023,972.075113,0.936667,1280.865731,1370.810278,41.807887,127.246179,0.014389
Analog-minimos-cuadrados,2023-11-11 23:00:00,82.530464,153.711377,0.407456,212.328234,237.054588,0.318333,564.799135,1071.552912,0.521667,794.41125,1289.725714,38.603456,165.060929,0.014685
Analog-minimos-cuadrados,2023-11-12 23:00:00,27.866947,51.98182,0.209193,62.113802,97.022447,0.911667,411.214764,458.676264,0.961667,591.969136,623.598597,18.673735,55.733894,0.015732
Analog-minimos-cuadrados,2023-11-13 23:00:00,144.469029,275.629289,0.247386,331.375327,494.933435,0.465,238.851295,2373.280224,0.506667,329.545544,3820.622356,168.239924,288.938057,0.015737
Analog-minimos-cuadrados,2023-11-14 23:00:00,189.47082,356.540434,0.143316,465.14474,712.061972,0.638333,760.473092,2773.100333,0.735,995.00863,4020.007107,166.680333,378.941641,0.014471
Analog-minimos-cuadrados,2023-11-15 23:00:00,109.643014,203.910757,0.203298,286.252967,333.183863,0.848333,1351.765999,1429.158782,0.95,1755.122311,1786.037891,68.468524,219.286028,0.015153
Analog-minimos-cuadrados,2023-11-16 23:00:00,134.898299,250.909582,0.137386,395.13656,512.756431,0.893333,1164.502544,1390.837748,0.951667,1575.531014,1791.029051,42.726524,269.796598,0.015433
Analog-minimos-cuadrados,2023-11-17 23:00:00,163.348506,303.512992,0.393965,449.979144,511.026089,0.406667,1132.552219,1842.129896,0.628333,1475.875931,2042.171705,69.841842,326.697012,0.014262
Analog-minimos-cuadrados,2023-11-18 23:00:00,57.828658,108.058386,0.207667,132.160809,193.660884,0.878333,809.562483,900.761804,0.913333,1170.237046,1275.255809,35.091573,115.657316,0.016382
Analog-minimos-cuadrados,2023-11-19 23:00:00,61.60502,114.854047,0.30793,166.098237,192.751737,0.566667,547.114948,802.57152,0.756667,734.715815,994.376448,35.119355,123.210039,0.015159
Analog-minimos-cuadrados,2023-11-20 23:00:00,85.318727,158.937104,0.182912,240.7364,296.989113,0.59,550.094116,912.649287,0.726667,745.761135,1124.184532,29.13193,170.637455,0.015143
Analog-minimos-cuadrados,2023-11-21 23:00:00,60.097949,112.10076,0.224754,139.896822,164.993306,0.726667,654.158184,891.196109,0.833333,855.567864,1134.143478,42.006785,120.195899,0.01474
Analog-minimos-cuadrados,2023-11-22 23:00:00,117.050994,218.380997,0.241614,318.257571,467.462962,0.693333,552.208082,1380.557213,0.823333,754.616431,1627.623306,53.5085,234.101988,0.015567
Analog-minimos-cuadrados,2023-11-23 23:00:00,82.318628,153.128931,0.204684,210.259016,247.586815,0.725,911.092969,1117.070323,0.843333,1204.192871,1359.427386,45.829083,164.637257,0.015193
Analog-minimos-cuadrados,2023-11-24 23:00:00,85.934865,160.037486,0.245088,211.044916,247.479964,0.643333,805.277288,1113.990671,0.808333,1149.973776,1406.450652,45.722068,171.869731,0.015826
Analog-minimos-cuadrados,2023-11-25 23:00:00,62.845534,116.913509,0.232474,176.697731,213.956811,0.846667,715.830792,757.903984,0.955,990.020857,998.508295,41.143507,125.691067,0.015519
Analog-minimos-cuadrados,2023-11-26 23:00:00,41.262696,77.051066,0.127789,96.930429,143.875423,0.901667,608.278519,649.347816,0.953333,895.903287,943.041339,33.051596,82.525393,0.012956
Analog-minimos-cuadrados,2023-11-27 23:00:00,27.032182,50.381031,0.177754,64.741195,81.636367,0.89,365.236892,398.110005,0.96,512.22009,523.450378,19.495193,54.064364,0.014662
Analog-minimos-cuadrados,2023-11-28 23:00:00,84.032424,158.128078,0.364737,212.969279,260.280023,0.401667,267.367217,1119.059328,0.598333,362.894084,1506.393974,59.291495,168.064847,0.014717
Analog-minimos-cuadrados,2023-11-29 23:00:00,118.494863,224.096173,0.224123,291.507875,394.709401,0.405,404.586311,1720.271907,0.566667,540.382945,2485.708755,103.664658,236.989725,0.016735
Analog-minimos-cuadrados,2023-11-30 23:00:00,154.2897,286.971119,0.262421,450.881431,569.320591,0.703333,855.362803,1532.167671,0.855,1136.59924,1774.636139,48.780136,308.579401,0.01638
Analog-minimos-cuadrados,2023-12-01 23:00:00,81.354316,151.811826,0.142614,168.827589,212.138644,0.88,1190.188224,1320.405879,0.925,1484.408362,1660.962757,51.283079,162.708631,0.017388
Analog-minimos-cuadrados,2023-12-02 23:00:00,208.863394,389.144501,0.432965,531.505014,560.033617,0.22,961.897112,2779.782467,0.425,1289.308451,3287.797664,65.709404,417.726787,0.014194
Analog-minimos-cuadrados,2023-12-03 23:00:00,40.969125,76.419646,0.200474,76.662757,115.397057,0.923333,737.539302,778.802313,0.97,1060.578576,1072.088361,28.527367,81.938251,0.015351
Analog-minimos-cuadrados,2023-12-04 23:00:00,34.406288,64.032136,0.14093,96.061594,130.256887,0.655,220.916547,369.682643,0.831667,287.303928,413.645358,12.154339,68.812576,0.014755
Analog-minimos-cuadrados,2023-12-05 23:00:00,17.627452,32.850644,0.175526,35.597875,42.527909,0.961667,303.742563,305.683296,0.986667,413.771855,415.12234,15.281321,35.254904,0.014556
Analog-minimos-cuadrados,2023-12-06 23:00:00,26.188909,49.231429,0.165474,62.600406,103.832647,0.826667,256.027787,404.715144,0.875,358.336903,574.771819,17.766618,52.377817,0.015631
Analog-minimos-cuadrados,2023-12-07 23:00:00,61.175262,114.717254,0.207684,152.282592,201.573851,0.453333,226.663999,852.42628,0.586667,308.391047,1164.09979,40.593757,122.350524,0.015516
Analog-minimos-cuadrados,2023-12-08 23:00:00,70.639122,132.34101,0.379053,174.392845,200.289423,0.215,412.734597,996.038341,0.328333,543.966023,1338.135919,28.812793,141.278243,0.015254
Analog-minimos-cuadrados,2023-12-09 23:00:00,41.749345,77.925816,0.21086,103.013043,127.387119,0.87,475.427222,588.882483,0.931667,659.63587,772.721706,25.515839,83.49869,0.015671
Analog-minimos-cuadrados,2023-12-10 23:00:00,45.835868,85.402615,0.192474,118.547401,166.975575,0.816667,400.53156,570.316816,0.905,587.589047,755.484902,22.358171,91.671736,0.015774
Analog-minimos-cuadrados,2023-12-11 23:00:00,52.586084,98.352195,0.335544,138.908414,162.159803,0.42,348.834178,655.411059,0.6,482.679119,851.743287,33.25,105.172169,0.01445
Analog-minimos-cuadrados,2023-12-12 23:00:00,106.564053,198.921978,0.237509,275.711454,409.086037,0.515,345.889401,1410.042344,0.7,507.895497,1840.63025,71.169634,213.128106,0.013956
Analog-minimos-cuadrados,2023-12-13 23:00:00,47.339069,88.123559,0.151789,111.426076,141.458497,0.935,657.988704,699.896851,0.963333,841.522938,886.972468,31.202924,94.678138,0.015294
Analog-minimos-cuadrados,2023-12-14 23:00:00,37.283383,69.584965,0.155684,87.009225,106.263851,0.895,537.827249,577.18634,0.946667,762.671313,792.777357,24.943981,74.566766,0.014723
Analog-minimos-cuadrados,2023-12-15 23:00:00,41.40584,77.041538,0.30407,110.734324,123.863694,0.658333,350.78179,493.042297,0.816667,484.067487,585.68617,19.569401,82.81168,0.014845
Analog-minimos-cuadrados,2023-12-16 23:00:00,27.850814,51.878817,0.314333,71.436737,78.65762,0.72,288.198904,339.078502,0.9,426.542527,457.554744,17.239132,55.701628,0.014341
Analog-minimos-cuadrados,2023-12-17 23:00:00,19.937407,37.123008,0.118333,56.310749,70.398785,0.891667,199.347682,228.602429,0.96,283.143591,302.302213,7.585925,39.874813,0.017621
Analog-minimos-cuadrados,2023-12-18 23:00:00,14.705044,27.36487,0.21507,38.151013,49.199044,0.833333,167.20919,187.454435,0.928333,220.563956,235.388662,8.260902,29.410088,0.015212
Analog-minimos-cuadrados,2023-12-19 23:00:00,14.495991,26.983499,0.109579,39.64269,62.424653,0.968333,167.940331,172.550266,0.983333,232.28643,235.989481,6.714306,28.991982,0.014099
Analog-minimos-cuadrados,2023-12-20 23:00:00,19.242485,35.889161,0.216632,50.339108,59.301171,0.645,199.530815,262.768416,0.765,269.951422,341.064406,10.099547,38.48497,0.020804
Analog-minimos-cuadrados,2023-12-21 23:00:00,16.409299,30.549198,0.155579,42.752345,59.369923,0.938333,209.854088,219.460755,0.98,280.965613,284.747463,10.682912,32.818599,0.0161
Analog-minimos-cuadrados,2023-12-22 23:00:00,20.311511,38.141681,0.360474,50.345137,56.75054,0.538333,109.498726,280.288969,0.71,156.353444,397.657999,7.132689,40.623021,0.016067
Analog-minimos-cuadrados,2023-12-23 23:00:00,40.863027,77.315602,0.457333,100.486795,109.838822,0.21,121.702391,593.559911,0.405,173.79368,870.5983,9.87119,81.726053,0.016998
Analog-minimos-cuadrados,2023-12-24 23:00:00,45.535219,86.220826,0.356912,109.087168,140.213583,0.478333,168.59954,703.061673,0.603333,245.207886,1044.217522,12.937961,91.070437,0.016644
Analog-minimos-cuadrados,2023-12-25 23:00:00,17.204677,32.047759,0.172667,40.001673,47.301082,0.921667,259.366962,270.56786,0.981667,405.915743,411.363252,13.259571,34.409355,0.015365
Analog-minimos-cuadrados,2023-12-26 23:00:00,11.254183,21.012071,0.190456,25.700409,34.052222,0.966667,180.924363,186.224987,0.983333,265.018397,268.5056,8.408858,22.508365,0.014242
Analog-minimos-cuadrados,2023-12-27 23:00:00,38.089624,72.519183,0.38686,95.647105,99.02475,0.53,126.24942,557.845376,0.643333,170.188028,895.786775,37.022965,76.179249,0.014491
Analog-minimos-cuadrados,2023-12-28 23:00:00,15.976246,29.73273,0.26914,45.371785,50.668595,0.86,145.548566,183.239909,0.923333,198.756549,222.874669,5.274259,31.952492,0.016397
Analog-minimos-cuadrados,2023-12-29 23:00:00,15.72883,29.370498,0.276298,37.570667,49.672886,0.608333,99.076475,242.730521,0.69,135.655773,327.381752,6.144149,31.457659,0.014804
Analog-minimos-cuadrados,2023-12-30 23:00:00,75.604393,145.835648,0.418158,167.315646,219.43333,0.281667,132.518413,1314.697516,0.328333,190.422916,2265.692248,14.126699,151.208786,0.014141
Analog-minimos-cuadrados,2023-12-31 23:00:00,63.60672,118.544493,0.182544,157.727007,188.327239,0.576667,363.549803,948.139086,0.708333,582.744804,1189.338626,25.902113,127.213439,0.014619
Analog-minimos-cuadrados,2024-01-01 23:00:00,59.644426,110.97057,0.34414,174.252969,195.640044,0.665,379.386173,579.621632,0.826667,523.163728,673.510482,17.243802,119.288853,0.01466
Analog-minimos-cuadrados,2024-01-02 23:00:00,27.788697,51.754613,0.263351,79.711674,90.51267,0.915,306.337898,320.878544,0.973333,436.76661,442.106024,11.110339,55.577394,0.01452
Analog-minimos-cuadrados,2024-01-03 23:00:00,18.978485,35.324503,0.241105,50.160603,77.796603,0.861667,184.383969,225.300807,0.943333,250.682663,274.358539,6.419188,37.956969,0.01525
Analog-minimos-cuadrados,2024-01-04 23:00:00,56.13882,105.266715,0.321491,138.924901,211.868948,0.573333,186.171186,809.330988,0.69,262.761111,1102.505668,41.414191,112.277639,0.015276
Analog-minimos-cuadrados,2024-01-05 23:00:00,29.756663,55.418132,0.122228,76.082445,104.965316,0.903333,384.852821,426.284074,0.931667,533.607366,573.122981,19.291827,59.513326,0.013669
Analog-minimos-cuadrados,2024-01-06 23:00:00,56.946514,106.043808,0.432,152.873615,169.273026,0.365,330.492913,618.170727,0.738333,469.967774,662.609243,21.043056,113.893028,0.014034
Analog-minimos-cuadrados,2024-01-07 23:00:00,31.118054,58.006708,0.237421,88.189734,118.244274,0.921667,381.646387,391.194559,0.991667,537.361194,540.091225,11.038074,62.236109,0.014454
Analog-minimos-cuadrados,2024-01-08 23:00:00,36.752313,68.991299,0.08914,98.004057,142.933952,0.808333,249.168727,464.563147,0.913333,336.542774,631.265811,23.319069,73.504626,0.013852
Analog-minimos-cuadrados,2024-01-09 23:00:00,52.132729,97.158514,0.172211,139.924985,197.230509,0.591667,294.479653,596.267584,0.765,424.605666,731.622956,23.679481,104.265459,0.013599
Analog-minimos-cuadrados,2024-01-10 23:00:00,33.867099,63.065097,0.17886,84.823625,112.074299,0.955,468.926099,483.863786,0.99,629.489021,635.862835,19.254934,67.734198,0.015266
Analog-minimos-cuadrados,2024-01-11 23:00:00,44.08766,82.044803,0.164789,120.066288,173.616895,0.835,343.691967,526.350699,0.921667,457.748853,661.254263,20.204048,88.175321,0.013948
Analog-minimos-cuadrados,2024-01-12 23:00:00,48.768911,90.755465,0.338263,124.95387,140.100237,0.453333,432.956826,602.598114,0.77,606.502014,710.697198,25.279259,97.537822,0.015526
Analog-minimos-cuadrados,2024-01-13 23:00:00,32.565509,60.643689,0.118123,87.656889,109.578525,0.971667,418.047655,434.455078,0.995,579.682242,591.616834,17.924424,65.131018,0.016075
Analog-minimos-cuadrados,2024-01-14 23:00:00,85.597321,159.81673,0.223825,230.593452,293.089196,0.648333,383.334954,984.43742,0.806667,542.948808,1241.285582,40.986486,171.194643,0.016105
Analog-minimos-cuadrados,2024-01-15 23:00:00,224.35649,427.080734,0.44807,550.46296,561.228774,0.246667,531.337477,3362.840037,0.325,679.066363,5417.303049,232.020475,448.712979,0.015906
Analog-minimos-cuadrados,2024-01-16 23:00:00,64.81981,120.846442,0.145404,174.516077,205.045507,0.963333,861.694801,882.773108,0.99,1288.440957,1306.797592,46.453246,129.63962,0.015302
Analog-minimos-cuadrados,2024-01-17 23:00:00,140.763932,266.171726,0.436614,341.431618,370.12957,0.261667,341.725211,2062.754166,0.393333,469.721166,3023.046718,27.291029,281.527863,0.014119
Analog-minimos-cuadrados,2024-01-18 23:00:00,103.214984,192.378771,0.365404,280.814922,305.00769,0.481667,518.928026,1159.294557,0.688333,709.43735,1422.535268,33.234722,206.429968,0.016074
Analog-minimos-cuadrados,2024-01-19 23:00:00,54.268897,101.334789,0.333211,136.080835,152.671332,0.556667,392.88948,737.479252,0.676667,569.663666,966.3596,24.321704,108.537794,0.014771
Analog-minimos-cuadrados,2024-01-20 23:00:00,51.552386,95.89602,0.227035,141.739165,195.165505,0.696667,285.287677,557.765564,0.878333,421.434065,609.59432,21.611015,103.104771,0.013134
Analog-minimos-cuadrados,2024-01-21 23:00:00,90.989151,169.472009,0.175719,241.150597,355.999963,0.67,430.613104,1109.94844,0.768333,598.309858,1437.004581,50.829012,181.978302,0.0156
Analog-minimos-cuadrados,2024-01-22 23:00:00,86.608089,161.194702,0.138737,247.151961,349.37799,0.738333,660.920101,870.994329,0.891667,892.957712,1072.293167,32.156604,173.216177,0.014591
Analog-minimos-cuadrados,2024-01-23 23:00:00,79.602832,148.293984,0.125053,223.99043,288.578374,0.863333,893.076281,943.751,0.966667,1215.29599,1232.722225,33.474746,159.205663,0.013836
Analog-minimos-cuadrados,2024-01-24 23:00:00,172.877922,322.619278,0.238754,468.848375,564.273219,0.69,936.525457,2083.641763,0.81,1267.089543,2632.750943,87.629155,345.755845,0.014951
Analog-minimos-cuadrados,2024-01-25 23:00:00,163.780874,308.105657,0.181,408.701985,572.113283,0.685,1152.050664,2279.865651,0.763333,1547.443696,3296.810604,98.73249,327.561747,0.01429
Analog-minimos-cuadrados,2024-01-26 23:00:00,180.882977,337.041137,0.237825,466.934933,551.335103,0.666667,1248.716404,2301.678675,0.833333,1742.890337,2891.531378,79.866068,361.765954,0.015072
Analog-minimos-cuadrados,2024-01-27 23:00:00,123.511676,229.773211,0.267175,334.008623,358.431403,0.801667,1122.04086,1549.576612,0.895,1612.277723,1951.788351,63.848542,247.023352,0.015559
Analog-minimos-cuadrados,2024-01-28 23:00:00,60.292094,112.586079,0.149807,155.001073,223.063772,0.866667,601.621802,798.310335,0.935,861.775093,1083.762304,33.674801,120.584189,0.016492
Analog-minimos-cuadrados,2024-01-29 23:00:00,36.269895,67.478877,0.182719,96.764349,128.275391,0.896667,434.106636,463.639064,0.98,573.263461,578.865756,23.257102,72.539789,0.014202
Analog-minimos-cuadrados,2024-01-30 23:00:00,22.416238,41.776128,0.200649,53.884949,66.549547,0.898333,313.374035,333.126182,0.965,445.878623,459.39041,15.580441,44.832477,0.013879
Analog-minimos-cuadrados,2024-01-31 23:00:00,58.314602,110.419803,0.175193,136.155611,260.159125,0.633333,138.023919,942.358428,0.726667,210.633939,1525.274584,65.254153,116.629203,0.014203
Analog-minimos-cuadrados,2024-02-01 23:00:00,30.268254,56.360824,0.231649,72.167842,89.310509,0.92,429.846676,438.01019,0.99,561.851438,562.340242,22.255126,60.536508,0.015593
Analog-minimos-cuadrados,2024-02-02 23:00:00,31.908945,59.329861,0.261789,82.609327,106.587268,0.821667,345.996071,404.057184,0.96,471.170782,491.687683,18.476249,63.81789,0.01497
Analog-minimos-cuadrados,2024-02-03 23:00:00,37.697685,70.292838,0.20514,97.33203,139.528614,0.646667,242.979253,461.806258,0.863333,346.634801,537.379085,16.033654,75.39537,0.013301
Analog-minimos-cuadrados,2024-02-04 23:00:00,21.260161,39.643001,0.143333,51.35417,63.833998,0.976667,328.599611,332.096729,0.995,465.587316,467.196957,15.461556,42.520321,0.014276
Analog-minimos-cuadrados,2024-02-05 23:00:00,16.048433,29.972426,0.105737,37.600798,50.253287,0.965,243.456613,246.779228,0.993333,370.936907,371.344817,11.951109,32.096866,0.015338
Analog-minimos-cuadrados,2024-02-06 23:00:00,19.108365,35.612802,0.162737,50.415749,74.435147,0.795,130.326019,249.835646,0.856667,174.759892,297.791433,8.712629,38.21673,0.015599
Analog-minimos-cuadrados,2024-02-07 23:00:00,93.634875,179.153358,0.337579,215.862412,318.429971,0.463333,160.616008,1520.902602,0.555,215.208098,2500.55275,109.906822,187.26975,0.0173
Analog-minimos-cuadrados,2024-02-08 23:00:00,43.757917,81.40734,0.216754,113.817412,131.684806,0.775,539.2032,573.654062,0.931667,726.470162,738.945928,28.338687,87.515834,0.01579
Analog-minimos-cuadrados,2024-02-09 23:00:00,34.623643,64.471507,0.164912,91.004312,134.654833,0.923333,407.829675,454.709955,0.966667,563.803887,602.394127,21.009788,69.247287,0.015412
Analog-minimos-cuadrados,2024-02-10 23:00:00,38.098503,71.292604,0.298456,98.482615,117.017485,0.546667,239.281371,496.295672,0.701667,344.542987,664.660548,17.148305,76.197007,0.014709
Analog-minimos-cuadrados,2024-02-11 23:00:00,49.44906,92.308642,0.152982,131.223423,190.200575,0.618333,258.005335,585.41369,0.801667,373.04765,705.93639,19.711419,98.898119,0.014407
Analog-minimos-cuadrados,2024-02-12 23:00:00,49.137366,91.506523,0.345281,128.51925,152.47459,0.386667,341.311699,618.714341,0.55,453.036222,758.835801,21.316522,98.274731,0.015958
Analog-minimos-cuadrados,2024-02-13 23:00:00,17.150566,31.995466,0.159351,40.137019,54.628402,0.903333,225.911532,244.981982,0.976667,329.857246,339.883371,8.712089,34.301131,0.015399
Analog-minimos-cuadrados,2024-02-14 23:00:00,135.226387,264.568504,0.235842,288.93206,494.995462,0.22,96.357019,2494.153218,0.288333,135.989053,4597.489165,205.800678,270.452775,0.015655
Analog-minimos-cuadrados,2024-02-15 23:00:00,198.840944,371.981836,0.22493,542.59475,679.069133,0.618333,758.153147,2318.332223,0.76,1017.420644,2956.485539,108.331247,397.681888,0.016753
Analog-minimos-cuadrados,2024-02-16 23:00:00,149.385488,278.137267,0.350351,395.647778,453.741342,0.44,1071.962731,1798.203896,0.625,1445.13145,2227.48739,67.723919,298.770975,0.013948
Analog-minimos-cuadrados,2024-02-17 23:00:00,62.281537,115.983768,0.268421,163.02701,188.920284,0.875,739.070342,836.282639,0.936667,1088.460692,1176.034261,39.726277,124.563075,0.01633
Analog-minimos-cuadrados,2024-02-18 23:00:00,22.159941,41.372608,0.108456,48.084831,63.202947,0.946667,356.380578,388.650513,0.981667,528.648607,559.98953,14.929788,44.319881,0.015962
Analog-minimos-cuadrados,2024-02-19 23:00:00,21.382243,39.916006,0.318526,54.846231,67.026173,0.503333,149.680656,284.031063,0.603333,206.49034,371.219871,9.945676,42.764486,0.015642
Analog-minimos-cuadrados,2024-02-20 23:00:00,22.115713,41.303145,0.261719,57.31133,73.251006,0.528333,105.887543,281.666732,0.731667,160.24876,356.900724,8.880014,44.231426,0.015365
Analog-minimos-cuadrados,2024-02-21 23:00:00,161.594784,314.583856,0.376544,351.592572,604.413019,0.43,143.614933,2893.825473,0.563333,200.082136,5294.161627,242.750188,323.189568,0.016387
Analog-minimos-cuadrados,2024-02-22 23:00:00,86.875933,161.566227,0.249246,215.44606,298.659971,0.79,1031.403088,1157.232954,0.905,1380.745939,1436.722444,60.978268,173.751866,0.015543
Analog-minimos-cuadrados,2024-02-23 23:00:00,34.389788,64.148484,0.150895,79.2009,93.927825,0.948333,555.520424,566.234664,0.996667,812.082474,814.271545,23.818434,68.779576,0.015524
Analog-minimos-cuadrados,2024-02-24 23:00:00,32.773969,61.383523,0.375842,81.173638,95.624633,0.396667,199.390026,455.538139,0.648333,290.994981,608.016351,14.906379,65.547939,0.016429
Analog-minimos-cuadrados,2024-02-25 23:00:00,116.959603,224.608902,0.223298,264.731019,484.465862,0.646667,208.988346,1986.559592,0.696667,296.951722,3426.405167,151.432865,233.919206,0.017147
Analog-minimos-cuadrados,2024-02-26 23:00:00,65.637118,122.142308,0.179404,167.850508,244.92872,0.891667,788.221318,887.210088,0.958333,1066.323007,1089.233174,39.986397,131.274236,0.015739
Analog-minimos-cuadrados,2024-02-27 23:00:00,56.637918,105.451169,0.126018,140.185014,214.446878,0.963333,781.46858,817.48392,0.995,1052.478894,1053.941583,33.301569,113.275836,0.015133
Analog-minimos-cuadrados,2024-02-28 23:00:00,66.970989,124.729273,0.23607,177.534191,247.928479,0.84,747.577272,866.099738,0.931667,1021.304863,1131.935877,45.030431,133.941977,0.01517
Analog-minimos-cuadrados,2024-02-29 23:00:00,134.090371,250.773524,0.260386,340.886886,581.693736,0.77,559.194085,1865.78586,0.84,791.5083,2343.623468,85.577287,268.180742,0.015849
Analog-minimos-cuadrados,2024-03-01 23:00:00,72.53391,135.264291,0.158053,158.976791,214.704442,0.933333,1091.752756,1192.665059,0.961667,1457.573926,1607.858072,61.393845,145.067821,0.016732
Analog-minimos-cuadrados,2024-03-02 23:00:00,85.859554,159.620578,0.219789,234.859038,298.622848,0.781667,841.597153,986.59204,0.921667,1140.732455,1235.057758,42.261266,171.719108,0.015931
Analog-minimos-cuadrados,2024-03-03 23:00:00,74.496545,138.823707,0.144281,178.984181,248.68692,0.87,945.78062,1070.262739,0.92,1328.713233,1430.968472,43.785023,148.993089,0.015219
Analog-minimos-cuadrados,2024-03-04 23:00:00,80.686611,150.527859,0.143175,214.382432,287.611798,0.708333,753.877695,1000.191695,0.878333,991.217273,1266.619861,41.024116,161.373221,0.01641
Analog-minimos-cuadrados,2024-03-05 23:00:00,98.119584,182.61707,0.15707,272.825607,349.77387,0.83,847.459395,1046.599727,0.94,1203.426017,1329.091,38.605864,196.239168,0.016365
Analog-minimos-cuadrados,2024-03-06 23:00:00,117.163098,218.511139,0.199035,328.364761,430.234537,0.866667,979.059844,1359.151291,0.948333,1313.850254,1648.17127,47.401554,234.326196,0.016852
Analog-minimos-cuadrados,2024-03-07 23:00:00,183.74014,343.652355,0.15314,469.802656,569.332532,0.695,1013.097899,2532.836628,0.771667,1348.261151,3389.567443,106.519171,367.48028,0.016119
Analog-minimos-cuadrados,2024-03-08 23:00:00,183.451998,343.49548,0.145526,478.991289,593.071124,0.711667,1050.327516,2314.274656,0.846667,1382.428376,2899.534596,81.221777,366.903996,0.016662
Analog-minimos-cuadrados,2024-03-09 23:00:00,319.970595,603.471527,0.380298,777.816376,830.742837,0.35,1063.718453,4685.38764,0.473333,1397.898659,6760.080457,81.559443,639.941189,0.015354
Analog-minimos-cuadrados,2024-03-10 23:00:00,79.157776,147.398972,0.148684,190.463418,249.683288,0.911667,984.704442,1082.391227,0.961667,1350.47727,1428.949686,42.334298,158.315551,0.017418
Analog-minimos-cuadrados,2024-03-11 23:00:00,123.853655,237.185992,0.189088,284.589865,440.488175,0.543333,415.946035,2012.423847,0.628333,607.811017,3368.226586,144.056492,247.70731,0.015251
Analog-minimos-cuadrados,2024-03-12 23:00:00,156.555099,292.443454,0.177088,430.694978,510.184702,0.688333,752.688651,1794.690574,0.825,1006.003978,2331.225434,81.22266,313.110198,0.016852
Analog-minimos-cuadrados,2024-03-13 23:00:00,128.866105,240.198445,0.192877,351.151533,439.494434,0.765,968.689792,1553.409159,0.866667,1316.685727,1992.583386,61.807085,257.73221,0.015575
Analog-minimos-cuadrados,2024-03-14 23:00:00,230.123988,433.631426,0.351947,598.816661,724.889742,0.488333,810.283158,3091.826714,0.648333,1065.836192,4391.99374,170.726544,460.247977,0.014201
Analog-minimos-cuadrados,2024-03-15 23:00:00,308.428371,592.445003,0.340509,727.617648,837.062728,0.428333,1119.8732,4926.567195,0.531667,1508.116994,8249.645821,88.994402,616.856742,0.016641
Analog-minimos-cuadrados,2024-03-16 23:00:00,166.3229,309.357555,0.294807,480.645939,526.813916,0.865,1458.245475,1696.889686,0.95,2026.5687,2189.776385,76.920078,332.645799,0.014958
Analog-minimos-cuadrados,2024-03-17 23:00:00,143.477776,267.768998,0.389193,376.408489,434.673896,0.356667,805.441762,1739.9368,0.583333,1133.084775,2063.268852,56.234611,286.955552,0.015646
Analog-minimos-cuadrados,2024-03-18 23:00:00,160.903627,301.693545,0.257228,399.175954,574.128388,0.57,441.861326,2147.62429,0.685,678.867947,2903.195176,114.493825,321.807254,0.01769
Analog-minimos-cuadrados,2024-03-19 23:00:00,213.606264,398.421173,0.275386,576.546986,720.815252,0.676667,922.320732,2455.556279,0.813333,1231.0063,2793.725652,94.746519,427.212528,0.01659
Analog-minimos-cuadrados,2024-03-20 23:00:00,411.648939,777.254931,0.196333,985.725386,1380.69578,0.603333,1121.17633,6278.855975,0.69,1519.753444,9166.863263,385.525877,823.297878,0.01596
Analog-minimos-cuadrados,2024-03-21 23:00:00,307.935506,574.956251,0.288544,807.395702,921.648961,0.548333,2185.776687,3921.778029,0.671667,2775.555215,4965.614674,126.80007,615.871011,0.014737
Analog-minimos-cuadrados,2024-03-22 23:00:00,219.533609,408.88083,0.334842,579.474587,649.577393,0.558333,1443.244936,2610.638486,0.761667,2046.5714,3131.554668,92.733792,439.067218,0.015555
Analog-minimos-cuadrados,2024-03-23 23:00:00,91.048467,169.720909,0.265544,248.453498,274.586325,0.841667,886.037191,1194.344384,0.911667,1285.4328,1579.737669,47.214811,182.096934,0.016529
Analog-minimos-cuadrados,2024-03-24 23:00:00,27.137992,50.58528,0.159614,57.449907,72.410064,0.873333,422.533003,441.50214,0.946667,594.243339,603.096291,22.379676,54.275984,0.014509
Analog-minimos-cuadrados,2024-03-25 23:00:00,70.498612,136.114068,0.193421,157.767427,276.091013,0.818333,238.992579,1216.482139,0.89,337.361329,2145.591597,97.248837,140.997224,0.014554
Analog-minimos-cuadrados,2024-03-26 23:00:00,138.166244,263.509983,0.273,326.793524,520.253435,0.545,485.394495,2140.37398,0.65,643.333691,3308.522123,141.474403,276.332488,0.01577
Analog-minimos-cuadrados,2024-03-27 23:00:00,118.528608,221.31152,0.288754,306.919251,362.580217,0.455,822.270728,1588.092957,0.628333,1112.404363,2036.299827,55.676426,237.057216,0.014216
Analog-minimos-cuadrados,2024-03-28 23:00:00,51.701688,96.268509,0.210842,131.019629,168.374135,0.725,598.481251,737.081474,0.84,937.74985,1076.397157,41.137263,103.403376,0.014921
Analog-minimos-cuadrados,2024-03-29 23:00:00,37.832406,70.728993,0.098105,95.847303,144.696943,0.855,334.936709,537.890754,0.893333,471.849573,766.6546,29.038291,75.664812,0.015995
Analog-minimos-cuadrados,2024-03-30 23:00:00,21.39655,39.84596,0.154965,52.417165,66.739208,0.956667,297.355187,307.407089,0.986667,394.227198,397.712796,13.729995,42.793099,0.014991
Analog-minimos-cuadrados,2024-03-31 23:00:00,204.957867,391.681365,0.303544,466.024005,610.859661,0.378333,275.559338,3416.04612,0.456667,361.20352,5673.021298,254.757811,409.915735,0.014852
Analog-minimos-cuadrados,2024-04-01 23:00:00,146.018182,272.456037,0.240035,414.060182,557.442846,0.745,982.71215,1594.954712,0.883333,1307.258778,1942.997678,48.506896,292.036363,0.015622
Analog-minimos-cuadrados,2024-04-02 23:00:00,85.093431,158.406028,0.122491,219.674908,291.065458,0.88,1050.838294,1150.773235,0.938333,1406.427058,1500.169177,49.06871,170.186863,0.014741
Analog-minimos-cuadrados,2024-04-03 23:00:00,104.948963,196.974487,0.233263,251.66932,304.838953,0.615,706.236887,1625.591368,0.698333,982.281169,2304.109931,40.961464,209.897926,0.015168
Analog-minimos-cuadrados,2024-04-04 23:00:00,142.847905,267.342638,0.168211,360.572574,420.100649,0.53,568.724279,1964.388051,0.63,809.002612,2615.462119,66.874241,285.69581,0.01602
Analog-minimos-cuadrados,2024-04-05 23:00:00,141.45531,264.125809,0.180772,368.861754,470.261117,0.718333,850.367111,1828.16982,0.82,1158.440708,2243.85491,79.469988,282.910621,0.01428
Analog-minimos-cuadrados,2024-04-06 23:00:00,150.107738,279.290103,0.263263,383.103424,456.214469,0.598333,1045.224692,1947.426703,0.738333,1405.466004,2314.671396,61.327915,300.215476,0.015065
Analog-minimos-cuadrados,2024-04-07 23:00:00,145.138093,270.178303,0.223421,414.938665,490.77776,0.746667,1109.568368,1599.35765,0.87,1575.33166,1857.862237,44.816119,290.276186,0.012836
Analog-minimos-cuadrados,2024-04-08 23:00:00,124.480163,233.721358,0.182105,319.192758,484.598774,0.633333,857.62709,1767.650609,0.721667,1181.086793,2560.117016,78.96402,248.960325,0.014728
Analog-minimos-cuadrados,2024-04-09 23:00:00,105.125257,196.02639,0.111684,272.302128,332.678727,0.783333,946.834515,1355.299681,0.876667,1245.883767,1798.897702,40.92694,210.250514,0.014273
Analog-minimos-cuadrados,2024-04-10 23:00:00,147.599001,275.248848,0.208614,391.217557,500.54698,0.67,1036.466309,1867.697442,0.805,1424.153665,2381.228449,64.895608,295.198001,0.014698
Analog-minimos-cuadrados,2024-04-11 23:00:00,106.179852,197.96019,0.289439,275.803734,307.935612,0.6,788.208442,1360.578619,0.716667,1063.588613,1670.32118,45.638861,212.359705,0.014855
Analog-minimos-cuadrados,2024-04-12 23:00:00,107.834574,201.206765,0.314,279.468033,303.51603,0.436667,675.41043,1378.338057,0.571667,975.254813,1831.738478,41.831655,215.669148,0.012448
Analog-minimos-cuadrados,2024-04-13 23:00:00,95.130301,177.808239,0.168491,252.840163,345.572956,0.575,569.026563,1156.75466,0.703333,784.138372,1447.881147,43.898466,190.260601,0.013932
Analog-minimos-cuadrados,2024-04-14 23:00:00,305.384346,577.380003,0.219684,718.922504,984.575883,0.241667,608.164922,4876.039574,0.336667,824.755269,7271.970258,308.700713,610.768693,0.0167
Analog-minimos-cuadrados,2024-04-15 23:00:00,303.417407,568.668217,0.21686,804.190693,1157.94532,0.73,1544.121325,4023.671702,0.816667,2064.236903,5620.977494,212.252639,606.834813,0.015585
Analog-minimos-cuadrados,2024-04-16 23:00:00,172.492681,321.053436,0.085316,448.845955,623.698928,0.935,2109.575462,2269.972307,0.966667,2734.219729,2866.859394,87.792349,344.985362,0.013904
Analog-minimos-cuadrados,2024-04-17 23:00:00,677.824346,1313.757169,0.144877,1509.065301,3348.732904,0.688333,1712.66851,11734.776071,0.783333,2309.620493,20402.0251,915.462992,1355.648692,0.014775
Analog-minimos-cuadrados,2024-04-18 23:00:00,394.984508,734.727007,0.19286,981.980134,1349.50061,0.906667,5406.745889,5710.437863,0.96,7049.847594,7267.820564,290.936619,789.969017,0.014163
Analog-minimos-cuadrados,2024-04-19 23:00:00,268.257352,499.50315,0.188456,655.386891,812.766018,0.943333,3849.311957,4086.916652,0.965,5214.728309,5491.419595,193.714838,536.514705,0.014369
Analog-minimos-cuadrados,2024-04-20 23:00:00,249.164857,463.238208,0.334579,676.951636,750.162157,0.548333,1827.834219,2728.916387,0.798333,2598.287645,3131.534596,110.602608,498.329714,0.014302
Analog-minimos-cuadrados,2024-04-21 23:00:00,164.15287,305.973314,0.276877,424.297893,503.427628,0.61,1348.470972,2133.071504,0.735,1888.568662,2756.343968,85.727976,328.305739,0.014472
Analog-minimos-cuadrados,2024-04-22 23:00:00,44.35954,82.72286,0.145263,101.487161,187.4392,0.931667,564.536876,694.61646,0.965,808.070005,951.62178,33.670532,88.719079,0.016271
Analog-minimos-cuadrados,2024-04-23 23:00:00,77.116602,143.679234,0.27093,206.480921,307.595223,0.718333,425.767248,943.237804,0.806667,574.050527,1105.835533,34.674383,154.233204,0.015298
Analog-minimos-cuadrados,2024-04-24 23:00:00,86.37313,161.652541,0.16207,233.367479,350.910981,0.691667,525.94904,1073.653914,0.863333,689.359251,1398.459476,53.891346,172.746259,0.014949
Analog-minimos-cuadrados,2024-04-25 23:00:00,195.283678,365.848451,0.11207,509.252604,772.702639,0.665,842.241219,2435.621692,0.795,1111.520296,3199.346719,120.026088,390.567356,0.01463
Analog-minimos-cuadrados,2024-04-26 23:00:00,119.53601,222.324483,0.135018,312.648131,385.408644,0.895,1447.140248,1538.077326,0.966667,1907.511132,1961.700697,70.926361,239.07202,0.015699
Analog-minimos-cuadrados,2024-04-27 23:00:00,120.699231,224.644927,0.141158,306.457658,374.643238,0.871667,1353.703715,1553.10759,0.963333,1882.369743,2011.978631,71.893453,241.398462,0.016085
Analog-minimos-cuadrados,2024-04-28 23:00:00,293.332745,551.105468,0.218544,745.767478,1019.260397,0.56,1086.216654,4062.167488,0.676667,1471.662,5432.429155,213.992144,586.66549,0.014867
Analog-minimos-cuadrados,2024-04-29 23:00:00,175.748911,327.385073,0.133035,458.738683,609.063679,0.825,1646.908854,2228.073748,0.906667,2239.288,2915.153683,91.786108,351.497821,0.01547
Analog-minimos-cuadrados,2024-04-30 23:00:00,340.838217,637.387161,0.424211,887.814673,981.827029,0.263333,1642.331818,4366.080791,0.455,2215.172348,5573.370372,111.526661,681.676434,0.016485
Analog-minimos-cuadrados,2024-05-01 23:00:00,199.019675,370.83928,0.094702,533.021476,833.48,0.796667,1331.363098,2482.273662,0.891667,1993.502796,2860.312114,81.896233,398.03935,0.014915
Analog-minimos-cuadrados,2024-05-02 23:00:00,290.118643,540.537849,0.27,816.723565,1097.193119,0.736667,1568.601487,3181.25562,0.871667,2087.646214,3802.188729,120.456353,580.237286,0.015592
Analog-minimos-cuadrados,2024-05-03 23:00:00,247.853987,461.36671,0.214333,663.09784,794.631526,0.663333,1955.434048,2967.253559,0.823333,2639.577197,3574.295789,119.333235,495.707974,0.014838
Analog-minimos-cuadrados,2024-05-04 23:00:00,173.35191,322.624689,0.199298,471.210487,553.394463,0.895,1934.238433,2022.103338,0.98,2767.791583,2802.179091,94.818239,346.703819,0.014417
Analog-minimos-cuadrados,2024-05-05 23:00:00,211.586013,394.706142,0.15286,586.981415,788.919203,0.76,1570.1152,2401.835797,0.891667,2227.84094,3023.8214,93.726126,423.172026,0.015359
Analog-minimos-cuadrados,2024-05-06 23:00:00,184.340993,343.477395,0.156737,477.00247,694.758046,0.793333,1579.652147,2310.637255,0.861667,2124.990754,2890.079492,79.822202,368.681985,0.014713
Analog-minimos-cuadrados,2024-05-07 23:00:00,950.726238,1815.336123,0.267316,2204.520005,3525.699113,0.495,1857.957945,15319.538966,0.6,2562.948734,24761.56127,1088.150975,1901.452476,0.016145
Analog-minimos-cuadrados,2024-05-08 23:00:00,669.06637,1254.696758,0.236439,1773.09364,2567.047108,0.676667,5678.577212,8325.798611,0.855,7078.345097,11228.126748,451.373127,1338.13274,0.014371
Analog-minimos-cuadrados,2024-05-09 23:00:00,693.899845,1291.019931,0.302,1835.471358,2619.818046,0.668333,5622.988697,8792.910893,0.781667,7253.652232,10527.093422,322.891421,1387.799689,0.015276
Analog-minimos-cuadrados,2024-05-10 23:00:00,241.965179,450.509503,0.100684,567.373125,700.004112,0.941667,3737.021733,3866.968462,0.986667,5165.881679,5206.416041,175.332817,483.930357,0.015536
Analog-minimos-cuadrados,2024-05-11 23:00:00,262.524351,497.199309,0.380789,640.760704,706.488243,0.39,1245.958679,3950.605764,0.465,1672.021664,5985.742567,87.003356,525.048702,0.01654
Analog-minimos-cuadrados,2024-05-12 23:00:00,345.804658,649.805612,0.105281,858.323138,1474.999156,0.621667,1207.871875,4801.758516,0.765,1655.991393,6584.905114,262.212879,691.609317,0.01442
Analog-minimos-cuadrados,2024-05-13 23:00:00,188.53507,350.896104,0.119544,453.365939,588.98857,0.961667,2680.263869,2724.17779,0.983333,3497.690443,3526.397391,138.00264,377.070139,0.014864
Analog-minimos-cuadrados,2024-05-14 23:00:00,139.415894,259.620575,0.118281,358.352401,448.077457,0.81,1577.785926,1963.328413,0.928333,2279.425753,2475.859959,80.000957,278.831788,0.015982
Analog-minimos-cuadrados,2024-05-15 23:00:00,314.590326,590.298189,0.153772,784.053331,1069.970077,0.365,994.95135,4447.566797,0.486667,1355.910957,6069.265779,155.320383,629.180651,0.013368
Analog-minimos-cuadrados,2024-05-16 23:00:00,131.353181,244.656924,0.114684,300.898222,382.128134,0.965,2062.999352,2116.808518,0.99,2728.086363,2743.249344,96.174392,262.706363,0.014838
Analog-minimos-cuadrados,2024-05-17 23:00:00,158.5947,295.204243,0.096579,385.086613,474.209538,0.79,1687.228176,2114.081978,0.925,2357.575927,2571.011336,81.605348,317.1894,0.015585
Analog-minimos-cuadrados,2024-05-18 23:00:00,277.34533,521.51584,0.228175,693.220038,804.214279,0.505,1251.305278,3950.247913,0.626667,1687.620718,5606.969108,213.252366,554.690659,0.015681
Analog-minimos-cuadrados,2024-05-19 23:00:00,612.159593,1157.145184,0.295158,1491.164087,2233.548391,0.478333,1700.005314,9040.886381,0.6,2258.310576,13394.004007,565.654008,1224.319186,0.016072
Analog-minimos-cuadrados,2024-05-20 23:00:00,356.613904,664.659754,0.120386,924.28997,1468.349583,0.775,2830.594352,4618.789906,0.868333,3768.775947,5444.367438,170.992157,713.227809,0.015866
Analog-minimos-cuadrados,2024-05-21 23:00:00,382.638071,711.837152,0.137842,974.859421,1495.173637,0.878333,3889.354223,5169.295902,0.958333,5512.482935,6186.54753,220.609413,765.276143,0.01513
Analog-minimos-cuadrados,2024-05-22 23:00:00,379.600713,706.78181,0.070544,967.046886,1469.955336,0.813333,3980.674454,4865.843175,0.891667,5470.88359,6269.349337,212.399923,759.201426,0.017294
Analog-minimos-cuadrados,2024-05-23 23:00:00,1421.723699,2713.180122,0.108772,3347.334603,6000.388809,0.595,3303.173274,22525.941936,0.733333,4783.397015,34824.287159,1518.611679,2843.447398,0.018102
Analog-minimos-cuadrados,2024-05-24 23:00:00,844.246999,1571.071837,0.123509,2087.193548,2803.420732,0.791667,9269.285823,11312.672916,0.888333,12273.431669,14073.053394,472.698607,1688.493998,0.015285
Analog-minimos-cuadrados,2024-05-25 23:00:00,886.274688,1651.318136,0.283702,2243.544921,2599.481859,0.575,7597.381562,12186.130428,0.745,10364.316168,14361.838052,452.239784,1772.549376,0.015989
Analog-minimos-cuadrados,2024-05-26 23:00:00,540.066243,1005.13228,0.112035,1298.907327,1930.681689,0.855,6514.589802,7361.157815,0.966667,8749.076889,9374.994689,312.701668,1080.132486,0.016467
Analog-minimos-cuadrados,2024-05-27 23:00:00,409.966348,763.01719,0.098614,1016.501664,1424.170625,0.878333,5115.631859,5725.119112,0.955,6795.477507,7060.681223,223.329444,819.932697,0.016724
Analog-minimos-cuadrados,2024-05-28 23:00:00,397.334638,739.631944,0.124421,1107.857621,1384.590041,0.845,4417.228239,4816.261568,0.965,6169.070259,6278.285339,211.179215,794.669277,0.016499
Analog-minimos-cuadrados,2024-05-29 23:00:00,773.953763,1445.108779,0.448246,1973.176528,2126.972416,0.215,3728.262709,10462.156752,0.353333,5171.11399,13650.534042,265.591451,1547.907527,0.015193
Analog-minimos-cuadrados,2024-05-30 23:00:00,268.911686,501.141653,0.161088,681.914931,895.814175,0.76,2659.925543,3877.817583,0.846667,4147.145338,5433.486627,183.763628,537.823372,0.016354
Analog-minimos-cuadrados,2024-05-31 23:00:00,110.827743,206.724346,0.137807,267.952266,335.500279,0.763333,1089.540369,1574.872421,0.855,1458.43067,2008.292928,54.605757,221.655487,0.016372
Analog-minimos-cuadrados,2024-06-01 23:00:00,190.229802,358.569981,0.339702,475.788067,540.934436,0.346667,872.539855,2755.754212,0.468333,1218.464557,3855.321099,96.567998,380.459603,0.015039
Analog-minimos-cuadrados,2024-06-02 23:00:00,131.442407,245.50723,0.128842,349.67027,446.984573,0.626667,968.525959,1604.388269,0.736667,1385.031204,2139.142173,48.187137,262.884813,0.015321
Analog-minimos-cuadrados,2024-06-03 23:00:00,447.900639,852.707422,0.336158,1077.052078,1785.438336,0.436667,1017.538497,6886.008875,0.566667,1369.374635,10730.886711,461.343595,895.801278,0.015907
Analog-minimos-cuadrados,2024-06-04 23:00:00,753.15243,1418.1517,0.152035,1865.445836,3136.156037,0.646667,2520.253559,11048.230578,0.755,3353.629002,15738.893568,647.340659,1506.304859,0.016455
Analog-minimos-cuadrados,2024-06-05 23:00:00,675.63571,1258.521409,0.101333,1825.230371,2640.164366,0.773333,5028.590494,7911.339224,0.88,6930.040556,9654.470113,310.937338,1351.27142,0.015622
Analog-minimos-cuadrados,2024-06-06 23:00:00,608.535,1136.445408,0.087807,1653.492435,2291.724315,0.833333,5187.287656,7117.4282,0.926667,7269.397714,9354.821255,274.604503,1217.07,0.017137
Analog-minimos-cuadrados,2024-06-07 23:00:00,854.127224,1595.870851,0.31286,2243.278049,2583.375492,0.45,5601.178235,11055.783019,0.585,7696.554446,14401.534325,349.843825,1708.254448,0.015678
Analog-minimos-cuadrados,2024-06-08 23:00:00,749.588033,1394.335405,0.376754,1926.245356,2164.813572,0.38,4750.243941,9407.94055,0.683333,6593.786702,10708.480938,306.762899,1499.176066,0.014526
Analog-minimos-cuadrados,2024-06-09 23:00:00,827.516807,1548.067093,0.166263,2085.906279,3310.523266,0.625,2894.846212,11425.247905,0.77,4405.098046,13651.905204,500.029153,1655.033613,0.017353
Analog-minimos-cuadrados,2024-06-10 23:00:00,937.786497,1749.52008,0.233825,2539.881305,3558.523059,0.625,4658.715382,11654.204213,0.728333,6048.664593,14516.763612,523.811591,1875.572994,0.016002
Analog-minimos-cuadrados,2024-06-11 23:00:00,613.328931,1139.661341,0.271474,1636.494587,1993.421389,0.69,5698.634682,7387.518991,0.873333,7491.780842,8582.220904,306.504286,1226.657861,0.016882
Analog-minimos-cuadrados,2024-06-12 23:00:00,874.814849,1633.749793,0.141211,2313.202475,3594.581563,0.678333,4040.230589,10387.464686,0.831667,5877.697602,12903.449227,445.065198,1749.629697,0.016351
Analog-minimos-cuadrados,2024-06-13 23:00:00,740.915178,1380.093564,0.075895,2062.743279,2802.328879,0.79,6733.941643,8585.056607,0.86,8849.632856,10836.65828,311.565072,1481.830357,0.016365
Analog-minimos-cuadrados,2024-06-14 23:00:00,780.890313,1462.157819,0.193088,1979.64525,2671.246489,0.625,6260.823865,10693.294224,0.71,8441.111402,14731.018366,369.989943,1561.780626,0.016541
Analog-minimos-cuadrados,2024-06-15 23:00:00,688.297761,1288.082242,0.275246,1632.987273,1899.880759,0.55,4215.18956,10141.836148,0.625,5773.790396,14126.385133,262.722841,1376.595522,0.014894
Analog-minimos-cuadrados,2024-06-16 23:00:00,622.229704,1159.096284,0.082912,1591.325733,2341.270246,0.723333,4484.689422,7824.661619,0.835,6065.018983,9892.310863,317.454071,1244.459408,0.017219
Analog-minimos-cuadrados,2024-06-17 23:00:00,599.40114,1114.903383,0.059298,1586.58944,2611.879397,0.741667,4872.942169,7092.992985,0.891667,6469.021553,7593.633431,238.754235,1198.80228,0.017516
Analog-minimos-cuadrados,2024-06-18 23:00:00,656.755475,1221.592183,0.342123,1806.613778,2042.506869,0.623333,5875.173075,7851.642211,0.793333,7969.904565,9383.585279,348.957758,1313.510951,0.016977
Analog-minimos-cuadrados,2024-06-19 23:00:00,405.764514,755.663564,0.30393,1053.810034,1273.931203,0.693333,4121.389995,5319.65287,0.853333,6044.523387,6977.202596,239.996313,811.529028,0.016019
Analog-minimos-cuadrados,2024-06-20 23:00:00,156.326752,291.074484,0.3,404.872812,462.538787,0.675,1344.98621,1933.18256,0.875,1941.529619,2367.076606,79.042024,312.653504,0.017407
Analog-minimos-cuadrados,2024-06-21 23:00:00,81.568245,151.917732,0.084895,207.477377,279.269724,0.845,926.623074,1077.759949,0.905,1287.222217,1424.894433,45.087441,163.136491,0.016286
Analog-minimos-cuadrados,2024-06-22 23:00:00,143.323679,266.61462,0.218158,376.119842,478.337276,0.403333,775.385979,1607.274162,0.641667,1104.413518,1647.80622,49.094932,286.647359,0.016612
Analog-minimos-cuadrados,2024-06-23 23:00:00,214.242005,398.948282,0.124789,596.487677,736.939004,0.48,1200.771086,2346.248329,0.71,1641.072043,2507.764885,58.04162,428.484009,0.014835
Analog-minimos-cuadrados,2024-06-24 23:00:00,155.893667,290.405953,0.139246,418.095801,508.282929,0.721667,1521.043156,1922.494567,0.82,2046.647937,2528.152197,73.225243,311.787334,0.016753
Analog-minimos-cuadrados,2024-06-25 23:00:00,97.510541,181.637632,0.11486,222.554139,307.951286,0.996667,1547.917685,1552.83401,1.0,2167.064536,2167.064536,68.845282,195.021082,0.016423
Analog-minimos-cuadrados,2024-06-26 23:00:00,149.801688,278.554566,0.17514,415.177454,535.585704,0.85,1385.531357,1636.487603,0.953333,1951.699778,2072.71245,53.947246,299.603377,0.014925
Analog-minimos-cuadrados,2024-06-27 23:00:00,205.468802,382.444976,0.111772,571.876118,710.82647,0.553333,1444.091161,2296.580424,0.746667,1965.692011,2560.737841,68.704207,410.937603,0.01469
Analog-minimos-cuadrados,2024-06-28 23:00:00,217.502125,404.290785,0.254895,597.345102,677.316417,0.506667,1647.667838,2497.101957,0.761667,2304.224152,2858.064423,99.283772,435.004251,0.014908
Analog-minimos-cuadrados,2024-06-29 23:00:00,165.178758,306.852292,0.371772,454.913357,509.877881,0.476667,1328.057742,1882.432993,0.808333,1799.898639,2120.555614,83.096081,330.357517,0.014412
Analog-minimos-cuadrados,2024-06-30 23:00:00,177.806682,331.047624,0.101912,493.800401,680.755307,0.578333,1046.164677,1971.056476,0.766667,1460.230972,2232.83804,59.954726,355.613364,0.015728
Analog-minimos-cuadrados,2024-07-01 23:00:00,97.752291,181.892805,0.158719,244.662336,324.094357,0.923333,1345.62158,1371.291314,0.99,1716.088507,1719.568835,64.546261,195.504583,0.01527
Analog-minimos-cuadrados,2024-07-02 23:00:00,152.213261,283.396035,0.397807,414.92458,493.174303,0.546667,1150.888577,1737.52421,0.766667,1625.863605,2100.098796,75.675266,304.426521,0.015468
Analog-minimos-cuadrados,2024-07-03 23:00:00,61.917515,115.265543,0.085439,176.821663,249.609069,0.883333,559.317032,717.307897,0.94,799.891882,951.900448,30.460752,123.835031,0.017099
Analog-minimos-cuadrados,2024-07-04 23:00:00,76.79024,142.904777,0.133281,215.868658,313.157446,0.56,521.223664,869.068776,0.79,690.272609,1007.238585,33.013146,153.580479,0.01581
Analog-minimos-cuadrados,2024-07-05 23:00:00,163.864819,304.567585,0.263912,446.298434,623.886114,0.641667,774.893723,1816.40962,0.815,1061.95269,1938.270136,60.002058,327.729638,0.016033
Analog-minimos-cuadrados,2024-07-06 23:00:00,127.200729,236.590825,0.229912,324.543822,357.829335,0.585,1216.146389,1721.142875,0.725,1646.407188,2027.200363,68.547589,254.401458,0.014913
Analog-minimos-cuadrados,2024-07-07 23:00:00,220.555394,410.378989,0.097719,625.888807,881.18943,0.611667,1184.264537,2269.191655,0.806667,1670.464214,2472.033315,64.937397,441.110789,0.016487
Analog-minimos-cuadrados,2024-07-08 23:00:00,150.400367,279.76188,0.055474,422.65641,568.610807,0.898333,1531.169177,1786.493822,0.955,2014.865237,2215.448427,70.190194,300.800734,0.016286
Analog-minimos-cuadrados,2024-07-09 23:00:00,122.683407,228.582141,0.121772,292.894258,403.121303,0.988333,1870.599315,1883.389577,1.0,2638.07538,2638.07538,88.395394,245.366814,0.01508
Analog-minimos-cuadrados,2024-07-10 23:00:00,162.469494,302.229373,0.33514,438.505881,510.073458,0.64,1528.560884,1896.441898,0.823333,2073.213395,2432.226664,90.642307,324.938988,0.016313
Analog-minimos-cuadrados,2024-07-11 23:00:00,130.189345,242.331967,0.41114,348.21965,417.18362,0.433333,909.029477,1587.084971,0.65,1257.858958,1931.183733,59.832709,260.37869,0.014435
Analog-minimos-cuadrados,2024-07-12 23:00:00,33.65183,62.756508,0.099754,83.920316,104.879862,0.898333,388.061066,476.586728,0.933333,544.811412,650.210558,22.166814,67.30366,0.01655
Analog-minimos-cuadrados,2024-07-13 23:00:00,65.284836,123.833404,0.361053,158.615126,170.881566,0.163333,219.039873,980.667031,0.213333,301.66388,1480.635143,18.877756,130.569672,0.014384
Analog-minimos-cuadrados,2024-07-14 23:00:00,150.128737,286.162946,0.137509,344.868741,534.649647,0.7,365.669736,2475.989309,0.79,520.974628,3663.108029,158.141579,300.257474,0.01412
Analog-minimos-cuadrados,2024-07-15 23:00:00,245.401287,462.10944,0.254123,595.776017,858.524576,0.55,863.267862,3574.113961,0.623333,1160.376747,5197.478922,219.928779,490.802575,0.015031
Analog-minimos-cuadrados,2024-07-16 23:00:00,115.621062,215.089738,0.227684,295.098808,377.914594,0.888333,1560.785058,1630.932982,0.963333,2109.486378,2139.851867,87.023613,231.242124,0.013645
Analog-minimos-cuadrados,2024-07-17 23:00:00,206.889942,385.52251,0.104193,547.161823,788.868363,0.643333,866.612952,2583.70339,0.761667,1210.217695,2939.720328,104.294246,413.779885,0.014748
Analog-minimos-cuadrados,2024-07-18 23:00:00,136.003925,253.036308,0.19007,353.593353,401.465348,0.635,1471.901766,1782.028241,0.758333,1931.71596,2212.085151,70.80569,272.007849,0.01521
Analog-minimos-cuadrados,2024-07-19 23:00:00,142.371007,265.435693,0.139684,388.011812,484.870423,0.876667,1702.037141,1898.193327,0.916667,2344.12521,2594.291098,90.322359,284.742013,0.015967
Analog-minimos-cuadrados,2024-07-20 23:00:00,104.56127,194.695499,0.199632,279.338948,336.010199,0.825,1121.630655,1253.694161,0.93,1549.779699,1644.580443,58.391404,209.122539,0.014115
Analog-minimos-cuadrados,2024-07-21 23:00:00,125.956126,234.185738,0.300632,335.69375,394.929476,0.515,1097.321002,1491.115138,0.688333,1455.26818,1781.592382,60.149945,251.912252,0.01577
Analog-minimos-cuadrados,2024-07-22 23:00:00,145.633472,271.985271,0.108667,394.848975,621.160816,0.695,966.250943,1757.249485,0.846667,1292.928134,2256.517607,81.9507,291.266944,0.013816
Analog-minimos-cuadrados,2024-07-23 23:00:00,120.783723,224.847291,0.085316,338.624028,490.966608,0.926667,1177.591323,1394.382619,0.981667,1627.004188,1747.314635,55.266969,241.567445,0.015946
Analog-minimos-cuadrados,2024-07-24 23:00:00,101.29279,188.608591,0.20814,256.390528,350.232691,0.95,1398.267013,1475.081961,0.966667,1965.062291,1996.622922,79.39185,202.58558,0.015805
Analog-minimos-cuadrados,2024-07-25 23:00:00,62.631449,116.705447,0.167228,161.687394,242.577515,0.978333,812.238652,873.211872,0.993333,1162.31839,1206.623974,34.045482,125.262897,0.013327
Analog-minimos-cuadrados,2024-07-26 23:00:00,90.638746,169.646723,0.21907,239.519435,288.64544,0.52,588.713466,1157.27053,0.655,806.096339,1519.491714,32.804494,181.277493,0.014854
Analog-minimos-cuadrados,2024-07-27 23:00:00,100.204605,187.370637,0.399158,259.649809,298.010437,0.365,641.326522,1313.251588,0.531667,886.300155,1716.426199,42.660012,200.40921,0.016361
Analog-minimos-cuadrados,2024-07-28 23:00:00,41.681084,77.621244,0.139351,109.327971,157.01668,0.855,483.067108,547.725924,0.951667,667.881138,707.70124,23.907435,83.362169,0.01558
Analog-minimos-cuadrados,2024-07-29 23:00:00,77.931604,145.191604,0.105789,198.503404,324.774246,0.663333,268.985207,991.454591,0.768333,390.668924,1056.105317,39.398002,155.863208,0.014497
Analog-minimos-cuadrados,2024-07-30 23:00:00,47.786729,88.842916,0.27186,129.126786,163.726756,0.851667,550.159084,598.515397,0.935,716.902588,746.210306,31.649745,95.573457,0.014357
Analog-minimos-cuadrados,2024-07-31 23:00:00,37.1439,69.15243,0.114053,96.012525,181.419897,0.903333,329.041208,463.61899,0.938333,462.228614,563.131726,16.744625,74.287801,0.014349
Analog-minimos-cuadrados,2024-08-01 23:00:00,64.600485,120.629752,0.109193,181.692319,264.800531,0.668333,404.939557,736.284802,0.86,534.084831,941.513593,33.202631,129.20097,0.015728
Analog-minimos-cuadrados,2024-08-02 23:00:00,94.721295,178.52308,0.092193,238.904371,474.143515,0.86,581.652061,1360.221163,0.9,790.012091,1994.409357,81.261773,189.442589,0.013894
Analog-minimos-cuadrados,2024-08-03 23:00:00,96.130607,178.886005,0.194561,259.26769,365.956576,0.83,962.856852,1057.989226,0.96,1298.719303,1329.763829,48.974033,192.261214,0.015899
Analog-minimos-cuadrados,2024-08-04 23:00:00,128.049176,238.176616,0.061544,349.822457,536.296985,0.825,1018.79306,1482.483293,0.896667,1395.773987,1778.699053,56.367332,256.098351,0.015592
Analog-minimos-cuadrados,2024-08-05 23:00:00,91.112044,169.634232,0.170895,224.156068,304.555544,0.846667,1143.293399,1280.068824,0.915,1533.004561,1658.776477,57.847575,182.224089,0.014421
Analog-minimos-cuadrados,2024-08-06 23:00:00,65.525346,122.122306,0.122719,152.941101,202.726519,0.98,1036.724677,1040.507879,0.996667,1417.872356,1418.676055,49.881332,131.050692,0.016539
Analog-minimos-cuadrados,2024-08-07 23:00:00,207.166038,386.483154,0.295877,522.780986,725.276264,0.55,719.813294,2833.802544,0.713333,966.067928,3617.96778,141.267493,414.332076,0.016049
Analog-minimos-cuadrados,2024-08-08 23:00:00,146.470876,272.28485,0.11014,414.995816,493.229363,0.673333,1229.799452,1646.604983,0.81,1599.356268,1936.217555,55.948546,292.941751,0.016642
Analog-minimos-cuadrados,2024-08-09 23:00:00,203.122969,378.982089,0.404982,539.587554,631.209868,0.353333,1361.502727,2554.655226,0.56,1915.352412,3314.45249,94.340054,406.245937,0.016105
Analog-minimos-cuadrados,2024-08-10 23:00:00,66.576129,123.960738,0.196947,170.75561,208.948787,0.975,875.957517,888.46334,0.996667,1211.547401,1213.153815,42.4527,133.152257,0.017092
Analog-minimos-cuadrados,2024-08-11 23:00:00,159.508698,296.95322,0.118807,442.89135,631.893236,0.651667,746.527957,1664.052308,0.843333,999.431857,1941.070749,62.439427,319.017397,0.015855
Analog-minimos-cuadrados,2024-08-12 23:00:00,101.263019,188.286713,0.316404,272.864281,309.098283,0.771667,1164.315918,1261.969041,0.928333,1554.782256,1592.8493,66.698001,202.526037,0.014287
Analog-minimos-cuadrados,2024-08-13 23:00:00,104.127888,193.639291,0.086509,281.82097,492.604168,0.86,847.97683,1257.809258,0.921667,1173.092527,1496.611743,44.338474,208.255775,0.016933
Analog-minimos-cuadrados,2024-08-14 23:00:00,80.665398,150.244923,0.159316,199.926606,296.260901,0.945,1122.381344,1151.868912,0.985,1494.286576,1512.470044,54.505543,161.330796,0.016008
Analog-minimos-cuadrados,2024-08-15 23:00:00,151.708788,282.665596,0.135667,438.848907,609.443286,0.831667,1030.809172,1548.961304,0.93,1364.133401,1930.956818,56.016944,303.417576,0.014181
Analog-minimos-cuadrados,2024-08-16 23:00:00,132.76932,246.774342,0.353667,364.175803,421.398964,0.7,1307.750984,1512.52218,0.906667,1770.112646,1935.595673,78.434949,265.538639,0.015765
Analog-minimos-cuadrados,2024-08-17 23:00:00,90.673016,168.617333,0.301632,229.748143,258.534686,0.731667,1051.777794,1152.460565,0.941667,1400.97174,1436.946062,58.746794,181.346032,0.01631
Analog-minimos-cuadrados,2024-08-18 23:00:00,62.750009,116.856937,0.101684,171.184657,253.627546,0.983333,776.510022,789.385171,0.99,1053.68603,1058.068189,30.736106,125.500018,0.016634
Analog-minimos-cuadrados,2024-08-19 23:00:00,100.069075,186.014238,0.335439,271.054312,333.374916,0.478333,735.010427,1059.491714,0.741667,971.357902,1252.897379,41.518295,200.138151,0.015499
Analog-minimos-cuadrados,2024-08-20 23:00:00,65.318178,121.518609,0.266614,173.986833,248.829184,0.863333,776.314111,838.806912,0.95,1069.91932,1106.509774,43.000214,130.636356,0.01545
Analog-minimos-cuadrados,2024-08-21 23:00:00,53.756162,100.209583,0.214789,149.174815,248.159625,0.911667,507.351538,618.401878,0.975,754.504258,815.34235,21.58777,107.512325,0.015728
Analog-minimos-cuadrados,2024-08-22 23:00:00,36.945479,68.692456,0.214439,94.286263,127.656766,0.84,427.390498,478.759115,0.93,581.135849,622.793737,25.558026,73.890959,0.01671
Analog-minimos-cuadrados,2024-08-23 23:00:00,23.851527,44.456158,0.185596,58.959372,75.119564,0.858333,306.903239,349.358907,0.94,457.72537,496.960825,18.126259,47.703054,0.015379
Analog-minimos-cuadrados,2024-08-24 23:00:00,40.516061,75.497508,0.255895,102.234025,148.507155,0.301667,143.023877,555.4611,0.548333,208.318259,647.450008,19.602209,81.032122,0.014549
Analog-minimos-cuadrados,2024-08-25 23:00:00,24.171948,45.045908,0.082368,66.56318,96.981217,0.918333,289.763721,309.179692,0.983333,394.567758,402.144117,13.823167,48.343896,0.015689
Analog-minimos-cuadrados,2024-08-26 23:00:00,44.162829,82.340145,0.248807,119.317612,179.885081,0.716667,238.059257,523.920554,0.821667,316.32237,614.417953,20.097478,88.325659,0.016915
Analog-minimos-cuadrados,2024-08-27 23:00:00,37.088498,68.966931,0.12393,100.999177,139.267105,0.763333,322.566142,448.213189,0.891667,441.108452,516.914286,15.802696,74.176997,0.016565
Analog-minimos-cuadrados,2024-08-28 23:00:00,85.894341,160.490452,0.243982,222.971605,337.477573,0.543333,330.714283,1107.150609,0.715,450.828953,1352.935344,50.776833,171.788682,0.015429
Analog-minimos-cuadrados,2024-08-29 23:00:00,81.408431,151.531945,0.12907,209.334635,334.390385,0.738333,542.981469,1023.582448,0.85,747.768026,1087.057728,35.891442,162.816863,0.016843
Analog-minimos-cuadrados,2024-08-30 23:00:00,66.94271,124.651045,0.278807,177.541521,226.945851,0.666667,618.264094,832.744636,0.811667,857.183633,1038.95869,33.119059,133.885421,0.016031
Analog-minimos-cuadrados,2024-08-31 23:00:00,72.371929,134.714209,0.325561,192.654136,220.702098,0.651667,624.635303,855.60618,0.886667,888.717348,1019.862245,35.137338,144.743858,0.016125
Analog-minimos-cuadrados,2024-09-01 23:00:00,66.461967,123.6528,0.159772,182.237118,342.369641,0.84,450.518164,699.650968,0.94,675.73661,789.603039,19.372326,132.923933,0.017733
Analog-minimos-cuadrados,2024-09-02 23:00:00,48.009857,89.349828,0.118439,122.275638,228.859717,0.945,563.855324,617.594436,0.99,752.210155,768.901034,25.459223,96.019713,0.01417
Analog-minimos-cuadrados,2024-09-03 23:00:00,46.065265,85.769347,0.244649,114.583904,163.242608,0.926667,626.829495,640.208748,0.985,886.293826,889.380282,33.478285,92.130531,0.01568
Analog-minimos-cuadrados,2024-09-04 23:00:00,28.287508,52.717071,0.147719,62.839473,99.849453,0.993333,480.516101,480.865679,1.0,678.921003,678.921003,23.892477,56.575016,0.013699
Analog-minimos-cuadrados,2024-09-05 23:00:00,17.335825,32.302778,0.168544,41.585594,50.072766,0.94,254.746983,264.188672,0.986667,363.320495,365.276844,11.096078,34.67165,0.017076
Analog-minimos-cuadrados,2024-09-06 23:00:00,24.357043,45.92637,0.336719,59.161614,100.036466,0.385,88.705777,370.824493,0.478333,119.85988,556.04977,15.902875,48.714086,0.016205
Analog-minimos-cuadrados,2024-09-07 23:00:00,79.597212,152.77084,0.253228,180.190433,236.762338,0.271667,165.559627,1332.527433,0.373333,235.731489,2263.182443,29.533017,159.194424,0.015056
Analog-minimos-cuadrados,2024-09-08 23:00:00,30.446722,56.721784,0.140158,72.847296,107.875864,0.938333,445.367657,458.14231,0.988333,623.135972,627.375324,24.242936,60.893443,0.015381
Analog-minimos-cuadrados,2024-09-09 23:00:00,23.558191,43.892306,0.240211,60.839474,69.314173,0.931667,304.475853,316.219579,0.995,434.394266,434.604605,13.014572,47.116381,0.015804
Analog-minimos-cuadrados,2024-09-10 23:00:00,45.403029,86.449636,0.326842,109.125989,181.188627,0.51,98.51623,685.886157,0.678333,131.525069,1098.371923,47.402193,90.806058,0.015616
Analog-minimos-cuadrados,2024-09-11 23:00:00,48.514492,91.187761,0.182579,123.897707,241.955804,0.818333,255.16658,680.250408,0.866667,343.727577,989.594817,39.186351,97.028984,0.014851
Analog-minimos-cuadrados,2024-09-12 23:00:00,88.287118,165.940697,0.120947,214.629886,428.484219,0.813333,410.217462,1284.897383,0.876667,563.27465,1859.533621,75.759161,176.574236,0.015051
Analog-minimos-cuadrados,2024-09-13 23:00:00,77.532864,144.503932,0.275158,202.679375,294.763892,0.735,741.570213,1009.479982,0.82,1007.167942,1324.307348,45.765957,155.065727,0.015765
Analog-minimos-cuadrados,2024-09-14 23:00:00,55.237478,102.924081,0.361439,142.715964,167.045593,0.601667,490.394246,720.038894,0.796667,713.286244,915.316062,32.174409,110.474957,0.017984
Analog-minimos-cuadrados,2024-09-15 23:00:00,28.933281,53.920347,0.318509,74.230697,83.566623,0.531667,238.188407,385.696826,0.69,331.801458,494.933569,13.914387,57.866562,0.016444
Analog-minimos-cuadrados,2024-09-16 23:00:00,35.755875,67.607546,0.235175,87.495323,177.532825,0.673333,146.446724,517.597024,0.79,198.195015,763.422012,30.314008,71.51175,0.01558
Analog-minimos-cuadrados,2024-09-17 23:00:00,63.760176,120.919521,0.220825,154.643052,321.066533,0.74,259.919343,981.677497,0.821667,346.553474,1570.867923,65.957513,127.520353,0.017824
Analog-minimos-cuadrados,2024-09-18 23:00:00,47.064633,87.588011,0.19293,132.211146,207.955249,0.883333,496.734078,538.654676,0.971667,690.779329,709.510197,20.650254,94.129265,0.015727
Analog-minimos-cuadrados,2024-09-19 23:00:00,66.991561,124.798394,0.229667,183.321964,244.659604,0.781667,484.598689,774.211027,0.89,687.930277,939.836079,29.099089,133.983121,0.015468
Analog-minimos-cuadrados,2024-09-20 23:00:00,91.302497,170.96948,0.414386,231.355266,273.718524,0.286667,529.95487,1228.943598,0.423333,720.20545,1600.297854,36.637528,182.604993,0.014411
Analog-minimos-cuadrados,2024-09-21 23:00:00,32.651816,60.959385,0.149702,81.180392,99.000783,0.715,342.894413,450.102135,0.851667,518.474697,616.334187,19.190298,65.303633,0.015764
Analog-minimos-cuadrados,2024-09-22 23:00:00,45.373925,84.717612,0.125579,119.448456,173.627368,0.568333,222.582222,556.778614,0.723333,300.27465,678.735947,22.229176,90.747851,0.015939
Analog-minimos-cuadrados,2024-09-23 23:00:00,33.408051,62.186815,0.123474,93.783122,152.539579,0.898333,316.482799,378.186796,0.95,426.02317,478.223408,14.07676,66.816103,0.014236
Analog-minimos-cuadrados,2024-09-24 23:00:00,32.898727,61.316889,0.165649,81.318241,103.23336,0.863333,400.538184,470.29401,0.928333,554.06898,612.658701,20.136954,65.797454,0.014548
Analog-minimos-cuadrados,2024-09-25 23:00:00,49.311327,91.790098,0.189877,127.065104,245.877231,0.881667,337.297442,664.607201,0.933333,459.240628,820.421919,28.201821,98.622654,0.015052
Analog-minimos-cuadrados,2024-09-26 23:00:00,42.93269,79.882058,0.167404,115.096481,141.533016,0.818333,444.806967,533.355267,0.918333,605.092347,662.883679,21.650088,85.86538,0.014706
Analog-minimos-cuadrados,2024-09-27 23:00:00,37.444579,69.824289,0.221263,94.452013,110.204609,0.6,337.719515,507.846988,0.738333,456.505446,647.680822,19.517928,74.889158,0.015401
Analog-minimos-cuadrados,2024-09-28 23:00:00,67.439542,128.836479,0.393877,152.375512,172.360277,0.231667,196.727085,1132.040318,0.275,277.222642,1887.580332,16.573466,134.879084,0.014088
Analog-minimos-cuadrados,2024-09-29 23:00:00,25.987111,48.404812,0.184474,69.141491,116.394776,0.951667,280.321797,342.619334,0.983333,396.708034,443.330764,11.820348,51.974222,0.016933
Analog-minimos-cuadrados,2024-09-30 23:00:00,39.259882,73.708812,0.27886,100.224498,118.935466,0.496667,244.09786,523.413933,0.625,338.542166,730.571331,16.013863,78.519764,0.016245
Analog-minimos-cuadrados,2024-10-01 23:00:00,77.187052,143.798368,0.397456,198.828336,288.651616,0.356667,217.864219,983.806064,0.603333,319.746879,1096.208531,39.613595,154.374104,0.015894
Analog-minimos-cuadrados,2024-10-02 23:00:00,64.06658,119.084788,0.24486,183.851712,266.096483,0.765,393.229594,643.107144,0.905,515.702895,686.305633,17.64945,128.133159,0.016475
Analog-minimos-cuadrados,2024-10-03 23:00:00,70.469583,131.13962,0.194649,190.826357,282.112755,0.748333,493.115458,817.575357,0.908333,699.477575,933.949635,27.930138,140.939166,0.015859
Analog-minimos-cuadrados,2024-10-04 23:00:00,57.392838,106.89587,0.132737,153.063872,192.944029,0.776667,620.680835,747.436449,0.871667,845.649317,952.181621,30.798432,114.785675,0.015441
Analog-minimos-cuadrados,2024-10-05 23:00:00,119.76947,223.624628,0.436544,311.579554,347.798713,0.24,655.616295,1574.432348,0.366667,871.515716,1977.331343,47.814705,239.538939,0.015886
Analog-minimos-cuadrados,2024-10-06 23:00:00,79.122876,147.269226,0.136211,226.72869,292.242015,0.75,520.634042,846.677291,0.876667,696.790092,990.356496,29.491909,158.245753,0.016327
Analog-minimos-cuadrados,2024-10-07 23:00:00,64.637287,120.529548,0.240614,175.423444,214.816354,0.63,540.651473,770.606123,0.766667,723.199825,986.65311,29.577759,129.274573,0.015974
Analog-minimos-cuadrados,2024-10-08 23:00:00,52.491183,97.97355,0.185526,143.738342,176.862586,0.78,497.191478,641.635692,0.861667,671.864737,841.351805,25.069967,104.982365,0.013993
Analog-minimos-cuadrados,2024-10-09 23:00:00,50.785021,94.463366,0.281123,128.357276,159.995994,0.586667,499.360577,637.693879,0.795,673.578154,778.95033,28.276954,101.570042,0.016059
Analog-minimos-cuadrados,2024-10-10 23:00:00,52.104736,96.900323,0.223772,142.338442,222.302754,0.706667,480.475569,632.836238,0.846667,639.069531,752.278704,27.000751,104.209472,0.016472
Analog-minimos-cuadrados,2024-10-11 23:00:00,43.585479,81.180398,0.327246,110.86727,128.665031,0.563333,448.091122,590.596697,0.741667,618.876305,742.93747,26.667898,87.170959,0.016201
Analog-minimos-cuadrados,2024-10-12 23:00:00,80.88141,151.222786,0.152123,212.53631,285.899749,0.596667,423.368489,1042.254938,0.675,594.027529,1369.488602,23.212311,161.76282,0.01971
Analog-minimos-cuadrados,2024-10-13 23:00:00,39.850051,74.377208,0.196281,98.788858,124.171389,0.958333,587.33147,594.865555,0.998333,822.116524,822.660182,25.99394,79.700101,0.015095
Analog-minimos-cuadrados,2024-10-14 23:00:00,54.59608,101.589651,0.186175,152.988142,232.933568,0.893333,517.15617,602.642881,0.986667,692.518305,699.712092,18.643506,109.192161,0.015532
Analog-minimos-cuadrados,2024-10-15 23:00:00,38.573367,71.85719,0.157351,90.106896,135.564093,0.903333,524.927677,582.559191,0.951667,723.038058,782.603257,29.061836,77.146735,0.017101
Analog-minimos-cuadrados,2024-10-16 23:00:00,34.926851,65.133249,0.233404,85.973602,116.292131,0.82,411.997663,501.110979,0.888333,588.237974,692.531871,23.669074,69.853702,0.014823
Analog-minimos-cuadrados,2024-10-17 23:00:00,53.182151,99.191061,0.252088,136.573619,198.758643,0.38,223.70596,695.21514,0.546667,311.379851,817.408491,22.666082,106.364303,0.017221
Analog-minimos-cuadrados,2024-10-18 23:00:00,46.032509,85.955685,0.372632,118.19967,144.637268,0.401667,347.356488,614.650998,0.621667,472.662933,791.932147,22.210919,92.065017,0.016316
Analog-minimos-cuadrados,2024-10-19 23:00:00,57.831627,108.593665,0.413404,137.39939,151.098579,0.215,275.954099,885.966483,0.395,384.146532,1160.085117,20.134013,115.663253,0.016118
Analog-minimos-cuadrados,2024-10-20 23:00:00,19.165462,35.73114,0.14507,46.876413,57.827527,0.91,238.72598,296.569162,0.961667,339.631141,399.969051,11.760674,38.330924,0.015213
Analog-minimos-cuadrados,2024-10-21 23:00:00,22.306755,41.548057,0.327228,62.560397,77.412334,0.641667,126.022427,228.860355,0.828333,176.373192,268.733893,7.047079,44.61351,0.017536
Analog-minimos-cuadrados,2024-10-22 23:00:00,21.934674,40.939528,0.146807,56.207563,77.579689,0.718333,130.391181,292.540913,0.786667,179.823277,358.835106,12.758551,43.869349,0.014583
Analog-minimos-cuadrados,2024-10-23 23:00:00,57.895246,109.99095,0.285877,143.048836,245.968699,0.71,166.663696,851.025572,0.808333,226.312418,1276.873737,53.736729,115.790493,0.015303
Analog-minimos-cuadrados,2024-10-24 23:00:00,23.621659,43.985731,0.132175,54.248242,71.835844,0.968333,350.62965,362.220288,0.981667,458.322693,469.217025,17.886646,47.243317,0.016114
Analog-minimos-cuadrados,2024-10-25 23:00:00,30.261266,56.385915,0.125526,81.959097,128.892018,0.791667,241.59199,371.117713,0.873333,352.230856,486.78289,16.300786,60.522532,0.01628
Analog-minimos-cuadrados,2024-10-26 23:00:00,77.064667,147.610715,0.473579,177.261881,193.834963,0.123333,251.07038,1267.698414,0.241667,345.276636,2110.506044,21.336641,154.129334,0.01421
Analog-minimos-cuadrados,2024-10-27 23:00:00,19.833078,37.002138,0.159,37.381507,52.983798,0.953333,347.525256,351.046969,0.991667,493.158734,493.849068,14.08717,39.666156,0.016753
Analog-minimos-cuadrados,2024-10-28 23:00:00,14.774242,27.523998,0.125719,34.851002,46.826037,0.993333,213.693585,214.053397,1.0,288.70439,288.70439,10.388556,29.548485,0.01654
Analog-minimos-cuadrados,2024-10-29 23:00:00,45.8302,86.863578,0.374123,109.856715,180.057815,0.398333,106.074999,706.425905,0.54,147.365407,1095.69773,40.44489,91.660399,0.014782
Analog-minimos-cuadrados,2024-10-30 23:00:00,20.676868,38.607171,0.134684,47.061325,62.436007,0.928333,273.258717,307.078225,0.97,379.71067,416.601584,12.959423,41.353737,0.014035
Analog-minimos-cuadrados,2024-10-31 23:00:00,23.164773,43.231941,0.165228,61.547226,80.280755,0.81,204.662702,293.419212,0.891667,282.574384,379.804368,10.705906,46.329546,0.016421
Analog-minimos-cuadrados,2024-11-01 23:00:00,27.387041,51.34398,0.208561,67.385299,86.378915,0.44,124.038841,386.352544,0.555,174.40406,522.853564,12.186429,54.774082,0.015559
Analog-minimos-cuadrados,2024-11-02 23:00:00,48.763916,91.25295,0.337877,115.035077,131.997894,0.285,163.57596,761.864055,0.335,237.099383,1059.615136,15.548807,97.527832,0.017162
Analog-minimos-cuadrados,2024-11-03 23:00:00,17.989494,33.516594,0.155719,43.741207,69.888878,0.941667,241.750407,254.803756,0.976667,334.594061,340.589703,11.192807,35.978987,0.014613
Analog-minimos-cuadrados,2024-11-04 23:00:00,24.112064,44.880185,0.176175,67.766141,97.423231,0.853333,199.010197,264.63117,0.94,271.59436,329.74945,8.886663,48.224127,0.014344
Analog-minimos-cuadrados,2024-11-05 23:00:00,27.062938,50.336493,0.269175,71.42948,89.538151,0.583333,218.095661,342.44362,0.735,295.894975,415.904488,13.384334,54.125875,0.016679
Analog-minimos-cuadrados,2024-11-06 23:00:00,39.445098,73.700724,0.305368,103.600125,143.517394,0.541667,162.62835,486.139506,0.726667,240.043986,636.371632,22.135454,78.890197,0.014999
Analog-minimos-cuadrados,2024-11-07 23:00:00,93.985784,179.26594,0.218263,219.761408,362.175951,0.61,224.878678,1515.801483,0.668333,296.833983,2453.335177,102.201365,187.971568,0.015875
Analog-minimos-cuadrados,2024-11-08 23:00:00,137.050931,261.802819,0.416316,325.032152,440.415733,0.273333,547.586957,2162.017851,0.365,727.047242,3504.789766,126.66818,274.101862,0.015516
Analog-minimos-cuadrados,2024-11-09 23:00:00,66.196499,123.142808,0.248228,179.814004,229.823504,0.788333,711.268251,805.479074,0.946667,984.525026,1061.782321,40.326632,132.392998,0.014053
Analog-minimos-cuadrados,2024-11-10 23:00:00,156.795236,295.074743,0.178456,380.724788,614.563575,0.563333,603.863827,2331.598197,0.673333,814.317474,3142.292535,132.129889,313.590471,0.015476
Analog-minimos-cuadrados,2024-11-11 23:00:00,93.953927,174.713168,0.252281,235.451442,330.76723,0.756667,973.538133,1201.025767,0.87,1258.734051,1430.848569,56.282306,187.907855,0.01492
Analog-minimos-cuadrados,2024-11-12 23:00:00,58.60077,109.118686,0.230982,163.589515,218.06131,0.92,654.480364,706.093019,0.978333,943.06661,962.539172,26.413844,117.201539,0.015244
Analog-minimos-cuadrados,2024-11-13 23:00:00,33.099568,61.547228,0.195877,86.6934,119.278601,0.876667,388.229835,420.223963,0.98,528.119081,534.433568,21.891015,66.199137,0.014092
Analog-minimos-cuadrados,2024-11-14 23:00:00,22.228185,41.412657,0.250702,60.976831,74.946115,0.865,264.325518,285.426441,0.951667,394.329442,404.591234,11.222487,44.456369,0.015617
Analog-minimos-cuadrados,2024-11-15 23:00:00,49.392544,94.731792,0.276684,112.148229,128.905981,0.353333,148.107236,835.029551,0.385,203.220798,1406.539264,41.950593,98.785087,0.015533
Analog-minimos-cuadrados,2024-11-16 23:00:00,56.886735,106.071832,0.316035,138.95296,156.92328,0.343333,233.543506,837.460536,0.49,334.347532,967.462555,17.446338,113.773469,0.016051
Analog-minimos-cuadrados,2024-11-17 23:00:00,34.58356,64.445127,0.251474,90.514618,113.574264,0.513333,306.33344,456.261936,0.615,419.168958,584.52685,16.348875,69.16712,0.015129
Analog-minimos-cuadrados,2024-11-18 23:00:00,76.724835,144.159181,0.288789,193.426703,257.145756,0.463333,242.784413,1062.950692,0.591667,327.070815,1377.861864,54.440553,153.449669,0.01294
Analog-minimos-cuadrados,2024-11-19 23:00:00,34.4856,64.191156,0.103702,88.879847,106.159596,0.861667,412.896438,454.158105,0.95,555.99798,584.425909,20.669803,68.9712,0.015054
Analog-minimos-cuadrados,2024-11-20 23:00:00,23.743657,44.212182,0.170035,60.072249,72.283145,0.823333,235.316141,322.681432,0.903333,332.690284,404.669336,12.826369,47.487314,0.013154
Analog-minimos-cuadrados,2024-11-21 23:00:00,19.676021,36.731487,0.162368,52.923049,60.181542,0.491667,89.636475,230.654983,0.661667,124.660072,278.38762,8.177695,39.352042,0.013701
Analog-minimos-cuadrados,2024-11-22 23:00:00,61.760476,118.731089,0.307877,140.548371,217.911927,0.306667,111.17986,1027.699527,0.42,157.741772,1719.038003,65.518246,123.520953,0.014266
Analog-minimos-cuadrados,2024-11-23 23:00:00,47.985468,89.413706,0.314667,121.159275,144.944966,0.376667,305.485855,661.205608,0.515,451.022356,847.18762,19.759339,95.970936,0.013613
Analog-minimos-cuadrados,2024-11-24 23:00:00,31.330542,58.307141,0.150456,76.959132,95.223206,0.803333,379.640597,431.16204,0.893333,574.800886,609.982312,18.994197,62.661085,0.015389
Analog-minimos-cuadrados,2024-11-25 23:00:00,20.979447,39.075164,0.16314,58.801947,74.477211,0.851667,202.601467,238.090304,0.925,279.491361,312.11046,7.351304,41.958894,0.016214
Analog-minimos-cuadrados,2024-11-26 23:00:00,41.734827,77.74059,0.436702,115.144105,132.335172,0.326667,149.385938,460.805246,0.605,205.879661,486.10635,15.359126,83.469653,0.015725
Analog-minimos-cuadrados,2024-11-27 23:00:00,140.322306,267.937313,0.359754,326.565082,401.165855,0.26,213.033313,2266.950278,0.345,279.330801,3714.38842,163.330314,280.644613,0.014995
Analog-minimos-cuadrados,2024-11-28 23:00:00,59.469499,110.806571,0.237509,147.619668,179.976957,0.56,526.278742,796.538991,0.671667,707.227663,953.874382,29.573224,118.938997,0.015047
Analog-minimos-cuadrados,2024-11-29 23:00:00,35.845404,66.915567,0.143544,90.238809,123.657103,0.975,537.454585,544.537602,0.991667,810.558082,814.504783,24.386796,71.690809,0.015099
Analog-minimos-cuadrados,2024-11-30 23:00:00,64.413854,120.233897,0.367772,164.962348,190.021068,0.426667,419.839993,861.602851,0.576667,570.048294,1122.321048,26.834592,128.827708,0.015782
Analog-minimos-cuadrados,2024-12-01 23:00:00,33.61476,62.733268,0.153895,78.731617,114.720664,0.81,425.03242,509.671405,0.916667,612.534795,665.155131,20.116575,67.22952,0.017849
Analog-minimos-cuadrados,2024-12-02 23:00:00,23.83265,44.436542,0.166561,56.951636,93.801869,0.981667,327.06342,343.099202,0.991667,445.490794,466.156298,16.775973,47.6653,0.015648
Analog-minimos-cuadrados,2024-12-03 23:00:00,46.766495,87.105242,0.317807,125.903824,162.374162,0.558333,236.954105,562.597649,0.741667,326.51584,640.960209,17.743616,93.532991,0.016121
Analog-minimos-cuadrados,2024-12-04 23:00:00,26.01401,48.39143,0.133737,65.965361,103.167446,0.871667,281.842131,350.32613,0.936667,390.58809,465.357086,14.822727,52.02802,0.016089
Analog-minimos-cuadrados,2024-12-05 23:00:00,24.871052,46.346401,0.171018,64.249603,80.209374,0.81,271.304168,320.208326,0.941667,380.796091,405.674581,12.971147,49.742105,0.016393
Analog-minimos-cuadrados,2024-12-06 23:00:00,57.829819,108.878526,0.142105,141.096856,222.325886,0.535,174.341433,862.809497,0.626667,246.633103,1239.334843,46.982112,115.659637,0.015673
Analog-minimos-cuadrados,2024-12-07 23:00:00,46.183872,86.239679,0.349544,115.279802,129.970764,0.396667,370.367517,631.65541,0.525,499.323697,791.822292,23.217974,92.367743,0.016371
Analog-minimos-cuadrados,2024-12-08 23:00:00,36.923486,68.934333,0.098719,100.377763,140.861609,0.858333,332.223146,445.21025,0.928333,478.208803,606.16547,18.195239,73.846972,0.016462
Analog-minimos-cuadrados,2024-12-09 23:00:00,50.853074,95.560976,0.178579,125.986,179.118427,0.683333,256.438236,708.457658,0.758333,347.857801,966.840282,35.539958,101.706148,0.014961
Analog-minimos-cuadrados,2024-12-10 23:00:00,42.366593,79.066813,0.181351,112.202036,147.643274,0.695,325.273032,532.549638,0.81,471.508754,716.638869,23.997903,84.733185,0.016577
Analog-minimos-cuadrados,2024-12-11 23:00:00,57.184179,107.410979,0.365579,144.408396,167.004154,0.28,309.52395,771.832447,0.436667,431.656323,1059.362997,19.421495,114.368359,0.015814
Analog-minimos-cuadrados,2024-12-12 23:00:00,30.47238,56.834688,0.120175,81.373405,129.224469,0.793333,232.578918,380.034397,0.89,335.094182,474.817284,14.377451,60.94476,0.01598
Analog-minimos-cuadrados,2024-12-13 23:00:00,15.882479,29.564963,0.09786,38.188969,49.293029,0.906667,218.769681,232.201295,0.968333,299.571678,304.789311,10.963193,31.764958,0.015926
Analog-minimos-cuadrados,2024-12-14 23:00:00,22.580514,42.096594,0.272632,57.996803,76.33342,0.711667,176.226064,306.833296,0.825,245.952049,401.294726,10.573765,45.161027,0.015821
Analog-minimos-cuadrados,2024-12-15 23:00:00,31.841315,59.410886,0.180298,84.836193,125.041133,0.676667,174.737725,398.769058,0.81,256.053813,508.530214,16.832242,63.68263,0.015731
Analog-minimos-cuadrados,2024-12-16 23:00:00,36.451406,68.975743,0.143193,84.052183,124.432874,0.77,248.191913,584.556593,0.811667,336.113146,902.917906,34.871024,72.902812,0.014296
Analog-minimos-cuadrados,2024-12-17 23:00:00,30.565247,56.854126,0.178772,83.888771,107.471465,0.685,213.022945,344.949882,0.85,296.093152,388.449794,11.291857,61.130495,0.016836
Analog-minimos-cuadrados,2024-12-18 23:00:00,32.76618,61.254807,0.233123,81.620149,95.77784,0.553333,222.052189,447.563457,0.678333,322.676476,613.727636,14.067094,65.53236,0.016768
Analog-minimos-cuadrados,2024-12-19 23:00:00,20.999528,39.185139,0.209456,51.701145,74.342795,0.696667,191.118911,307.68603,0.831667,273.294452,406.451153,10.920307,41.999056,0.014532
Analog-minimos-cuadrados,2024-12-20 23:00:00,18.037283,33.884133,0.219035,46.04566,60.636603,0.653333,130.446949,250.269006,0.753333,183.341755,346.546052,7.486293,36.074565,0.015007
Analog-minimos-cuadrados,2024-12-21 23:00:00,39.157197,74.704397,0.346842,90.055875,119.35792,0.401667,146.610083,648.812261,0.448333,203.043801,1067.934111,11.001169,78.314395,0.013933
Analog-minimos-cuadrados,2024-12-22 23:00:00,21.744911,40.727339,0.224649,48.060484,59.817712,0.826667,246.07217,348.829108,0.863333,358.307606,510.115727,11.982292,43.489821,0.015971
Analog-minimos-cuadrados,2024-12-23 23:00:00,21.022213,39.267931,0.084228,52.559226,66.253372,0.636667,169.56632,280.589333,0.798333,233.489219,359.580268,9.68056,42.044425,0.015297
Analog-minimos-cuadrados,2024-12-24 23:00:00,57.322415,109.180822,0.146018,126.253491,199.374338,0.571667,138.907331,1017.352376,0.616667,203.933984,1684.220832,11.822931,114.64483,0.015404
Analog-minimos-cuadrados,2024-12-25 23:00:00,25.211259,47.044689,0.155632,55.921563,69.229023,0.965,386.368456,407.041459,0.99,564.418803,568.500994,16.622925,50.422518,0.0145
Analog-minimos-cuadrados,2024-12-26 23:00:00,31.230441,58.182012,0.198439,86.376902,110.583178,0.815,270.342755,376.084926,0.92,373.714671,466.168203,12.207417,62.460882,0.016537
Analog-minimos-cuadrados,2024-12-27 23:00:00,30.783496,57.359822,0.186965,79.363854,98.246679,0.673333,217.997133,414.411437,0.81,315.293491,496.53224,12.42921,61.566991,0.013887
Analog-minimos-cuadrados,2024-12-28 23:00:00,54.745582,103.270731,0.421263,133.199499,149.797536,0.311667,235.89631,826.272454,0.418333,336.939952,1272.630234,17.623733,109.491164,0.016046
Analog-minimos-cuadrados,2024-12-29 23:00:00,38.777859,73.117475,0.27486,92.454335,128.345381,0.656667,254.894745,593.225425,0.75,376.463721,900.452856,15.91948,77.555718,0.014405
Analog-minimos-cuadrados,2024-12-30 23:00:00,26.554249,49.518153,0.237211,69.506755,80.496514,0.75,219.400899,333.870619,0.858333,305.735083,426.427889,12.933753,53.108497,0.018978
Analog-minimos-cuadrados,2024-12-31 23:00:00,70.914502,134.192118,0.151877,169.34231,206.117176,0.436667,189.678267,1109.027937,0.53,267.207928,1834.087779,20.68631,141.829004,0.016849
Analog-minimos-cuadrados,2025-01-01 23:00:00,35.449617,66.136352,0.209789,94.504917,103.105661,0.828333,414.607087,475.895779,0.893333,601.171999,661.157497,17.813639,70.899235,0.017184
Analog-minimos-cuadrados,2025-01-02 23:00:00,34.074599,63.454938,0.256035,93.071744,105.30312,0.836667,333.759264,413.125355,0.926667,465.618336,529.65071,14.35935,68.149197,0.014234
Analog-minimos-cuadrados,2025-01-03 23:00:00,23.439535,43.906005,0.268965,60.892595,69.44048,0.788333,172.229595,327.888211,0.823333,239.730409,473.556579,17.007618,46.879071,0.017721
Analog-minimos-cuadrados,2025-01-04 23:00:00,49.05299,94.185581,0.144895,112.793646,174.046571,0.508333,129.29643,805.4874,0.575,174.059944,1348.962861,19.946011,98.105981,0.01623
Analog-minimos-cuadrados,2025-01-05 23:00:00,56.505955,105.366019,0.363211,159.920933,197.191429,0.588333,331.71038,607.822927,0.758333,471.591724,770.220598,22.641791,113.011909,0.016798
Analog-minimos-cuadrados,2025-01-06 23:00:00,43.506694,80.964401,0.279825,132.651837,169.021869,0.896667,393.296236,437.334998,0.963333,536.258334,562.766888,13.199831,87.013388,0.015604
Analog-minimos-cuadrados,2025-01-07 23:00:00,48.794007,90.717812,0.369368,144.303541,159.690573,0.668333,315.35982,438.199324,0.888333,434.722492,486.699196,9.744842,97.588013,0.015861
Analog-minimos-cuadrados,2025-01-08 23:00:00,91.986429,172.045965,0.272456,232.226913,314.162535,0.535,307.027331,1250.469167,0.661667,428.849105,1599.419778,60.597274,183.972858,0.018764
Analog-minimos-cuadrados,2025-01-09 23:00:00,82.825167,155.173653,0.286018,204.560733,272.432837,0.446667,508.568491,1185.27876,0.558333,730.102136,1634.82255,46.090568,165.650334,0.017476
Analog-minimos-cuadrados,2025-01-10 23:00:00,55.946537,104.332325,0.167737,143.201681,177.030655,0.685,515.255154,755.156948,0.808333,720.551988,991.050976,32.715314,111.893075,0.015937
Analog-minimos-cuadrados,2025-01-11 23:00:00,80.424822,151.175061,0.272386,204.118861,272.487253,0.515,336.731977,1088.257232,0.653333,483.466345,1508.025113,44.495944,160.849645,0.016493
Analog-minimos-cuadrados,2025-01-12 23:00:00,57.521439,107.409296,0.165123,148.316628,176.187037,0.696667,477.233361,769.715204,0.776667,680.216063,1047.263994,31.43431,115.042877,0.014719
Analog-minimos-cuadrados,2025-01-13 23:00:00,67.843019,126.561589,0.202526,183.806401,232.22311,0.585,361.552027,787.795372,0.768333,510.111448,955.390791,30.411391,135.686037,0.016625
Analog-minimos-cuadrados,2025-01-14 23:00:00,66.74264,124.730228,0.371298,175.137518,199.220422,0.458333,474.964915,840.181396,0.616667,643.774297,1100.314208,28.429536,133.48528,0.015876
Analog-minimos-cuadrados,2025-01-15 23:00:00,65.414753,122.160081,0.22307,185.3381,231.467327,0.586667,329.028447,738.061107,0.786667,448.796329,906.164376,29.442442,130.829507,0.014778
Analog-minimos-cuadrados,2025-01-16 23:00:00,78.34891,146.121744,0.114333,215.441592,335.878883,0.778333,439.321278,838.273855,0.896667,593.941107,971.050485,32.309036,156.697819,0.016292
Analog-minimos-cuadrados,2025-01-17 23:00:00,128.930873,240.135246,0.21814,354.859151,451.955548,0.543333,626.529796,1456.566022,0.713333,874.791451,1600.939965,38.129983,257.861746,0.015509
Analog-minimos-cuadrados,2025-01-18 23:00:00,122.132432,228.830238,0.211211,293.527512,320.481495,0.65,923.059445,1811.467815,0.75,1284.493956,2457.349247,92.210145,244.264865,0.016991
Analog-minimos-cuadrados,2025-01-19 23:00:00,86.285694,160.986469,0.269667,228.419309,256.158077,0.788333,707.652141,1023.028561,0.905,962.191241,1305.801459,37.99307,172.571387,0.015796
Analog-minimos-cuadrados,2025-01-20 23:00:00,64.415676,119.837279,0.279088,173.782283,213.040545,0.745,481.216539,733.045566,0.865,637.724724,827.132946,22.431804,128.831352,0.015983
Analog-minimos-cuadrados,2025-01-21 23:00:00,126.538784,239.716542,0.412368,298.666062,358.065935,0.221667,458.406616,1986.940819,0.265,642.502418,3101.656088,36.951037,253.077567,0.015948
Analog-minimos-cuadrados,2025-01-22 23:00:00,176.043388,328.870161,0.443789,428.547622,464.403,0.208333,466.580125,2587.124989,0.346667,672.418696,3300.231652,37.210269,352.086775,0.015863
Analog-minimos-cuadrados,2025-01-23 23:00:00,71.129029,132.467517,0.144316,179.714095,213.571349,0.78,755.084041,941.651426,0.913333,1076.855872,1205.518399,36.350091,142.258057,0.015639
Analog-minimos-cuadrados,2025-01-24 23:00:00,73.069808,136.836995,0.328246,176.997521,198.51263,0.445,439.756563,1080.795596,0.536667,619.194714,1460.191482,28.684499,146.139617,0.014512
Analog-minimos-cuadrados,2025-01-25 23:00:00,45.835416,85.349151,0.244509,130.490561,147.664531,0.861667,427.966501,481.208171,0.963333,621.158722,639.708604,20.311476,91.670833,0.015227
Analog-minimos-cuadrados,2025-01-26 23:00:00,50.833521,94.806295,0.132632,139.85763,175.020327,0.696667,433.671851,589.399683,0.858333,601.350201,756.949597,21.259647,101.667041,0.015829
Analog-minimos-cuadrados,2025-01-27 23:00:00,60.574834,112.65019,0.127754,164.577561,228.263819,0.868333,479.105525,746.988377,0.905,645.942539,927.053143,30.308111,121.149668,0.014754
Analog-minimos-cuadrados,2025-01-28 23:00:00,64.028944,119.142264,0.139737,158.231701,189.379515,0.583333,493.581876,830.800004,0.79,704.085311,991.447673,32.672493,128.057887,0.0169
Analog-minimos-cuadrados,2025-01-29 23:00:00,69.759697,130.745203,0.108316,176.451122,272.698176,0.795,461.207045,952.530543,0.855,655.002834,1331.2402,47.015764,139.519393,0.015411
Analog-minimos-cuadrados,2025-01-30 23:00:00,125.794038,234.633314,0.149526,328.117163,445.005031,0.618333,599.616568,1578.699346,0.748333,830.851348,1884.794993,66.294261,251.588075,0.013198
Analog-minimos-cuadrados,2025-01-31 23:00:00,144.131597,270.303706,0.317895,353.735176,439.506904,0.448333,854.709606,2119.140881,0.533333,1214.418119,2862.44709,58.51158,288.263194,0.015452
Analog-minimos-cuadrados,2025-02-01 23:00:00,121.187503,225.913148,0.395,324.220593,340.353394,0.526667,699.124343,1303.473724,0.741667,1065.336808,1601.21487,44.23512,242.375006,0.017145
Analog-minimos-cuadrados,2025-02-02 23:00:00,51.003259,94.882988,0.235053,139.328137,172.438359,0.73,355.03214,522.756536,0.943333,511.826041,564.285455,20.151133,102.006518,0.016354
Analog-minimos-cuadrados,2025-02-03 23:00:00,59.221718,110.102643,0.259386,168.185819,246.742452,0.698333,331.708974,539.783497,0.905,460.129401,571.5398,14.104571,118.443437,0.015176
Analog-minimos-cuadrados,2025-02-04 23:00:00,39.904287,74.418629,0.153123,104.915904,129.144397,0.845,453.041678,560.637377,0.895,624.286228,750.465759,27.865684,79.808573,0.016424
Analog-minimos-cuadrados,2025-02-05 23:00:00,33.158372,61.800318,0.170088,88.620104,111.395113,0.745,254.886164,415.023218,0.843333,352.111675,539.714239,16.905472,66.316743,0.014031
Analog-minimos-cuadrados,2025-02-06 23:00:00,18.894668,35.198016,0.143579,48.335401,60.608698,0.883333,221.452997,257.141026,0.946667,319.646157,353.7632,10.531699,37.789336,0.015844
Analog-minimos-cuadrados,2025-02-07 23:00:00,56.326784,107.694674,0.134947,134.59836,219.420795,0.506667,169.948952,841.763813,0.686667,234.204543,1317.433062,51.541458,112.653568,0.016258
Analog-minimos-cuadrados,2025-02-08 23:00:00,51.569055,96.101419,0.188105,135.882953,181.544132,0.656667,349.250801,654.888124,0.783333,494.062808,822.364668,24.180409,103.13811,0.015155
Analog-minimos-cuadrados,2025-02-09 23:00:00,158.707109,300.749867,0.261298,386.290611,491.647507,0.518333,450.294109,2333.748705,0.628333,655.501265,3579.3518,144.01107,317.414219,0.015309
Analog-minimos-cuadrados,2025-02-10 23:00:00,79.945009,148.996698,0.161509,202.62868,286.923104,0.855,762.332104,1076.118845,0.921667,1058.416507,1382.583017,49.717784,159.890018,0.014449
Analog-minimos-cuadrados,2025-02-11 23:00:00,124.054485,230.900787,0.169018,324.466552,470.693318,0.545,664.346172,1607.578475,0.688333,903.067245,1968.400428,64.59158,248.108971,0.015605
Analog-minimos-cuadrados,2025-02-12 23:00:00,94.02984,174.974298,0.150246,254.677559,317.473045,0.605,834.813257,1129.763685,0.82,1123.365449,1278.240103,42.887975,188.059681,0.01571
Analog-minimos-cuadrados,2025-02-13 23:00:00,71.523097,133.486222,0.274053,186.531683,219.634661,0.626667,594.061866,900.71106,0.776667,803.375002,1146.973133,32.662254,143.046194,0.01386
Analog-minimos-cuadrados,2025-02-14 23:00:00,65.174229,121.746043,0.150246,172.100369,224.814695,0.591667,452.004223,819.377027,0.771667,628.98303,1018.934529,27.125301,130.348458,0.017376
Analog-minimos-cuadrados,2025-02-15 23:00:00,93.392898,177.930634,0.29693,224.614097,325.75587,0.431667,398.571095,1452.609727,0.518333,574.901998,2306.680246,70.734507,186.785796,0.01469
Analog-minimos-cuadrados,2025-02-16 23:00:00,102.1014,189.801072,0.242211,261.88031,384.065128,0.7,563.240159,1372.580434,0.82,791.486447,1923.994458,66.122113,204.2028,0.015558
Analog-minimos-cuadrados,2025-02-17 23:00:00,109.44263,204.147801,0.20493,283.801877,438.604733,0.645,643.86569,1438.767677,0.758333,896.015808,1882.132107,64.691078,218.88526,0.016835
Analog-minimos-cuadrados,2025-02-18 23:00:00,123.249163,230.371624,0.132947,318.018734,518.820058,0.715,642.664811,1574.36479,0.856667,904.297052,1944.081926,67.979384,246.498326,0.015504
Analog-minimos-cuadrados,2025-02-19 23:00:00,119.75107,223.329729,0.161193,316.011797,426.586272,0.756667,941.426059,1530.398246,0.856667,1280.396754,1902.48834,60.053765,239.502141,0.01497
Analog-minimos-cuadrados,2025-02-20 23:00:00,71.360815,132.808018,0.178298,183.911309,231.037202,0.796667,733.488685,945.110343,0.883333,988.048815,1184.537508,37.19942,142.72163,0.017703
Analog-minimos-cuadrados,2025-02-21 23:00:00,63.176337,118.503547,0.32686,161.064877,193.111084,0.478333,388.074424,862.66038,0.578333,544.455579,1283.838421,25.012715,126.352674,0.016232
Analog-minimos-cuadrados,2025-02-22 23:00:00,100.066916,186.907605,0.300018,251.272801,281.611193,0.263333,355.593224,1386.208947,0.463333,518.353474,1561.257183,25.016813,200.133831,0.016959
Analog-minimos-cuadrados,2025-02-23 23:00:00,56.469914,105.24309,0.276333,148.38461,187.524997,0.73,596.243067,746.921663,0.875,850.120924,962.356814,33.738378,112.939829,0.01687
Analog-minimos-cuadrados,2025-02-24 23:00:00,29.335367,54.613746,0.072649,73.16986,86.120783,0.783333,329.469489,398.172851,0.885,472.09512,543.100345,17.914353,58.670735,0.015846
Analog-minimos-cuadrados,2025-02-25 23:00:00,50.501564,96.265676,0.124614,118.585065,224.939163,0.705,174.995976,799.875452,0.788333,246.233041,1304.387505,54.449853,101.003129,0.015579
Analog-minimos-cuadrados,2025-02-26 23:00:00,32.913205,61.30893,0.208702,87.981456,120.526968,0.821667,369.276805,434.286825,0.895,517.084153,577.406428,17.671543,65.82641,0.014095
Analog-minimos-cuadrados,2025-02-27 23:00:00,31.059427,57.821312,0.128035,87.49734,126.13714,0.93,339.347105,362.826895,0.981667,465.307477,473.170479,13.936402,62.118853,0.014531
Analog-minimos-cuadrados,2025-02-28 23:00:00,50.960415,95.833319,0.193684,123.778665,159.457613,0.543333,247.049339,733.112528,0.623333,329.30445,1033.990267,37.757198,101.920829,0.015166
Analog-minimos-cuadrados,2025-03-01 23:00:00,121.610185,233.522811,0.360596,271.829685,338.400499,0.246667,249.312827,2098.334539,0.321667,369.119225,3653.253997,24.643571,243.220369,0.014833
Analog-minimos-cuadrados,2025-03-02 23:00:00,45.106875,84.173937,0.203596,108.103586,137.516468,0.875,559.050137,686.140501,0.92,835.561219,984.597119,27.277426,90.21375,0.017338
Analog-minimos-cuadrados,2025-03-03 23:00:00,56.282204,104.884085,0.167298,141.266768,246.826292,0.841667,385.858168,756.620197,0.891667,529.466929,1004.444272,32.524644,112.564408,0.014537
Analog-minimos-cuadrados,2025-03-04 23:00:00,51.396106,95.895446,0.266474,135.562335,185.013695,0.656667,414.308528,631.79538,0.798333,562.398311,786.827535,24.659529,102.792211,0.013623
Analog-minimos-cuadrados,2025-03-05 23:00:00,37.870371,71.143713,0.105684,93.393038,122.507289,0.746667,303.464701,553.529971,0.848333,445.85029,791.204304,18.860939,75.740742,0.016654
Analog-minimos-cuadrados,2025-03-06 23:00:00,179.838842,346.879632,0.43693,397.325499,546.24673,0.175,173.908549,3151.666316,0.251667,246.189865,5476.679944,249.85518,359.677684,0.014056
Analog-minimos-cuadrados,2025-03-07 23:00:00,61.306445,114.307143,0.171456,153.886386,194.001654,0.811667,685.378179,825.60601,0.935,959.370694,1103.483899,40.334605,122.612889,0.015663
Analog-minimos-cuadrados,2025-03-08 23:00:00,94.623506,177.468904,0.276719,234.744503,286.851913,0.473333,515.296941,1336.133356,0.693333,776.616319,1748.914614,34.929253,189.247012,0.015079
Analog-minimos-cuadrados,2025-03-09 23:00:00,55.435694,103.16471,0.224,144.242989,186.053249,0.795,588.318077,739.265069,0.88,830.483413,983.14874,32.292265,110.871387,0.016435
Analog-minimos-cuadrados,2025-03-10 23:00:00,23.473831,43.757441,0.122193,53.603509,77.544489,0.963333,354.189469,367.772478,0.983333,481.272189,488.799034,16.127704,46.947661,0.014933
Analog-minimos-cuadrados,2025-03-11 23:00:00,44.419796,83.487557,0.281193,113.148736,178.669499,0.625,172.589272,593.6806,0.736667,234.020501,845.878723,33.364986,88.839593,0.015679
Analog-minimos-cuadrados,2025-03-12 23:00:00,103.51511,196.280955,0.292263,243.772998,339.60571,0.478333,282.114452,1665.988406,0.593333,397.88474,2509.395447,108.157581,207.030219,0.014701
Analog-minimos-cuadrados,2025-03-13 23:00:00,69.144885,129.243455,0.185842,189.127308,252.913629,0.683333,409.74483,831.07218,0.8,606.544953,1109.617597,35.011889,138.289769,0.016222
Analog-minimos-cuadrados,2025-03-14 23:00:00,96.564775,183.019372,0.207702,239.337613,283.440645,0.398333,357.228662,1404.522594,0.513333,494.516268,2115.988627,26.431332,193.12955,0.014711
Analog-minimos-cuadrados,2025-03-15 23:00:00,109.123073,203.742684,0.355421,266.576579,303.420438,0.413333,554.867509,1681.858298,0.501667,797.784476,2123.542821,39.904119,218.246146,0.015587
Analog-minimos-cuadrados,2025-03-16 23:00:00,110.242526,205.751155,0.369053,272.348096,310.252883,0.363333,493.983379,1572.357765,0.55,710.044742,2071.381744,36.096323,220.485053,0.015024
Analog-minimos-cuadrados,2025-03-17 23:00:00,31.963384,59.699914,0.13786,63.758583,79.933582,0.858333,492.613045,558.571623,0.915,727.167645,795.275585,26.254036,63.926768,0.016853
Analog-minimos-cuadrados,2025-03-18 23:00:00,89.000936,168.221273,0.355351,217.484444,305.506193,0.491667,244.677966,1307.164045,0.65,325.577478,1968.004643,81.396715,178.001871,0.016586
Analog-minimos-cuadrados,2025-03-19 23:00:00,39.091646,72.92363,0.243877,99.686681,128.930523,0.723333,405.681916,545.39004,0.858333,587.693072,730.533898,24.843436,78.183293,0.014451
Analog-minimos-cuadrados,2025-03-20 23:00:00,27.532622,51.427327,0.158474,65.373447,79.871964,0.848333,288.893399,402.981338,0.905,413.669244,560.933791,15.558793,55.065244,0.015967
Analog-minimos-cuadrados,2025-03-21 23:00:00,87.571122,165.398341,0.351421,210.397905,284.58229,0.338333,191.89819,1338.732201,0.495,274.94452,1937.037743,74.708308,175.142244,0.016866
Analog-minimos-cuadrados,2025-03-22 23:00:00,161.378331,304.694555,0.175228,390.138451,587.486158,0.446667,396.173268,2446.002904,0.516667,539.117769,3584.677101,144.079643,322.756662,0.017174
Analog-minimos-cuadrados,2025-03-23 23:00:00,195.621901,365.770685,0.222439,527.329568,689.191833,0.596667,924.796442,2331.568631,0.76,1273.430584,3077.542224,110.892853,391.243801,0.015332
Analog-minimos-cuadrados,2025-03-24 23:00:00,127.77376,237.85207,0.271807,336.926421,445.894575,0.715,1153.939715,1557.247053,0.86,1629.057445,1941.131728,69.779986,255.54752,0.014785
Analog-minimos-cuadrados,2025-03-25 23:00:00,147.442152,277.204249,0.323544,358.840361,470.580424,0.453333,745.389695,2108.338746,0.546667,1008.527359,3066.839015,85.106615,294.884303,0.015369
Analog-minimos-cuadrados,2025-03-26 23:00:00,92.311656,171.881215,0.124018,249.406534,370.784057,0.736667,670.15231,1095.416031,0.886667,914.757258,1365.756207,44.427191,184.623311,0.014989
Analog-minimos-cuadrados,2025-03-27 23:00:00,134.234798,250.212614,0.273737,355.44205,440.777024,0.606667,716.139843,1688.8593,0.785,993.038863,1969.789465,69.316621,268.469595,0.016341
Analog-minimos-cuadrados,2025-03-28 23:00:00,167.357537,315.198697,0.374263,407.874384,482.438055,0.296667,874.720736,2471.582879,0.391667,1237.962555,3628.448004,65.047516,334.715075,0.015045
Analog-minimos-cuadrados,2025-03-29 23:00:00,144.070939,269.727041,0.242754,367.936445,458.278083,0.501667,727.882692,1936.152732,0.666667,1009.416954,2495.968657,72.625557,288.141879,0.014404
Analog-minimos-cuadrados,2025-03-30 23:00:00,99.784892,186.49738,0.155404,261.635856,420.636962,0.756667,727.328192,1304.768932,0.85,1004.314862,1680.535972,50.369665,199.569783,0.015741
Analog-minimos-cuadrados,2025-03-31 23:00:00,81.396367,151.342878,0.122702,201.29141,348.855458,0.873333,777.238309,1086.116393,0.943333,1032.781204,1229.046357,40.99652,162.792734,0.014574
Analog-minimos-cuadrados,2025-04-01 23:00:00,203.4951,379.617127,0.247281,535.39697,796.438036,0.678333,800.17304,2538.529651,0.791667,1095.374696,3274.411805,122.200207,406.990199,0.01561
Analog-minimos-cuadrados,2025-04-02 23:00:00,144.578756,270.181072,0.223158,351.838786,507.389835,0.753333,1216.515742,2084.104482,0.82,1687.311049,2834.588292,92.339207,289.157511,0.015147
Analog-minimos-cuadrados,2025-04-03 23:00:00,82.422198,153.606994,0.19893,191.587712,231.800504,0.878333,1157.296907,1247.07116,0.945,1603.798201,1647.883834,57.211045,164.844396,0.0159
Analog-minimos-cuadrados,2025-04-04 23:00:00,116.004826,216.90045,0.271719,303.076235,378.392381,0.591667,836.088087,1474.503993,0.703333,1146.536338,1952.93691,67.39319,232.009652,0.015981
Analog-minimos-cuadrados,2025-04-05 23:00:00,116.105096,219.494272,0.295789,279.616263,330.32213,0.446667,686.750684,1771.503442,0.51,937.631706,2626.738861,44.076755,232.210192,0.013835
Analog-minimos-cuadrados,2025-04-06 23:00:00,142.17135,270.556494,0.266123,330.096501,366.075361,0.603333,673.058877,2269.614845,0.663333,928.737951,3543.24678,46.458517,284.342701,0.017114
Analog-minimos-cuadrados,2025-04-07 23:00:00,68.900167,128.830768,0.292912,166.543258,180.201632,0.571667,476.792927,981.641892,0.676667,681.438028,1224.133219,31.571984,137.800334,0.015566
Analog-minimos-cuadrados,2025-04-08 23:00:00,33.201241,62.112261,0.289544,85.053123,97.911594,0.481667,206.759524,448.601129,0.585,285.944627,614.915313,14.072826,66.402482,0.01411
Analog-minimos-cuadrados,2025-04-09 23:00:00,41.412453,77.550548,0.105281,105.302317,170.967326,0.606667,191.060882,569.11497,0.731667,258.627963,762.638437,27.013605,82.824906,0.014281
Analog-minimos-cuadrados,2025-04-10 23:00:00,33.147603,61.72253,0.255596,86.200325,107.383561,0.655,305.677579,422.752516,0.796667,408.253343,514.929262,17.396668,66.295206,0.015743
Analog-minimos-cuadrados,2025-04-11 23:00:00,89.590464,167.807492,0.242684,224.14779,318.273229,0.398333,241.949932,1256.836531,0.506667,343.03189,1688.091612,66.900203,179.180927,0.015567
Analog-minimos-cuadrados,2025-04-12 23:00:00,78.832133,148.899913,0.370123,180.476226,201.232762,0.365,463.688298,1260.655755,0.415,637.420286,1870.589562,33.001742,157.664266,0.013766
Analog-minimos-cuadrados,2025-04-13 23:00:00,41.582461,77.56616,0.252579,101.320783,122.726843,0.735,459.098121,586.956285,0.845,666.929524,797.039762,25.498063,83.164923,0.015497
Analog-minimos-cuadrados,2025-04-14 23:00:00,20.990251,39.115593,0.128579,52.298758,63.411787,0.86,252.410035,294.097596,0.94,356.466567,393.922364,13.152598,41.980502,0.014467
Analog-minimos-cuadrados,2025-04-15 23:00:00,22.483311,42.212044,0.213175,56.203257,66.868481,0.806667,152.363548,314.558945,0.865,208.328497,427.357607,15.706482,44.966623,0.013864
Analog-minimos-cuadrados,2025-04-16 23:00:00,19.878655,37.29563,0.137579,50.936868,59.76786,0.585,126.888628,273.348589,0.656667,171.28008,383.35643,9.900044,39.75731,0.0154
Analog-minimos-cuadrados,2025-04-17 23:00:00,81.718025,158.595116,0.40507,176.786774,201.176749,0.18,117.595438,1475.18195,0.22,161.838306,2635.771455,35.545115,163.436051,0.014469
Analog-minimos-cuadrados,2025-04-18 23:00:00,74.268073,140.912922,0.35486,172.483597,192.40969,0.293333,255.09952,1214.49395,0.343333,371.407214,1926.189241,21.027696,148.536146,0.016598
Analog-minimos-cuadrados,2025-04-19 23:00:00,100.221566,189.592407,0.231825,236.42772,317.460363,0.288333,243.303314,1573.214402,0.411667,340.294092,2282.291782,65.18123,200.443132,0.013357
Analog-minimos-cuadrados,2025-04-20 23:00:00,144.393806,272.253549,0.234333,359.620959,437.542376,0.613333,530.896698,2051.980556,0.741667,702.109793,2842.262325,115.752307,288.787613,0.013534
Analog-minimos-cuadrados,2025-04-21 23:00:00,222.894926,420.226277,0.239526,560.759544,706.930198,0.693333,804.399961,3090.607284,0.785,1098.003371,4366.043565,176.499529,445.789851,0.016756
Analog-minimos-cuadrados,2025-04-22 23:00:00,169.375416,318.391943,0.295228,408.510562,674.385043,0.581667,1037.070038,2561.991727,0.66,1495.046497,3685.031711,149.116358,338.750831,0.017564
Analog-minimos-cuadrados,2025-04-23 23:00:00,112.690004,210.418052,0.183263,296.428348,436.316159,0.771667,906.829551,1456.976805,0.885,1313.08505,1899.305441,55.784272,225.380008,0.015525
Analog-minimos-cuadrados,2025-04-24 23:00:00,100.66735,188.980609,0.155965,265.33282,353.111757,0.76,778.871762,1303.801214,0.865,1148.01395,1892.708976,45.477676,201.3347,0.013187
Analog-minimos-cuadrados,2025-04-25 23:00:00,231.611706,444.676756,0.364544,528.222742,593.963848,0.403333,728.306982,3882.902987,0.466667,1044.032097,6477.063872,61.102134,463.223413,0.014295
Analog-minimos-cuadrados,2025-04-26 23:00:00,138.882606,258.527476,0.354526,356.465126,386.2004,0.471667,688.240084,1849.202526,0.715,1014.152344,1893.764919,47.344827,277.765211,0.014103
Analog-minimos-cuadrados,2025-04-27 23:00:00,84.080597,158.18647,0.113439,210.267595,369.451439,0.71,493.594841,1175.246393,0.835,720.671405,1649.005449,61.271911,168.161194,0.01517
Analog-minimos-cuadrados,2025-04-28 23:00:00,60.920995,113.589572,0.163649,158.413836,214.291968,0.763333,586.524527,815.598849,0.816667,783.037152,1081.896543,34.144791,121.84199,0.015577
Analog-minimos-cuadrados,2025-04-29 23:00:00,70.927811,132.427786,0.117737,176.037474,242.335241,0.856667,597.881568,997.982239,0.908333,823.546019,1308.822435,46.22265,141.855623,0.014753
Analog-minimos-cuadrados,2025-04-30 23:00:00,73.502837,137.623409,0.269965,186.389306,213.055963,0.601667,538.763626,1023.99472,0.696667,741.446614,1453.127098,34.077871,147.005675,0.014693
Analog-minimos-cuadrados,2025-05-01 23:00:00,177.565762,340.297158,0.265772,419.070893,497.629876,0.596667,400.038896,2816.725423,0.691667,584.870234,4473.750449,192.038766,355.131524,0.015731
Analog-minimos-cuadrados,2025-05-02 23:00:00,91.225681,170.007996,0.155474,255.971379,288.865536,0.66,765.068159,1089.915954,0.776667,1092.121221,1406.456449,41.589933,182.451361,0.014849
Analog-minimos-cuadrados,2025-05-03 23:00:00,154.268663,292.559957,0.389421,361.307908,403.30858,0.255,419.660444,2452.602994,0.433333,616.87095,3574.913892,58.031513,308.537325,0.013791
Analog-minimos-cuadrados,2025-05-04 23:00:00,143.026207,268.690913,0.244789,358.950303,409.0029,0.633333,492.774105,1950.059706,0.71,710.087456,2640.303524,99.345477,286.052415,0.015213
Analog-minimos-cuadrados,2025-05-05 23:00:00,101.113729,189.624096,0.197965,259.853417,341.533681,0.663333,702.382419,1387.989303,0.77,971.907363,1869.918228,57.428276,202.227459,0.014965
Analog-minimos-cuadrados,2025-05-06 23:00:00,88.112135,165.678875,0.228386,217.764202,311.289623,0.633333,548.863771,1272.412729,0.735,756.99752,1814.261896,59.83723,176.224269,0.016055
Analog-minimos-cuadrados,2025-05-07 23:00:00,145.225501,273.793046,0.266035,367.14586,432.445659,0.541667,551.000034,2006.307847,0.688333,765.299496,2829.839994,99.699767,290.451003,0.015269
Analog-minimos-cuadrados,2025-05-08 23:00:00,106.18897,199.181396,0.178895,260.587902,360.335287,0.623333,715.224518,1518.146975,0.726667,995.86946,2077.531098,70.910079,212.37794,0.014418
Analog-minimos-cuadrados,2025-05-09 23:00:00,232.188979,445.155529,0.280456,534.337832,581.185387,0.37,614.230744,3841.325776,0.425,833.238743,6555.442855,66.720481,464.377957,0.016125
Analog-minimos-cuadrados,2025-05-10 23:00:00,145.703332,272.145962,0.426439,378.34758,396.821342,0.305,766.579282,1812.003018,0.505,1138.396753,2345.659389,52.279254,291.406665,0.016646
Analog-minimos-cuadrados,2025-05-11 23:00:00,28.062562,52.333506,0.142649,58.668275,80.507024,0.978333,498.48839,502.916646,0.99,725.573137,729.344373,26.581517,56.125123,0.015658
Analog-minimos-cuadrados,2025-05-12 23:00:00,87.319383,165.648812,0.229649,205.798409,340.224806,0.62,205.812964,1382.066386,0.691667,282.362513,2058.620195,88.815099,174.638765,0.015713
Analog-minimos-cuadrados,2025-05-13 23:00:00,107.616414,203.145966,0.226965,266.887662,430.545988,0.613333,473.593319,1551.868423,0.735,644.863903,2290.353211,90.731043,215.232828,0.014915
Analog-minimos-cuadrados,2025-05-14 23:00:00,246.915321,466.291062,0.257491,600.01755,861.526459,0.593333,713.935063,3667.31906,0.71,968.991604,5340.457646,221.367612,493.830643,0.013877
Analog-minimos-cuadrados,2025-05-15 23:00:00,122.387571,227.775184,0.134526,316.035282,397.658276,0.876667,1434.83469,1563.603489,0.973333,2059.331607,2123.21606,72.974577,244.775141,0.014569
Analog-minimos-cuadrados,2025-05-16 23:00:00,103.094297,192.598955,0.171123,267.127996,343.882546,0.69,836.739926,1349.305676,0.828333,1174.33845,1788.960073,54.337748,206.188595,0.01488
Analog-minimos-cuadrados,2025-05-17 23:00:00,199.844434,384.056724,0.390035,456.951219,530.514695,0.243333,569.153842,3289.674682,0.341667,765.3755,5545.624649,51.856909,399.688868,0.016709
Analog-minimos-cuadrados,2025-05-18 23:00:00,147.605383,274.483112,0.142368,394.09883,539.534914,0.623333,773.24019,1770.601349,0.78,1082.210825,1955.192012,58.483261,295.210765,0.015111
Analog-minimos-cuadrados,2025-05-19 23:00:00,220.220215,412.451712,0.344316,571.259748,672.266473,0.51,926.01106,2828.765986,0.675,1211.362448,3612.462704,132.85436,440.44043,0.015508
Analog-minimos-cuadrados,2025-05-20 23:00:00,128.494161,239.662961,0.168211,331.818693,411.803405,0.8,980.301388,1683.46994,0.9,1347.244206,2145.14545,69.623507,256.988322,0.014884
Analog-minimos-cuadrados,2025-05-21 23:00:00,283.217207,539.263702,0.404035,659.270693,749.741726,0.176667,842.628785,4542.443158,0.275,1163.056607,7197.546596,76.300675,566.434415,0.014553
Analog-minimos-cuadrados,2025-05-22 23:00:00,117.829684,221.243913,0.211105,287.995706,352.038396,0.708333,927.578535,1732.856504,0.765,1308.129328,2511.422,65.754646,235.659368,0.015654
Analog-minimos-cuadrados,2025-05-23 23:00:00,139.132645,261.839203,0.198246,364.863154,456.453097,0.585,673.375875,1828.234275,0.701667,920.125326,2539.581888,64.145756,278.26529,0.014857
Analog-minimos-cuadrados,2025-05-24 23:00:00,135.835782,257.135286,0.361877,330.180089,374.773516,0.441667,723.707615,2009.218761,0.558333,983.867453,2996.518273,48.582938,271.671564,0.014517
Analog-minimos-cuadrados,2025-05-25 23:00:00,63.098565,117.578446,0.159895,163.316613,214.051108,0.841667,662.22861,849.656096,0.901667,910.646938,1136.0588,33.433335,126.19713,0.014948
Analog-minimos-cuadrados,2025-05-26 23:00:00,117.507389,221.81816,0.153667,289.251721,498.395724,0.676667,415.519282,1702.018496,0.751667,554.965258,2486.800338,89.897571,235.014778,0.016205
Analog-minimos-cuadrados,2025-05-27 23:00:00,110.131864,205.723502,0.180702,285.750006,351.562674,0.816667,733.736673,1420.960511,0.88,1001.779981,1838.689817,63.47549,220.263727,0.013788
Analog-minimos-cuadrados,2025-05-28 23:00:00,82.087873,153.104598,0.236211,225.027374,258.903795,0.833333,809.951841,1049.541199,0.926667,1116.822114,1370.718204,41.946097,164.175747,0.016307
Analog-minimos-cuadrados,2025-05-29 23:00:00,103.441125,194.04594,0.251386,277.990101,352.216912,0.675,591.04685,1257.780539,0.801667,833.548292,1745.997639,59.486168,206.882251,0.015358
Analog-minimos-cuadrados,2025-05-30 23:00:00,130.761473,247.49788,0.314719,311.649081,396.577208,0.446667,588.309378,2017.392398,0.521667,827.739152,3120.780817,75.88542,261.522946,0.015292
Analog-minimos-cuadrados,2025-05-31 23:00:00,245.519271,467.102297,0.463439,563.47219,602.054024,0.088333,600.228006,4071.238047,0.15,856.961262,6363.899562,53.057482,491.038542,0.015976
Analog-minimos-cuadrados,2025-06-01 23:00:00,97.29032,181.401931,0.193526,263.251066,369.194007,0.663333,719.678202,1096.531904,0.795,1044.874155,1394.971154,36.760112,194.580641,0.017958
Analog-minimos-cuadrados,2025-06-02 23:00:00,99.515808,185.569646,0.188228,272.339571,362.097493,0.755,810.316132,1213.37312,0.845,1112.259415,1552.975374,49.187949,199.031616,0.015724
Analog-minimos-cuadrados,2025-06-03 23:00:00,73.602016,137.309152,0.206982,182.602793,211.492411,0.656667,634.923157,1018.869338,0.738333,896.822656,1337.366367,37.288602,147.204032,0.015945
Analog-minimos-cuadrados,2025-06-04 23:00:00,168.58846,319.281424,0.400439,397.852635,449.48836,0.11,513.205169,2625.822175,0.175,690.690008,3991.035184,49.409788,337.176921,0.017264
Analog-minimos-cuadrados,2025-06-05 23:00:00,74.835823,139.747079,0.189737,201.370793,296.858023,0.768333,588.307606,895.08975,0.87,819.934536,1165.963766,33.602397,149.671646,0.015956
Analog-minimos-cuadrados,2025-06-06 23:00:00,50.124731,93.304493,0.228474,137.216244,187.050729,0.806667,510.003439,628.261422,0.906667,681.432191,775.980214,30.075277,100.249461,0.01495
Analog-minimos-cuadrados,2025-06-07 23:00:00,48.008831,90.11336,0.118579,116.732506,171.374442,0.89,383.343636,707.739805,0.95,553.332091,1055.058856,42.517867,96.017662,0.01581
Analog-minimos-cuadrados,2025-06-08 23:00:00,145.978359,279.779682,0.188719,337.658245,597.634786,0.438333,306.890821,2383.716422,0.531667,415.139593,4057.879875,177.942923,291.956719,0.017186
Analog-minimos-cuadrados,2025-06-09 23:00:00,152.582171,284.651375,0.270281,415.813003,455.051882,0.725,823.230568,1734.772741,0.89,1134.605082,1939.384161,63.097011,305.164342,0.014987
Analog-minimos-cuadrados,2025-06-10 23:00:00,156.669406,292.319253,0.210123,421.04301,640.347196,0.67,820.69731,1859.632788,0.83,1185.833642,2250.380843,72.198012,313.338812,0.015238
Analog-minimos-cuadrados,2025-06-11 23:00:00,80.510171,150.254532,0.189596,194.692465,243.306918,0.776667,845.566533,1180.648854,0.863333,1143.342776,1587.237274,47.671223,161.020342,0.015238
Analog-minimos-cuadrados,2025-06-12 23:00:00,112.602951,212.328858,0.237649,273.941533,315.203411,0.725,756.509866,1695.755781,0.821667,1047.626478,2479.409376,41.534463,225.205903,0.015286
Analog-minimos-cuadrados,2025-06-13 23:00:00,87.445225,162.951595,0.335211,229.463286,263.204574,0.386667,554.931373,1085.317583,0.588333,756.792252,1300.495414,33.699847,174.890449,0.017172
Analog-minimos-cuadrados,2025-06-14 23:00:00,101.345052,191.031559,0.376754,244.517304,265.13769,0.295,429.173196,1495.906188,0.431667,587.715755,2142.929774,31.473251,202.690105,0.016581
Analog-minimos-cuadrados,2025-06-15 23:00:00,69.13323,128.672587,0.169526,184.997495,278.825457,0.673333,429.707716,831.690559,0.815,597.577244,930.046547,30.575211,138.26646,0.015065
Analog-minimos-cuadrados,2025-06-16 23:00:00,34.777207,64.74264,0.147614,91.486162,122.347531,0.925,474.366711,489.609366,0.978333,641.910035,647.201387,24.291684,69.554415,0.016495
Analog-minimos-cuadrados,2025-06-17 23:00:00,51.027326,96.449129,0.106509,121.209803,188.08347,0.895,388.364006,798.182106,0.938333,540.944289,1227.431645,48.264333,102.054652,0.016376
Analog-minimos-cuadrados,2025-06-18 23:00:00,74.06317,139.378895,0.234965,190.438639,272.843392,0.506667,427.306922,1019.421532,0.603333,575.067981,1438.379053,30.690791,148.12634,0.015808
Analog-minimos-cuadrados,2025-06-19 23:00:00,122.788398,229.4781,0.367912,325.182689,409.09471,0.44,510.576864,1507.08445,0.638333,713.130943,1908.411753,65.256195,245.576796,0.016884
Analog-minimos-cuadrados,2025-06-20 23:00:00,118.261006,220.276823,0.273667,306.091467,432.615171,0.538333,767.55315,1496.295282,0.758333,1086.14544,1678.164569,56.461849,236.522012,0.015259
Analog-minimos-cuadrados,2025-06-21 23:00:00,139.168673,259.592998,0.392333,354.984805,409.577305,0.276667,820.073153,1851.637671,0.575,1174.707403,2150.28651,64.729328,278.337345,0.017151
Analog-minimos-cuadrados,2025-06-22 23:00:00,60.215004,112.200583,0.103789,154.729011,202.096297,0.855,733.601326,836.300993,0.921667,1015.045027,1126.721229,33.429666,120.430008,0.01796
Analog-minimos-cuadrados,2025-06-23 23:00:00,71.876527,134.320852,0.166825,182.468256,306.008015,0.78,496.986734,980.891134,0.876667,686.991171,1308.257082,45.478347,143.753055,0.015831
Analog-minimos-cuadrados,2025-06-24 23:00:00,75.649991,141.221685,0.193035,197.23902,275.220592,0.848333,623.37656,952.710979,0.93,849.458383,1232.900731,35.601064,151.299982,0.014579
Analog-minimos-cuadrados,2025-06-25 23:00:00,43.909895,81.667508,0.213982,116.690037,151.949542,0.906667,558.794217,582.417952,0.971667,744.419272,750.661841,27.959167,87.81979,0.014165
Analog-minimos-cuadrados,2025-06-26 23:00:00,38.385164,71.813037,0.165842,98.693866,144.979933,0.868333,373.552651,509.413315,0.946667,511.874296,697.557123,24.403112,76.770327,0.014655
Analog-minimos-cuadrados,2025-06-27 23:00:00,28.781416,53.701407,0.304088,76.583825,84.47909,0.725,297.662951,379.680572,0.861667,409.047736,493.346716,17.405784,57.562831,0.015508
Analog-minimos-cuadrados,2025-06-28 23:00:00,49.768257,93.131988,0.379544,124.876163,150.830104,0.253333,251.302739,689.188357,0.365,335.881102,896.165156,17.715099,99.536514,0.01546
Analog-minimos-cuadrados,2025-06-29 23:00:00,25.482261,47.476427,0.145789,65.537531,89.916788,0.758333,224.90034,322.843729,0.878333,317.831785,399.794253,11.58468,50.964521,0.017069
Analog-minimos-cuadrados,2025-06-30 23:00:00,46.888146,89.022357,0.194351,115.097457,221.274741,0.833333,216.83822,705.379514,0.893333,293.981688,1075.253857,42.940087,93.776292,0.016315
Analog-minimos-cuadrados,2025-07-01 23:00:00,34.053634,63.396052,0.244298,90.334172,118.031876,0.883333,386.873912,433.313509,0.968333,547.338581,575.741027,22.000191,68.107267,0.015989
Analog-minimos-cuadrados,2025-07-02 23:00:00,47.526685,89.678239,0.136719,118.340467,184.697099,0.79,255.875679,694.319134,0.875,358.080649,999.239892,38.505112,95.053371,0.016222
Analog-minimos-cuadrados,2025-07-03 23:00:00,29.012019,54.043302,0.185825,73.210683,108.202959,0.816667,328.565843,369.824779,0.913333,438.073106,483.48372,16.898309,58.024037,0.016599
Analog-minimos-cuadrados,2025-07-04 23:00:00,114.35158,217.390346,0.260684,276.032004,350.813112,0.416667,342.344536,1756.626657,0.488333,471.38828,2625.991366,99.496064,228.70316,0.015881
Analog-minimos-cuadrados,2025-07-05 23:00:00,81.069466,151.403665,0.178772,204.792225,244.619045,0.643333,619.752587,1154.571751,0.791667,901.088088,1554.184124,41.181304,162.138933,0.016933
Analog-minimos-cuadrados,2025-07-06 23:00:00,73.755661,137.458474,0.185754,203.116736,264.961645,0.82,460.509022,818.968337,0.89,647.266942,991.74456,29.432518,147.511322,0.016708
Analog-minimos-cuadrados,2025-07-07 23:00:00,55.375836,103.170584,0.189632,141.507031,171.511788,0.871667,523.041148,772.463895,0.918333,705.297382,968.440558,29.754189,110.751673,0.016959
Analog-minimos-cuadrados,2025-07-08 23:00:00,38.031714,70.749282,0.09486,105.589714,143.897463,0.885,355.304463,405.785047,0.976667,491.727067,506.884247,16.343483,76.063427,0.01503
Analog-minimos-cuadrados,2025-07-09 23:00:00,55.208907,103.305421,0.111737,136.88056,228.301398,0.641667,340.970017,771.12264,0.785,496.245915,1039.196115,39.612725,110.417815,0.016208
Analog-minimos-cuadrados,2025-07-10 23:00:00,78.755392,148.539299,0.178333,197.190324,288.322566,0.746667,437.798701,1135.193056,0.821667,607.497196,1635.827711,64.417201,157.510784,0.016633
Analog-minimos-cuadrados,2025-07-11 23:00:00,56.213861,104.821387,0.172842,142.487795,178.28956,0.806667,541.334788,771.094601,0.871667,748.065886,981.753532,31.373397,112.427722,0.017384
Analog-minimos-cuadrados,2025-07-12 23:00:00,79.041605,147.509469,0.284702,209.223851,246.755025,0.413333,443.082377,960.242313,0.578333,619.498151,1210.430591,30.477903,158.08321,0.017412
Analog-minimos-cuadrados,2025-07-13 23:00:00,34.438247,64.134371,0.177211,83.862418,111.226754,0.921667,478.908143,512.012127,0.975,635.263476,668.991762,23.794514,68.876494,0.018267
Analog-minimos-cuadrados,2025-07-14 23:00:00,52.098499,97.468132,0.104228,138.983989,247.40572,0.853333,369.490879,643.437583,0.921667,509.407677,817.945713,28.226604,104.196997,0.015028
Analog-minimos-cuadrados,2025-07-15 23:00:00,45.588453,84.751288,0.282368,124.456537,163.891027,0.835,485.525479,555.221259,0.945,668.490961,733.521871,28.553108,91.176905,0.013536
Analog-minimos-cuadrados,2025-07-16 23:00:00,41.455072,77.191644,0.221263,108.525967,159.147594,0.83,429.046251,521.973793,0.913333,596.783871,679.732243,20.200705,82.910144,0.017231
Analog-minimos-cuadrados,2025-07-17 23:00:00,46.94943,87.289573,0.280754,132.283386,192.136103,0.835,423.117068,537.998685,0.938333,600.348902,661.961398,19.62071,93.898861,0.01762
Analog-minimos-cuadrados,2025-07-18 23:00:00,50.426139,94.001553,0.35007,131.910014,159.503721,0.536667,435.560603,640.016425,0.751667,594.864336,819.317048,26.025591,100.852279,0.015035
Analog-minimos-cuadrados,2025-07-19 23:00:00,73.367475,137.669036,0.239246,188.697906,315.531815,0.63,403.64002,964.22491,0.773333,554.972023,1341.077742,42.43596,146.73495,0.017081
Analog-minimos-cuadrados,2025-07-20 23:00:00,53.995715,100.637084,0.136351,149.638578,252.154929,0.906667,561.481259,668.575234,0.968333,817.632901,868.628937,27.992108,107.99143,0.016873
Analog-minimos-cuadrados,2025-07-21 23:00:00,47.48375,88.389518,0.144789,119.758986,171.985228,0.943333,634.346097,658.472536,0.991667,866.9528,868.376764,31.569577,94.967499,0.015763
Analog-minimos-cuadrados,2025-07-22 23:00:00,59.744716,111.068634,0.135561,160.596548,300.910019,0.9,552.82386,714.526393,0.968333,735.910739,826.752074,25.269775,119.489431,0.016437
Analog-minimos-cuadrados,2025-07-23 23:00:00,49.536453,92.186123,0.241877,119.865606,147.356358,0.78,613.848535,706.566527,0.896667,856.726669,932.193873,34.651703,99.072906,0.01497
Analog-minimos-cuadrados,2025-07-24 23:00:00,69.534294,129.309747,0.191316,188.150826,321.66937,0.825,570.854747,791.360477,0.921667,823.901979,964.464741,30.413028,139.068587,0.016083
Analog-minimos-cuadrados,2025-07-25 23:00:00,52.587418,97.847611,0.20486,142.646631,202.352449,0.765,554.924205,630.213838,0.883333,769.963847,815.493935,30.008132,105.174836,0.014844
Analog-minimos-cuadrados,2025-07-26 23:00:00,90.693835,168.945772,0.440895,238.734803,281.419029,0.23,529.061359,1101.462921,0.465,723.755426,1313.111983,34.679277,181.38767,0.013856
Analog-minimos-cuadrados,2025-07-27 23:00:00,29.49054,54.967751,0.209193,77.172065,103.071156,0.981667,401.266612,426.950465,0.99,554.648573,583.759959,16.848489,58.98108,0.014106
Analog-minimos-cuadrados,2025-07-28 23:00:00,47.283725,88.222896,0.317561,123.192662,173.619746,0.583333,265.768663,586.797408,0.736667,361.910853,740.594439,20.368419,94.567449,0.015618
Analog-minimos-cuadrados,2025-07-29 23:00:00,41.117207,76.814806,0.193772,107.67909,167.643549,0.791667,319.565633,520.507545,0.87,432.344562,649.523391,22.368825,82.234414,0.01459
Analog-minimos-cuadrados,2025-07-30 23:00:00,42.198558,78.535011,0.31807,114.188418,142.548081,0.56,379.565357,525.759674,0.783333,518.074154,654.187561,21.990544,84.397116,0.014845
Analog-minimos-cuadrados,2025-07-31 23:00:00,21.874741,40.722519,0.192772,55.351483,81.185408,0.906667,293.156216,302.318794,0.976667,403.540047,406.823578,14.525476,43.749483,0.016031
Analog-minimos-cuadrados,2025-08-01 23:00:00,20.010533,37.261807,0.199035,51.960892,65.591311,0.856667,221.281228,251.110503,0.961667,301.809987,315.302631,11.559837,40.021067,0.014453
Analog-minimos-cuadrados,2025-08-02 23:00:00,35.948365,67.287818,0.201421,88.508812,152.307697,0.68,183.900014,509.677214,0.825,255.608247,702.655822,27.598432,71.89673,0.014908
Analog-minimos-cuadrados,2025-08-03 23:00:00,61.601634,116.794369,0.174474,154.510845,334.395197,0.78,302.612216,886.646447,0.861667,420.296092,1374.653057,56.270994,123.203268,0.015674
Analog-minimos-cuadrados,2025-08-04 23:00:00,39.545134,73.603286,0.114246,106.444308,189.310457,0.968333,499.937956,511.351321,0.991667,688.891908,696.205642,21.889386,79.090267,0.015012
Analog-minimos-cuadrados,2025-08-05 23:00:00,43.869022,81.702038,0.209439,111.975526,170.638873,0.901667,545.900816,592.862537,0.965,733.255081,765.873198,22.858923,87.738043,0.015412
Analog-minimos-cuadrados,2025-08-06 23:00:00,59.715831,111.095225,0.270509,168.004258,232.600858,0.758333,471.131433,628.005258,0.906667,638.92052,737.956259,18.484301,119.431662,0.015358
Analog-minimos-cuadrados,2025-08-07 23:00:00,54.131654,100.678878,0.108825,153.017244,221.736205,0.793333,495.427849,551.691616,0.961667,683.506735,695.373813,22.421303,108.263309,0.016373
Analog-minimos-cuadrados,2025-08-08 23:00:00,66.206248,123.127572,0.143789,179.001286,237.122117,0.793333,657.920364,761.108637,0.963333,931.382465,982.0963,35.943986,132.412496,0.016906
Analog-minimos-cuadrados,2025-08-09 23:00:00,74.245887,138.495246,0.295509,185.814621,222.897355,0.573333,622.776196,1001.391687,0.743333,835.712381,1266.089406,34.557449,148.491775,0.017134
Analog-minimos-cuadrados,2025-08-10 23:00:00,111.940496,211.90904,0.120175,282.121761,437.554039,0.833333,627.716928,1605.762051,0.881667,874.150333,2511.709263,99.337863,223.880992,0.01458
Analog-minimos-cuadrados,2025-08-11 23:00:00,116.389318,216.595092,0.102175,320.710671,461.260517,0.855,872.705433,1344.662829,0.948333,1209.172485,1583.153781,49.104632,232.778637,0.017139
Analog-minimos-cuadrados,2025-08-12 23:00:00,146.906938,274.093628,0.291246,377.088358,449.622215,0.631667,940.141217,1932.72336,0.753333,1287.041336,2470.384006,60.369204,293.813875,0.014606
Analog-minimos-cuadrados,2025-08-13 23:00:00,72.176079,134.42835,0.176509,191.701579,318.822624,0.87,658.2256,862.591674,0.935,897.303322,1088.96904,32.731816,144.352159,0.016718
Analog-minimos-cuadrados,2025-08-14 23:00:00,127.666894,237.680998,0.252842,340.268242,475.570865,0.665,649.741967,1602.223846,0.805,901.063494,1877.332931,66.29988,255.333788,0.016681
Analog-minimos-cuadrados,2025-08-15 23:00:00,100.32714,187.10824,0.162737,256.336046,295.084023,0.596667,844.778884,1378.138882,0.663333,1142.038884,1814.043521,55.723959,200.654281,0.014633
Analog-minimos-cuadrados,2025-08-16 23:00:00,92.29263,171.735414,0.244175,241.988064,283.379737,0.553333,737.026745,1126.48364,0.715,987.954796,1316.706571,42.475043,184.58526,0.01563
Analog-minimos-cuadrados,2025-08-17 23:00:00,102.808769,191.353382,0.094088,288.813088,399.951324,0.696667,805.006833,1126.487679,0.863333,1107.869276,1377.93534,38.573694,205.617537,0.016813
Analog-minimos-cuadrados,2025-08-18 23:00:00,87.561497,162.929262,0.071175,237.90261,314.616524,0.823333,846.469234,1056.587046,0.898333,1147.158568,1354.952352,38.185269,175.122993,0.017135
Analog-minimos-cuadrados,2025-08-19 23:00:00,194.447198,361.72527,0.189246,510.243926,753.999525,0.67,996.30877,2389.20779,0.818333,1381.758132,2618.609224,86.48659,388.894395,0.016774
Analog-minimos-cuadrados,2025-08-20 23:00:00,107.474367,200.062182,0.198404,260.272389,320.802883,0.83,1374.068149,1488.871738,0.94,1910.688625,1972.57569,72.285054,214.948734,0.014977
Analog-minimos-cuadrados,2025-08-21 23:00:00,125.796044,234.241347,0.153754,322.583701,431.328267,0.915,1623.85935,1715.227112,0.981667,2154.90293,2170.405962,77.189441,251.592088,0.016763
Analog-minimos-cuadrados,2025-08-22 23:00:00,125.414312,233.15148,0.270947,327.032937,382.349914,0.663333,976.262453,1595.537124,0.835,1368.849336,1913.673261,56.502923,250.828624,0.016279
Analog-minimos-cuadrados,2025-08-23 23:00:00,120.198087,224.093301,0.360123,308.818736,341.71957,0.371667,882.350946,1595.075579,0.533333,1207.934051,1984.888643,56.23135,240.396174,0.0147
Analog-minimos-cuadrados,2025-08-24 23:00:00,82.438517,153.551881,0.160193,214.189306,278.791152,0.703333,795.340682,1061.293771,0.79,1052.031914,1314.311395,37.863154,164.877034,0.015734
Analog-minimos-cuadrados,2025-08-25 23:00:00,66.088882,123.034859,0.205737,163.399815,205.645089,0.881667,725.630263,902.725873,0.925,1032.222105,1224.899232,42.467322,132.177765,0.014782
Analog-minimos-cuadrados,2025-08-26 23:00:00,55.592023,103.902089,0.195965,148.347479,187.756242,0.905,559.620012,728.395505,0.965,767.935501,1006.544974,27.438035,111.184046,0.016096
Analog-minimos-cuadrados,2025-08-27 23:00:00,63.079815,117.628954,0.28586,154.306031,187.399508,0.521667,487.014238,893.892518,0.608333,651.452031,1060.837646,26.11569,126.159631,0.017937
Analog-minimos-cuadrados,2025-08-28 23:00:00,74.329668,138.678614,0.141632,185.162478,285.160376,0.781667,518.242678,1027.576794,0.865,697.014024,1276.722303,40.269403,148.659335,0.016863
Analog-minimos-cuadrados,2025-08-29 23:00:00,65.195334,121.686645,0.259,169.589891,220.66,0.61,551.937993,839.472963,0.776667,752.180348,1095.579271,33.155088,130.390669,0.016254
Analog-minimos-cuadrados,2025-08-30 23:00:00,48.043902,89.389224,0.279579,117.000556,136.556883,0.705,479.462958,659.552753,0.811667,662.231021,822.909083,27.487871,96.087804,0.018654
Analog-minimos-cuadrados,2025-08-31 23:00:00,125.579465,237.341268,0.189509,305.018295,478.971812,0.61,377.216865,1869.351977,0.681667,506.43871,2780.015519,116.954547,251.158929,0.015982
Analog-minimos-cuadrados,2025-09-01 23:00:00,143.997889,268.018374,0.148246,383.920769,626.68557,0.776667,809.183691,1762.780167,0.863333,1092.781905,1926.368588,64.377076,287.995777,0.015719
Analog-minimos-cuadrados,2025-09-02 23:00:00,112.541085,209.333149,0.294368,314.75432,390.663609,0.805,1157.619831,1292.642685,0.936667,1560.549177,1613.659358,64.176849,225.08217,0.015198
Analog-minimos-cuadrados,2025-09-03 23:00:00,81.711488,152.087811,0.165684,204.903977,276.754359,0.876667,986.826373,1080.796623,0.943333,1354.940403,1405.964347,51.227972,163.422976,0.016582
Analog-minimos-cuadrados,2025-09-04 23:00:00,64.223356,119.611457,0.120719,173.440796,245.810772,0.835,571.803663,769.273353,0.915,778.282931,931.554286,28.323976,128.446713,0.015884
Analog-minimos-cuadrados,2025-09-05 23:00:00,102.618438,193.795204,0.207965,254.335854,315.288793,0.63,554.512382,1489.501928,0.716667,745.712772,2171.324188,80.13323,205.236875,0.015229
Analog-minimos-cuadrados,2025-09-06 23:00:00,96.373224,179.445745,0.234789,256.918357,294.620344,0.531667,643.465247,1187.438387,0.74,866.856595,1374.127318,39.752306,192.746448,0.016647
Analog-minimos-cuadrados,2025-09-07 23:00:00,55.697588,103.759351,0.185842,146.235593,206.853364,0.858333,595.96939,740.821627,0.925,841.532836,969.763339,30.965285,111.395177,0.016524
Analog-minimos-cuadrados,2025-09-08 23:00:00,42.302964,78.738217,0.131123,105.440204,176.932612,0.915,472.889932,546.745534,0.956667,637.899569,691.34653,22.11083,84.605928,0.014368
Analog-minimos-cuadrados,2025-09-09 23:00:00,74.124893,137.798348,0.223404,196.917987,280.842706,0.568333,543.815208,885.403273,0.77,735.736741,1023.110358,34.336945,148.249787,0.01578
Analog-minimos-cuadrados,2025-09-10 23:00:00,62.516486,116.337425,0.114789,178.811998,269.55787,0.951667,637.719603,702.602546,0.988333,869.36024,902.952054,27.886706,125.032972,0.015743
Analog-minimos-cuadrados,2025-09-11 23:00:00,73.046181,135.930863,0.18886,189.374208,268.13717,0.878333,790.478455,941.236976,0.956667,1067.185757,1168.679467,38.929018,146.092362,0.016008
Analog-minimos-cuadrados,2025-09-12 23:00:00,84.988631,158.040432,0.275018,230.65687,306.065631,0.736667,799.347898,1029.453829,0.873333,1104.231688,1277.204212,47.963382,169.977262,0.016678
Analog-minimos-cuadrados,2025-09-13 23:00:00,59.28488,110.410078,0.279825,152.941253,187.437668,0.781667,592.235765,771.754487,0.876667,824.693307,986.845268,34.620038,118.569759,0.014741
Analog-minimos-cuadrados,2025-09-14 23:00:00,42.284689,78.909738,0.173912,110.812981,163.996618,0.791667,411.273127,559.576036,0.866667,577.140935,757.762648,23.680918,84.569377,0.014737
Analog-minimos-cuadrados,2025-09-15 23:00:00,27.867453,51.832316,0.150175,72.107036,125.097965,0.893333,276.919163,358.347626,0.953333,368.274033,427.200212,14.373801,55.734907,0.01341
Analog-minimos-cuadrados,2025-09-16 23:00:00,67.311186,126.77734,0.14693,161.62029,350.812938,0.74,278.63652,1025.988724,0.838333,398.571998,1624.895809,68.931158,134.622372,0.015251
Analog-minimos-cuadrados,2025-09-17 23:00:00,31.459127,58.632185,0.148561,72.971091,122.451491,0.963333,452.197353,464.092876,0.978333,629.405386,636.252586,22.610372,62.918254,0.015662
Analog-minimos-cuadrados,2025-09-18 23:00:00,36.677549,68.264904,0.149333,101.481364,173.000439,0.97,419.761022,438.881337,0.996667,571.530705,576.723085,16.155575,73.355098,0.016061
Analog-minimos-cuadrados,2025-09-19 23:00:00,46.423183,86.37734,0.114789,124.840613,217.152046,0.916667,434.09044,575.939493,0.963333,595.197744,726.863647,23.594889,92.846365,0.014773
Analog-minimos-cuadrados,2025-09-20 23:00:00,71.922316,134.120779,0.385965,190.403156,252.88203,0.401667,477.829128,907.973645,0.631667,652.519231,1107.623899,32.245237,143.844633,0.015022
Analog-minimos-cuadrados,2025-09-21 23:00:00,35.541486,66.236887,0.147456,92.156319,163.261911,0.833333,332.861195,456.85268,0.936667,482.44101,563.745929,17.135507,71.082972,0.015835
Analog-minimos-cuadrados,2025-09-22 23:00:00,38.094448,70.796799,0.095895,105.970737,183.101196,0.758333,272.440987,401.056931,0.903333,378.148556,452.867741,13.411786,76.188896,0.01567
Analog-minimos-cuadrados,2025-09-23 23:00:00,32.976538,61.506999,0.142719,76.726142,114.725367,0.871667,332.750741,477.982083,0.933333,443.532236,632.242846,23.151088,65.953077,0.01541
Analog-minimos-cuadrados,2025-09-24 23:00:00,117.311818,222.470819,0.135386,284.045722,517.137327,0.575,313.133027,1757.515256,0.653333,431.547524,2715.176799,113.391202,234.623637,0.016778
Analog-minimos-cuadrados,2025-09-25 23:00:00,98.632039,183.948117,0.235439,256.710174,360.337893,0.608333,653.881435,1263.691084,0.815,884.962059,1518.610613,59.134476,197.264079,0.015081
Analog-minimos-cuadrados,2025-09-26 23:00:00,112.518398,211.744418,0.173614,278.055189,375.353678,0.691667,572.887523,1650.793499,0.798333,769.473418,2311.670594,91.888577,225.036796,0.015875
Analog-minimos-cuadrados,2025-09-27 23:00:00,119.449376,227.250937,0.38314,275.612869,303.226626,0.265,438.278903,1942.930469,0.311667,616.122346,3060.498606,39.708381,238.898753,0.016868
Analog-minimos-cuadrados,2025-09-28 23:00:00,58.256294,108.603917,0.209123,151.952741,184.192261,0.855,492.971699,758.463963,0.94,688.344444,962.057694,27.930212,116.512588,0.013945
Analog-minimos-cuadrados,2025-09-29 23:00:00,42.842038,80.164813,0.143561,109.985474,174.588899,0.831667,250.618768,569.378674,0.915,348.480663,734.271856,27.390328,85.684076,0.014654
Analog-minimos-cuadrados,2025-09-30 23:00:00,35.663857,66.307772,0.13914,98.774249,145.372765,0.813333,357.247255,402.354143,0.923333,536.820871,564.771337,19.237843,71.327714,0.016433
Analog-minimos-cuadrados,2025-10-01 23:00:00,35.502235,66.196855,0.142719,93.414156,116.362074,0.763333,312.690901,441.423852,0.856667,449.737499,565.798581,19.383287,71.00447,0.017334
Analog-minimos-cuadrados,2025-10-02 23:00:00,47.204709,88.211703,0.328386,119.398353,159.669844,0.466667,269.640088,637.011697,0.633333,365.791749,807.172632,27.656767,94.409418,0.016077
Analog-minimos-cuadrados,2025-10-03 23:00:00,40.443699,75.525845,0.135211,102.323236,159.733307,0.678333,297.437498,548.534263,0.818333,421.484185,674.723054,22.835317,80.887399,0.015781
Analog-minimos-cuadrados,2025-10-04 23:00:00,76.860891,144.228344,0.176368,188.679266,313.769503,0.548333,315.663048,1095.58331,0.62,443.83404,1543.870569,36.903053,153.721783,0.015754
Analog-minimos-cuadrados,2025-10-05 23:00:00,42.160491,78.549528,0.141316,111.602708,161.137932,0.875,489.917249,523.788938,0.946667,717.222243,731.928672,24.44288,84.320983,0.01482
Analog-minimos-cuadrados,2025-10-06 23:00:00,48.898951,91.04691,0.158667,133.747002,234.963735,0.916667,454.731069,604.909062,0.965,628.954425,761.316967,22.808886,97.797901,0.016048
Analog-minimos-cuadrados,2025-10-07 23:00:00,36.060626,67.186562,0.110474,90.485035,143.150016,0.943333,462.061215,501.786847,0.973333,623.44786,662.941082,23.506744,72.121252,0.014775
Analog-minimos-cuadrados,2025-10-08 23:00:00,29.930671,55.752325,0.138298,70.614632,99.543945,0.965,440.043223,450.363618,0.998333,590.575571,592.368571,19.194129,59.861341,0.016033
Analog-minimos-cuadrados,2025-10-09 23:00:00,27.926425,52.166652,0.22486,68.190189,88.236561,0.753333,276.411574,388.309432,0.846667,388.133977,527.621823,15.353546,55.85285,0.014631
Analog-minimos-cuadrados,2025-10-10 23:00:00,24.487918,45.732942,0.197281,62.740863,78.039956,0.645,196.729704,305.414044,0.796667,275.011575,411.982131,10.328118,48.975836,0.01651
Analog-minimos-cuadrados,2025-10-11 23:00:00,71.344621,136.700152,0.203684,160.732584,223.488164,0.36,187.999938,1193.658624,0.47,256.439374,2014.479463,71.307176,142.689241,0.014511
Analog-minimos-cuadrados,2025-10-12 23:00:00,39.613281,73.755755,0.118772,105.336103,142.586845,0.785,401.831088,517.621613,0.875,580.492583,669.549845,23.180664,79.226562,0.016329
Analog-minimos-cuadrados,2025-10-13 23:00:00,52.049388,97.665632,0.316614,127.5088,144.349519,0.513333,312.21655,742.270787,0.638333,417.623101,1045.462667,20.528257,104.098775,0.015744
Analog-minimos-cuadrados,2025-10-14 23:00:00,18.383352,34.631139,0.182316,44.275364,71.310997,0.856667,184.180823,284.071127,0.901667,267.805929,432.242512,15.674393,36.766704,0.016231
Analog-minimos-cuadrados,2025-10-15 23:00:00,68.808427,132.069162,0.272158,158.244298,276.59929,0.418333,138.421758,1139.640337,0.536667,193.454082,1923.342804,85.468377,137.616855,0.014873
Analog-minimos-cuadrados,2025-10-16 23:00:00,227.938139,434.933205,0.340246,532.685378,635.312189,0.343333,348.523699,3634.171407,0.505,487.094889,5630.366335,246.733232,455.876277,0.015412
Analog-minimos-cuadrados,2025-10-17 23:00:00,114.520098,213.206342,0.215632,306.869792,369.19574,0.751667,911.041393,1378.87771,0.87,1280.517115,1676.491159,50.999408,229.040195,0.015987
Analog-minimos-cuadrados,2025-10-18 23:00:00,254.733428,484.880713,0.398456,572.334097,613.873325,0.225,537.098219,4339.819184,0.36,756.496555,7139.820843,52.113321,509.466856,0.014555
Analog-minimos-cuadrados,2025-10-19 23:00:00,76.001333,141.723022,0.260246,203.907385,226.467583,0.836667,629.092608,898.038399,0.92,914.395364,1227.399228,34.451911,152.002667,0.017217
Analog-minimos-cuadrados,2025-10-20 23:00:00,28.047197,52.278142,0.168895,71.9639,95.833047,0.825,258.722553,380.528431,0.915,372.09507,517.052939,14.886859,56.094393,0.017605
Analog-minimos-cuadrados,2025-10-21 23:00:00,26.159599,48.680114,0.262175,70.125738,86.857176,0.621667,211.539063,310.046833,0.808333,295.206341,373.753853,10.192224,52.319197,0.014121
Analog-minimos-cuadrados,2025-10-22 23:00:00,60.074598,113.179158,0.42714,148.76672,220.447747,0.245,204.923572,865.047385,0.455,283.770799,1205.91479,48.257942,120.149197,0.014827
Analog-minimos-cuadrados,2025-10-23 23:00:00,43.711909,81.714105,0.148351,107.274973,251.981641,0.855,316.638774,601.250724,0.943333,450.505215,784.38616,28.308592,87.423818,0.015266
Analog-minimos-cuadrados,2025-10-24 23:00:00,143.397354,273.659247,0.265667,330.527765,479.76906,0.615,432.991615,2342.438003,0.711667,594.125094,3790.117248,157.009203,286.794708,0.014433
Analog-minimos-cuadrados,2025-10-25 23:00:00,139.925221,260.756512,0.224544,373.544733,456.55276,0.556667,890.43776,1650.680629,0.691667,1229.642494,1941.048079,55.790109,279.850442,0.015166
Analog-minimos-cuadrados,2025-10-26 23:00:00,182.075948,347.430828,0.305018,436.531918,470.853235,0.43,724.636256,2836.498588,0.52,980.102369,4573.621257,53.102429,364.151897,0.014566
Analog-minimos-cuadrados,2025-10-27 23:00:00,71.409712,132.964401,0.194719,190.258418,253.604634,0.695,573.746371,854.422758,0.831667,827.408417,1068.386519,31.176237,142.819424,0.016153
Analog-minimos-cuadrados,2025-10-28 23:00:00,55.158711,102.88778,0.326526,143.60845,189.688064,0.506667,414.530684,717.638981,0.693333,558.323528,911.348484,25.110051,110.317422,0.015555
Analog-minimos-cuadrados,2025-10-29 23:00:00,44.425249,83.518755,0.191281,109.419408,128.427615,0.823333,317.738348,657.993737,0.863333,441.707889,961.74733,21.758861,88.850497,0.01735
Analog-minimos-cuadrados,2025-10-30 23:00:00,18.24617,34.112857,0.296175,47.446038,62.37766,0.551667,134.130978,230.235124,0.696667,189.625884,308.628532,10.772642,36.492339,0.014497
Analog-minimos-cuadrados,2025-10-31 23:00:00,33.428717,62.812502,0.342368,80.987182,103.539023,0.35,130.157316,498.543951,0.49,183.181869,708.370394,28.462798,66.857434,0.016456
Analog-minimos-cuadrados,2025-11-01 23:00:00,58.026815,112.702111,0.411053,127.320771,166.51866,0.303333,150.329145,1022.901465,0.366667,211.223688,1830.209621,13.681952,116.053629,0.017191
Analog-minimos-cuadrados,2025-11-02 23:00:00,21.062721,39.246928,0.156596,50.870994,60.611467,0.895,279.546849,317.489529,0.943333,389.134013,429.359563,10.114811,42.125443,0.015141
Analog-minimos-cuadrados,2025-11-03 23:00:00,16.50245,30.766562,0.214491,41.390978,49.918315,0.885,179.234042,235.950175,0.93,257.061822,305.190461,9.02005,33.004901,0.015025
Analog-minimos-cuadrados,2025-11-04 23:00:00,10.087951,18.861538,0.214526,25.84569,32.926132,0.68,76.323863,135.772783,0.78,107.780025,179.083613,4.044945,20.175901,0.015317
Analog-minimos-cuadrados,2025-11-05 23:00:00,49.566389,95.856381,0.268193,109.453295,241.343735,0.483333,63.25889,867.658091,0.591667,88.328911,1542.892108,61.466468,99.132778,0.017027
Analog-minimos-cuadrados,2025-11-06 23:00:00,62.133855,115.847701,0.319737,175.780809,237.677978,0.601667,285.939191,658.063367,0.766667,402.595703,782.308085,22.523729,124.26771,0.014616
Analog-minimos-cuadrados,2025-11-07 23:00:00,123.120742,232.539145,0.257491,300.190937,395.669453,0.456667,356.357172,1824.907926,0.58,487.802168,2618.801561,98.094027,246.241485,0.016106
Analog-minimos-cuadrados,2025-11-08 23:00:00,118.014778,220.962285,0.410737,287.904988,335.69433,0.273333,644.781463,1736.651513,0.411667,935.032384,2301.739988,48.525162,236.029556,0.016772
Analog-minimos-cuadrados,2025-11-09 23:00:00,51.67956,96.34122,0.307825,134.078989,152.623497,0.6,436.973146,658.809433,0.805,622.9454,816.2706,28.560661,103.35912,0.015147
Analog-minimos-cuadrados,2025-11-10 23:00:00,16.828569,31.420941,0.158526,42.305779,55.037055,0.728333,151.145071,230.235302,0.851667,214.258072,302.899926,9.60947,33.657137,0.016441
Analog-minimos-cuadrados,2025-11-11 23:00:00,18.313917,34.62644,0.187579,46.340692,65.030499,0.686667,107.387287,263.004966,0.775,151.253313,391.220679,6.101057,36.627835,0.015492
Analog-minimos-cuadrados,2025-11-12 23:00:00,15.794687,29.743027,0.13686,38.741761,52.611903,0.65,103.09728,231.084574,0.77,146.083805,322.7947,6.080496,31.589374,0.014607
Analog-minimos-cuadrados,2025-11-13 23:00:00,32.233374,60.648549,0.378018,81.925884,110.971358,0.396667,107.764238,444.992563,0.568333,152.497138,630.247047,24.546109,64.466748,0.015999
Analog-minimos-cuadrados,2025-11-14 23:00:00,81.384373,154.216864,0.306737,194.59828,245.460375,0.321667,164.760851,1265.0773,0.438333,224.222619,1949.361661,72.645367,162.768747,0.015072
Analog-minimos-cuadrados,2025-11-15 23:00:00,55.962655,104.444034,0.270772,139.13392,165.606147,0.491667,339.013363,782.789175,0.641667,478.667337,990.89371,22.475333,111.92531,0.014458
Analog-minimos-cuadrados,2025-11-16 23:00:00,61.593909,114.819237,0.359772,165.521794,192.4671,0.505,401.149932,735.735891,0.708333,557.970537,923.047331,29.022652,123.187819,0.015244
Analog-minimos-cuadrados,2025-11-17 23:00:00,44.379918,83.088447,0.308526,115.753043,148.757535,0.575,249.954805,579.02956,0.721667,351.486318,739.63608,25.36872,88.759836,0.014773
Analog-minimos-cuadrados,2025-11-18 23:00:00,50.085479,94.170154,0.222561,129.118391,175.354796,0.661667,261.389802,672.774745,0.788333,361.02898,924.929727,34.558446,100.170958,0.014925
Analog-minimos-cuadrados,2025-11-19 23:00:00,152.05547,286.722051,0.255263,348.873826,509.761187,0.381667,252.415674,2495.388938,0.49,366.307469,3829.486556,167.124946,304.110939,0.014903
Analog-minimos-cuadrados,2025-11-20 23:00:00,189.098784,354.945451,0.341246,483.016453,570.345973,0.46,792.639006,2601.581511,0.58,1085.361299,3445.824898,115.110725,378.197568,0.016029
Analog-minimos-cuadrados,2025-11-21 23:00:00,187.415224,352.059921,0.403351,472.584848,493.677322,0.261667,744.43575,2669.931102,0.343333,1043.962247,3747.148117,55.324161,374.830449,0.015772
Analog-minimos-cuadrados,2025-11-22 23:00:00,122.370634,227.857916,0.38393,325.743649,349.863805,0.485,603.736009,1338.209829,0.746667,870.741157,1478.720165,41.697667,244.741269,0.015411
Analog-minimos-cuadrados,2025-11-23 23:00:00,80.569425,150.182376,0.25186,206.985509,342.739884,0.616667,336.923294,1047.032974,0.755,482.453617,1280.96117,42.429818,161.138849,0.015529
Analog-minimos-cuadrados,2025-11-24 23:00:00,101.831552,189.470677,0.299491,295.997977,379.746271,0.665,552.476105,1056.831792,0.846667,765.276218,1120.607254,29.781377,203.663105,0.014675
Analog-minimos-cuadrados,2025-11-25 23:00:00,86.079108,160.387576,0.377719,224.335057,278.044096,0.425,666.173766,1128.977327,0.608333,988.996159,1509.121901,47.22143,172.158215,0.01382
Analog-minimos-cuadrados,2025-11-26 23:00:00,43.984498,81.93861,0.296,112.579634,131.429264,0.728333,425.824649,584.037415,0.85,596.338753,760.281248,23.375589,87.968996,0.015573
Analog-minimos-cuadrados,2025-11-27 23:00:00,50.685839,97.108422,0.181842,116.522581,192.453111,0.563333,126.125697,841.218487,0.645,179.459416,1394.856031,53.383073,101.371677,0.014675
Analog-minimos-cuadrados,2025-11-28 23:00:00,39.123157,73.998452,0.292947,94.739244,121.952053,0.508333,260.282399,591.468562,0.571667,365.323191,896.578703,15.883382,78.246314,0.014082
Analog-minimos-cuadrados,2025-11-29 23:00:00,45.21612,84.649295,0.324544,114.299703,131.346332,0.363333,218.777932,609.105621,0.58,314.502578,738.191205,21.66974,90.432241,0.014792
Analog-minimos-cuadrados,2025-11-30 23:00:00,101.112225,194.530511,0.34507,231.123079,373.304389,0.386667,190.921017,1689.07182,0.493333,262.011674,2878.109001,124.512735,202.224449,0.013561
Analog-minimos-cuadrados,2025-12-01 23:00:00,77.741153,145.641612,0.211368,203.941273,359.387075,0.766667,526.808781,1070.861545,0.84,742.87101,1449.350034,52.298166,155.482307,0.016083
Analog-minimos-cuadrados,2025-12-02 23:00:00,54.371043,101.469666,0.190842,133.851161,175.145303,0.885,599.366036,773.543488,0.935,825.148389,1032.088783,27.298256,108.742086,0.013989
Analog-minimos-cuadrados,2025-12-03 23:00:00,169.549374,318.915091,0.31914,416.94899,462.278868,0.481667,513.5664,2505.924499,0.568333,691.026074,3732.330835,154.562997,339.098748,0.01432
Analog-minimos-cuadrados,2025-12-04 23:00:00,63.924935,119.127175,0.146579,154.462499,202.648421,0.79,705.041991,900.890823,0.876667,1011.015195,1219.217453,39.354946,127.84987,0.016708
Analog-minimos-cuadrados,2025-12-05 23:00:00,219.738702,421.614751,0.209526,503.4271,666.955392,0.266667,381.34491,3626.225035,0.39,530.917912,6028.848524,240.275729,439.477403,0.015393
Analog-minimos-cuadrados,2025-12-06 23:00:00,187.991329,355.49905,0.383421,440.4755,488.500232,0.401667,1059.505491,2977.364259,0.476667,1540.440761,4652.760187,78.807319,375.982658,0.016317
Analog-minimos-cuadrados,2025-12-07 23:00:00,115.600193,215.956153,0.251895,295.541291,359.600013,0.656667,852.361636,1552.084017,0.768333,1203.314488,1996.068916,56.282477,231.200386,0.016386
Analog-minimos-cuadrados,2025-12-08 23:00:00,123.513292,235.535419,0.253386,294.386694,406.25974,0.455,353.982939,1902.406877,0.6,482.765526,2958.144685,126.178696,247.026585,0.016172
Analog-minimos-cuadrados,2025-12-09 23:00:00,104.281102,195.30603,0.141544,274.386303,358.750766,0.523333,643.994478,1340.921308,0.648333,897.185567,1744.41272,43.391538,208.562203,0.016538
Analog-minimos-cuadrados,2025-12-10 23:00:00,112.480182,210.407881,0.388,290.443627,353.965091,0.343333,718.27005,1454.829523,0.466667,999.954331,1922.701739,46.607959,224.960363,0.014362
Analog-minimos-cuadrados,2025-12-11 23:00:00,91.041541,170.542329,0.252544,229.904838,313.811275,0.593333,505.603293,1258.470929,0.773333,692.066212,1753.464231,66.902618,182.083083,0.014863
Analog-minimos-cuadrados,2025-12-12 23:00:00,79.780623,149.088907,0.159035,207.387839,278.402281,0.546667,658.988494,1064.05507,0.713333,962.341793,1452.289822,51.120175,159.561245,0.014389
Analog-minimos-cuadrados,2025-12-13 23:00:00,123.434901,231.831918,0.423351,313.55615,397.622066,0.185,595.839317,1662.639086,0.351667,824.16468,2298.920586,69.219208,246.869802,0.015119
Analog-minimos-cuadrados,2025-12-14 23:00:00,95.701015,178.981658,0.141351,247.834151,337.555208,0.648333,591.46815,1263.120482,0.768333,835.558716,1703.797002,57.514264,191.40203,0.01566
Analog-minimos-cuadrados,2025-12-15 23:00:00,76.160939,141.728305,0.120947,208.458308,280.225411,0.79,639.680473,909.442197,0.875,894.188449,1096.03278,34.875226,152.321877,0.01679
Analog-minimos-cuadrados,2025-12-16 23:00:00,134.243063,251.944277,0.19086,336.49719,470.360614,0.533333,550.628303,1861.519257,0.666667,759.786214,2502.623934,94.507805,268.486125,0.016101
Analog-minimos-cuadrados,2025-12-17 23:00:00,92.365694,172.111281,0.239526,235.712882,315.025371,0.636667,873.312037,1251.607676,0.768333,1230.898633,1569.078747,51.567358,184.731388,0.014373
Analog-minimos-cuadrados,2025-12-18 23:00:00,168.72974,319.292346,0.411684,406.334433,455.677088,0.318333,685.443337,2526.211246,0.466667,920.591163,3874.87535,50.68255,337.45948,0.015288
Analog-minimos-cuadrados,2025-12-19 23:00:00,59.987568,111.774169,0.282263,166.581678,212.877792,0.721667,560.020376,649.83658,0.898333,830.313143,875.625109,29.231599,119.975135,0.013239
Analog-minimos-cuadrados,2025-12-20 23:00:00,44.663065,83.721163,0.18286,107.001776,168.544851,0.625,259.481414,681.523832,0.668333,372.224763,1017.794797,16.445521,89.326129,0.013673
Analog-minimos-cuadrados,2025-12-21 23:00:00,22.215557,41.422277,0.191193,55.229784,78.078852,0.943333,323.893816,335.022697,0.978333,477.677381,490.312674,15.124323,44.431115,0.014063
Analog-minimos-cuadrados,2025-12-22 23:00:00,53.657244,102.121678,0.158947,119.356056,215.232513,0.92,214.915102,920.19313,0.948333,309.565245,1482.796584,64.827972,107.314489,0.014124
Analog-minimos-cuadrados,2025-12-23 23:00:00,53.683783,101.089643,0.305702,131.037372,189.243002,0.416667,342.663499,795.055247,0.516667,510.885848,1192.278676,25.336834,107.367566,0.013339
Analog-minimos-cuadrados,2025-12-24 23:00:00,89.536954,168.852992,0.430912,205.746472,242.282265,0.16,268.48906,1419.66907,0.275,385.27847,2190.526354,22.284788,179.073908,0.015621
Analog-minimos-cuadrados,2025-12-25 23:00:00,20.655142,38.526357,0.173965,51.178107,59.361315,0.875,265.303173,288.359708,0.953333,383.368345,400.786159,8.573167,41.310284,0.015617
Analog-minimos-cuadrados,2025-12-26 23:00:00,25.679609,47.951623,0.286491,67.560137,76.445441,0.655,212.507275,316.817231,0.83,302.888327,388.440074,9.937372,51.359217,0.014606
Analog-minimos-cuadrados,2025-12-27 23:00:00,35.217668,66.377479,0.197649,87.381588,145.216619,0.496667,113.729371,507.13053,0.695,168.974474,703.967923,19.590898,70.435335,0.013871
Analog-minimos-cuadrados,2025-12-28 23:00:00,21.137404,39.471352,0.201105,52.178671,65.320698,0.868333,246.83722,315.361979,0.938333,390.26384,487.035675,20.261031,42.274808,0.015655
Analog-minimos-cuadrados,2025-12-29 23:00:00,13.841933,25.828283,0.123965,32.468206,38.105935,0.781667,172.545637,208.208017,0.861667,240.263978,282.100699,8.084927,27.683866,0.014879
Analog-minimos-cuadrados,2025-12-30 23:00:00,42.559462,83.22521,0.195158,92.094708,127.962332,0.43,63.667846,765.268255,0.536667,87.435614,1415.616473,7.141533,85.118925,0.014365
Analog-minimos-cuadrados,2025-12-31 23:00:00,60.662926,113.496139,0.27093,151.756848,172.675455,0.281667,166.043273,792.736008,0.478333,231.219372,974.865872,11.095973,121.325853,0.013508
Analog-minimos-cuadrados,2026-01-01 23:00:00,29.07897,54.166042,0.127754,79.181147,87.854367,0.673333,257.170224,360.798632,0.86,378.39798,482.416767,14.653297,58.157941,0.017623
Analog-minimos-cuadrados,2026-01-02 23:00:00,49.170999,91.469698,0.34386,135.918661,145.667594,0.575,262.666031,544.961163,0.748333,384.741612,661.254475,20.244536,98.341997,0.014927
Analog-minimos-cuadrados,2026-01-03 23:00:00,31.580091,58.763375,0.127474,86.598072,106.146858,0.72,231.732035,346.253908,0.905,345.831758,393.108439,10.06992,63.160182,0.014771
Analog-minimos-cuadrados,2026-01-04 23:00:00,45.54133,85.004119,0.236544,120.448906,192.343029,0.665,203.47208,557.403943,0.821667,284.386244,648.327014,21.507286,91.08266,0.014299
Analog-minimos-cuadrados,2026-01-05 23:00:00,32.556488,60.669475,0.100456,80.825689,119.339279,0.915,371.554932,435.280888,0.966667,535.980789,577.121161,19.043515,65.112975,0.014484
Analog-minimos-cuadrados,2026-01-06 23:00:00,33.607806,62.496088,0.226526,89.706575,103.372848,0.61,287.051108,421.491555,0.745,387.49547,497.814113,15.907109,67.215612,0.01468
Analog-minimos-cuadrados,2026-01-07 23:00:00,78.803824,149.954691,0.215439,189.502233,281.870337,0.591667,210.741655,1189.863417,0.718333,287.104589,1860.325802,78.34658,157.607647,0.014827
Analog-minimos-cuadrados,2026-01-08 23:00:00,355.636653,684.621588,0.409228,787.793226,1010.458373,0.158333,389.254247,6175.74711,0.263333,583.923125,10541.805922,464.994056,711.273307,0.015656
Analog-minimos-cuadrados,2026-01-09 23:00:00,222.048829,415.236706,0.404684,546.761734,659.460278,0.311667,1396.36128,3144.871303,0.478333,1956.204849,4142.129475,99.635547,444.097658,0.015205
Analog-minimos-cuadrados,2026-01-10 23:00:00,107.319577,199.727702,0.382211,296.88149,316.186092,0.505,837.423635,1195.20984,0.816667,1192.255734,1380.622641,53.096709,214.639154,0.013931
Analog-minimos-cuadrados,2026-01-11 23:00:00,48.170466,90.243393,0.152193,117.608969,168.005744,0.666667,291.077671,696.247738,0.775,430.783049,969.182103,28.593364,96.340933,0.014623
Analog-minimos-cuadrados,2026-01-12 23:00:00,68.795041,129.008053,0.264053,180.113064,225.408902,0.59,338.200821,881.261865,0.701667,472.096757,1163.129318,39.896729,137.590082,0.014632
Analog-minimos-cuadrados,2026-01-13 23:00:00,53.58586,100.113354,0.349035,142.010246,167.341301,0.466667,355.78652,688.874327,0.643333,509.832906,895.380614,22.726441,107.17172,0.016098
Analog-minimos-cuadrados,2026-01-14 23:00:00,32.520817,60.604322,0.263842,83.989694,95.457203,0.575,252.246586,420.901613,0.741667,361.125854,528.040118,14.714399,65.041634,0.017443
Analog-minimos-cuadrados,2026-01-15 23:00:00,26.647826,50.122663,0.223982,66.136838,80.159068,0.436667,130.988296,375.069839,0.528333,188.144546,535.40086,8.026812,53.295652,0.01445
Analog-minimos-cuadrados,2026-01-16 23:00:00,23.253643,43.659297,0.193561,57.049329,71.468778,0.575,143.315783,331.175057,0.733333,211.247077,468.613095,10.905124,46.507286,0.015362
Analog-minimos-cuadrados,2026-01-17 23:00:00,14.705671,27.542502,0.211246,36.654434,46.410434,0.64,105.497756,211.112381,0.715,146.862286,296.912339,5.75783,29.411341,0.016949
Analog-minimos-cuadrados,2026-01-18 23:00:00,51.369799,97.731482,0.224982,118.994942,230.437531,0.565,106.923243,834.230078,0.681667,147.668918,1349.053076,52.29355,102.739599,0.016242
Analog-minimos-cuadrados,2026-01-19 23:00:00,31.475842,58.801934,0.114579,80.857377,131.174185,0.835,293.348088,434.870449,0.916667,402.828307,572.809503,17.717953,62.951684,0.015273
Analog-minimos-cuadrados,2026-01-20 23:00:00,33.151443,61.923143,0.147825,91.315117,138.747314,0.751667,210.829897,391.683805,0.838333,292.396496,528.460406,12.616736,66.302885,0.015878
Analog-minimos-cuadrados,2026-01-21 23:00:00,51.85297,97.963018,0.209368,123.446283,158.364192,0.628333,215.541195,814.319593,0.755,303.777244,1189.486611,50.010889,103.705941,0.015696
Analog-minimos-cuadrados,2026-01-22 23:00:00,102.302337,193.411238,0.425158,247.512265,299.315618,0.246667,225.831645,1556.976182,0.358333,323.485288,2379.46089,99.811228,204.604674,0.014221
Analog-minimos-cuadrados,2026-01-23 23:00:00,197.278515,375.38679,0.440439,451.328283,530.199216,0.158333,341.503785,3236.963401,0.241667,500.002062,5159.379986,222.963618,394.55703,0.014128
Analog-minimos-cuadrados,2026-01-24 23:00:00,491.482899,939.868199,0.396228,1113.419034,1235.154525,0.151667,631.228941,8258.548378,0.19,860.961151,13650.949991,609.185399,982.965797,0.016553
Analog-minimos-cuadrados,2026-01-25 23:00:00,237.44224,442.293872,0.292754,653.230615,725.379727,0.638333,1631.855036,2756.125866,0.773333,2390.58452,3473.498106,107.608406,474.88448,0.015721
Analog-minimos-cuadrados,2026-01-26 23:00:00,109.999409,204.948122,0.191316,271.765762,336.393536,0.713333,869.518001,1538.542835,0.788333,1224.087988,1891.42465,47.042999,219.998817,0.015497
Analog-minimos-cuadrados,2026-01-27 23:00:00,247.279786,465.785925,0.468421,611.386202,624.839211,0.155,667.380444,3436.932553,0.336667,942.062203,4867.577408,52.889762,494.559571,0.01537
Analog-minimos-cuadrados,2026-01-28 23:00:00,220.905928,416.50812,0.481667,522.21372,594.055864,0.09,531.078223,3548.631947,0.201667,758.395062,5293.922009,48.512264,441.811856,0.014919
Analog-minimos-cuadrados,2026-01-29 23:00:00,290.56061,549.886047,0.495702,689.869384,696.670185,0.01,544.947268,4322.994054,0.071667,774.612917,6366.246604,52.390553,581.121219,0.015679
Analog-minimos-cuadrados,2026-01-30 23:00:00,57.477773,107.142189,0.300842,150.895001,181.561473,0.725,504.078379,750.605017,0.811667,715.82783,991.260271,29.593716,114.955545,0.013843
Analog-minimos-cuadrados,2026-01-31 23:00:00,46.303147,88.666289,0.21586,107.224122,142.101699,0.478333,152.449144,756.49193,0.565,223.390814,1248.76737,12.03455,92.606294,0.016502
Analog-minimos-cuadrados,2026-02-01 23:00:00,87.991848,164.707893,0.470351,221.837077,245.652315,0.118333,232.608497,1169.926099,0.361667,326.316428,1521.836884,18.519133,175.983695,0.013933
Analog-minimos-cuadrados,2026-02-02 23:00:00,16.617776,31.029614,0.165228,38.399242,47.313044,0.995,286.580645,286.845404,1.0,442.057869,442.057869,12.577288,33.235552,0.014318
Analog-minimos-cuadrados,2026-02-03 23:00:00,12.162844,22.682428,0.209491,31.664142,38.123049,0.841667,157.305298,169.280334,0.915,233.89636,241.22774,7.890077,24.325689,0.015045
Analog-minimos-cuadrados,2026-02-04 23:00:00,8.657752,16.250223,0.183386,21.922591,26.823858,0.741667,74.975981,121.250491,0.87,107.03671,171.301459,4.593845,17.315504,0.014912
Analog-minimos-cuadrados,2026-02-05 23:00:00,11.168076,20.927165,0.246,28.52925,38.20742,0.518333,59.257061,152.159955,0.655,84.124141,210.275779,6.458594,22.336152,0.014482
Analog-minimos-cuadrados,2026-02-06 23:00:00,10.077828,18.931649,0.233649,25.048762,30.117771,0.6,71.930677,143.857279,0.683333,102.378384,203.060892,4.007029,20.155656,0.014377
Analog-minimos-cuadrados,2026-02-07 23:00:00,26.37043,50.96207,0.277088,58.124646,81.302084,0.398333,60.905029,464.724359,0.493333,87.876824,810.521016,5.326687,52.74086,0.014913
Analog-minimos-cuadrados,2026-02-08 23:00:00,11.251254,20.949213,0.249649,27.895241,33.890892,0.786667,128.942786,166.095394,0.896667,190.476281,227.04288,5.469253,22.502509,0.015873
Analog-minimos-cuadrados,2026-02-09 23:00:00,16.79608,31.404783,0.123772,39.296622,102.385673,0.785,111.114203,263.198881,0.863333,158.219894,348.408173,12.651556,33.592161,0.014925
Analog-minimos-cuadrados,2026-02-10 23:00:00,37.05925,70.569859,0.17207,89.583524,163.313447,0.715,166.024227,556.196965,0.826667,245.879571,872.980596,32.574874,74.1185,0.013674
Analog-minimos-cuadrados,2026-02-11 23:00:00,25.494423,47.445678,0.15893,66.003406,80.807452,0.911667,285.549582,338.71911,0.965,393.190951,427.129401,15.4465,50.988845,0.015769
Analog-minimos-cuadrados,2026-02-12 23:00:00,32.445613,61.89808,0.197825,72.55901,106.916193,0.731667,162.923241,541.294852,0.846667,234.415056,869.884731,36.171957,64.891225,0.013708
Analog-minimos-cuadrados,2026-02-13 23:00:00,78.352695,150.290541,0.231509,178.82012,237.468525,0.396667,153.552303,1306.270513,0.5,221.149249,2104.685234,90.064961,156.705389,0.016504
Analog-minimos-cuadrados,2026-02-14 23:00:00,76.952852,146.473319,0.395456,176.61072,194.915727,0.281667,295.322285,1262.446803,0.31,416.148903,2050.538562,23.892316,153.905705,0.014725
Analog-minimos-cuadrados,2026-02-15 23:00:00,27.536382,51.278202,0.210193,69.55467,79.64133,0.84,280.168182,392.500892,0.943333,406.986019,438.94412,14.840457,55.072764,0.013358
Analog-minimos-cuadrados,2026-02-16 23:00:00,7.520684,14.02869,0.118807,16.879026,21.630302,0.866667,102.948277,114.87478,0.943333,150.772573,162.091413,5.425054,15.041369,0.014302
Analog-minimos-cuadrados,2026-02-17 23:00:00,6.362438,11.862193,0.143368,17.686388,22.990198,0.798333,56.028431,72.597199,0.923333,79.573251,91.40212,2.482182,12.724877,0.013459
Analog-minimos-cuadrados,2026-02-18 23:00:00,18.06037,33.829625,0.33214,46.790835,56.637043,0.46,67.776219,227.635919,0.695,96.338049,304.248921,10.361537,36.120741,0.01321
Analog-minimos-cuadrados,2026-02-19 23:00:00,121.248257,236.203468,0.314667,261.066839,445.928974,0.408333,109.150659,2196.092834,0.526667,151.608441,3972.445824,176.151072,242.496513,0.014467
Analog-minimos-cuadrados,2026-02-20 23:00:00,139.49202,260.93694,0.206298,357.479926,512.091762,0.586667,644.641094,1817.653364,0.69,892.904186,2302.349414,86.122522,278.98404,0.01455
Analog-minimos-cuadrados,2026-02-21 23:00:00,160.217752,300.732302,0.382912,387.145802,424.476791,0.251667,945.359595,2396.509251,0.34,1295.675021,3260.684262,65.280803,320.435504,0.013403
Analog-minimos-cuadrados,2026-02-22 23:00:00,69.246563,128.885907,0.254316,191.265827,227.892973,0.853333,629.850935,806.778691,0.95,903.570417,1042.207726,35.278554,138.493125,0.016962
Analog-minimos-cuadrados,2026-02-23 23:00:00,19.518789,36.360079,0.322175,52.312206,60.881006,0.64,186.714641,250.12566,0.805,263.958934,317.258445,11.371619,39.037578,0.015448
Analog-minimos-cuadrados,2026-02-24 23:00:00,20.690085,39.006466,0.387439,49.19814,64.224314,0.281667,76.589648,315.12027,0.418333,115.734471,442.434817,17.350368,41.380171,0.013228
Analog-minimos-cuadrados,2026-02-25 23:00:00,36.998469,69.869815,0.244982,88.200967,212.261664,0.815,105.477484,583.732661,0.893333,148.64753,958.827114,41.350772,73.996939,0.013437
Analog-minimos-cuadrados,2026-02-26 23:00:00,43.639072,81.534598,0.209228,114.924302,170.256718,0.875,277.602837,596.839936,0.956667,398.184392,898.269498,33.863169,87.278144,0.015194
Analog-minimos-cuadrados,2026-02-27 23:00:00,55.411661,103.365758,0.241421,149.284389,210.518904,0.571667,408.091043,704.774753,0.698333,570.379695,909.976342,30.740011,110.823323,0.015011
Analog-minimos-cuadrados,2026-02-28 23:00:00,60.815466,113.678223,0.295789,149.577409,203.83414,0.418333,269.980139,843.616605,0.616667,387.89378,1173.804934,33.59593,121.630932,0.016684
