method,origin,mean_pinball,crps,reliability,mae,rmse,cover80,sharp80,winkler80,wis,seconds
Analog,2021-04-01 23:00:00,114.694281,215.323672,0.480926,251.599856,313.893522,0.085,175.090059,1947.208855,229.388562,0.012924
Analog,2021-04-02 23:00:00,46.606308,83.93039,0.156852,103.644042,123.011088,0.918333,659.33904,689.514332,93.212616,0.0119
Analog,2021-04-04 23:00:00,59.954851,107.640873,0.273259,149.358648,174.237047,0.803333,605.282852,744.366567,119.909701,0.010846
Analog,2021-04-05 23:00:00,34.519828,62.440378,0.219481,68.308051,77.93664,0.993333,632.443786,633.786765,69.039655,0.011926
Analog,2021-04-06 23:00:00,21.735202,39.103018,0.134519,50.413218,85.24665,0.87,195.658701,288.997702,43.470403,0.010681
Analog,2021-04-07 23:00:00,20.344123,36.683087,0.146741,48.575373,61.773969,0.906667,277.49846,294.895115,40.688247,0.012713
Analog,2021-04-08 23:00:00,25.013554,44.848481,0.267667,65.207849,76.711186,0.723333,175.787365,290.786871,50.027108,0.011929
Analog,2021-04-09 23:00:00,153.277202,285.895332,0.416074,340.735407,379.863077,0.171667,201.986722,2535.144008,306.554403,0.013027
Analog,2021-04-10 23:00:00,128.560123,229.16228,0.420074,324.14379,332.810874,0.285,597.848748,1533.85033,257.120246,0.014345
Analog,2021-04-11 23:00:00,48.865898,88.184803,0.175222,106.659718,137.690297,0.931667,656.090338,711.203679,97.731796,0.014586
Analog,2021-04-12 23:00:00,23.397608,42.190862,0.116519,52.951313,70.504907,0.943333,338.615561,355.50888,46.795216,0.013998
Analog,2021-04-13 23:00:00,113.513165,204.439922,0.416667,275.183348,320.563505,0.351667,288.954515,1499.870601,227.026331,0.013368
Analog,2021-04-14 23:00:00,40.620094,73.266876,0.172148,80.732748,100.210253,0.923333,630.949354,669.981655,81.240189,0.016383
Analog,2021-04-15 23:00:00,32.37558,58.348554,0.141926,73.928683,93.339681,0.88,371.896806,481.294638,64.75116,0.015432
Analog,2021-04-16 23:00:00,129.150844,242.501575,0.47537,287.645221,294.647207,0.101667,299.783967,2108.218388,258.301688,0.014908
Analog,2021-04-17 23:00:00,40.970874,73.459595,0.264259,114.594924,127.581227,0.956667,479.147628,487.356712,81.941748,0.015866
Analog,2021-04-18 23:00:00,17.196147,31.110349,0.154556,35.934249,87.462489,0.911667,169.705058,279.743673,34.392295,0.014146
Analog,2021-04-19 23:00:00,17.461789,31.588791,0.195222,36.428401,45.785334,0.95,286.194682,296.939513,34.923579,0.015681
Analog,2021-04-20 23:00:00,12.238851,22.146437,0.157889,26.8009,33.079283,0.986667,196.166205,197.155323,24.477702,0.014308
Analog,2021-04-21 23:00:00,25.292942,46.454341,0.201852,58.436966,130.849355,0.843333,98.756205,393.933258,50.585883,0.014814
Analog,2021-04-22 23:00:00,50.231684,89.495439,0.253926,145.335572,177.571425,0.88,373.28841,485.692078,100.463368,0.014159
Analog,2021-04-23 23:00:00,47.329392,85.739236,0.121481,115.0712,152.335672,0.865,480.196247,697.313808,94.658785,0.01594
Analog,2021-04-24 23:00:00,64.582312,115.910151,0.289481,161.409453,191.704099,0.671667,593.718474,800.302702,129.164624,0.013472
Analog,2021-04-25 23:00:00,84.626522,151.107228,0.234667,208.604059,291.905734,0.608333,389.359821,1065.26598,169.253045,0.017847
Analog,2021-04-26 23:00:00,68.627507,122.794831,0.255741,177.707442,224.799223,0.83,696.45235,792.105314,137.255014,0.014224
Analog,2021-04-27 23:00:00,42.663957,77.430997,0.133222,97.555731,127.384202,0.966667,628.198682,647.109215,85.327913,0.015142
Analog,2021-04-28 23:00:00,32.343372,58.133609,0.265407,79.195429,137.837365,0.775,284.511783,435.571293,64.686744,0.017223
Analog,2021-04-29 23:00:00,34.681616,62.276241,0.222741,76.3894,104.987324,0.923333,501.537269,516.320039,69.363233,0.014863
Analog,2021-04-30 23:00:00,36.644722,67.925502,0.189963,80.827949,111.133578,0.826667,276.525633,586.771024,73.289445,0.016122
Analog,2021-05-01 23:00:00,75.254433,140.741386,0.246481,165.677251,315.457599,0.43,292.944251,1232.036023,150.508867,0.014907
Analog,2021-05-02 23:00:00,62.824935,113.01496,0.126556,149.908098,248.214872,0.91,755.651759,894.002348,125.649869,0.015252
Analog,2021-05-03 23:00:00,66.089943,119.060741,0.14137,146.118881,299.942518,0.918333,784.115719,979.431008,132.179887,0.017196
Analog,2021-05-04 23:00:00,68.733644,123.72027,0.197074,145.47294,196.511089,0.971667,1085.576901,1095.093266,137.467289,0.015243
Analog,2021-05-05 23:00:00,36.565941,66.373967,0.136111,69.689959,94.007512,1.0,658.174403,658.174403,73.131883,0.014908
Analog,2021-05-06 23:00:00,22.166747,39.486697,0.343481,59.07422,64.539294,0.706667,155.871463,248.471098,44.333494,0.015745
Analog,2021-05-07 23:00:00,28.718083,51.739848,0.359704,72.819685,91.223401,0.541667,126.594544,339.601603,57.436167,0.015278
Analog,2021-05-08 23:00:00,23.638664,42.319698,0.193926,55.743128,81.266812,0.783333,226.977691,298.120325,47.277327,0.01516
Analog,2021-05-09 23:00:00,19.075624,34.484116,0.21163,41.663394,56.476308,0.943333,272.310723,300.651006,38.151249,0.014528
Analog,2021-05-10 23:00:00,49.103524,89.564234,0.249074,117.902373,287.424627,0.815,225.181436,681.045106,98.207049,0.013823
Analog,2021-05-11 23:00:00,44.716755,81.05966,0.165556,77.624095,119.871936,0.985,874.226301,878.987328,89.43351,0.016074
Analog,2021-05-12 23:00:00,37.174465,67.546243,0.191,88.036465,133.202047,0.971667,556.437989,564.401796,74.34893,0.017215
Analog,2021-05-13 23:00:00,33.193423,59.625354,0.246185,82.452414,110.49415,0.838333,392.012959,437.665033,66.386845,0.014635
Analog,2021-05-14 23:00:00,34.548363,61.780366,0.152778,91.030768,155.773325,0.868333,286.189857,398.693712,69.096726,0.015088
Analog,2021-05-15 23:00:00,44.593384,79.780582,0.211815,102.109044,137.272654,0.703333,483.122794,608.344326,89.186768,0.013937
Analog,2021-05-16 23:00:00,53.152087,95.546426,0.148593,117.437254,319.634443,0.933333,436.887906,816.63255,106.304173,0.014838
Analog,2021-05-17 23:00:00,52.260736,94.861786,0.160074,101.177269,179.928152,0.98,908.942266,919.548126,104.521472,0.014215
Analog,2021-05-18 23:00:00,46.191606,83.849409,0.149741,96.652313,159.243751,0.973333,725.553643,739.167229,92.383211,0.015798
Analog,2021-05-19 23:00:00,31.118698,56.31571,0.178852,72.721369,85.057563,0.976667,486.323629,488.686313,62.237396,0.014533
Analog,2021-05-20 23:00:00,13.665124,24.426848,0.374185,34.935818,38.365124,0.495,96.576031,159.087504,27.330249,0.013316
Analog,2021-05-21 23:00:00,102.639216,197.731352,0.356037,219.87032,355.680308,0.288333,94.726276,1833.57956,205.278431,0.015137
Analog,2021-05-22 23:00:00,68.642806,122.906999,0.306519,165.99862,185.988622,0.615,674.013329,876.846427,137.285611,0.014148
Analog,2021-05-23 23:00:00,53.564084,96.148447,0.114815,130.290105,175.64029,0.846667,563.949034,684.730375,107.128168,0.013605
Analog,2021-05-24 23:00:00,24.832085,44.807469,0.208667,59.459823,76.498287,0.933333,334.508516,352.096399,49.664169,0.015099
Analog,2021-05-25 23:00:00,30.338628,56.462725,0.195889,67.125942,174.742091,0.89,182.288527,491.725408,60.677256,0.013293
Analog,2021-05-26 23:00:00,29.278904,52.788916,0.247556,57.441867,71.885961,0.94,502.346803,508.131271,58.557808,0.015333
Analog,2021-05-27 23:00:00,155.94222,286.04076,0.468704,358.162101,538.879449,0.225,278.154859,2352.104805,311.884439,0.016694
Analog,2021-05-28 23:00:00,130.278909,232.482616,0.242407,329.945326,421.151854,0.773333,1300.788374,1571.317106,260.557817,0.013214
Analog,2021-05-29 23:00:00,96.986877,173.721518,0.376148,256.213121,282.982338,0.698333,820.199696,1084.57228,193.973753,0.013839
Analog,2021-05-30 23:00:00,43.388916,78.293184,0.198037,92.772592,154.642293,0.883333,547.166162,663.486792,86.777833,0.015595
Analog,2021-05-31 23:00:00,19.511428,35.373463,0.198407,33.58317,46.973445,0.996667,395.171428,395.220883,39.022855,0.014972
Analog,2021-06-01 23:00:00,19.277452,34.803156,0.243704,46.500735,55.236872,0.956667,261.021256,281.491371,38.554905,0.015563
Analog,2021-06-02 23:00:00,21.124171,37.968067,0.150889,51.614616,73.916973,0.783333,157.75305,272.61862,42.248343,0.014333
Analog,2021-06-03 23:00:00,15.495177,27.814721,0.129333,35.613178,52.749182,0.941667,183.486021,210.566942,30.990354,0.015567
Analog,2021-06-04 23:00:00,36.981731,67.135873,0.293296,88.87684,122.590008,0.361667,163.379342,509.739051,73.963463,0.016282
Analog,2021-06-05 23:00:00,92.322269,169.529564,0.449074,205.662206,294.475037,0.235,329.045114,1426.37329,184.644538,0.016033
Analog,2021-06-06 23:00:00,74.739047,133.560913,0.34937,183.860658,251.492388,0.578333,684.089916,958.527085,149.478095,0.014703
Analog,2021-06-07 23:00:00,38.368685,68.719506,0.17137,94.106886,117.115372,0.911667,474.930405,505.106204,76.73737,0.016273
Analog,2021-06-08 23:00:00,29.128065,52.001946,0.418148,78.261006,81.722918,0.516667,204.80099,316.102811,58.256129,0.014233
Analog,2021-06-09 23:00:00,26.743269,48.371642,0.278667,65.14929,91.44763,0.818333,169.783281,345.0412,53.486538,0.015164
Analog,2021-06-10 23:00:00,22.080729,39.488148,0.111889,55.490376,75.196193,0.853333,193.175452,276.429397,44.161458,0.014749
Analog,2021-06-11 23:00:00,17.350789,31.157874,0.148111,40.846371,57.392677,0.911667,223.259475,239.601442,34.701577,0.014236
Analog,2021-06-12 23:00:00,27.707332,50.290918,0.146074,67.634398,85.267655,0.616667,153.994923,373.326715,55.414665,0.014826
Analog,2021-06-13 23:00:00,26.93641,48.208761,0.254185,70.185543,87.260998,0.866667,263.251662,307.30153,53.87282,0.016374
Analog,2021-06-14 23:00:00,20.761968,37.158136,0.20563,51.293567,66.492225,0.953333,245.709833,260.746727,41.523936,0.015168
Analog,2021-06-15 23:00:00,29.282003,52.335736,0.207889,74.084272,90.499208,0.691667,227.698146,343.478647,58.564007,0.016635
Analog,2021-06-16 23:00:00,20.719827,37.358031,0.15937,47.586389,83.737908,0.936667,260.054031,302.667515,41.439655,0.015175
Analog,2021-06-17 23:00:00,27.052385,48.72179,0.170852,67.420175,86.965585,0.798333,272.44392,357.549438,54.104769,0.014421
Analog,2021-06-18 23:00:00,56.226203,100.165514,0.342037,142.32184,179.243161,0.515,241.973354,658.04634,112.452405,0.014435
Analog,2021-06-19 23:00:00,124.119542,227.332729,0.499074,288.979363,297.555364,0.008333,392.400465,1793.524644,248.239085,0.017232
Analog,2021-06-20 23:00:00,70.657183,126.679213,0.282778,177.611451,240.109747,0.76,494.063681,825.960884,141.314365,0.014646
Analog,2021-06-21 23:00:00,45.739734,81.777487,0.130667,107.983498,155.980276,0.938333,549.965145,606.571064,91.479469,0.014869
Analog,2021-06-22 23:00:00,97.935692,178.723998,0.217667,234.942073,393.037075,0.806667,515.563971,1399.236128,195.871383,0.014433
Analog,2021-06-23 23:00:00,131.594075,235.398465,0.466111,316.317765,342.657405,0.17,851.460222,1670.71314,263.18815,0.014102
Analog,2021-06-24 23:00:00,46.198701,83.408351,0.152037,90.312365,122.614546,0.986667,779.938832,787.853668,92.397402,0.016583
Analog,2021-06-25 23:00:00,33.120497,59.877843,0.085148,80.866418,128.465014,0.843333,258.381083,437.978001,66.240995,0.014913
Analog,2021-06-26 23:00:00,78.34544,140.027826,0.475,190.648384,203.119123,0.151667,403.161721,990.580634,156.690881,0.01519
Analog,2021-06-27 23:00:00,52.965712,94.944899,0.336481,134.143147,154.465344,0.668333,398.30559,642.808888,105.931424,0.013293
Analog,2021-06-28 23:00:00,18.062348,32.56221,0.148111,35.401551,45.186009,0.993333,309.767663,310.214648,36.124696,0.014114
Analog,2021-06-29 23:00:00,22.84124,41.014734,0.159444,50.73604,67.224775,0.891667,238.34546,324.727928,45.682481,0.015212
Analog,2021-06-30 23:00:00,101.088581,191.6357,0.260259,221.119363,358.424819,0.688333,194.878434,1725.575379,202.177163,0.015108
Analog,2021-07-01 23:00:00,48.187861,86.556269,0.215852,108.089981,140.454742,0.86,622.647624,659.171291,96.375721,0.01639
Analog,2021-07-02 23:00:00,125.536632,232.307561,0.280333,297.283424,379.5445,0.338333,436.772931,1878.146759,251.073263,0.015585
Analog,2021-07-03 23:00:00,90.27109,161.34368,0.271481,227.630597,271.326086,0.53,651.756365,1045.191326,180.54218,0.014318
Analog,2021-07-04 23:00:00,98.481059,176.490265,0.09037,240.079553,344.579377,0.84,921.628813,1306.730979,196.962118,0.015651
Analog,2021-07-05 23:00:00,70.709882,127.128559,0.132148,172.608931,233.596732,0.938333,807.632522,945.591059,141.419763,0.015738
Analog,2021-07-06 23:00:00,93.27211,167.506648,0.371667,235.604627,264.756439,0.693333,909.600785,1172.433946,186.54422,0.014579
Analog,2021-07-07 23:00:00,56.081474,101.123713,0.175481,130.937224,198.82219,0.866667,514.33166,761.088755,112.162947,0.015469
Analog,2021-07-08 23:00:00,31.970727,57.285932,0.142741,82.88997,103.231551,0.961667,397.441932,408.123768,63.941454,0.01557
Analog,2021-07-09 23:00:00,56.480375,101.21356,0.443667,141.741114,152.288373,0.29,318.633479,698.30945,112.96075,0.015975
Analog,2021-07-10 23:00:00,41.288491,74.485311,0.113778,100.863335,128.466921,0.681667,267.975572,543.815684,82.576983,0.017516
Analog,2021-07-11 23:00:00,138.885538,256.652704,0.393333,324.770924,423.439431,0.453333,317.349249,2070.755924,277.771075,0.014488
Analog,2021-07-12 23:00:00,98.96286,176.186979,0.380889,282.332096,299.687974,0.733333,777.040092,955.310432,197.925721,0.014265
Analog,2021-07-13 23:00:00,40.682312,73.752279,0.163963,78.364364,96.186233,1.0,743.956496,743.956496,81.364624,0.01619
Analog,2021-07-14 23:00:00,9.763827,17.556896,0.172778,22.121761,34.465263,0.871667,110.296099,136.155112,19.527655,0.015482
Analog,2021-07-15 23:00:00,18.061625,32.486681,0.334222,46.642461,59.159683,0.7,124.374565,222.446032,36.123249,0.014195
Analog,2021-07-16 23:00:00,17.721411,31.686957,0.29137,47.073103,56.489428,0.828333,172.324299,199.025667,35.442823,0.016466
Analog,2021-07-17 23:00:00,24.491131,44.63186,0.362741,59.840615,78.519516,0.533333,119.820936,337.65438,48.982261,0.014932
Analog,2021-07-18 23:00:00,88.436503,160.63999,0.484037,206.240781,233.708586,0.09,208.241511,1276.268563,176.873006,0.015635
Analog,2021-07-19 23:00:00,29.645646,53.323811,0.156185,60.896621,92.098344,0.968333,443.605927,465.301061,59.291292,0.015606
Analog,2021-07-20 23:00:00,34.746114,63.143899,0.144852,84.0635,118.162824,0.778333,238.10071,474.85449,69.492227,0.014937
Analog,2021-07-21 23:00:00,59.106024,107.123237,0.462222,139.470757,145.973619,0.145,258.642897,817.179607,118.212048,0.014153
Analog,2021-07-22 23:00:00,39.890645,72.534767,0.212037,93.524718,172.721523,0.865,298.326142,581.659092,79.78129,0.014737
Analog,2021-07-23 23:00:00,30.821862,55.369378,0.245,73.727231,103.845874,0.821667,335.726434,418.727542,61.643724,0.016317
Analog,2021-07-24 23:00:00,50.194354,92.389905,0.376111,120.705307,170.020152,0.538333,257.523962,726.14379,100.388707,0.015398
Analog,2021-07-25 23:00:00,75.234984,135.946472,0.42337,183.354215,214.570657,0.395,359.68999,999.603627,150.469968,0.015418
Analog,2021-07-26 23:00:00,47.101535,84.51911,0.188519,118.582684,174.857336,0.828333,399.084438,550.721677,94.20307,0.01702
Analog,2021-07-27 23:00:00,36.253487,65.090681,0.28263,84.684366,102.251594,0.78,432.607349,506.873019,72.506975,0.015721
Analog,2021-07-28 23:00:00,16.890689,30.984649,0.133889,33.178393,51.477741,0.946667,236.754559,306.524275,33.781377,0.014759
Analog,2021-07-29 23:00:00,15.774693,28.256942,0.232481,39.468173,51.525521,0.801667,131.691527,186.552161,31.549387,0.01549
Analog,2021-07-30 23:00:00,30.337343,54.975586,0.134519,74.000873,95.050746,0.57,137.063292,407.420332,60.674686,0.014947
Analog,2021-07-31 23:00:00,74.456526,138.950034,0.482222,167.904231,185.977167,0.095,210.742254,1192.159902,148.913052,0.015436
Analog,2021-08-01 23:00:00,73.913174,133.580313,0.304926,177.855143,287.961622,0.731667,389.030361,971.945781,147.826347,0.014727
Analog,2021-08-02 23:00:00,76.986252,137.914089,0.131111,189.562081,318.286036,0.863333,597.546608,995.837731,153.972504,0.014399
Analog,2021-08-03 23:00:00,62.677292,112.41126,0.090852,152.706146,215.901717,0.85,674.078683,808.293046,125.354583,0.015296
Analog,2021-08-04 23:00:00,85.949536,154.294976,0.172593,211.935091,287.381678,0.806667,597.612089,1093.862485,171.899071,0.01568
Analog,2021-08-05 23:00:00,76.7296,137.667675,0.421259,194.309119,240.705518,0.383333,570.452895,938.230221,153.4592,0.013189
Analog,2021-08-06 23:00:00,38.554796,68.995804,0.268185,87.248449,113.806299,0.713333,411.803236,531.346972,77.109592,0.013734
Analog,2021-08-07 23:00:00,26.260035,47.166282,0.345185,65.65921,81.104619,0.505,148.687568,331.880029,52.52007,0.014469
Analog,2021-08-08 23:00:00,37.251244,66.770038,0.402037,94.796729,110.632609,0.525,170.637779,442.903376,74.502488,0.014372
Analog,2021-08-09 23:00:00,17.236807,30.89113,0.127963,37.905745,58.308748,0.943333,213.942547,250.940344,34.473614,0.016817
Analog,2021-08-10 23:00:00,11.602272,20.865236,0.147889,28.499066,39.877833,0.905,141.903899,153.360043,23.204544,0.013953
Analog,2021-08-11 23:00:00,22.891025,41.512398,0.401778,54.079078,60.275024,0.37,130.078564,326.199384,45.78205,0.014933
Analog,2021-08-12 23:00:00,9.362262,16.827949,0.261778,21.677558,25.254341,0.753333,95.970215,129.692987,18.724525,0.014926
Analog,2021-08-13 23:00:00,22.159791,41.335631,0.314889,51.945378,82.129131,0.585,88.923946,336.162063,44.319582,0.014484
Analog,2021-08-14 23:00:00,18.545475,33.37757,0.165444,45.4925,65.141151,0.72,193.517154,250.831652,37.09095,0.015033
Analog,2021-08-15 23:00:00,59.670998,107.719797,0.432926,150.506803,170.133492,0.328333,180.790022,725.458882,119.341995,0.014721
Analog,2021-08-16 23:00:00,29.638221,52.8991,0.246704,76.792315,91.927012,0.733333,266.904135,337.814775,59.276443,0.018662
Analog,2021-08-17 23:00:00,22.724351,40.81732,0.126407,55.915758,69.396224,0.905,261.556179,286.940938,45.448702,0.015249
Analog,2021-08-18 23:00:00,58.048047,105.582773,0.367407,137.596623,168.31703,0.183333,252.539918,822.744605,116.096095,0.015142
Analog,2021-08-19 23:00:00,28.34349,50.934684,0.262185,66.137474,84.96201,0.841667,384.974278,404.952346,56.68698,0.016392
Analog,2021-08-20 23:00:00,12.81229,23.176627,0.182444,28.933254,36.859451,0.961667,197.002365,201.835995,25.62458,0.015326
Analog,2021-08-21 23:00:00,33.99872,62.228719,0.344667,78.58112,90.860034,0.336667,137.859136,496.597128,67.997439,0.016724
Analog,2021-08-22 23:00:00,39.286671,69.832415,0.386778,104.671842,127.65705,0.623333,227.054436,399.11937,78.573342,0.014987
Analog,2021-08-23 23:00:00,19.283834,34.723218,0.241963,47.263122,55.53735,0.998333,288.205443,288.420829,38.567667,0.015217
Analog,2021-08-24 23:00:00,12.37362,22.221465,0.206519,30.225101,49.767337,0.948333,155.650573,169.876305,24.747239,0.016936
Analog,2021-08-25 23:00:00,35.369498,64.802911,0.319296,88.220336,183.92698,0.81,144.400304,482.876503,70.738995,0.017315
Analog,2021-08-26 23:00:00,26.903804,48.576388,0.167481,63.055033,93.30179,0.98,393.753712,411.318538,53.807608,0.015733
Analog,2021-08-27 23:00:00,47.127558,85.661281,0.318481,119.071476,153.499257,0.75,297.939465,614.696474,94.255115,0.01507
Analog,2021-08-28 23:00:00,56.8121,101.69382,0.443296,144.33891,154.440911,0.355,306.388005,667.295254,113.624199,0.014404
Analog,2021-08-29 23:00:00,69.981779,125.198225,0.390704,178.753824,220.708267,0.5,317.955823,784.134673,139.963558,0.014159
Analog,2021-08-30 23:00:00,27.255283,49.114044,0.205741,59.582679,75.809047,0.951667,405.614167,412.944452,54.510566,0.01518
Analog,2021-08-31 23:00:00,43.538025,78.605951,0.264741,105.699999,130.122382,0.648333,272.094684,568.316732,87.07605,0.014451
Analog,2021-09-01 23:00:00,26.949488,48.196531,0.155963,69.029351,92.702418,0.783333,232.768374,317.820278,53.898975,0.015006
Analog,2021-09-02 23:00:00,28.694737,51.317948,0.177704,70.04102,96.525119,0.831667,257.510764,351.946288,57.389474,0.017593
Analog,2021-09-03 23:00:00,34.424477,61.566444,0.281926,89.052211,107.782796,0.703333,335.535496,403.316996,68.848954,0.014715
Analog,2021-09-04 23:00:00,32.157781,58.258406,0.325889,76.316539,99.703665,0.471667,171.024108,461.31261,64.315561,0.016313
Analog,2021-09-05 23:00:00,27.52697,49.249433,0.305741,72.10345,81.817407,0.78,237.972484,310.741762,55.05394,0.015763
Analog,2021-09-06 23:00:00,16.765006,30.207356,0.20637,39.314686,46.907792,0.941667,228.261124,238.224531,33.530012,0.016346
Analog,2021-09-07 23:00:00,21.704133,38.891626,0.147481,55.280844,69.33614,0.756667,193.912594,263.189671,43.408265,0.016529
Analog,2021-09-08 23:00:00,28.293439,50.513044,0.327222,69.658378,78.648749,0.618333,252.996655,354.28289,56.586878,0.015582
Analog,2021-09-09 23:00:00,13.914901,25.208464,0.115815,29.848654,35.808743,0.946667,205.281524,215.434527,27.829802,0.014514
Analog,2021-09-10 23:00:00,24.414594,43.905646,0.224259,60.306167,77.765709,0.731667,186.302056,320.369862,48.829189,0.015888
Analog,2021-09-11 23:00:00,54.036777,98.584097,0.144481,129.914145,217.289535,0.636667,281.050099,734.746294,108.073554,0.014537
Analog,2021-09-12 23:00:00,69.496345,124.71635,0.250741,184.220362,325.147802,0.89,579.42462,857.345994,138.992689,0.015523
Analog,2021-09-13 23:00:00,86.185255,154.789935,0.091556,204.108225,338.732386,0.906667,847.263707,1187.619456,172.37051,0.015414
Analog,2021-09-14 23:00:00,41.598299,75.396307,0.197111,87.283575,108.539429,0.995,705.495448,706.076932,83.196597,0.016965
Analog,2021-09-15 23:00:00,62.270138,111.551683,0.304333,155.515515,190.862206,0.563333,401.413533,783.653113,124.540276,0.015782
Analog,2021-09-16 23:00:00,68.168773,122.616647,0.342259,180.710428,243.102564,0.82,449.836762,761.420373,136.337545,0.014019
Analog,2021-09-17 23:00:00,55.807748,99.699816,0.350889,144.72357,167.139671,0.761667,561.651143,639.505649,111.615496,0.014537
Analog,2021-09-18 23:00:00,45.878441,81.851411,0.402593,121.312889,130.047017,0.598333,373.15095,507.410462,91.756881,0.014122
Analog,2021-09-19 23:00:00,53.449626,95.930009,0.303704,131.934071,206.924089,0.758333,257.163197,703.765885,106.899253,0.013315
Analog,2021-09-20 23:00:00,30.178063,54.359221,0.157333,67.204737,95.981353,0.971667,453.341273,463.604678,60.356126,0.01674
Analog,2021-09-21 23:00:00,53.330997,95.254607,0.15237,134.090801,276.584485,0.836667,329.673575,703.646298,106.661994,0.015935
Analog,2021-09-22 23:00:00,48.749433,87.86678,0.305222,115.667481,134.722846,0.816667,618.924218,665.327227,97.498866,0.015649
Analog,2021-09-23 23:00:00,29.725838,54.192406,0.198593,55.941559,83.990803,1.0,546.328435,546.328435,59.451677,0.015983
Analog,2021-09-24 23:00:00,18.355818,33.186276,0.223556,42.68834,52.598143,0.986667,273.341001,275.65951,36.711636,0.013705
Analog,2021-09-25 23:00:00,32.154909,57.984383,0.348704,78.292628,86.838916,0.36,134.542886,436.108183,64.309818,0.016171
Analog,2021-09-26 23:00:00,48.675862,87.605006,0.245926,116.825027,234.6889,0.846667,271.178028,647.004346,97.351723,0.014526
Analog,2021-09-27 23:00:00,60.73305,108.864561,0.242148,153.787233,188.954249,0.886667,536.338062,712.995819,121.466101,0.015168
Analog,2021-09-28 23:00:00,58.336382,104.304684,0.15837,146.878675,216.33973,0.925,516.694053,715.7133,116.672764,0.016057
Analog,2021-09-29 23:00:00,58.095016,104.173989,0.21237,140.846317,187.454422,0.958333,744.620651,783.363472,116.190032,0.015681
Analog,2021-09-30 23:00:00,49.067157,88.237603,0.152185,112.087129,192.833613,0.965,625.759533,659.229383,98.134314,0.016842
Analog,2021-10-01 23:00:00,61.526487,110.26227,0.259593,156.605496,201.950985,0.776667,596.385078,770.861554,123.052974,0.018375
Analog,2021-10-02 23:00:00,43.124915,77.770988,0.208667,106.62932,138.47597,0.911667,549.497107,601.070782,86.249829,0.015113
Analog,2021-10-03 23:00:00,63.911977,114.5152,0.20437,155.130755,359.873675,0.906667,382.004391,847.792635,127.823954,0.016733
Analog,2021-10-04 23:00:00,45.492946,82.222461,0.186407,96.623814,196.468719,0.986667,685.17999,709.520689,90.985892,0.013742
Analog,2021-10-05 23:00:00,37.186542,67.851525,0.186926,74.580232,100.505615,0.993333,652.795629,653.270963,74.373085,0.015721
Analog,2021-10-06 23:00:00,22.044751,40.431211,0.203296,35.180463,41.965975,0.995,443.39208,443.589753,44.089502,0.015089
Analog,2021-10-07 23:00:00,36.044706,67.412079,0.224259,84.468452,115.728829,0.756667,181.179231,542.020177,72.089412,0.015373
Analog,2021-10-08 23:00:00,41.589261,74.418157,0.296926,107.890797,132.408405,0.576667,340.567789,481.075291,83.178523,0.013888
Analog,2021-10-09 23:00:00,65.029019,118.034574,0.276889,152.230458,218.832297,0.585,281.471264,919.514572,130.058037,0.015864
Analog,2021-10-10 23:00:00,84.011762,149.540716,0.303185,211.634114,328.457345,0.841667,583.348038,1075.313705,168.023525,0.01508
Analog,2021-10-11 23:00:00,83.875668,150.317343,0.138407,214.006481,310.368938,0.89,698.341655,1028.210702,167.751337,0.016035
Analog,2021-10-12 23:00:00,56.045548,101.043183,0.21163,133.379168,247.900507,0.92,678.107371,724.474249,112.091097,0.01516
Analog,2021-10-13 23:00:00,79.785771,143.148378,0.211889,211.158246,289.655144,0.835,698.140928,923.716655,159.571543,0.015128
Analog,2021-10-14 23:00:00,59.939673,107.820071,0.189037,153.001781,219.653676,0.925,710.167405,764.240598,119.879346,0.017033
Analog,2021-10-15 23:00:00,85.525099,155.019076,0.317852,194.020252,210.867333,0.693333,622.660677,1315.599101,171.050198,0.019064
Analog,2021-10-16 23:00:00,79.531407,143.376889,0.397481,200.164537,225.725704,0.586667,555.750221,999.835922,159.062814,0.015077
Analog,2021-10-17 23:00:00,56.183063,101.41714,0.197111,135.214491,264.635203,0.885,428.07126,769.662049,112.366126,0.015699
Analog,2021-10-18 23:00:00,44.356342,79.675205,0.243185,104.062719,157.627372,0.906667,571.834806,642.441122,88.712683,0.015508
Analog,2021-10-19 23:00:00,42.639144,77.012376,0.261926,97.195269,133.204142,0.875,463.224526,624.732892,85.278287,0.015723
Analog,2021-10-20 23:00:00,45.531471,81.299603,0.164444,110.03241,262.910951,0.868333,374.440176,593.075956,91.062942,0.015849
Analog,2021-10-21 23:00:00,51.747985,92.630375,0.296556,140.325314,223.967404,0.871667,521.545541,608.849008,103.49597,0.015968
Analog,2021-10-22 23:00:00,91.448358,164.405284,0.335778,222.426877,241.607796,0.635,480.485834,1150.588314,182.896716,0.014032
Analog,2021-10-23 23:00:00,60.902017,109.038442,0.315815,153.801304,178.277002,0.683333,510.810087,737.829703,121.804034,0.014942
Analog,2021-10-24 23:00:00,276.003084,506.94469,0.409296,641.859059,867.777116,0.306667,680.316441,3918.108149,552.006169,0.015514
Analog,2021-10-25 23:00:00,158.295767,289.660738,0.181296,373.515164,568.176684,0.893333,1475.608969,2226.402614,316.591534,0.015594
Analog,2021-10-26 23:00:00,153.178893,275.606268,0.151481,343.798112,453.312824,0.848333,1852.723394,2237.23178,306.357786,0.016597
Analog,2021-10-27 23:00:00,126.175766,226.855917,0.21263,315.083096,379.305128,0.82,1359.892182,1634.939432,252.351533,0.014682
Analog,2021-10-28 23:00:00,252.221707,456.561766,0.384259,613.450256,656.809712,0.433333,1099.53612,3421.432903,504.443415,0.017415
Analog,2021-10-29 23:00:00,71.853163,130.695768,0.175593,124.901045,174.087549,0.918333,1258.548076,1287.07907,143.706326,0.017491
Analog,2021-10-30 23:00:00,60.287213,111.573313,0.442222,137.729509,161.258415,0.251667,191.180589,912.601965,120.574427,0.016262
Analog,2021-10-31 23:00:00,48.886857,88.776998,0.305222,109.314852,128.597388,0.548333,307.920712,755.649641,97.773714,0.016462
Analog,2021-11-01 23:00:00,28.394248,51.025365,0.154037,66.404773,83.48962,0.916667,373.977425,401.389527,56.788495,0.016664
Analog,2021-11-02 23:00:00,46.152679,83.695448,0.290259,113.463373,196.484273,0.686667,197.363621,617.346617,92.305358,0.01695
Analog,2021-11-03 23:00:00,29.340412,53.119736,0.198963,60.574735,77.569213,0.881667,390.417519,492.620393,58.680823,0.017243
Analog,2021-11-04 23:00:00,42.631004,76.271786,0.338963,107.708421,123.373087,0.613333,325.714232,496.401789,85.262008,0.01769
Analog,2021-11-05 23:00:00,22.791798,40.656821,0.14,60.546685,71.953218,0.883333,222.10296,264.784036,45.583597,0.015748
Analog,2021-11-06 23:00:00,50.858929,92.324802,0.400741,118.761411,142.382985,0.36,203.239844,740.344008,101.717857,0.01599
Analog,2021-11-07 23:00:00,20.361411,37.142267,0.140593,36.589284,45.596708,0.998333,394.778774,394.836927,40.722821,0.015571
Analog,2021-11-08 23:00:00,49.87909,88.886055,0.129074,138.109155,183.456823,0.731667,297.817152,447.364357,99.758181,0.015337
Analog,2021-11-09 23:00:00,33.646076,60.377001,0.157296,70.595779,90.192933,0.95,484.981859,514.061808,67.292151,0.014499
Analog,2021-11-10 23:00:00,125.413339,226.878374,0.312815,310.12484,388.240161,0.576667,443.699425,1654.941962,250.826678,0.016835
Analog,2021-11-11 23:00:00,162.648811,288.857855,0.42663,399.43045,416.535804,0.255,814.861398,2011.807008,325.297622,0.015264
Analog,2021-11-12 23:00:00,46.320958,84.018818,0.142222,80.597753,108.301088,0.993333,880.264477,881.846146,92.641916,0.016176
Analog,2021-11-13 23:00:00,45.178549,82.059422,0.397963,107.727811,120.270366,0.436667,215.143146,641.147534,90.357098,0.015991
Analog,2021-11-14 23:00:00,25.158185,45.431845,0.232741,65.833609,78.007279,0.99,339.305481,339.968948,50.316371,0.01801
Analog,2021-11-15 23:00:00,28.879742,51.588217,0.220148,78.103878,95.357834,0.88,246.673101,311.719535,57.759484,0.014001
Analog,2021-11-16 23:00:00,61.794292,110.982847,0.254556,160.885067,235.984617,0.756667,315.254658,727.706026,123.588584,0.015449
Analog,2021-11-17 23:00:00,48.466059,87.477848,0.135296,117.563355,150.98417,0.946667,567.535199,674.129329,96.932117,0.015064
Analog,2021-11-18 23:00:00,46.469565,84.063186,0.245,115.030835,134.8889,0.851667,516.557314,636.617818,92.939129,0.014921
Analog,2021-11-19 23:00:00,33.374567,59.91783,0.164481,78.096931,92.171245,0.798333,359.86731,464.165659,66.749134,0.015606
Analog,2021-11-20 23:00:00,36.354919,66.333717,0.322444,84.705257,103.228031,0.55,223.642292,516.889036,72.709837,0.015915
Analog,2021-11-21 23:00:00,48.592874,87.48496,0.157074,113.906671,203.342757,0.861667,295.708511,665.731299,97.185747,0.014494
Analog,2021-11-22 23:00:00,26.512121,47.82002,0.166222,51.81189,70.529114,0.991667,443.682494,444.741627,53.024242,0.014641
Analog,2021-11-23 23:00:00,23.280334,42.020736,0.185037,51.971646,64.123709,0.875,322.210523,349.424202,46.560668,0.015073
Analog,2021-11-24 23:00:00,89.281288,160.535971,0.302037,214.465651,297.64689,0.451667,231.849178,1178.801049,178.562576,0.016781
Analog,2021-11-25 23:00:00,41.697576,74.850767,0.185444,101.826901,126.663231,0.963333,568.945566,575.66392,83.395151,0.015499
Analog,2021-11-26 23:00:00,34.795987,62.815327,0.110926,72.95056,97.559451,0.933333,525.473295,542.578096,69.591973,0.015956
Analog,2021-11-27 23:00:00,26.040016,46.853123,0.138667,64.364546,83.363014,0.813333,258.284553,335.892502,52.080032,0.016636
Analog,2021-11-28 23:00:00,27.561997,50.073418,0.093259,64.135743,95.001621,0.846667,252.699154,391.458771,55.123994,0.015047
Analog,2021-11-29 23:00:00,22.813987,40.970521,0.161074,54.432544,71.759866,0.918333,283.88582,311.1368,45.627974,0.016456
Analog,2021-11-30 23:00:00,24.307033,43.606733,0.183593,65.455999,85.120553,0.933333,259.580178,280.738759,48.614066,0.01599
Analog,2021-12-01 23:00:00,48.652219,88.234842,0.327556,118.187076,145.803431,0.31,223.890524,655.718774,97.304438,0.017115
Analog,2021-12-02 23:00:00,36.067444,64.64323,0.248852,96.13373,123.069942,0.826667,377.639393,423.007548,72.134888,0.019005
Analog,2021-12-03 23:00:00,24.101209,43.524143,0.206259,52.910871,72.350652,0.923333,312.939833,372.306594,48.202418,0.017173
Analog,2021-12-04 23:00:00,30.677369,55.121222,0.239222,75.043324,90.506447,0.521667,211.958345,387.789778,61.354739,0.015037
Analog,2021-12-05 23:00:00,107.416163,196.483218,0.268444,248.612736,363.075007,0.595,262.376966,1574.003678,214.832326,0.019091
Analog,2021-12-06 23:00:00,60.844106,108.388494,0.18063,145.43107,179.124166,0.953333,779.284897,786.801272,121.688211,0.017485
Analog,2021-12-07 23:00:00,52.936776,95.537407,0.128259,124.105632,184.359118,0.921667,668.202986,716.134655,105.873551,0.015696
Analog,2021-12-08 23:00:00,82.320028,146.858338,0.218593,225.611311,280.569147,0.87,698.683817,860.741247,164.640057,0.016838
Analog,2021-12-09 23:00:00,68.281108,122.45685,0.152,157.760592,197.17281,0.931667,917.139485,963.545403,136.562216,0.014591
Analog,2021-12-10 23:00:00,140.020558,249.79756,0.376852,365.296111,426.455177,0.495,1012.171371,1569.794902,280.041117,0.014863
Analog,2021-12-11 23:00:00,80.764111,144.426906,0.369519,207.93145,222.790703,0.681667,696.814188,890.54629,161.528222,0.014666
Analog,2021-12-12 23:00:00,28.15166,51.260733,0.194,48.976551,61.102612,0.971667,519.679338,524.148439,56.303319,0.015681
Analog,2021-12-13 23:00:00,31.333789,56.029599,0.259185,82.750777,122.622117,0.916667,323.276829,373.595479,62.667578,0.016116
Analog,2021-12-14 23:00:00,19.799125,35.720897,0.181333,46.604642,73.932974,0.966667,284.423447,292.319631,39.59825,0.017536
Analog,2021-12-15 23:00:00,16.564977,30.030914,0.172074,32.55948,44.201651,0.99,294.192883,296.283976,33.129953,0.015881
Analog,2021-12-16 23:00:00,150.88091,282.449971,0.400111,338.779991,427.003967,0.303333,207.797096,2431.474836,301.76182,0.016396
Analog,2021-12-17 23:00:00,52.968461,95.329735,0.138963,103.818599,128.678051,0.948333,790.024966,819.306825,105.936923,0.016594
Analog,2021-12-18 23:00:00,111.692668,202.159629,0.412593,283.879297,328.416684,0.466667,685.086311,1364.970302,223.385335,0.016975
Analog,2021-12-19 23:00:00,91.479783,167.884504,0.194037,231.730483,339.151431,0.875,588.091739,1186.021738,182.959567,0.017957
Analog,2021-12-20 23:00:00,55.80537,99.813543,0.242037,141.671492,177.519957,0.94,681.236706,706.562213,111.61074,0.016244
Analog,2021-12-21 23:00:00,27.341492,50.624367,0.16263,46.805032,63.158566,0.985,553.288893,555.191386,54.682983,0.015267
Analog,2021-12-22 23:00:00,15.10297,27.28208,0.211926,37.016045,48.896381,0.911667,211.886076,222.399366,30.20594,0.013584
Analog,2021-12-23 23:00:00,53.081719,99.783631,0.499259,117.429368,125.277789,0.005,126.140654,889.659457,106.163438,0.014723
Analog,2021-12-24 23:00:00,48.93775,87.623768,0.402222,122.66506,135.610063,0.256667,188.180051,621.332784,97.8755,0.016086
Analog,2021-12-25 23:00:00,25.828672,46.418825,0.181259,66.143827,94.205398,0.94,325.206174,334.476732,51.657343,0.014582
Analog,2021-12-26 23:00:00,27.758221,49.904682,0.231667,71.831274,86.388264,0.848333,288.998143,322.112673,55.516442,0.01741
Analog,2021-12-27 23:00:00,15.535203,28.370057,0.212111,28.040281,34.929648,0.996667,287.784729,288.577666,31.070406,0.01663
Analog,2021-12-28 23:00:00,31.405663,56.20793,0.312444,83.049247,109.663186,0.756667,195.6177,291.088484,62.811326,0.015301
Analog,2021-12-29 23:00:00,25.214709,45.009138,0.193481,61.449538,78.7956,0.913333,268.167918,305.090871,50.429419,0.017088
Analog,2021-12-30 23:00:00,32.858026,58.756245,0.258222,89.204086,105.6733,0.758333,287.257604,349.174832,65.716051,0.01565
Analog,2021-12-31 23:00:00,40.193119,72.168181,0.334778,95.24836,126.835766,0.45,208.096894,540.34943,80.386238,0.014523
Analog,2022-01-01 23:00:00,22.44074,40.558435,0.149,50.99412,68.502622,0.956667,353.737597,378.511406,44.88148,0.014188
Analog,2022-01-02 23:00:00,25.946565,46.82127,0.189926,59.832125,71.190645,0.865,326.459102,375.114135,51.893129,0.016633
Analog,2022-01-03 23:00:00,18.017857,32.460337,0.205111,45.715091,63.037544,0.973333,239.951529,242.769611,36.035713,0.016654
Analog,2022-01-04 23:00:00,33.753109,60.276051,0.161037,86.744198,131.277749,0.848333,215.543282,387.108871,67.506218,0.016058
Analog,2022-01-05 23:00:00,88.9487,160.540942,0.328778,224.849756,320.441229,0.673333,351.121454,1112.271714,177.8974,0.016865
Analog,2022-01-06 23:00:00,65.315087,116.973834,0.205333,169.567482,219.14851,0.888333,703.765265,763.200336,130.630174,0.015404
Analog,2022-01-07 23:00:00,48.642507,87.906908,0.22863,121.008758,163.531495,0.845,486.424164,632.109647,97.285014,0.015191
Analog,2022-01-08 23:00:00,46.901193,83.416382,0.357667,119.849117,130.545908,0.6,412.947843,513.324184,93.802386,0.014388
Analog,2022-01-09 23:00:00,57.585799,102.779927,0.085148,149.359187,225.813092,0.765,381.260832,667.502211,115.171598,0.015568
Analog,2022-01-10 23:00:00,41.282969,74.304504,0.126074,91.646988,104.914448,0.926667,615.498477,629.783055,82.565937,0.014831
Analog,2022-01-11 23:00:00,49.363442,89.229991,0.242926,123.412006,148.085052,0.845,569.408457,658.575195,98.726885,0.014756
Analog,2022-01-12 23:00:00,70.927979,126.072217,0.266296,187.258133,243.198681,0.741667,446.193526,739.502253,141.855957,0.016292
Analog,2022-01-13 23:00:00,61.526399,110.141048,0.127444,151.230987,201.100496,0.848333,639.921522,801.142418,123.052798,0.016911
Analog,2022-01-14 23:00:00,102.671052,184.599172,0.266296,264.735223,304.487364,0.736667,752.411147,1170.438433,205.342103,0.015919
Analog,2022-01-15 23:00:00,178.610962,319.382101,0.424333,449.628138,467.707575,0.296667,977.399685,2207.0024,357.221925,0.016637
Analog,2022-01-16 23:00:00,78.166257,140.460967,0.207778,200.047399,250.111413,0.85,819.532072,974.745698,156.332514,0.015355
Analog,2022-01-17 23:00:00,63.629071,113.70863,0.129407,160.069836,189.923239,0.725,550.298339,791.134812,127.258141,0.015116
Analog,2022-01-18 23:00:00,145.785515,259.73864,0.195185,387.508358,491.714433,0.731667,761.053872,1400.681712,291.571029,0.014548
Analog,2022-01-19 23:00:00,99.024975,177.483028,0.173556,245.464512,292.7751,0.98,1350.966747,1368.636261,198.049949,0.015311
Analog,2022-01-20 23:00:00,111.993605,202.363698,0.134519,279.096705,374.57425,0.841667,1201.926926,1508.316489,223.98721,0.014144
Analog,2022-01-21 23:00:00,207.290576,370.706985,0.460296,512.772829,546.662591,0.175,956.951449,2598.338689,414.581152,0.014521
Analog,2022-01-22 23:00:00,54.316808,98.090315,0.217926,122.533226,157.104028,0.933333,758.779182,789.748811,108.633616,0.015631
Analog,2022-01-23 23:00:00,225.820528,415.067461,0.258481,504.953205,652.897243,0.415,373.925966,3523.295091,451.641057,0.015999
Analog,2022-01-24 23:00:00,110.429409,196.939791,0.160481,278.373701,324.806557,0.951667,1246.034924,1270.264838,220.858817,0.016508
Analog,2022-01-25 23:00:00,188.911819,336.634351,0.334926,514.210217,586.060425,0.656667,1473.532433,1815.091936,377.823638,0.014928
Analog,2022-01-26 23:00:00,55.216699,101.017635,0.166815,100.160593,134.817576,0.951667,1002.133863,1080.553017,110.433398,0.014729
Analog,2022-01-27 23:00:00,20.077246,36.349971,0.157259,45.00284,58.919227,0.953333,292.041448,307.882462,40.154492,0.014776
Analog,2022-01-28 23:00:00,22.374754,40.367723,0.131185,59.279256,74.079972,0.906667,253.045884,264.533157,44.749509,0.01824
Analog,2022-01-29 23:00:00,55.681064,99.973158,0.48463,132.510111,142.078436,0.115,246.115956,739.906526,111.362128,0.015541
Analog,2022-01-30 23:00:00,99.314892,178.618535,0.335889,235.533058,287.124882,0.396667,276.212216,1349.201446,198.629785,0.014856
Analog,2022-01-31 23:00:00,142.267427,253.371103,0.421852,369.974813,400.371774,0.325,530.702225,1567.842183,284.534853,0.017716
Analog,2022-02-01 23:00:00,61.501186,112.27846,0.180444,112.157587,151.177771,0.935,840.47142,1083.299033,123.002372,0.018108
Analog,2022-02-02 23:00:00,51.846014,93.916874,0.166852,125.286566,148.369837,0.925,716.038983,752.388775,103.692027,0.014307
Analog,2022-02-03 23:00:00,58.410776,104.570026,0.250296,148.150205,176.52808,0.89,674.181649,748.974775,116.821553,0.015327
Analog,2022-02-04 23:00:00,94.621338,170.78785,0.434444,235.012534,262.905756,0.408333,588.489208,1217.258256,189.242676,0.014979
Analog,2022-02-05 23:00:00,80.448902,143.117351,0.420556,203.210692,212.74657,0.328333,449.652863,943.541322,160.897803,0.017401
Analog,2022-02-06 23:00:00,22.105191,40.177879,0.224037,45.890673,55.987131,1.0,373.360474,373.360474,44.210383,0.013926
Analog,2022-02-07 23:00:00,18.19226,32.729244,0.159037,40.687989,50.004806,0.95,259.105175,265.772848,36.384521,0.014535
Analog,2022-02-08 23:00:00,27.034104,48.593127,0.129593,67.628096,81.100329,0.656667,196.843292,342.734246,54.068207,0.01563
Analog,2022-02-09 23:00:00,47.303904,85.361281,0.148333,115.617796,156.638736,0.525,227.164542,594.641893,94.607808,0.015935
Analog,2022-02-10 23:00:00,54.686422,97.73903,0.376556,143.429898,156.568915,0.568333,411.608863,609.103201,109.372845,0.016801
Analog,2022-02-11 23:00:00,22.86373,41.824493,0.161852,46.080429,63.379572,0.971667,387.195383,391.816798,45.727461,0.015084
Analog,2022-02-12 23:00:00,27.250575,48.794188,0.378593,66.833367,73.019349,0.483333,167.984881,347.395806,54.501149,0.016257
Analog,2022-02-13 23:00:00,16.923371,30.563521,0.228,39.256378,48.539561,0.858333,218.574663,249.864537,33.846743,0.013863
Analog,2022-02-14 23:00:00,15.028178,26.902939,0.223963,37.145698,42.924908,0.811667,157.913688,184.536292,30.056356,0.014059
Analog,2022-02-15 23:00:00,21.12722,37.695664,0.245852,56.940845,67.823918,0.771667,149.117647,223.669445,42.254441,0.014355
Analog,2022-02-16 23:00:00,88.290928,161.394911,0.449259,203.650162,250.078688,0.251667,175.173588,1309.942787,176.581856,0.015012
Analog,2022-02-17 23:00:00,37.032889,66.316501,0.211704,93.188343,109.931831,0.943333,465.797858,482.683559,74.065778,0.015644
Analog,2022-02-18 23:00:00,43.929136,79.829455,0.158037,97.172623,148.102657,0.876667,377.758734,693.638367,87.858271,0.017233
Analog,2022-02-19 23:00:00,69.040995,127.343217,0.279185,156.20032,222.518958,0.501667,303.056285,1081.495532,138.081989,0.015541
Analog,2022-02-20 23:00:00,68.837849,123.326069,0.153444,181.77341,222.649262,0.828333,591.602333,719.812151,137.675698,0.014501
Analog,2022-02-21 23:00:00,160.843805,290.633747,0.239185,393.664226,502.061491,0.668333,698.852784,2119.128001,321.687611,0.016288
Analog,2022-02-22 23:00:00,112.221128,200.357989,0.243074,294.877807,341.171345,0.963333,1234.459504,1254.849784,224.442255,0.015662
Analog,2022-02-23 23:00:00,60.9436,110.898919,0.113074,145.774393,204.366617,0.96,896.202634,914.097241,121.8872,0.013675
Analog,2022-02-24 23:00:00,66.679863,119.639485,0.155778,165.087885,215.47599,0.765,656.593849,873.159549,133.359727,0.016151
Analog,2022-02-25 23:00:00,53.944967,98.082275,0.208556,120.266789,176.190318,0.836667,469.863122,847.15237,107.889934,0.015855
Analog,2022-02-26 23:00:00,61.839164,110.989485,0.355111,154.929187,198.165847,0.568333,362.153781,771.023419,123.678329,0.016448
Analog,2022-02-27 23:00:00,48.894531,87.460015,0.266333,127.869966,157.121378,0.828333,464.814429,583.895084,97.789061,0.016816
Analog,2022-02-28 23:00:00,29.115144,52.522087,0.13863,63.901676,80.755354,0.985,447.564971,452.166675,58.230289,0.017375
Analog,2022-03-01 23:00:00,26.589409,48.167067,0.255185,65.249683,76.043275,0.718333,282.065081,342.220519,53.178818,0.014867
Analog,2022-03-02 23:00:00,19.782221,35.720745,0.187148,48.488068,57.177051,0.938333,263.581929,270.667046,39.564443,0.014601
Analog,2022-03-03 23:00:00,19.550931,35.129158,0.13637,48.279409,59.548094,0.95,246.44706,257.284918,39.101862,0.014935
Analog,2022-03-04 23:00:00,27.0801,48.301954,0.327074,73.245674,83.249205,0.755,237.905619,285.921891,54.160201,0.015268
Analog,2022-03-05 23:00:00,24.483192,43.745367,0.142037,63.659056,78.593497,0.806667,205.051325,275.733045,48.966384,0.01487
Analog,2022-03-06 23:00:00,112.882677,207.79682,0.26237,256.798502,321.833308,0.448333,233.642455,1741.221308,225.765354,0.015738
Analog,2022-03-07 23:00:00,105.759421,191.164869,0.274667,257.878196,375.982184,0.703333,620.334218,1325.603271,211.518842,0.017333
Analog,2022-03-08 23:00:00,74.2249,132.877875,0.197815,186.558044,225.269213,0.941667,913.281955,985.608298,148.4498,0.01483
Analog,2022-03-09 23:00:00,91.747218,167.052471,0.165,222.677494,333.540948,0.918333,772.487211,1243.754672,183.494437,0.015274
Analog,2022-03-10 23:00:00,74.409236,134.214851,0.189852,174.664628,212.453137,0.743333,781.801108,1035.848804,148.818472,0.016575
Analog,2022-03-11 23:00:00,98.946294,177.77024,0.316259,239.354512,274.588257,0.536667,653.152076,1364.338965,197.892589,0.015798
Analog,2022-03-12 23:00:00,70.817819,126.604783,0.409741,188.276649,204.440031,0.591667,580.670704,744.38253,141.635638,0.017852
Analog,2022-03-13 23:00:00,48.348047,86.366815,0.211259,129.449451,165.991207,0.81,396.002771,533.615171,96.696094,0.016847
Analog,2022-03-14 23:00:00,37.072173,66.723451,0.207333,92.092866,130.46811,0.958333,435.133657,494.449453,74.144346,0.016023
Analog,2022-03-15 23:00:00,35.400743,64.375288,0.218852,87.842335,118.425298,0.936667,454.862791,485.511707,70.801487,0.015631
Analog,2022-03-16 23:00:00,69.296506,122.86038,0.218037,179.709503,255.68299,0.665,345.029861,751.240227,138.593012,0.013697
Analog,2022-03-17 23:00:00,40.733627,73.240853,0.112185,93.043742,116.065066,0.956667,564.451407,587.765551,81.467254,0.015729
Analog,2022-03-18 23:00:00,74.490205,133.749874,0.245111,184.989609,236.385612,0.72,667.655553,914.379743,148.980409,0.015398
Analog,2022-03-19 23:00:00,50.669408,90.677538,0.308667,133.65199,156.996681,0.765,486.14294,582.622806,101.338816,0.016235
Analog,2022-03-20 23:00:00,43.950751,78.501981,0.173519,109.050454,149.129269,0.831667,391.178515,539.033959,87.901502,0.01663
Analog,2022-03-21 23:00:00,129.439735,241.047317,0.194222,290.019416,483.566839,0.828333,414.075019,2078.043356,258.879469,0.016106
Analog,2022-03-22 23:00:00,62.267061,112.127734,0.188333,153.43642,200.067797,0.99,896.987092,900.018167,124.534121,0.01721
Analog,2022-03-23 23:00:00,53.330276,95.961429,0.246667,131.389303,142.711363,0.91,654.13346,695.893326,106.660552,0.017447
Analog,2022-03-24 23:00:00,24.665421,44.580468,0.173889,49.428944,66.990567,0.926667,387.005943,416.663841,49.330843,0.016535
Analog,2022-03-25 23:00:00,18.08491,32.609145,0.211407,43.040477,51.609193,0.636667,124.911131,244.102946,36.16982,0.015569
Analog,2022-03-26 23:00:00,34.568633,62.825875,0.372037,81.734625,94.048521,0.348333,133.923605,496.141526,69.137265,0.017569
Analog,2022-03-27 23:00:00,22.199648,39.92407,0.204148,56.972286,65.17585,0.871667,257.293611,283.147431,44.399296,0.014506
Analog,2022-03-28 23:00:00,127.668471,238.53152,0.393407,284.822078,443.160961,0.283333,197.627599,2028.904542,255.336942,0.017237
Analog,2022-03-29 23:00:00,58.760237,105.541809,0.217704,148.803838,243.479066,0.925,642.958029,746.550574,117.520473,0.015109
Analog,2022-03-30 23:00:00,37.598586,68.25179,0.216593,76.327452,100.105673,0.95,624.736241,652.465552,75.197172,0.015925
Analog,2022-03-31 23:00:00,73.226885,132.414336,0.342074,181.682084,213.514734,0.661667,432.319276,925.112764,146.45377,0.016096
Analog,2022-04-01 23:00:00,106.901187,192.886524,0.341407,269.185631,316.697543,0.49,416.324684,1336.630767,213.802375,0.016251
Analog,2022-04-03 23:00:00,71.459849,128.644231,0.184889,170.508315,255.485393,0.841667,741.780703,996.914278,142.919697,0.014693
Analog,2022-04-04 23:00:00,78.949161,141.201198,0.115852,204.935536,262.917589,0.773333,645.891155,886.490215,157.898323,0.014569
Analog,2022-04-05 23:00:00,101.471885,181.868625,0.201074,267.611798,355.068945,0.726667,824.995054,1169.005016,202.943769,0.017927
Analog,2022-04-06 23:00:00,106.730222,191.261242,0.233519,260.514764,322.321808,0.8,1134.20962,1375.847012,213.460445,0.015485
Analog,2022-04-07 23:00:00,67.697031,121.574533,0.232037,156.922643,189.944531,0.776667,794.366519,928.462207,135.394063,0.015428
Analog,2022-04-08 23:00:00,65.423195,117.800787,0.395037,159.368126,171.381324,0.306667,356.99453,842.355461,130.84639,0.015642
Analog,2022-04-09 23:00:00,53.292708,95.996178,0.231778,137.82947,236.903784,0.765,339.612956,671.559142,106.585415,0.016708
Analog,2022-04-10 23:00:00,44.120202,79.331815,0.245481,123.06146,157.016296,0.926667,517.396557,545.08384,88.240404,0.014698
Analog,2022-04-11 23:00:00,62.833493,112.667684,0.303519,161.104042,181.478117,0.611667,462.508257,752.230919,125.666986,0.015705
Analog,2022-04-12 23:00:00,33.744524,60.472024,0.239222,89.858673,113.327318,0.853333,301.895401,383.671718,67.489049,0.015148
Analog,2022-04-13 23:00:00,36.979707,66.480583,0.125,90.615061,110.848639,0.741667,310.263304,484.34621,73.959413,0.014153
Analog,2022-04-14 23:00:00,64.594107,116.903771,0.413148,151.888215,163.582981,0.326667,307.511472,902.049431,129.188214,0.014627
Analog,2022-04-15 23:00:00,20.859696,37.944588,0.160852,37.741779,50.33564,0.986667,374.019762,379.995093,41.719393,0.015985
Analog,2022-04-16 23:00:00,27.032422,48.408729,0.114185,73.48039,95.185178,0.761667,191.828368,292.346841,54.064843,0.014378
Analog,2022-04-17 23:00:00,109.046768,198.73661,0.364148,265.756778,335.503258,0.46,305.9224,1433.48951,218.093537,0.015253
Analog,2022-04-18 23:00:00,53.12248,95.347416,0.157741,135.05436,163.55719,0.891667,618.223297,695.947719,106.24496,0.01446
Analog,2022-04-19 23:00:00,197.189388,360.261083,0.407519,455.851505,525.547264,0.231667,431.904391,2963.507464,394.378776,0.015323
Analog,2022-04-20 23:00:00,224.114102,409.195343,0.427667,519.62209,544.971589,0.221667,939.918722,3375.950211,448.228205,0.015084
Analog,2022-04-21 23:00:00,296.792145,531.451521,0.381556,716.962876,802.29832,0.455,1199.074162,3721.388182,593.58429,0.016374
Analog,2022-04-22 23:00:00,156.266835,278.873211,0.328926,439.170534,465.212474,0.785,1350.702219,1592.565239,312.53367,0.017193
Analog,2022-04-23 23:00:00,77.767101,139.550318,0.231889,197.254212,233.600919,0.94,1029.092789,1086.002591,155.534201,0.016294
Analog,2022-04-24 23:00:00,43.564083,78.362642,0.166815,96.601908,158.987539,0.893333,511.411127,634.907917,87.128165,0.014789
Analog,2022-04-25 23:00:00,45.247217,81.450401,0.13163,108.337824,142.489968,0.788333,497.680139,633.035476,90.494435,0.015513
Analog,2022-04-26 23:00:00,31.497363,56.733755,0.152,71.217606,89.680823,0.85,374.10745,450.656695,62.994725,0.015581
Analog,2022-04-27 23:00:00,52.096185,94.016224,0.307593,127.366216,161.899135,0.41,312.393026,683.778482,104.19237,0.014712
Analog,2022-04-28 23:00:00,86.475377,153.930737,0.30363,231.308873,292.741769,0.636667,451.906687,925.284786,172.950755,0.015075
Analog,2022-04-29 23:00:00,66.518667,119.811006,0.316926,161.37759,189.858555,0.631667,649.350129,884.772378,133.037334,0.014736
Analog,2022-04-30 23:00:00,64.028172,114.593459,0.35237,165.756829,180.801776,0.666667,529.24228,698.625593,128.056344,0.015351
Analog,2022-05-01 23:00:00,29.258865,52.44187,0.211926,75.183981,93.427135,0.9,330.733945,367.81515,58.51773,0.016236
Analog,2022-05-02 23:00:00,28.405497,50.915142,0.254667,71.281117,92.637349,0.836667,299.164434,355.586058,56.810993,0.014584
Analog,2022-05-03 23:00:00,23.175209,41.765276,0.138444,55.920935,69.125775,0.836667,258.366542,311.615899,46.350418,0.015078
Analog,2022-05-04 23:00:00,122.489203,225.937189,0.489259,276.313685,286.46762,0.055,166.437961,1914.453321,244.978406,0.015011
Analog,2022-05-05 23:00:00,485.748399,913.856161,0.479815,1043.316759,1107.539774,0.048333,446.299894,8425.305109,971.496798,0.01576
Analog,2022-05-06 23:00:00,132.864593,238.431483,0.261,356.834421,398.269012,0.945,1629.842648,1665.651529,265.729185,0.015535
Analog,2022-05-07 23:00:00,157.340072,281.042049,0.326259,434.911403,466.1973,0.781667,1418.672321,1663.768794,314.680144,0.015674
Analog,2022-05-08 23:00:00,64.11702,115.693068,0.133704,151.324944,203.560044,0.963333,961.295812,978.099025,128.23404,0.015583
Analog,2022-05-09 23:00:00,75.398635,136.222802,0.233222,195.305184,244.945467,0.645,461.410082,936.876793,150.797269,0.01757
Analog,2022-05-10 23:00:00,188.700788,350.923563,0.477963,427.295963,450.010909,0.126667,608.176608,3032.566497,377.401576,0.016676
Analog,2022-05-11 23:00:00,67.045018,120.91956,0.224519,149.627162,185.732667,0.936667,933.050928,991.388717,134.090036,0.016436
Analog,2022-05-12 23:00:00,79.227594,142.869391,0.451667,192.296327,207.5011,0.261667,238.277951,1019.874734,158.455189,0.01538
Analog,2022-05-13 23:00:00,85.989251,153.75848,0.375556,218.800252,287.999575,0.59,419.919917,1033.394964,171.978502,0.016429
Analog,2022-05-14 23:00:00,60.589794,108.758374,0.36637,136.041613,158.511515,0.44,498.0619,905.261107,121.179589,0.015279
Analog,2022-05-15 23:00:00,27.449571,49.893279,0.158,47.231331,66.747175,0.981667,521.958812,526.924734,54.899142,0.017899
Analog,2022-05-16 23:00:00,18.990412,34.337008,0.159519,36.771964,44.781578,0.988333,320.583419,323.383976,37.980824,0.01499
Analog,2022-05-17 23:00:00,86.876716,157.752623,0.408074,203.467742,231.659715,0.303333,218.255609,1231.861799,173.753433,0.014901
Analog,2022-05-18 23:00:00,34.387059,62.222449,0.156333,75.096977,109.551487,0.98,465.590361,525.586477,68.774119,0.015489
Analog,2022-05-19 23:00:00,29.45086,53.199745,0.129593,68.684273,85.209555,0.945,407.272352,424.85386,58.90172,0.015803
Analog,2022-05-20 23:00:00,26.0033,46.648837,0.098407,61.704701,76.510118,0.841667,306.770466,354.056764,52.0066,0.014235
Analog,2022-05-21 23:00:00,59.981399,107.483507,0.393148,147.216169,168.187118,0.38,302.019285,760.080469,119.962798,0.016631
Analog,2022-05-22 23:00:00,40.179252,72.002848,0.284074,102.61649,122.992352,0.831667,424.337629,510.266751,80.358503,0.016678
Analog,2022-05-23 23:00:00,39.922622,71.497585,0.24163,103.915406,122.113807,0.728333,277.295093,471.651883,79.845245,0.013496
Analog,2022-05-24 23:00:00,29.595665,52.903976,0.163741,74.97617,93.827585,0.89,312.056467,348.66217,59.19133,0.016742
Analog,2022-05-25 23:00:00,41.262707,73.746759,0.265444,109.290169,138.631185,0.831667,361.091782,466.358212,82.525414,0.014022
Analog,2022-05-26 23:00:00,21.481647,38.973684,0.169704,46.745656,59.623349,0.943333,332.150842,342.372084,42.963294,0.014561
Analog,2022-05-27 23:00:00,27.089383,49.627974,0.160519,62.26044,97.325618,0.775,221.414354,404.462605,54.178765,0.014889
Analog,2022-05-28 23:00:00,56.323529,101.457958,0.402,129.563666,148.397754,0.326667,237.918952,844.517396,112.647058,0.016452
Analog,2022-05-29 23:00:00,25.37899,45.755933,0.165111,58.60773,72.432398,0.98,377.513278,382.687952,50.75798,0.016896
Analog,2022-05-30 23:00:00,28.677396,51.334118,0.272148,74.143014,83.583703,0.733333,268.7603,345.577979,57.354793,0.015066
Analog,2022-05-31 23:00:00,49.411165,89.915784,0.128037,119.434566,152.8498,0.651667,311.364692,669.767354,98.822329,0.014372
Analog,2022-06-01 23:00:00,31.967679,57.382608,0.261556,81.78337,92.511162,0.89,376.808893,409.173266,63.935358,0.01714
Analog,2022-06-02 23:00:00,29.661425,53.198194,0.265407,76.979345,88.216649,0.878333,313.865596,369.611155,59.32285,0.017665
Analog,2022-06-03 23:00:00,20.017799,36.018871,0.16663,49.285462,58.085469,0.876667,227.948861,255.365249,40.035598,0.015135
Analog,2022-06-04 23:00:00,74.709469,138.590688,0.397185,169.686799,208.093241,0.29,223.252952,1174.412602,149.418938,0.014173
Analog,2022-06-05 23:00:00,29.565889,53.596062,0.167556,57.969448,75.83742,0.975,510.142979,516.226676,59.131778,0.015895
Analog,2022-06-06 23:00:00,26.050676,47.02078,0.218704,62.775935,73.01529,0.975,369.431003,374.899759,52.101353,0.014544
Analog,2022-06-07 23:00:00,22.868706,41.232216,0.20937,56.695127,73.024698,0.976667,310.278028,319.963237,45.737412,0.015346
Analog,2022-06-08 23:00:00,20.994017,37.879009,0.19263,49.096799,62.845431,0.891667,251.281624,309.450155,41.988034,0.014488
Analog,2022-06-09 23:00:00,22.677097,40.920003,0.121074,48.061089,67.158094,0.85,268.712554,350.613234,45.354194,0.014128
Analog,2022-06-10 23:00:00,58.227176,105.521243,0.403704,138.794269,151.479949,0.388333,303.657433,789.695799,116.454353,0.014817
Analog,2022-06-11 23:00:00,21.910002,39.508662,0.150444,51.511934,60.626061,0.941667,306.872157,322.949643,43.820005,0.014004
Analog,2022-06-12 23:00:00,30.915814,55.412751,0.32337,77.180462,81.68683,0.67,231.433338,386.470003,61.831627,0.013442
Analog,2022-06-13 23:00:00,19.154608,34.503106,0.147259,49.34848,62.527735,0.941667,224.628658,245.522977,38.309216,0.016913
Analog,2022-06-14 23:00:00,22.82009,40.820283,0.273963,57.634878,67.295709,0.72,218.796888,281.902447,45.64018,0.015078
Analog,2022-06-15 23:00:00,59.724244,107.857755,0.452593,143.057528,147.599602,0.278333,255.881917,811.37526,119.448489,0.014424
Analog,2022-06-16 23:00:00,18.857719,34.148535,0.151148,37.331191,45.297869,0.993333,313.462305,314.287356,37.715437,0.01511
Analog,2022-06-17 23:00:00,22.7752,40.89786,0.255444,56.182925,65.77771,0.655,181.208736,295.058724,45.5504,0.01373
Analog,2022-06-18 23:00:00,58.946175,105.769175,0.454815,146.582101,158.053118,0.218333,222.352551,730.435012,117.892349,0.017153
Analog,2022-06-19 23:00:00,23.29213,42.166431,0.254259,55.0937,61.266355,0.996667,372.652145,372.980197,46.58426,0.016306
Analog,2022-06-20 23:00:00,15.17542,27.520614,0.179481,28.72469,36.195035,1.0,266.765448,266.765448,30.350841,0.01471
Analog,2022-06-21 23:00:00,26.648444,48.078474,0.338185,65.930143,74.676733,0.496667,166.527738,346.981724,53.296887,0.015023
Analog,2022-06-22 23:00:00,45.287771,81.643786,0.443333,113.481906,116.88781,0.31,216.911615,545.156332,90.575543,0.014962
Analog,2022-06-23 23:00:00,19.655437,35.858872,0.233259,46.504028,61.702944,0.946667,219.93214,289.058743,39.310874,0.01657
Analog,2022-06-24 23:00:00,74.114017,139.347962,0.160852,166.056795,197.704454,0.491667,165.280363,1204.994598,148.228034,0.015999
Analog,2022-06-25 23:00:00,59.913776,106.813767,0.218704,155.488114,175.103435,0.781667,528.154022,721.063981,119.827553,0.01619
Analog,2022-06-26 23:00:00,57.384304,103.165389,0.207519,148.703925,179.60292,0.721667,500.028184,709.826675,114.768608,0.016207
Analog,2022-06-27 23:00:00,25.43705,45.961879,0.123852,58.66135,81.673803,0.898333,354.099943,380.808292,50.874099,0.016554
Analog,2022-06-28 23:00:00,15.308177,27.662729,0.168037,33.562221,43.230439,0.985,244.520216,248.473118,30.616353,0.015674
Analog,2022-06-29 23:00:00,16.290975,29.333765,0.210259,40.162322,48.234186,0.951667,213.797538,219.471399,32.581951,0.015286
Analog,2022-06-30 23:00:00,30.835875,54.792444,0.396185,86.509619,93.672432,0.611667,179.254087,281.186012,61.67175,0.015893
Analog,2022-07-01 23:00:00,102.604587,184.145678,0.425222,242.314814,265.74808,0.226667,232.042663,1402.883591,205.209175,0.017314
Analog,2022-07-02 23:00:00,132.470503,239.679772,0.486111,317.983572,325.290612,0.075,450.989263,1826.326269,264.941006,0.01504
Analog,2022-07-03 23:00:00,45.364196,81.949775,0.206296,105.706191,136.959244,0.931667,658.86733,680.481959,90.728392,0.013506
Analog,2022-07-04 23:00:00,19.308895,34.659144,0.355296,48.520605,51.970179,0.618333,186.638166,242.372947,38.617791,0.013571
Analog,2022-07-05 23:00:00,47.26062,84.658391,0.442778,118.023484,135.827943,0.328333,161.290362,568.211618,94.52124,0.015279
Analog,2022-07-06 23:00:00,31.683405,56.751696,0.265593,88.281825,107.923991,0.88,278.015364,351.480629,63.36681,0.015771
Analog,2022-07-07 23:00:00,33.831819,60.477656,0.123667,90.25414,115.161344,0.79,285.407379,376.547237,67.663638,0.014529
Analog,2022-07-08 23:00:00,84.301812,151.5963,0.441185,208.601711,220.165662,0.321667,272.901213,1072.712845,168.603625,0.016781
Analog,2022-07-09 23:00:00,92.511113,165.865532,0.376852,225.418949,255.275601,0.381667,494.211143,1190.060586,185.022227,0.015452
Analog,2022-07-10 23:00:00,116.749605,208.044612,0.435185,311.177875,326.617351,0.5,628.315182,1151.666619,233.499211,0.013452
Analog,2022-07-11 23:00:00,53.393356,96.373207,0.22037,131.239103,164.094333,0.963333,748.903953,762.468372,106.786712,0.013915
Analog,2022-07-12 23:00:00,27.187491,49.225725,0.175185,57.125497,66.760027,0.99,446.304405,448.137022,54.374982,0.012408
Analog,2022-07-13 23:00:00,51.298255,92.522431,0.225333,126.817889,152.984045,0.656667,349.192715,670.479699,102.596509,0.013931
Analog,2022-07-14 23:00:00,52.074015,93.535809,0.175963,133.022897,160.49053,0.901667,606.542985,689.346234,104.148031,0.014192
Analog,2022-07-15 23:00:00,35.144018,63.623776,0.141593,75.221096,112.182635,0.95,505.402037,543.888057,70.288036,0.014661
Analog,2022-07-16 23:00:00,144.653884,263.180999,0.302963,343.508134,375.274614,0.215,387.879766,2010.29672,289.307769,0.014386
Analog,2022-07-17 23:00:00,62.101834,112.445782,0.161741,130.357565,160.350076,0.975,1034.104248,1043.100138,124.203668,0.013325
Analog,2022-07-18 23:00:00,55.894966,101.057644,0.151593,128.614217,154.30065,0.906667,759.52962,803.219501,111.789932,0.014615
Analog,2022-07-19 23:00:00,50.140059,89.662678,0.134148,132.741866,160.691546,0.928333,581.404498,621.621856,100.280119,0.013231
Analog,2022-07-20 23:00:00,80.213345,143.229395,0.216889,213.801802,250.621485,0.846667,720.4839,897.54399,160.42669,0.014934
Analog,2022-07-21 23:00:00,68.55685,123.393521,0.178556,174.817011,203.944841,0.931667,878.957958,916.274253,137.1137,0.013999
Analog,2022-07-22 23:00:00,75.322543,134.98383,0.158148,190.317788,229.286311,0.711667,578.460501,939.618889,150.645085,0.01561
Analog,2022-07-23 23:00:00,156.276678,280.504722,0.33463,380.004034,431.111233,0.381667,743.155783,2035.826529,312.553355,0.014008
Analog,2022-07-24 23:00:00,58.380899,106.128546,0.175926,126.716922,148.364095,0.958333,1003.52636,1018.771825,116.761798,0.016259
Analog,2022-07-25 23:00:00,83.714397,149.737009,0.26137,221.876463,253.846022,0.748333,705.03248,907.288711,167.428794,0.015445
Analog,2022-07-26 23:00:00,132.901073,238.735239,0.297963,335.031104,388.413292,0.538333,703.580855,1684.586484,265.802146,0.01387
Analog,2022-07-27 23:00:00,58.400267,104.99033,0.216963,146.420471,184.709236,0.918333,711.039103,777.601467,116.800534,0.015803
Analog,2022-07-28 23:00:00,65.823686,117.617411,0.227074,168.826552,193.980322,0.865,652.396375,761.676217,131.647372,0.016397
Analog,2022-07-29 23:00:00,194.923052,360.520694,0.495741,451.34669,461.03877,0.033333,483.287906,2939.392812,389.846105,0.017022
Analog,2022-07-30 23:00:00,104.272866,185.577857,0.393481,290.737237,317.228196,0.706667,772.524842,1014.177417,208.545731,0.015694
Analog,2022-07-31 23:00:00,37.134125,66.622121,0.172963,84.002689,146.481866,0.936667,434.747392,574.975226,74.268249,0.01575
Analog,2022-08-01 23:00:00,53.025763,95.206511,0.375148,134.022883,176.189508,0.301667,310.668417,625.323732,106.051527,0.013498
Analog,2022-08-02 23:00:00,27.976313,50.533624,0.136704,67.800879,108.947678,0.938333,392.740567,407.525988,55.952626,0.015541
Analog,2022-08-03 23:00:00,29.111698,52.698361,0.263667,71.90864,92.273418,0.911667,410.741628,437.186811,58.223397,0.016407
Analog,2022-08-04 23:00:00,22.89052,41.187132,0.277889,59.318078,68.825283,0.868333,239.27235,282.964734,45.781039,0.015972
Analog,2022-08-05 23:00:00,21.475236,38.701695,0.161704,53.712644,62.04363,0.896667,248.194218,288.244679,42.950472,0.015405
Analog,2022-08-06 23:00:00,51.665279,93.274106,0.399481,122.141867,142.359074,0.408333,220.947928,711.396305,103.330558,0.017776
Analog,2022-08-07 23:00:00,26.083515,47.051366,0.217111,67.380192,83.235296,0.961667,337.718864,349.309157,52.167031,0.017017
Analog,2022-08-08 23:00:00,18.963502,34.39712,0.150852,42.456355,54.254402,0.973333,299.057544,301.591817,37.927003,0.014205
Analog,2022-08-09 23:00:00,17.483766,31.484346,0.271,42.696877,48.953,0.856667,206.288159,229.077568,34.967531,0.016691
Analog,2022-08-10 23:00:00,57.251376,103.518678,0.418667,138.40094,170.502918,0.353333,202.07897,761.42224,114.502751,0.015631
Analog,2022-08-11 23:00:00,29.493005,53.080178,0.121407,66.894273,90.25839,0.978333,421.503925,428.608399,58.98601,0.014331
Analog,2022-08-12 23:00:00,22.718523,40.893873,0.130889,54.454126,66.465767,0.985,323.407394,327.466185,45.437045,0.017923
Analog,2022-08-13 23:00:00,35.276107,62.806779,0.423926,88.178446,93.962209,0.375,194.333318,429.060696,70.552214,0.016134
Analog,2022-08-14 23:00:00,22.229678,39.829105,0.293963,58.26123,71.655272,0.851667,235.14606,258.342423,44.459357,0.016711
Analog,2022-08-15 23:00:00,13.798447,24.84097,0.151259,33.805665,40.549227,0.891667,161.564877,184.819078,27.596894,0.016477
Analog,2022-08-16 23:00:00,18.845387,34.182813,0.275741,42.380752,48.676595,0.625,158.13111,282.266634,37.690774,0.017604
Analog,2022-08-17 23:00:00,34.024185,61.1163,0.40363,87.498985,101.007741,0.516667,148.124025,400.349115,68.04837,0.015515
Analog,2022-08-18 23:00:00,15.222939,27.451148,0.190148,36.587929,46.016567,0.96,211.174096,216.630899,30.445877,0.015977
Analog,2022-08-19 23:00:00,31.78546,57.650186,0.356889,74.044164,82.988787,0.45,150.781269,454.960914,63.570919,0.016936
Analog,2022-08-20 23:00:00,78.491171,142.463884,0.472593,185.603446,197.384621,0.091667,192.503733,1117.845617,156.982342,0.015246
Analog,2022-08-21 23:00:00,18.446579,33.577374,0.16137,32.076747,40.092563,0.988333,353.762136,355.398057,36.893159,0.015029
Analog,2022-08-22 23:00:00,26.094309,46.768635,0.305,70.373203,79.38878,0.801667,221.957952,285.895262,52.188618,0.015805
Analog,2022-08-23 23:00:00,40.163739,72.156255,0.375556,107.611342,122.918133,0.665,252.086807,435.166471,80.327478,0.017241
Analog,2022-08-24 23:00:00,16.604063,30.163279,0.150148,37.477328,49.179816,0.963333,273.062127,276.771488,33.208126,0.016029
Analog,2022-08-25 23:00:00,13.159672,23.745087,0.183926,29.569617,39.318399,0.953333,194.009425,199.672286,26.319344,0.0152
Analog,2022-08-26 23:00:00,27.57637,49.68228,0.18137,67.032036,86.841709,0.778333,174.297541,356.9547,55.152741,0.013915
Analog,2022-08-27 23:00:00,69.259906,127.874563,0.422963,160.091275,197.180399,0.238333,251.707034,1064.059281,138.519812,0.015163
Analog,2022-08-28 23:00:00,30.998354,55.873702,0.170111,73.580726,97.10316,0.956667,418.927958,447.848485,61.996708,0.014492
Analog,2022-08-29 23:00:00,19.898784,36.224829,0.136963,39.355862,48.496655,0.963333,340.240029,343.223175,39.797567,0.014868
Analog,2022-08-30 23:00:00,16.688887,30.219022,0.201111,38.63361,46.893592,0.931667,241.764712,259.474226,33.377775,0.015133
Analog,2022-08-31 23:00:00,18.543423,33.217414,0.207296,47.358123,56.306168,0.868333,201.443289,236.985232,37.086846,0.017089
Analog,2022-09-01 23:00:00,12.499452,22.689628,0.139852,25.594294,30.748907,0.946667,202.905511,209.140148,24.998904,0.016149
Analog,2022-09-02 23:00:00,25.934917,46.427095,0.300111,69.177208,81.582225,0.703333,166.678702,291.20174,51.869835,0.014527
Analog,2022-09-03 23:00:00,34.081857,61.437148,0.265,79.411537,104.094042,0.638333,245.787868,480.52247,68.163715,0.017259
Analog,2022-09-04 23:00:00,30.596176,54.878629,0.114222,77.415555,101.204271,0.86,347.67402,389.717467,61.192351,0.016555
Analog,2022-09-05 23:00:00,20.654009,37.297146,0.116815,46.069715,59.841992,0.925,302.647981,317.173166,41.308019,0.017765
Analog,2022-09-06 23:00:00,25.858156,46.679491,0.17937,59.841389,75.836245,0.893333,341.335644,378.123164,51.716312,0.015936
Analog,2022-09-07 23:00:00,40.118752,71.631686,0.390704,104.576759,110.900888,0.568333,254.919502,408.660537,80.237505,0.015092
Analog,2022-09-08 23:00:00,23.630991,42.42519,0.264,61.186222,70.519811,0.86,272.045231,311.485621,47.261981,0.014667
Analog,2022-09-09 23:00:00,31.622055,56.74743,0.359741,76.424145,94.336073,0.453333,154.840487,417.984572,63.244109,0.015389
Analog,2022-09-10 23:00:00,39.533034,71.3831,0.29637,96.415534,116.306008,0.46,178.965643,545.934444,79.066069,0.016306
Analog,2022-09-11 23:00:00,21.415332,38.560864,0.14137,50.229902,64.945379,0.911667,284.002289,311.089036,42.830664,0.013869
Analog,2022-09-12 23:00:00,18.152946,32.669785,0.168222,44.140254,52.961841,0.9,219.458105,243.212385,36.305893,0.014069
Analog,2022-09-13 23:00:00,22.189614,39.707886,0.106815,56.957887,78.470328,0.888333,214.979666,258.238624,44.379227,0.016042
Analog,2022-09-14 23:00:00,40.21736,71.841757,0.373519,105.589236,115.624752,0.603333,220.613471,416.620367,80.434721,0.015394
Analog,2022-09-15 23:00:00,38.205386,68.210542,0.211481,97.654478,113.466964,0.6,253.618611,453.736665,76.410772,0.01515
Analog,2022-09-16 23:00:00,42.457064,75.914085,0.385926,110.795422,119.080683,0.61,376.207788,476.737047,84.914129,0.014405
Analog,2022-09-17 23:00:00,41.664076,74.712277,0.123519,102.419,146.438527,0.831667,327.598819,561.302402,83.328151,0.01431
Analog,2022-09-18 23:00:00,76.640759,137.081683,0.374407,189.524856,219.034234,0.421667,388.267793,985.991455,153.281518,0.014914
Analog,2022-09-19 23:00:00,66.058534,117.69509,0.411296,170.538283,184.685195,0.385,460.475572,781.907611,132.117067,0.017082
Analog,2022-09-20 23:00:00,29.594976,53.392481,0.212296,71.71822,83.248857,0.961667,418.753643,433.433529,59.189952,0.015545
Analog,2022-09-21 23:00:00,21.275137,38.301226,0.156,52.627766,80.14233,0.94,261.242304,274.789056,42.550275,0.014804
Analog,2022-09-22 23:00:00,22.199016,40.044045,0.137444,54.773452,77.525132,0.906667,263.681905,295.465486,44.398032,0.015229
Analog,2022-09-23 23:00:00,32.814908,58.705684,0.233852,82.801888,103.577246,0.815,305.733945,384.592826,65.629816,0.017425
Analog,2022-09-24 23:00:00,80.77686,143.557198,0.45437,204.087001,212.288074,0.293333,340.962311,981.40845,161.553721,0.016221
Analog,2022-09-25 23:00:00,21.947534,40.001529,0.189778,38.623708,48.16658,1.0,428.555553,428.555553,43.895068,0.016113
Analog,2022-09-26 23:00:00,22.699813,40.762375,0.261741,57.131735,68.18672,0.793333,196.241914,289.761222,45.399626,0.013911
Analog,2022-09-27 23:00:00,23.048632,41.55995,0.151407,55.348401,65.596991,0.826667,211.369076,303.898912,46.097265,0.015323
Analog,2022-09-28 23:00:00,27.800593,49.708897,0.266852,74.792274,87.018611,0.761667,201.824712,296.574281,55.601186,0.017599
Analog,2022-09-29 23:00:00,17.802804,32.004632,0.193519,43.516172,55.366858,0.876667,223.69852,239.433259,35.605608,0.015359
Analog,2022-09-30 23:00:00,29.727484,52.94419,0.361889,73.500701,80.932282,0.52,173.422525,347.729615,59.454969,0.015745
Analog,2022-10-01 23:00:00,64.107177,115.632528,0.471074,151.762227,158.998412,0.153333,196.854079,883.180458,128.214354,0.016331
Analog,2022-10-02 23:00:00,15.010233,27.438592,0.17963,24.885198,31.190147,1.0,291.821472,291.821472,30.020467,0.015637
Analog,2022-10-03 23:00:00,11.836489,21.326082,0.188593,28.687041,34.50185,0.96,157.85963,161.268028,23.672978,0.015559
Analog,2022-10-04 23:00:00,15.775976,28.239639,0.182074,42.009939,49.019513,0.748333,125.327979,176.153354,31.551953,0.014379
Analog,2022-10-05 23:00:00,16.344426,29.291597,0.277222,43.132303,49.684091,0.826667,140.071535,184.884636,32.688851,0.015322
Analog,2022-10-06 23:00:00,27.40581,48.760807,0.364407,71.350377,77.180091,0.563333,166.467783,305.7743,54.811621,0.017669
Analog,2022-10-07 23:00:00,18.523573,33.217842,0.135519,47.006653,55.892643,0.85,189.645198,229.971859,37.047146,0.014367
Analog,2022-10-08 23:00:00,35.888493,64.844176,0.410963,87.037816,99.038139,0.36,172.527921,485.040289,71.776986,0.014202
Analog,2022-10-09 23:00:00,21.574615,38.753118,0.187259,56.913425,67.904645,0.883333,240.366031,271.345493,43.149231,0.015329
Analog,2022-10-10 23:00:00,35.877475,64.30929,0.339111,91.154174,106.736749,0.666667,223.797281,426.337507,71.75495,0.015546
Analog,2022-10-11 23:00:00,56.763187,101.825557,0.283037,138.455076,234.401358,0.718333,299.450638,741.655208,113.526374,0.015953
Analog,2022-10-12 23:00:00,42.803983,76.559506,0.372519,99.527404,116.182405,0.535,441.715603,589.601401,85.607967,0.014964
Analog,2022-10-13 23:00:00,24.30265,44.096911,0.179074,54.248261,64.048258,0.93,367.171453,385.413619,48.6053,0.015014
Analog,2022-10-14 23:00:00,31.513185,57.213207,0.194259,75.812873,87.698903,0.656667,163.472788,434.303851,63.026369,0.015475
Analog,2022-10-15 23:00:00,85.487923,164.360187,0.39863,181.419996,298.720601,0.313333,148.1307,1527.215464,170.975846,0.015125
Analog,2022-10-16 23:00:00,60.045975,107.429569,0.284889,130.903015,172.691423,0.79,701.7121,894.866666,120.09195,0.017086
Analog,2022-10-17 23:00:00,46.618731,84.490554,0.296556,105.333293,128.373756,0.775,550.982416,707.725081,93.237463,0.014307
Analog,2022-10-18 23:00:00,27.332266,49.44656,0.236481,61.003267,72.720463,0.843333,365.793593,417.726733,54.664532,0.014559
Analog,2022-10-19 23:00:00,17.097213,30.684159,0.299741,42.668322,48.100321,0.648333,163.642489,216.249002,34.194426,0.01615
Analog,2022-10-20 23:00:00,12.074807,21.694293,0.255852,29.317709,35.354946,0.78,133.711279,163.446332,24.149613,0.01572
Analog,2022-10-21 23:00:00,45.999181,83.420039,0.488148,107.488065,113.07222,0.07,105.99518,658.074438,91.998363,0.014627
Analog,2022-10-22 23:00:00,42.42083,76.533316,0.344741,109.389891,136.011508,0.535,180.268797,478.282104,84.84166,0.016126
Analog,2022-10-23 23:00:00,15.990404,28.992404,0.214444,36.619684,44.543564,0.885,238.167853,248.917485,31.980809,0.014424
Analog,2022-10-24 23:00:00,50.909941,95.369762,0.351444,111.423887,139.619071,0.456667,168.551168,849.574349,101.819882,0.016237
Analog,2022-10-25 23:00:00,79.826655,143.56341,0.421074,202.753591,243.438262,0.46,313.316502,946.597083,159.653311,0.014915
Analog,2022-10-26 23:00:00,62.658295,111.889778,0.400704,157.782168,170.052381,0.515,398.631258,757.811017,125.31659,0.015213
Analog,2022-10-27 23:00:00,54.386416,96.927758,0.365037,135.965987,157.934059,0.581667,304.474432,646.385196,108.772833,0.014868
Analog,2022-10-28 23:00:00,57.211706,103.189163,0.312519,141.63772,164.189807,0.385,327.033827,724.090252,114.423412,0.013256
Analog,2022-10-29 23:00:00,36.19464,64.87808,0.242222,97.244682,106.378211,0.821667,327.46442,416.174948,72.38928,0.016624
Analog,2022-10-30 23:00:00,21.60345,39.022261,0.209333,51.090106,59.533458,0.905,292.365718,311.337359,43.206901,0.013739
Analog,2022-10-31 23:00:00,63.708248,119.305284,0.260259,143.051213,151.175409,0.488333,155.242829,1023.542703,127.416496,0.016623
Analog,2022-11-01 23:00:00,53.428329,99.020864,0.359037,121.128991,136.659657,0.371667,250.561229,826.009034,106.856659,0.014689
Analog,2022-11-02 23:00:00,57.840334,103.097926,0.416667,157.491079,165.142766,0.501667,331.885265,589.270672,115.680668,0.015022
Analog,2022-11-03 23:00:00,28.190475,50.39061,0.236333,73.105785,91.598056,0.845,269.347124,322.023059,56.38095,0.014339
Analog,2022-11-04 23:00:00,135.203664,250.015775,0.24763,297.455671,379.794404,0.283333,186.675667,2247.616955,270.407329,0.015221
Analog,2022-11-05 23:00:00,119.999672,214.104584,0.398259,300.056852,329.109868,0.355,835.949979,1423.119221,239.999344,0.015759
Analog,2022-11-06 23:00:00,37.663346,68.310549,0.182741,75.311594,100.714428,0.995,656.94619,658.040848,75.326691,0.015193
Analog,2022-11-07 23:00:00,19.553645,34.911184,0.205074,50.450501,62.274764,0.753333,174.313558,224.605473,39.107291,0.013047
Analog,2022-11-08 23:00:00,54.935845,98.373718,0.38563,132.748883,141.507076,0.336667,177.892299,710.758816,109.871689,0.013705
Analog,2022-11-09 23:00:00,35.998972,64.760823,0.308259,92.17891,103.084881,0.771667,301.03306,482.88144,71.997944,0.015095
Analog,2022-11-10 23:00:00,36.948159,65.891298,0.269037,97.863581,126.362205,0.706667,221.053389,377.30043,73.896317,0.014152
Analog,2022-11-11 23:00:00,41.157754,74.044429,0.297222,101.617081,111.102763,0.706667,307.09713,502.898848,82.315509,0.016083
Analog,2022-11-12 23:00:00,27.461342,49.829244,0.163259,65.623802,88.553936,0.853333,269.326524,386.624879,54.922685,0.015558
Analog,2022-11-13 23:00:00,23.252893,41.628633,0.123704,57.999867,85.573328,0.901667,247.020683,287.430595,46.505787,0.016624
Analog,2022-11-14 23:00:00,18.507876,33.82263,0.155778,37.429075,51.780881,0.99,262.617385,313.81182,37.015751,0.016359
Analog,2022-11-15 23:00:00,78.178717,141.483472,0.46737,183.797667,187.851674,0.173333,192.450129,1130.324743,156.357434,0.015159
Analog,2022-11-16 23:00:00,21.399568,38.58342,0.233444,50.681703,58.525231,0.945,281.828309,298.650383,42.799135,0.016517
Analog,2022-11-17 23:00:00,31.249268,56.222181,0.18,78.603447,124.136461,0.87,185.459133,410.606403,62.498536,0.013854
Analog,2022-11-18 23:00:00,31.294104,56.246132,0.27463,73.754157,89.667021,0.788333,326.745242,434.792478,62.588207,0.015396
Analog,2022-11-19 23:00:00,36.647768,65.89944,0.231259,91.600481,126.702454,0.816667,333.280366,458.092516,73.295536,0.013995
Analog,2022-11-20 23:00:00,37.761966,67.966898,0.321852,91.40468,109.750994,0.695,344.739251,506.777561,75.523932,0.013666
Analog,2022-11-21 23:00:00,56.366727,102.085586,0.28037,133.960594,185.740673,0.6,271.93852,787.093543,112.733453,0.013303
Analog,2022-11-22 23:00:00,32.798237,58.939516,0.169963,71.723045,89.574336,0.933333,443.432816,480.454739,65.596474,0.01579
Analog,2022-11-23 23:00:00,93.06785,166.479798,0.276741,230.257151,323.337245,0.638333,442.554781,1133.269827,186.1357,0.013353
Analog,2022-11-24 23:00:00,105.945949,189.026474,0.236704,292.048247,358.568042,0.776667,676.838981,1003.421374,211.891897,0.014784
Analog,2022-11-25 23:00:00,128.457403,228.992327,0.288259,336.590393,393.727878,0.653333,945.287226,1432.034334,256.914806,0.016704
Analog,2022-11-26 23:00:00,76.113935,137.218065,0.21063,177.104151,208.212127,0.885,988.679431,1118.699889,152.227869,0.016234
Analog,2022-11-27 23:00:00,46.787638,84.658191,0.148889,106.28888,146.399065,0.966667,692.927345,717.895634,93.575276,0.014736
Analog,2022-11-28 23:00:00,64.109852,114.923687,0.121,181.55928,219.84595,0.885,635.009501,702.03806,128.219704,0.013671
Analog,2022-11-29 23:00:00,115.991639,207.403333,0.408741,297.923801,335.568564,0.465,743.613151,1340.210878,231.983278,0.015477
Analog,2022-11-30 23:00:00,33.482232,61.061119,0.21663,67.655979,84.683316,0.953333,577.718216,593.610059,66.964464,0.016221
Analog,2022-12-01 23:00:00,20.404315,36.793143,0.182778,50.864913,62.016779,0.796667,214.882096,289.137362,40.80863,0.014654
Analog,2022-12-02 23:00:00,32.136776,58.08184,0.188889,78.530034,94.727022,0.63,181.831788,417.931012,64.273553,0.0153
Analog,2022-12-03 23:00:00,72.834937,132.939935,0.454444,173.149484,197.497898,0.15,218.391478,1036.906458,145.669874,0.01612
Analog,2022-12-04 23:00:00,25.465758,46.055914,0.16563,55.966297,75.773279,0.961667,370.47395,399.063019,50.931517,0.015037
Analog,2022-12-05 23:00:00,60.339278,108.012114,0.344704,152.111851,186.04314,0.548333,248.874408,728.91098,120.678556,0.015761
Analog,2022-12-06 23:00:00,88.6746,159.438661,0.478148,227.192318,237.475255,0.17,396.298462,1033.236407,177.3492,0.016587
Analog,2022-12-07 23:00:00,20.033248,36.37354,0.186074,36.268479,45.235717,0.996667,378.312872,378.450413,40.066495,0.014765
Analog,2022-12-08 23:00:00,57.496871,107.06477,0.402963,128.638522,138.625589,0.411667,125.13402,936.041869,114.993743,0.012745
Analog,2022-12-09 23:00:00,39.489415,70.852123,0.346741,97.135077,114.072621,0.46,233.396782,520.73669,78.978831,0.015334
Analog,2022-12-10 23:00:00,32.326565,58.366979,0.182667,80.657576,99.628294,0.703333,232.209032,407.239419,64.65313,0.013728
Analog,2022-12-11 23:00:00,40.783466,73.722561,0.309593,98.68307,116.440279,0.635,301.540529,528.039443,81.566932,0.01531
Analog,2022-12-12 23:00:00,52.395844,93.72613,0.315037,137.639914,159.001706,0.633333,328.677588,615.638832,104.791688,0.013725
Analog,2022-12-13 23:00:00,43.7906,78.338811,0.244889,118.913205,148.74071,0.873333,399.70724,485.289535,87.5812,0.014012
Analog,2022-12-14 23:00:00,93.532318,172.213381,0.344407,225.223356,241.410401,0.583333,440.9831,1324.440329,187.064636,0.013783
Analog,2022-12-15 23:00:00,85.946993,153.979803,0.268259,224.208433,264.364396,0.608333,493.691792,955.494638,171.893987,0.015929
Analog,2022-12-16 23:00:00,55.489934,99.55706,0.170741,132.588341,163.244299,0.826667,522.994527,747.462995,110.979867,0.015326
Analog,2022-12-17 23:00:00,98.803219,177.026489,0.406074,247.04376,259.836929,0.406667,638.722567,1238.455048,197.606438,0.014859
Analog,2022-12-18 23:00:00,45.63139,82.117568,0.192778,114.907013,150.767427,0.955,566.145197,604.188475,91.26278,0.015396
Analog,2022-12-19 23:00:00,41.895274,74.819588,0.330296,111.083048,122.061917,0.863333,441.449949,484.302737,83.790548,0.014865
Analog,2022-12-20 23:00:00,28.122914,51.143576,0.240148,59.800614,70.285246,0.835,398.793061,469.647287,56.245828,0.015441
Analog,2022-12-21 23:00:00,54.867241,99.146436,0.178704,132.420486,161.542568,0.466667,198.929614,740.836122,109.734482,0.014256
Analog,2022-12-22 23:00:00,45.735349,82.655213,0.291444,98.367655,108.586809,0.76,413.786379,696.697727,91.470699,0.016892
Analog,2022-12-23 23:00:00,51.680221,92.454802,0.248852,130.796451,158.553385,0.721667,437.545963,572.327107,103.360442,0.015969
Analog,2022-12-24 23:00:00,58.932834,106.133829,0.275778,147.677772,195.296677,0.745,381.326978,743.335489,117.865668,0.014354
Analog,2022-12-25 23:00:00,25.164265,45.594267,0.174222,55.05836,68.398488,0.975,417.370332,420.138737,50.32853,0.016636
Analog,2022-12-26 23:00:00,19.212898,34.968525,0.155593,35.020024,47.625025,0.973333,340.864709,348.909119,38.425796,0.014723
Analog,2022-12-27 23:00:00,39.234012,71.467203,0.165259,89.198803,119.19442,0.735,264.511292,601.938702,78.468024,0.012957
Analog,2022-12-28 23:00:00,104.559535,189.8622,0.485556,254.448888,260.142968,0.13,322.455009,1351.595153,209.11907,0.016073
Analog,2022-12-29 23:00:00,36.294404,65.205886,0.24863,96.289426,106.278927,0.953333,444.953285,462.238402,72.588808,0.015532
Analog,2022-12-30 23:00:00,45.360945,81.6838,0.386852,116.431851,133.472726,0.57,265.913958,548.312828,90.721889,0.01606
Analog,2022-12-31 23:00:00,81.535384,151.352835,0.414222,182.001818,210.803566,0.363333,225.991,1325.78463,163.070767,0.014919
Analog,2023-01-01 23:00:00,34.018436,61.410101,0.210556,84.149471,96.397101,0.881667,454.508379,493.415831,68.036872,0.016196
Analog,2023-01-02 23:00:00,34.468088,61.793277,0.191963,84.259084,119.128419,0.921667,403.23979,442.208907,68.936176,0.015441
Analog,2023-01-03 23:00:00,23.413427,42.347597,0.153926,47.169064,58.673906,0.94,369.007494,382.330254,46.826855,0.016243
Analog,2023-01-04 23:00:00,59.612384,110.894859,0.351704,140.183908,147.784788,0.636667,305.759831,903.98238,119.224769,0.015267
Analog,2023-01-05 23:00:00,22.163347,40.176735,0.168074,47.915029,62.520649,0.976667,309.91958,357.957165,44.326694,0.016
Analog,2023-01-06 23:00:00,17.703562,31.950997,0.26863,43.653039,51.089876,0.91,225.373588,238.555193,35.407124,0.014328
Analog,2023-01-07 23:00:00,23.019451,41.165648,0.163704,58.700388,77.137872,0.738333,175.457775,272.397578,46.038901,0.014645
Analog,2023-01-08 23:00:00,17.210303,31.013487,0.176704,40.441236,51.057568,0.931667,235.648456,252.218426,34.420605,0.014993
Analog,2023-01-09 23:00:00,111.615905,203.42613,0.35037,251.099457,346.807868,0.455,206.042581,1752.947201,223.231811,0.013352
Analog,2023-01-10 23:00:00,69.753549,124.469108,0.235889,179.848081,210.218207,0.69,645.768635,826.867748,139.507098,0.014984
Analog,2023-01-11 23:00:00,55.590201,100.879263,0.195741,115.508927,157.248699,0.943333,933.496118,967.626781,111.180402,0.014797
Analog,2023-01-12 23:00:00,31.858675,58.132763,0.223741,59.554645,78.070082,0.92,559.481108,591.133857,63.717351,0.014109
Analog,2023-01-13 23:00:00,23.448821,42.195011,0.099444,53.615726,62.609733,0.87,296.345306,347.134781,46.897642,0.015701
Analog,2023-01-14 23:00:00,61.868625,113.867557,0.261556,143.516515,192.815395,0.578333,191.788002,925.010042,123.737249,0.015741
Analog,2023-01-15 23:00:00,76.445493,136.619542,0.266296,203.557166,257.892005,0.721667,439.855239,805.786333,152.890985,0.01623
Analog,2023-01-16 23:00:00,60.477148,108.344016,0.255556,153.23121,178.50146,0.83,721.274832,803.210418,120.954295,0.014705
Analog,2023-01-17 23:00:00,40.841479,73.956465,0.213407,94.824051,137.008593,0.955,640.737351,662.396779,81.682958,0.01508
Analog,2023-01-18 23:00:00,76.594614,138.673876,0.253556,194.314387,264.805524,0.74,501.669159,931.913257,153.189228,0.014842
Analog,2023-01-19 23:00:00,89.890539,160.211716,0.166333,247.933779,311.761015,0.868333,724.644828,889.265537,179.781078,0.015584
Analog,2023-01-20 23:00:00,114.019799,203.14966,0.33437,303.351124,334.190189,0.69,959.615054,1176.667686,228.039599,0.015851
Analog,2023-01-21 23:00:00,68.658922,123.976177,0.16763,180.061705,239.094857,0.906667,830.025888,922.542034,137.317845,0.01393
Analog,2023-01-22 23:00:00,51.624327,93.294613,0.219222,115.995017,160.241569,0.921667,749.115617,778.394192,103.248654,0.013826
Analog,2023-01-23 23:00:00,131.267038,234.692101,0.348481,334.539242,425.918312,0.581667,489.103116,1462.951775,262.534076,0.015517
Analog,2023-01-24 23:00:00,87.834934,158.712593,0.286926,204.292334,224.682965,0.801667,879.901821,1275.819093,175.669868,0.014937
Analog,2023-01-25 23:00:00,37.482883,68.81525,0.185407,67.922551,93.795929,0.993333,729.82019,730.460931,74.965767,0.015018
Analog,2023-01-26 23:00:00,20.038163,36.10153,0.256148,48.556441,57.730153,0.86,261.737386,287.477668,40.076327,0.015707
Analog,2023-01-27 23:00:00,30.720753,54.913316,0.457185,75.835272,80.309922,0.22,115.739372,370.290844,61.441505,0.015693
Analog,2023-01-28 23:00:00,15.220809,27.167958,0.248778,41.09357,50.95854,0.846667,139.436104,158.324755,30.441619,0.014284
Analog,2023-01-29 23:00:00,92.960377,169.333673,0.388037,208.912981,260.689392,0.276667,137.464757,1456.472158,185.920754,0.014838
Analog,2023-01-30 23:00:00,46.672324,83.287893,0.098667,125.577632,155.265948,0.886667,466.929652,519.536182,93.344648,0.013952
Analog,2023-01-31 23:00:00,72.170784,129.272215,0.259481,191.397284,241.36069,0.768333,595.252101,825.914419,144.341567,0.01528
Analog,2023-02-01 23:00:00,87.544781,155.868907,0.341,242.323085,261.233927,0.775,737.517502,819.138168,175.089562,0.013685
Analog,2023-02-02 23:00:00,25.565406,46.754096,0.175963,41.767905,54.934013,0.988333,554.714496,555.652744,51.130812,0.013142
Analog,2023-02-03 23:00:00,31.74191,57.386492,0.328407,78.382539,96.513358,0.686667,267.699192,411.683346,63.48382,0.015242
Analog,2023-02-04 23:00:00,27.327378,48.855871,0.360889,68.373907,76.931567,0.71,224.865735,310.868454,54.654756,0.01591
Analog,2023-02-05 23:00:00,21.142268,37.866821,0.332,55.551513,62.899891,0.79,191.547584,216.282846,42.284537,0.01439
Analog,2023-02-06 23:00:00,42.662778,76.326327,0.210074,104.646881,157.56833,0.731667,163.700966,556.619946,85.325557,0.014375
Analog,2023-02-07 23:00:00,77.319935,138.907252,0.219741,196.091044,296.496932,0.736667,388.224662,934.541311,154.63987,0.015149
Analog,2023-02-08 23:00:00,56.547737,101.572993,0.261481,133.1233,160.314267,0.851667,732.945536,810.996539,113.095475,0.01389
Analog,2023-02-09 23:00:00,25.887894,47.602489,0.204222,38.703137,46.940773,0.996667,555.090206,555.352684,51.775788,0.015554
Analog,2023-02-10 23:00:00,16.785674,30.36559,0.139852,35.452622,44.125707,0.978333,275.753992,279.276315,33.571347,0.014997
Analog,2023-02-11 23:00:00,16.515788,29.714229,0.281111,42.933113,52.729755,0.895,161.601313,185.857174,33.031577,0.015908
Analog,2023-02-12 23:00:00,10.87577,19.752767,0.144741,25.115953,31.542054,0.966667,165.281731,168.102457,21.75154,0.015931
Analog,2023-02-13 23:00:00,29.181524,52.039153,0.219481,77.734437,107.256352,0.663333,157.752358,311.4878,58.363048,0.014157
Analog,2023-02-14 23:00:00,41.752028,74.156761,0.190815,109.752821,140.377468,0.746667,238.768063,440.784515,83.504056,0.016151
Analog,2023-02-15 23:00:00,69.145015,123.977873,0.141,176.103704,270.989927,0.78,396.189658,826.499766,138.290029,0.014612
Analog,2023-02-16 23:00:00,50.628032,90.977126,0.248519,120.410979,133.200173,0.981667,735.042365,738.497737,101.256064,0.015314
Analog,2023-02-17 23:00:00,36.121981,65.382995,0.148259,78.647346,102.988775,0.933333,565.714044,611.457759,72.243962,0.014249
Analog,2023-02-18 23:00:00,46.42954,83.106842,0.32663,118.227438,135.001208,0.801667,383.59923,473.598474,92.859079,0.015372
Analog,2023-02-19 23:00:00,54.610768,97.794553,0.158,137.607823,224.978116,0.906667,431.548777,591.900892,109.221537,0.016291
Analog,2023-02-20 23:00:00,41.65406,74.876669,0.198778,79.710298,93.826181,0.945,665.178103,677.096618,83.308119,0.01623
Analog,2023-02-21 23:00:00,48.018331,87.019799,0.154889,104.605981,231.024005,0.92,545.783411,715.16469,96.036663,0.0142
Analog,2023-02-22 23:00:00,149.456732,267.900515,0.298519,371.501077,454.123606,0.543333,506.899973,1817.544201,298.913464,0.014379
Analog,2023-02-23 23:00:00,117.091406,208.043673,0.314444,309.540525,357.904925,0.661667,954.007609,1293.95901,234.182812,0.015746
Analog,2023-02-24 23:00:00,61.810729,111.894179,0.204926,130.601959,156.34854,0.993333,1056.958296,1058.146049,123.621458,0.01556
Analog,2023-02-25 23:00:00,48.463527,86.883224,0.138852,117.877319,200.219461,0.895,533.213984,638.639592,96.927055,0.015021
Analog,2023-02-26 23:00:00,83.747173,150.133732,0.232889,224.605731,362.76374,0.863333,606.247132,964.238958,167.494347,0.013716
Analog,2023-02-27 23:00:00,78.501018,141.83894,0.135,200.42717,307.154429,0.963333,853.59742,1057.353902,157.002037,0.014828
Analog,2023-02-28 23:00:00,81.528898,146.647953,0.204741,178.369694,226.205169,0.953333,1216.279667,1253.468891,163.057796,0.014318
Analog,2023-03-01 23:00:00,51.020912,92.816572,0.175296,87.733614,117.95724,0.996667,1003.602255,1005.130514,102.041824,0.015727
Analog,2023-03-02 23:00:00,57.098325,102.47894,0.154889,148.602186,217.633303,0.971667,712.615887,732.398911,114.196651,0.016143
Analog,2023-03-03 23:00:00,53.827471,96.768476,0.220481,131.528253,165.602244,0.971667,752.680412,767.12377,107.654943,0.015782
Analog,2023-03-04 23:00:00,43.032985,77.509476,0.180741,104.977093,129.642326,0.938333,583.535619,604.310941,86.065969,0.015338
Analog,2023-03-05 23:00:00,136.147758,247.016553,0.284778,329.241913,575.820861,0.758333,540.953662,1790.312419,272.295516,0.014687
Analog,2023-03-06 23:00:00,187.509942,335.406063,0.18737,488.029088,625.473693,0.745,1204.424176,2043.126333,375.019885,0.016965
Analog,2023-03-07 23:00:00,136.95984,244.560814,0.241889,323.533936,431.4516,0.778333,1464.499538,1769.522512,273.91968,0.017552
Analog,2023-03-08 23:00:00,160.997872,287.135967,0.189667,425.593791,558.575635,0.831667,1125.535197,1511.103537,321.995745,0.014244
Analog,2023-03-09 23:00:00,108.05091,193.441497,0.268852,252.329221,285.502757,0.8,1328.390538,1412.170641,216.10182,0.013111
Analog,2023-03-10 23:00:00,103.635201,186.064228,0.311704,265.85599,313.683888,0.793333,1160.295243,1344.703092,207.270402,0.016123
Analog,2023-03-11 23:00:00,54.486411,98.068615,0.151963,121.566844,180.098405,0.911667,716.001681,797.516061,108.972821,0.015391
Analog,2023-03-12 23:00:00,49.52192,89.468763,0.172741,120.816785,221.365021,0.885,532.257752,675.891576,99.04384,0.0141
Analog,2023-03-13 23:00:00,48.573055,87.39497,0.15963,112.957062,187.073476,0.938333,620.089199,690.513894,97.146111,0.014194
Analog,2023-03-14 23:00:00,54.334887,98.24825,0.203667,131.4892,178.678877,0.84,598.950013,760.689124,108.669773,0.015997
Analog,2023-03-15 23:00:00,73.126309,130.276554,0.103407,195.744286,289.485565,0.783333,552.488613,781.388377,146.252619,0.015146
Analog,2023-03-16 23:00:00,68.170535,122.204901,0.22263,187.47179,227.355636,0.943333,846.327577,859.571585,136.341069,0.015617
Analog,2023-03-17 23:00:00,66.497428,119.631525,0.122185,153.720242,243.899078,0.933333,906.379822,958.804722,132.994857,0.01432
Analog,2023-03-18 23:00:00,40.331737,72.941504,0.198704,79.776346,110.972626,0.961667,693.834018,712.65277,80.663473,0.014602
Analog,2023-03-19 23:00:00,24.233165,43.99767,0.172111,47.23729,59.425545,0.996667,442.461801,443.33656,48.46633,0.017105
Analog,2023-03-20 23:00:00,23.899766,42.948615,0.164667,60.84882,85.74084,0.93,263.111844,290.927273,47.799533,0.015542
Analog,2023-03-21 23:00:00,24.47652,43.707919,0.276852,62.8647,81.292904,0.775,245.720004,284.677147,48.95304,0.016218
Analog,2023-03-22 23:00:00,123.360922,231.256437,0.171815,264.853246,457.772248,0.62,190.816516,2143.598145,246.721844,0.013622
Analog,2023-03-23 23:00:00,136.643436,243.472483,0.231,389.837966,474.06002,0.833333,961.210829,1226.34647,273.286872,0.016028
Analog,2023-03-24 23:00:00,143.516266,255.636756,0.203556,366.8136,442.80226,0.63,1144.101639,1612.292234,287.032532,0.013715
Analog,2023-03-25 23:00:00,91.267295,164.578921,0.235852,211.529201,256.753413,0.95,1419.873912,1460.063276,182.53459,0.015759
Analog,2023-03-26 23:00:00,219.980211,394.512023,0.338852,575.003538,715.026874,0.603333,1007.102645,2507.153984,439.960421,0.014256
Analog,2023-03-27 23:00:00,131.815532,235.834935,0.084185,329.0372,417.875572,0.835,1297.597923,1633.356224,263.631064,0.017756
Analog,2023-03-28 23:00:00,95.875508,172.143423,0.279593,247.854781,277.811428,0.858333,1153.189544,1266.923437,191.751016,0.014886
Analog,2023-03-29 23:00:00,101.014502,181.58275,0.130481,227.554291,388.473623,0.86,935.445317,1483.593061,202.029005,0.016395
Analog,2023-03-30 23:00:00,131.57037,236.181286,0.181556,344.131867,488.925515,0.816667,970.418577,1504.099796,263.14074,0.017141
Analog,2023-03-31 23:00:00,98.111996,175.636,0.164444,247.753715,318.622272,0.941667,1228.670046,1253.005968,196.223992,0.015934
Analog,2023-04-01 23:00:00,73.120331,131.558975,0.225185,192.473044,232.611372,0.868333,807.980184,920.096054,146.240662,0.014766
Analog,2023-04-02 23:00:00,158.790541,283.406998,0.27637,398.03313,496.337078,0.588333,709.494823,1854.404316,317.581082,0.015311
Analog,2023-04-03 23:00:00,94.020458,168.298114,0.182444,229.902024,274.209726,0.851667,1051.300356,1172.763725,188.040915,0.015493
Analog,2023-04-04 23:00:00,179.024805,318.790014,0.317148,496.924212,597.96551,0.745,1234.110168,1864.677151,358.049609,0.01571
Analog,2023-04-05 23:00:00,176.148129,313.864321,0.375667,447.721715,489.836874,0.493333,1399.949075,2034.624794,352.296258,0.017601
Analog,2023-04-06 23:00:00,90.769752,162.797755,0.221667,225.779067,275.525092,0.855,1167.387811,1289.130365,181.539503,0.014616
Analog,2023-04-07 23:00:00,46.807185,84.091007,0.258741,115.109098,140.040697,0.963333,648.396762,657.437117,93.61437,0.014575
Analog,2023-04-08 23:00:00,23.667974,42.621684,0.152296,55.699798,66.447538,0.905,300.025601,327.706163,47.335947,0.015201
Analog,2023-04-09 23:00:00,62.406898,112.964604,0.337037,148.515957,222.324771,0.618333,242.311213,858.800658,124.813796,0.016714
Analog,2023-04-10 23:00:00,45.878408,81.976521,0.323926,115.767596,132.061071,0.803333,525.782732,564.474965,91.756816,0.015249
Analog,2023-04-11 23:00:00,47.004,83.979645,0.328444,120.431665,146.55409,0.753333,380.531626,503.352819,94.008001,0.013202
Analog,2023-04-12 23:00:00,104.865131,190.028658,0.275074,256.87961,311.748107,0.448333,324.441793,1385.432917,209.730262,0.016789
Analog,2023-04-13 23:00:00,178.956105,323.204898,0.180704,426.88488,544.700249,0.446667,622.83657,2474.744216,357.91221,0.015733
Analog,2023-04-14 23:00:00,72.295086,130.139589,0.204111,137.215181,171.166935,0.94,1172.95143,1201.237692,144.590172,0.015608
Analog,2023-04-15 23:00:00,80.125328,144.008903,0.176259,215.544122,257.313089,0.943333,896.986418,950.631096,160.250656,0.015369
Analog,2023-04-16 23:00:00,75.913492,136.759614,0.275333,193.097062,226.857624,0.901667,939.606916,1018.972781,151.826985,0.015449
Analog,2023-04-17 23:00:00,100.218939,178.803423,0.14537,263.39145,332.532203,0.563333,525.154529,1066.712231,200.437878,0.015888
Analog,2023-04-18 23:00:00,78.318248,139.694746,0.138222,214.718808,270.41086,0.956667,878.051776,911.754382,156.636496,0.015947
Analog,2023-04-19 23:00:00,122.283904,220.142739,0.082148,308.414166,413.141562,0.826667,1005.635376,1496.804599,244.567807,0.015286
Analog,2023-04-20 23:00:00,238.458871,427.343839,0.267296,581.617895,713.175272,0.538333,914.343744,3075.199044,476.917742,0.014372
Analog,2023-04-21 23:00:00,146.929783,262.734124,0.133889,375.42662,445.007231,0.78,1435.471885,1771.447345,293.859566,0.01461
Analog,2023-04-22 23:00:00,115.269354,206.926433,0.128704,286.393748,330.052974,0.92,1402.005962,1469.977694,230.538708,0.015339
Analog,2023-04-23 23:00:00,172.721654,308.488915,0.136593,456.098808,537.913699,0.786667,1448.993675,1862.083904,345.443308,0.014311
Analog,2023-04-24 23:00:00,133.413911,238.459302,0.158074,329.827317,396.693296,0.788333,1399.456961,1744.44295,266.827822,0.014126
Analog,2023-04-25 23:00:00,116.975319,209.966989,0.181444,269.443622,325.80101,0.933333,1649.512738,1726.164454,233.950638,0.012674
Analog,2023-04-26 23:00:00,101.054322,180.955462,0.297593,269.481932,308.807004,0.878333,1053.680699,1119.985098,202.108644,0.014237
Analog,2023-04-27 23:00:00,60.843235,110.252419,0.11937,138.121565,180.074375,0.96,855.550067,885.604336,121.686469,0.014027
Analog,2023-04-28 23:00:00,64.686006,116.383708,0.121333,159.679375,205.403965,0.77,569.921623,795.453411,129.372012,0.015724
Analog,2023-04-29 23:00:00,126.731999,226.999593,0.447407,318.022948,344.156817,0.261667,755.141868,1568.275153,253.463998,0.013466
Analog,2023-04-30 23:00:00,34.021784,61.763536,0.141815,66.5565,89.862905,0.996667,626.401497,627.439091,68.043568,0.016029
Analog,2023-05-01 23:00:00,19.131998,34.596858,0.219333,46.527008,59.081679,0.983333,256.994616,277.702969,38.263997,0.013178
Analog,2023-05-02 23:00:00,201.362068,370.437409,0.487037,448.005302,636.243379,0.075,238.405876,3255.046818,402.724136,0.015834
Analog,2023-05-03 23:00:00,67.434812,121.677089,0.169185,125.321039,167.51512,0.958333,1101.530844,1169.563553,134.869623,0.014931
Analog,2023-05-04 23:00:00,71.877831,129.825923,0.147667,165.306436,236.432483,0.888333,873.812187,1085.448999,143.755663,0.014667
Analog,2023-05-05 23:00:00,68.608355,122.960083,0.315852,164.463066,204.88388,0.601667,559.000572,928.98271,137.216709,0.014614
Analog,2023-05-06 23:00:00,74.43682,133.387054,0.258296,181.502202,207.021623,0.508333,546.092562,1007.883081,148.87364,0.017069
Analog,2023-05-07 23:00:00,162.161399,292.462485,0.244407,395.719444,528.471477,0.556667,546.266617,2100.708892,324.322798,0.014935
Analog,2023-05-08 23:00:00,176.538448,314.756572,0.445,452.581791,508.885385,0.316667,1058.009905,2064.880886,353.076895,0.014033
Analog,2023-05-09 23:00:00,88.944624,159.445593,0.237926,218.453444,264.87119,0.851667,1038.381564,1183.328671,177.889249,0.013614
Analog,2023-05-10 23:00:00,56.957479,101.961554,0.315333,144.232809,167.145751,0.676667,589.750886,684.856522,113.914959,0.014035
Analog,2023-05-11 23:00:00,95.856645,173.511886,0.368519,223.407144,270.215577,0.46,497.889696,1372.965446,191.713289,0.016404
Analog,2023-05-12 23:00:00,79.37792,142.237234,0.178,192.547862,279.829486,0.66,634.043126,1020.005892,158.75584,0.014969
Analog,2023-05-13 23:00:00,90.053666,161.286831,0.355852,215.390324,241.853641,0.501667,725.430622,1189.840277,180.107332,0.015973
Analog,2023-05-14 23:00:00,63.654702,115.139265,0.152148,148.987958,232.133168,0.953333,654.534458,936.953289,127.309404,0.014264
Analog,2023-05-15 23:00:00,61.516223,110.160939,0.182037,160.740631,218.02164,0.911667,659.168832,733.29019,123.032445,0.013312
Analog,2023-05-16 23:00:00,231.3289,420.990721,0.396852,547.938015,723.201789,0.371667,602.641645,3190.17955,462.6578,0.016235
Analog,2023-05-17 23:00:00,90.539789,162.562967,0.168148,235.894972,287.535335,0.953333,1147.339515,1190.913317,181.079578,0.01448
Analog,2023-05-18 23:00:00,95.230512,171.328994,0.127667,212.141237,262.64809,0.891667,1216.427955,1363.093575,190.461024,0.013468
Analog,2023-05-19 23:00:00,157.473527,284.087358,0.350519,390.099615,472.367905,0.525,1064.18562,1980.248304,314.947053,0.017125
Analog,2023-05-20 23:00:00,79.622266,143.114268,0.239667,203.632115,241.012021,0.83,840.319243,1026.924554,159.244532,0.014363
Analog,2023-05-21 23:00:00,150.492812,277.486344,0.262963,350.768759,525.037266,0.636667,428.692296,2199.308716,300.985624,0.015185
Analog,2023-05-22 23:00:00,87.642932,156.64383,0.067852,226.468577,298.031033,0.875,943.153361,1011.350002,175.285863,0.016197
Analog,2023-05-23 23:00:00,65.976527,119.393531,0.127407,141.12451,186.519183,0.976667,1051.052373,1064.420424,131.953054,0.014141
Analog,2023-05-24 23:00:00,61.067116,110.308985,0.120778,138.233161,185.727591,0.978333,923.222253,934.204449,122.134232,0.014082
Analog,2023-05-25 23:00:00,63.170207,113.5741,0.117074,157.208938,203.528425,0.915,752.826153,832.243857,126.340415,0.014879
Analog,2023-05-26 23:00:00,63.057162,112.584853,0.10937,162.553585,194.087163,0.756667,583.125529,728.565705,126.114324,0.015858
Analog,2023-05-27 23:00:00,153.847477,277.093638,0.489259,375.631486,390.431374,0.055,762.917235,2031.907165,307.694955,0.015711
Analog,2023-05-28 23:00:00,46.416896,84.148213,0.20437,109.638678,173.715647,0.973333,527.815405,674.537983,92.833793,0.017165
Analog,2023-05-29 23:00:00,60.430088,108.520428,0.12863,150.481076,211.167185,0.715,469.272625,774.548264,120.860176,0.014485
Analog,2023-05-30 23:00:00,54.781689,98.093074,0.213296,132.91536,180.28472,0.755,604.666069,685.54081,109.563378,0.014213
Analog,2023-05-31 23:00:00,39.852057,72.095631,0.156444,90.351717,115.556022,0.958333,581.470758,599.569491,79.704115,0.016356
Analog,2023-06-01 23:00:00,65.332215,116.438865,0.349667,168.565089,197.500455,0.518333,379.842153,715.667543,130.664431,0.015212
Analog,2023-06-02 23:00:00,124.180697,225.599058,0.144519,303.263777,365.146124,0.386667,446.848185,1668.879608,248.361394,0.016845
Analog,2023-06-03 23:00:00,94.949914,170.071453,0.327815,243.738322,278.082836,0.713333,857.567155,1091.078934,189.899829,0.01591
Analog,2023-06-04 23:00:00,64.377247,115.520182,0.119185,163.26858,209.201593,0.903333,796.091486,861.385915,128.754495,0.017135
Analog,2023-06-05 23:00:00,106.427648,190.413878,0.117481,268.899211,336.853715,0.553333,523.86167,1261.141297,212.855296,0.015986
Analog,2023-06-06 23:00:00,76.238104,136.456679,0.252519,189.307075,227.213947,0.891667,898.958211,979.124313,152.476207,0.015325
Analog,2023-06-07 23:00:00,55.867936,100.369485,0.251222,127.273193,158.321725,0.813333,593.780201,755.416506,111.735873,0.016888
Analog,2023-06-08 23:00:00,62.187314,110.630022,0.134296,161.581955,210.668134,0.658333,373.733603,697.398858,124.374629,0.014566
Analog,2023-06-09 23:00:00,47.469273,84.990413,0.093185,125.152778,149.906945,0.883333,505.190266,557.004069,94.938545,0.015937
Analog,2023-06-10 23:00:00,117.394044,211.678028,0.420667,294.02079,342.321175,0.326667,581.897677,1418.885889,234.788089,0.016817
Analog,2023-06-11 23:00:00,77.975138,139.986438,0.137481,196.336316,260.667474,0.966667,705.1468,958.854314,155.950275,0.01522
Analog,2023-06-12 23:00:00,119.610626,214.92446,0.09563,302.634278,447.063447,0.778333,774.310352,1529.405722,239.221252,0.015991
Analog,2023-06-13 23:00:00,183.960419,327.986298,0.224074,469.113548,683.218306,0.743333,1195.343121,2175.730822,367.920838,0.015852
Analog,2023-06-14 23:00:00,245.543843,436.375384,0.150222,669.284853,807.784831,0.711667,1681.328851,2419.070783,491.087686,0.015357
Analog,2023-06-15 23:00:00,191.773107,342.232633,0.173889,481.480799,621.272068,0.88,2126.607354,2375.018536,383.546213,0.016208
Analog,2023-06-16 23:00:00,175.715576,314.403134,0.263852,450.972078,563.875363,0.875,1852.649996,2185.236473,351.431152,0.01441
Analog,2023-06-17 23:00:00,157.602975,281.900271,0.374926,414.608574,462.267629,0.571667,1395.809874,1814.959551,315.20595,0.015247
Analog,2023-06-18 23:00:00,371.641291,674.247221,0.4,854.222178,1115.101733,0.348333,813.833974,5577.647386,743.282582,0.015556
Analog,2023-06-19 23:00:00,184.499657,329.29852,0.077,494.613278,597.995435,0.94,2048.384608,2094.682704,368.999314,0.015337
Analog,2023-06-20 23:00:00,238.842294,426.532784,0.075148,629.736269,812.655206,0.816667,2194.415895,2639.699195,477.684587,0.015896
Analog,2023-06-21 23:00:00,168.885119,303.252555,0.133,381.228921,527.044041,0.986667,2330.955942,2490.210467,337.770238,0.014379
Analog,2023-06-22 23:00:00,211.165146,377.267171,0.104222,511.542078,680.170769,0.865,2086.458428,2716.108933,422.330291,0.015696
Analog,2023-06-23 23:00:00,249.685889,444.943353,0.222667,658.937876,818.295828,0.706667,1659.433249,2575.997816,499.371777,0.013892
Analog,2023-06-24 23:00:00,213.802614,380.210704,0.379296,565.31262,621.556658,0.626667,1703.164647,2325.750858,427.605228,0.016178
Analog,2023-06-25 23:00:00,182.865346,327.517361,0.117963,465.338276,735.738986,0.881667,1650.342452,2204.470673,365.730692,0.015004
Analog,2023-06-26 23:00:00,185.718689,331.643554,0.199185,468.633968,622.126212,0.616667,1758.696799,2226.413138,371.437377,0.014869
Analog,2023-06-27 23:00:00,174.1808,311.751418,0.144704,430.796414,598.208037,0.906667,1924.618106,2189.407639,348.3616,0.014774
Analog,2023-06-28 23:00:00,130.91961,234.197479,0.198556,317.258792,458.957173,0.935,1706.684521,1780.640157,261.83922,0.016258
Analog,2023-06-29 23:00:00,96.680735,174.12847,0.177667,231.896146,316.016161,0.991667,1396.234387,1402.750526,193.361469,0.01614
Analog,2023-06-30 23:00:00,120.66402,216.391054,0.110593,310.495076,408.065773,0.868333,1171.303285,1467.240716,241.32804,0.01568
Analog,2023-07-01 23:00:00,95.313313,170.653345,0.166667,246.795935,348.787023,0.881667,1053.200738,1193.107662,190.626627,0.014954
Analog,2023-07-02 23:00:00,95.449131,171.465146,0.113444,216.008944,297.01197,0.955,1393.891513,1431.896041,190.898261,0.015151
Analog,2023-07-03 23:00:00,80.676704,145.463085,0.125037,200.554655,284.543092,0.96,1065.380335,1114.28771,161.353409,0.014942
Analog,2023-07-04 23:00:00,67.745098,121.332164,0.218333,164.629088,209.537719,0.858333,831.305446,892.893227,135.490196,0.014359
Analog,2023-07-05 23:00:00,368.869968,681.087785,0.397963,818.169749,1019.034707,0.318333,619.061521,5969.388214,737.739935,0.015079
Analog,2023-07-06 23:00:00,250.303554,444.916959,0.091333,696.254346,792.45598,0.703333,1900.087046,2443.059696,500.607108,0.01479
Analog,2023-07-07 23:00:00,208.127283,371.464809,0.150852,524.756199,643.295578,0.81,2014.444758,2431.333819,416.254566,0.01641
Analog,2023-07-08 23:00:00,237.896778,424.058174,0.356296,638.186231,710.498022,0.703333,2052.774349,2630.952456,475.793556,0.014695
Analog,2023-07-09 23:00:00,270.037686,480.053419,0.209778,708.949598,1012.063091,0.828333,1893.32996,2825.408841,540.075372,0.013619
Analog,2023-07-10 23:00:00,188.319473,335.239196,0.205407,469.379532,630.020647,0.823333,1919.15713,2327.750752,376.638945,0.015239
Analog,2023-07-11 23:00:00,180.975751,323.470464,0.185741,429.159484,698.571208,0.855,1561.715725,2285.074549,361.951503,0.014949
Analog,2023-07-12 23:00:00,169.577442,303.304999,0.106815,440.841979,554.829077,0.893333,1871.620844,2012.412102,339.154883,0.012709
Analog,2023-07-13 23:00:00,170.378971,304.312194,0.302222,429.239342,521.151514,0.811667,1820.253237,2079.673325,340.757943,0.014633
Analog,2023-07-14 23:00:00,124.007237,222.57845,0.186519,298.703775,433.836492,0.925,1534.65964,1651.313204,248.014474,0.016993
Analog,2023-07-15 23:00:00,110.757435,198.291176,0.292852,286.281996,334.135205,0.733333,1139.124925,1269.425712,221.514871,0.014801
Analog,2023-07-16 23:00:00,67.287347,121.797799,0.172741,122.429799,185.691142,0.983333,1235.45315,1258.58018,134.574695,0.014691
Analog,2023-07-17 23:00:00,110.677242,200.685437,0.203704,267.599277,417.019056,0.678333,485.74633,1481.32907,221.354484,0.015681
Analog,2023-07-18 23:00:00,92.590473,165.322411,0.338444,228.565717,266.782137,0.61,881.03763,1123.364072,185.180946,0.016439
Analog,2023-07-19 23:00:00,122.668926,221.042312,0.232,293.785415,464.128981,0.791667,709.574258,1672.42095,245.337853,0.015157
Analog,2023-07-20 23:00:00,126.543594,228.569973,0.116259,316.5663,506.022061,0.856667,1067.25581,1671.50195,253.087188,0.016326
Analog,2023-07-21 23:00:00,211.213772,377.747942,0.250704,537.477873,684.513301,0.72,1374.808098,2428.616763,422.427544,0.015313
Analog,2023-07-22 23:00:00,168.510837,300.639608,0.175667,432.780535,501.043569,0.875,1917.420675,2073.38663,337.021675,0.014241
Analog,2023-07-23 23:00:00,265.378708,472.638317,0.078741,723.508545,863.770732,0.796667,2238.479309,2834.139509,530.757417,0.015003
Analog,2023-07-24 23:00:00,197.964492,352.930627,0.302222,530.99964,594.89625,0.84,2043.059428,2247.360552,395.928984,0.01549
Analog,2023-07-25 23:00:00,101.875593,182.998907,0.139222,215.252179,321.775468,0.97,1529.267231,1541.851759,203.751187,0.015694
Analog,2023-07-26 23:00:00,96.394378,173.310425,0.198074,225.432635,310.14127,0.86,1168.714332,1321.192089,192.788757,0.016892
Analog,2023-07-27 23:00:00,78.7643,141.214816,0.231407,202.490902,258.947596,0.866667,839.878138,979.571148,157.528599,0.016121
Analog,2023-07-28 23:00:00,76.696777,136.729594,0.121704,200.066044,237.416733,0.781667,654.219611,876.380458,153.393554,0.016132
Analog,2023-07-29 23:00:00,87.587866,156.291286,0.316074,235.536862,252.595956,0.57,663.911447,948.503906,175.175732,0.015012
Analog,2023-07-30 23:00:00,71.12347,127.605777,0.086,177.530151,221.560385,0.88,803.091584,895.843285,142.246939,0.015545
Analog,2023-07-31 23:00:00,61.479223,110.42194,0.113963,156.816229,197.947743,0.98,817.109085,827.718935,122.958446,0.015222
Analog,2023-08-01 23:00:00,78.366617,140.11586,0.183519,203.739747,269.003604,0.926667,783.053078,896.947628,156.733235,0.014116
Analog,2023-08-02 23:00:00,83.767221,149.654924,0.145444,221.945208,252.370674,0.853333,821.326838,966.111579,167.534441,0.014588
Analog,2023-08-03 23:00:00,87.644217,156.728053,0.163889,224.785388,256.313841,0.781667,813.015596,1014.962751,175.288433,0.014873
Analog,2023-08-04 23:00:00,113.099748,201.675317,0.236667,299.526656,343.752766,0.723333,1049.193161,1256.990259,226.199496,0.015223
Analog,2023-08-05 23:00:00,54.627896,98.063659,0.098037,153.089307,183.953401,0.99,688.599909,692.59524,109.255793,0.0165
Analog,2023-08-06 23:00:00,87.208523,156.882242,0.089667,216.478165,324.872907,0.915,851.959747,1196.325357,174.417046,0.014885
Analog,2023-08-07 23:00:00,90.354649,162.420233,0.161333,220.913883,314.553757,0.921667,1011.030615,1233.756682,180.709299,0.015228
Analog,2023-08-08 23:00:00,142.428991,253.970436,0.277926,367.253156,487.283498,0.72,940.101006,1639.209768,284.857982,0.012744
Analog,2023-08-09 23:00:00,143.740171,255.759195,0.132667,378.005209,502.317485,0.851667,1240.382842,1602.362106,287.480343,0.016019
Analog,2023-08-10 23:00:00,110.97762,198.807198,0.136741,255.624004,364.54199,0.928333,1382.549849,1568.025668,221.95524,0.016186
Analog,2023-08-11 23:00:00,168.698546,300.818263,0.101963,442.502189,502.266716,0.675,1336.428618,1857.202873,337.397093,0.016242
Analog,2023-08-12 23:00:00,208.656978,371.749182,0.367815,545.900931,580.502797,0.606667,1892.833799,2336.968561,417.313956,0.015865
Analog,2023-08-13 23:00:00,94.754598,171.054864,0.121704,201.067089,256.244957,0.956667,1554.492083,1574.850082,189.509195,0.016115
Analog,2023-08-14 23:00:00,71.224994,127.81162,0.116963,162.947033,224.526706,0.968333,960.232329,1028.561978,142.449988,0.014982
Analog,2023-08-15 23:00:00,82.632132,147.777728,0.121889,206.498733,273.309202,0.871667,904.609403,1022.552673,165.264263,0.015301
Analog,2023-08-16 23:00:00,41.946693,76.098151,0.143815,80.091355,107.786522,0.991667,707.415529,709.01926,83.893387,0.014807
Analog,2023-08-17 23:00:00,136.829653,243.772585,0.283296,355.726467,463.933675,0.618333,590.684673,1416.227129,273.659306,0.01391
Analog,2023-08-18 23:00:00,79.633567,142.69176,0.175037,191.951889,231.831131,0.908333,1013.510483,1086.914517,159.267133,0.016588
Analog,2023-08-19 23:00:00,106.3333,189.422491,0.294556,268.761686,320.924478,0.495,729.481327,1257.024698,212.666601,0.016552
Analog,2023-08-20 23:00:00,65.944019,118.980608,0.227519,149.429184,174.630224,0.971667,1026.433911,1038.908057,131.888037,0.015744
Analog,2023-08-21 23:00:00,59.845007,107.837718,0.162074,140.757714,200.977332,0.96,825.346594,848.782177,119.690015,0.015054
Analog,2023-08-22 23:00:00,41.105273,74.127807,0.159741,100.021478,127.763012,0.878333,513.977797,591.314393,82.210546,0.016256
Analog,2023-08-23 23:00:00,50.700792,90.083562,0.065704,132.387148,188.034179,0.795,367.061741,543.665682,101.401583,0.015695
Analog,2023-08-24 23:00:00,47.406959,84.637422,0.224333,120.691894,142.20994,0.786667,466.009179,534.319734,94.813917,0.015217
Analog,2023-08-25 23:00:00,93.293073,169.272551,0.216519,226.58995,307.722549,0.665,492.704398,1200.466422,186.586146,0.015936
Analog,2023-08-26 23:00:00,73.849487,131.678166,0.229444,198.803833,224.358251,0.85,770.603909,822.06077,147.698974,0.016896
Analog,2023-08-27 23:00:00,112.480104,200.50595,0.256593,298.228484,374.608407,0.75,805.286198,1258.639482,224.960208,0.016105
Analog,2023-08-28 23:00:00,219.662152,398.702372,0.182778,524.741864,774.727269,0.65,885.799009,3051.70506,439.324303,0.015111
Analog,2023-08-29 23:00:00,167.600164,299.25123,0.234074,428.948308,520.30062,0.833333,1769.899468,2060.416129,335.200328,0.014754
Analog,2023-08-30 23:00:00,105.919349,190.574148,0.152815,219.272731,286.798538,0.986667,1711.050842,1723.524631,211.838697,0.016601
Analog,2023-08-31 23:00:00,121.988623,218.585908,0.171852,292.63642,353.040612,0.723333,1156.886016,1537.438834,243.977246,0.014676
Analog,2023-09-01 23:00:00,102.090177,181.608767,0.285333,264.367374,303.510096,0.591667,821.640958,1160.478,204.180354,0.016166
Analog,2023-09-02 23:00:00,77.312331,138.55162,0.227704,206.090134,245.212916,0.983333,941.398162,944.232316,154.624661,0.014745
Analog,2023-09-03 23:00:00,155.692452,276.756721,0.169963,407.548472,587.238985,0.646667,746.175263,1636.13203,311.384904,0.01484
Analog,2023-09-04 23:00:00,125.588843,225.910028,0.129037,314.816956,487.726018,0.901667,1228.176409,1581.770192,251.177685,0.016534
Analog,2023-09-05 23:00:00,126.468094,226.204077,0.199704,352.411775,432.425097,0.97,1406.798446,1429.184177,252.936189,0.013736
Analog,2023-09-06 23:00:00,138.271385,247.208072,0.072,350.507141,456.659389,0.863333,1511.409679,1727.505573,276.54277,0.014675
Analog,2023-09-07 23:00:00,134.063177,240.128157,0.240333,340.279909,432.831153,0.766667,1258.932611,1644.459128,268.126353,0.015108
Analog,2023-09-08 23:00:00,96.084994,172.351349,0.107778,240.55213,268.245043,0.825,1143.340021,1358.131213,192.169988,0.014628
Analog,2023-09-09 23:00:00,118.6951,212.297664,0.345407,306.931838,346.081107,0.718333,1113.774696,1325.032656,237.3902,0.016204
Analog,2023-09-10 23:00:00,101.431019,180.814755,0.065741,276.385509,402.692855,0.835,887.057793,1057.827125,202.862039,0.013087
Analog,2023-09-11 23:00:00,146.858451,262.17675,0.232444,380.507066,487.974948,0.74,1069.843043,1675.107651,293.716903,0.013982
Analog,2023-09-12 23:00:00,111.333725,199.051174,0.199296,281.915609,339.165375,0.843333,1207.515211,1377.758043,222.667449,0.013867
Analog,2023-09-13 23:00:00,165.005518,295.901398,0.133259,416.023363,600.667236,0.828333,1282.969137,2017.266882,330.011035,0.016253
Analog,2023-09-14 23:00:00,147.491122,263.496905,0.18963,368.39366,440.597444,0.908333,1747.452822,1854.75119,294.982244,0.015804
Analog,2023-09-15 23:00:00,94.059434,169.052735,0.230481,232.349946,270.204609,0.928333,1221.284637,1265.0369,188.118868,0.013608
Analog,2023-09-16 23:00:00,159.185695,282.874298,0.366481,405.598218,457.747316,0.51,1245.79615,1760.694101,318.37139,0.016198
Analog,2023-09-17 23:00:00,133.014705,237.056664,0.305,376.686273,508.209118,0.84,951.602928,1236.269944,266.02941,0.015075
Analog,2023-09-18 23:00:00,159.859552,285.051271,0.22737,416.557531,585.620158,0.806667,1117.077597,1719.893065,319.719105,0.015017
Analog,2023-09-19 23:00:00,120.598292,216.178331,0.131852,275.408749,358.465863,0.915,1603.627512,1747.472522,241.196585,0.016465
Analog,2023-09-20 23:00:00,79.886734,144.12733,0.139444,165.253061,209.294421,0.985,1264.333502,1273.370156,159.773467,0.015744
Analog,2023-09-21 23:00:00,72.178911,129.942073,0.142593,153.790141,198.974538,0.876667,953.222818,1071.521346,144.357822,0.016476
Analog,2023-09-22 23:00:00,165.224572,297.009626,0.179481,413.220995,469.768136,0.478333,993.087767,2086.147612,330.449144,0.017146
Analog,2023-09-23 23:00:00,135.010243,241.173396,0.198333,337.217134,399.537216,0.871667,1560.785887,1662.037844,270.020487,0.01472
Analog,2023-09-24 23:00:00,126.32882,225.69418,0.134593,311.982533,417.867634,0.896667,1515.933146,1629.23131,252.657641,0.015123
Analog,2023-09-25 23:00:00,158.881028,283.640511,0.211519,397.413922,473.728794,0.77,1353.600468,1889.275987,317.762056,0.014109
Analog,2023-09-26 23:00:00,295.765532,532.463603,0.306852,726.690749,959.646183,0.655,1361.882823,3823.832808,591.531063,0.014761
Analog,2023-09-27 23:00:00,297.718557,536.215259,0.400185,739.878496,811.333659,0.38,1785.555444,3831.222444,595.437115,0.01357
Analog,2023-09-28 23:00:00,130.25041,234.047457,0.197111,304.262545,375.491724,0.935,1794.858556,1850.946573,260.500819,0.015328
Analog,2023-09-29 23:00:00,83.34195,150.103519,0.123593,195.31937,239.388184,0.94,1121.280484,1174.727614,166.6839,0.015348
Analog,2023-09-30 23:00:00,123.418071,221.116054,0.317741,289.4982,330.697554,0.491667,916.821913,1639.850818,246.836141,0.016898
Analog,2023-10-01 23:00:00,83.702161,150.325661,0.134741,204.982364,240.47367,0.845,985.754076,1141.225516,167.404323,0.013864
Analog,2023-10-02 23:00:00,132.424709,235.346411,0.076593,342.588809,524.774998,0.821667,993.371606,1389.141621,264.849418,0.014919
Analog,2023-10-03 23:00:00,107.383101,192.555757,0.113704,248.177625,335.376261,0.968333,1548.266888,1561.335094,214.766201,0.015731
Analog,2023-10-04 23:00:00,119.370994,213.914708,0.135259,279.684444,394.123224,0.988333,1620.26513,1633.444267,238.741987,0.015758
Analog,2023-10-05 23:00:00,96.885472,174.043477,0.20663,228.804424,322.291427,0.848333,1131.714265,1377.03757,193.770943,0.017924
Analog,2023-10-06 23:00:00,148.224454,265.50293,0.178815,381.576916,517.359759,0.721667,793.710794,1644.845391,296.448908,0.016078
Analog,2023-10-07 23:00:00,157.189972,284.686298,0.342519,381.390532,447.220253,0.453333,975.181534,2063.289452,314.379944,0.017086
Analog,2023-10-08 23:00:00,55.033391,99.937399,0.176185,104.408272,139.734166,0.95,955.508928,1008.469348,110.066781,0.017228
Analog,2023-10-09 23:00:00,72.056135,128.363072,0.225148,200.068529,229.420932,0.813333,523.576677,719.239047,144.11227,0.016818
Analog,2023-10-10 23:00:00,121.241546,217.579649,0.132593,297.827013,417.114651,0.61,589.059839,1531.986411,242.483092,0.015721
Analog,2023-10-11 23:00:00,107.214195,191.088858,0.215481,276.851632,323.834256,0.79,1065.859902,1240.453774,214.42839,0.015456
Analog,2023-10-12 23:00:00,104.236743,186.136828,0.141296,271.826779,356.103562,0.923333,1085.21168,1194.801013,208.473485,0.014781
Analog,2023-10-13 23:00:00,113.950685,204.485017,0.097926,285.085716,355.001735,0.77,1023.341286,1424.056581,227.901369,0.016039
Analog,2023-10-14 23:00:00,168.694099,303.721248,0.334519,416.595066,443.622765,0.608333,1096.692647,2195.30929,337.388198,0.016996
Analog,2023-10-15 23:00:00,87.906386,157.51272,0.22163,212.465158,284.102822,0.913333,1108.944751,1189.768776,175.812771,0.016214
Analog,2023-10-16 23:00:00,26.877318,48.774401,0.15437,47.550221,58.835061,0.988333,484.984871,489.087041,53.754637,0.016047
Analog,2023-10-17 23:00:00,26.667174,47.708013,0.147407,65.035053,106.260953,0.863333,224.00609,329.71731,53.334347,0.014519
Analog,2023-10-18 23:00:00,30.223044,54.197748,0.195667,77.430126,109.490045,0.888333,264.528637,369.029468,60.446088,0.016974
Analog,2023-10-19 23:00:00,54.250986,96.788377,0.266296,139.756649,179.723649,0.646667,308.774152,622.710674,108.501971,0.015693
Analog,2023-10-20 23:00:00,105.093465,193.016913,0.287963,243.280778,317.459526,0.561667,395.406953,1590.68421,210.18693,0.01687
Analog,2023-10-21 23:00:00,71.513856,128.923609,0.288296,174.211896,189.979696,0.663333,677.890578,976.736843,143.027711,0.014325
Analog,2023-10-22 23:00:00,97.190757,172.958399,0.146815,262.395677,361.986588,0.798333,658.344851,976.160779,194.381514,0.016697
Analog,2023-10-23 23:00:00,95.181786,170.027749,0.138,260.570616,311.646398,0.781667,864.578103,1036.407698,190.363571,0.014139
Analog,2023-10-24 23:00:00,122.285591,218.950148,0.148444,310.31041,403.986054,0.801667,1052.555967,1457.00234,244.571182,0.015217
Analog,2023-10-25 23:00:00,220.737034,397.370194,0.418667,557.750424,605.95089,0.296667,1054.897859,2749.937173,441.474068,0.014742
Analog,2023-10-26 23:00:00,55.042427,99.726861,0.15563,97.028641,145.199381,0.956667,1001.859421,1026.052165,110.084854,0.014087
Analog,2023-10-27 23:00:00,19.995973,36.273674,0.168556,39.436583,48.999292,0.971667,336.549959,344.281947,39.991947,0.013492
Analog,2023-10-28 23:00:00,31.797997,57.329906,0.097519,78.147386,106.760888,0.593333,169.975351,409.974452,63.595994,0.014037
Analog,2023-10-29 23:00:00,33.091303,59.446313,0.164444,83.506176,122.451908,0.923333,337.100813,422.571421,66.182605,0.015972
Analog,2023-10-30 23:00:00,29.198814,52.35489,0.130963,72.254404,89.522949,0.915,340.135483,366.74735,58.397628,0.01477
Analog,2023-10-31 23:00:00,41.161262,73.376668,0.372556,111.789675,122.580896,0.585,254.485974,405.363374,82.322523,0.015609
Analog,2023-11-01 23:00:00,18.639978,33.403947,0.149481,45.466151,58.58707,0.896667,208.80176,235.438746,37.279957,0.015073
Analog,2023-11-02 23:00:00,18.452024,33.277592,0.131704,45.519814,57.707489,0.761667,176.710702,243.248307,36.904047,0.015683
Analog,2023-11-03 23:00:00,41.33815,73.991816,0.452963,101.176727,112.507576,0.181667,188.304503,537.767848,82.676301,0.014506
Analog,2023-11-04 23:00:00,22.155169,39.854107,0.162963,56.963735,69.53266,0.851667,224.465103,268.842862,44.310339,0.014906
Analog,2023-11-05 23:00:00,84.400192,151.246433,0.209444,197.471725,298.271732,0.62,236.383259,1171.313691,168.800384,0.014241
Analog,2023-11-06 23:00:00,45.983719,82.528627,0.114148,111.713993,149.800347,0.94,592.62774,615.185039,91.967438,0.014534
Analog,2023-11-07 23:00:00,50.566425,90.649605,0.093778,119.722028,146.416136,0.851667,624.084762,682.595678,101.13285,0.013343
Analog,2023-11-08 23:00:00,266.597915,484.186313,0.244037,627.395989,782.699623,0.395,629.738503,3780.591061,533.195831,0.015586
Analog,2023-11-09 23:00:00,183.422822,326.209092,0.328593,489.637748,577.592754,0.61,1484.107253,2040.514516,366.845644,0.015432
Analog,2023-11-10 23:00:00,67.823315,122.603861,0.138481,135.839252,204.395075,0.963333,1089.669889,1120.400234,135.64663,0.014389
Analog,2023-11-11 23:00:00,83.256865,148.814979,0.376259,215.915982,255.936584,0.63,745.799453,953.150844,166.51373,0.014685
Analog,2023-11-12 23:00:00,33.338077,60.396338,0.240556,75.453891,102.628655,0.93,501.945276,540.452014,66.676154,0.015732
Analog,2023-11-13 23:00:00,140.371729,258.349401,0.267333,323.836306,484.570263,0.5,297.81689,2091.882453,280.743458,0.015737
Analog,2023-11-14 23:00:00,184.612607,332.701887,0.146593,446.742254,684.718474,0.716667,913.077592,2462.365957,369.225213,0.014471
Analog,2023-11-15 23:00:00,120.126089,214.680917,0.190222,286.446418,344.755234,0.926667,1597.81108,1643.223821,240.252179,0.015153
Analog,2023-11-16 23:00:00,138.6976,247.228969,0.171741,376.109505,510.320638,0.926667,1355.04686,1500.78987,277.395199,0.015433
Analog,2023-11-17 23:00:00,171.520544,304.516391,0.362667,460.830913,542.431325,0.611667,1311.220374,1759.356161,343.041087,0.014262
Analog,2023-11-18 23:00:00,67.583043,122.191401,0.226556,148.811679,206.985009,0.92,984.928772,1049.219156,135.166086,0.016382
Analog,2023-11-19 23:00:00,62.867226,112.430543,0.300704,160.531607,186.966447,0.711667,641.378778,812.171944,125.734452,0.015159
Analog,2023-11-20 23:00:00,86.441862,154.276652,0.183519,233.388193,295.413494,0.678333,647.501089,923.81491,172.883724,0.015143
Analog,2023-11-21 23:00:00,64.064254,114.911917,0.233185,140.851712,167.263902,0.815,773.228479,949.431009,128.128509,0.01474
Analog,2023-11-22 23:00:00,121.471192,216.957794,0.259704,325.423265,465.077282,0.783333,659.824315,1299.982576,242.942383,0.015567
Analog,2023-11-23 23:00:00,86.382057,154.226363,0.205333,207.006216,249.471183,0.816667,1057.727038,1149.287849,172.764114,0.015193
Analog,2023-11-24 23:00:00,82.044837,147.087002,0.21737,189.104515,235.153662,0.878333,971.034882,1075.63904,164.089673,0.015826
Analog,2023-11-25 23:00:00,65.391113,117.482278,0.195259,169.144352,220.824634,0.955,874.65081,882.72607,130.782226,0.015519
Analog,2023-11-26 23:00:00,46.841864,84.981548,0.143667,103.788198,157.175585,0.946667,720.827795,749.225466,93.683727,0.012956
Analog,2023-11-27 23:00:00,30.157766,54.36705,0.18863,63.990999,83.874835,0.95,450.79299,467.644301,60.315532,0.014662
Analog,2023-11-28 23:00:00,85.034821,153.250776,0.365,214.527574,257.939521,0.501667,332.7822,1014.586696,170.069642,0.014717
Analog,2023-11-29 23:00:00,115.841017,209.684045,0.204037,283.228458,384.392593,0.578333,490.089266,1531.425046,231.682035,0.016735
Analog,2023-11-30 23:00:00,151.824904,269.876108,0.27737,436.333208,544.617955,0.785,1015.553101,1410.114401,303.649808,0.01638
Analog,2023-12-01 23:00:00,90.624187,162.924035,0.152037,182.215503,229.007605,0.906667,1331.465985,1421.273631,181.248375,0.017388
Analog,2023-12-02 23:00:00,195.413949,347.647234,0.40663,503.158019,548.277644,0.425,1138.871135,2150.91467,390.827898,0.014194
Analog,2023-12-03 23:00:00,48.726209,88.166962,0.197889,92.764228,126.016641,0.956667,864.55243,888.961018,97.452418,0.015351
Analog,2023-12-04 23:00:00,33.355322,59.410475,0.134037,90.316645,121.975162,0.818333,270.184998,339.674781,66.710645,0.014755
Analog,2023-12-05 23:00:00,20.393696,36.915088,0.192333,37.103561,47.203775,0.996667,364.084725,364.278161,40.787391,0.014556
Analog,2023-12-06 23:00:00,27.58086,50.02167,0.190259,61.708015,103.644582,0.86,296.85815,426.311746,55.16172,0.015631
Analog,2023-12-07 23:00:00,59.530143,106.721214,0.187926,147.464244,198.056868,0.553333,285.222011,733.517222,119.060287,0.015516
Analog,2023-12-08 23:00:00,72.270367,129.250227,0.374556,174.575653,204.142604,0.311667,507.391592,925.873791,144.540733,0.015254
Analog,2023-12-09 23:00:00,43.134744,77.732392,0.182778,91.242003,119.19909,0.926667,598.68849,678.727482,86.269488,0.015671
Analog,2023-12-10 23:00:00,50.96188,91.486216,0.211222,126.08463,173.225759,0.856667,501.161149,641.19283,101.92376,0.015774
Analog,2023-12-11 23:00:00,53.730374,96.693312,0.298222,136.451191,162.579323,0.676667,445.245365,654.521404,107.460747,0.01445
Analog,2023-12-12 23:00:00,106.143526,189.448126,0.285815,275.628138,406.078653,0.623333,450.085865,1215.24948,212.287053,0.013956
Analog,2023-12-13 23:00:00,54.380654,97.612268,0.153519,119.519699,157.193283,0.961667,770.964659,798.749406,108.761308,0.015294
Analog,2023-12-14 23:00:00,42.739108,77.418746,0.177,92.495488,117.117065,0.953333,658.387524,669.978679,85.478215,0.014723
Analog,2023-12-15 23:00:00,39.226508,70.291403,0.267074,100.322155,118.027716,0.871667,447.632201,481.519422,78.453016,0.014845
Analog,2023-12-16 23:00:00,25.773375,46.481697,0.275815,59.359432,67.421746,0.888333,351.361274,374.750976,51.546751,0.014341
Analog,2023-12-17 23:00:00,21.630913,38.837744,0.135852,57.274141,71.840131,0.925,239.054933,259.857383,43.261827,0.017621
Analog,2023-12-18 23:00:00,15.426132,27.649419,0.211148,37.488044,47.803719,0.93,196.468897,205.963677,30.852264,0.015212
Analog,2023-12-19 23:00:00,15.240045,27.471975,0.168889,37.926933,58.297698,0.981667,206.596375,208.74579,30.480091,0.014099
Analog,2023-12-20 23:00:00,19.217033,34.53307,0.206296,45.763282,54.817945,0.746667,231.155891,265.090678,38.434065,0.020804
Analog,2023-12-21 23:00:00,19.23825,34.541268,0.140667,47.65931,67.112342,0.956667,246.207116,253.842138,38.476499,0.0161
Analog,2023-12-22 23:00:00,18.660497,33.809255,0.330741,44.385693,51.573672,0.673333,133.140429,262.229069,37.320994,0.016067
Analog,2023-12-23 23:00:00,39.220937,70.946819,0.440481,96.655888,106.024851,0.365,153.51534,507.893733,78.441873,0.016998
Analog,2023-12-24 23:00:00,46.5683,84.82927,0.342,110.888303,140.37582,0.535,207.118648,660.079882,93.136601,0.016644
Analog,2023-12-25 23:00:00,19.766611,35.897672,0.170519,42.002116,49.795201,0.955,330.152751,336.339203,39.533221,0.015365
Analog,2023-12-26 23:00:00,13.275719,24.104858,0.173333,27.3431,34.17833,0.983333,226.052544,228.125785,26.551439,0.014242
Analog,2023-12-27 23:00:00,39.515437,72.89194,0.374704,97.027408,99.656383,0.565,157.282201,566.053723,79.030874,0.014491
Analog,2023-12-28 23:00:00,16.067292,28.751916,0.254815,41.613066,47.00304,0.903333,176.177712,196.605301,32.134585,0.016397
Analog,2023-12-29 23:00:00,16.449501,29.499516,0.252407,38.383604,50.339777,0.636667,117.359983,238.842145,32.899002,0.014804
Analog,2023-12-30 23:00:00,74.87653,140.360753,0.412222,165.639805,216.440647,0.32,161.159405,1225.202552,149.753061,0.014141
Analog,2023-12-31 23:00:00,67.968927,121.636314,0.186593,166.951192,192.570129,0.616667,435.066421,918.89712,135.937854,0.014619
Analog,2024-01-01 23:00:00,63.372837,112.838148,0.316481,177.574915,201.352639,0.74,479.375861,620.275064,126.745674,0.01466
Analog,2024-01-02 23:00:00,28.824081,51.866408,0.222444,73.497023,85.499642,0.963333,374.107899,379.52564,57.648162,0.01452
Analog,2024-01-03 23:00:00,19.881145,35.627019,0.259407,49.747655,71.912601,0.921667,230.952377,243.871857,39.762291,0.01525
Analog,2024-01-04 23:00:00,56.087367,100.845018,0.325741,137.926643,206.190275,0.615,220.133186,718.965009,112.174734,0.015276
Analog,2024-01-05 23:00:00,32.446295,58.427597,0.143037,77.963964,100.146,0.925,467.298284,485.155279,64.892591,0.013669
Analog,2024-01-06 23:00:00,54.780055,97.552117,0.390185,146.662724,167.751949,0.67,416.557931,524.703579,109.56011,0.014034
Analog,2024-01-07 23:00:00,36.656571,65.85698,0.257519,99.454086,125.135802,0.946667,457.46813,464.781625,73.313142,0.014454
Analog,2024-01-08 23:00:00,36.6669,66.419055,0.093519,93.699472,135.9444,0.865,293.532639,465.285154,73.3338,0.013852
Analog,2024-01-09 23:00:00,50.452648,90.259225,0.168519,133.704387,189.835998,0.783333,367.830291,538.963409,100.905297,0.013599
Analog,2024-01-10 23:00:00,39.11661,70.339424,0.196037,87.685548,112.548352,0.973333,574.203857,581.520588,78.233219,0.015266
Analog,2024-01-11 23:00:00,43.830897,78.346465,0.181741,113.651887,163.671465,0.885,411.476518,517.047885,87.661794,0.013948
Analog,2024-01-12 23:00:00,48.771278,87.263946,0.331852,120.953048,140.014246,0.688333,512.219652,575.351927,97.542556,0.015526
Analog,2024-01-13 23:00:00,34.896668,62.787414,0.136,83.327499,103.769702,0.975,492.927499,507.909451,69.793335,0.016075
Analog,2024-01-14 23:00:00,86.178767,154.258778,0.239778,227.632112,286.548361,0.75,454.066206,932.532719,172.357534,0.016105
Analog,2024-01-15 23:00:00,224.403832,413.413636,0.436111,541.748878,557.808732,0.301667,629.211116,3212.485809,448.807664,0.015906
Analog,2024-01-16 23:00:00,81.53848,147.276501,0.164519,202.527406,247.196263,0.958333,1111.90369,1138.28096,163.07696,0.015302
Analog,2024-01-17 23:00:00,128.65145,233.397411,0.418741,315.458945,343.47013,0.381667,432.761824,1659.153527,257.3029,0.014119
Analog,2024-01-18 23:00:00,99.375359,177.116311,0.337778,271.470988,296.416198,0.68,682.937042,1005.992408,198.750718,0.016074
Analog,2024-01-19 23:00:00,54.092518,97.081366,0.296,132.85455,156.55419,0.711667,510.448082,686.135291,108.185035,0.014771
Analog,2024-01-20 23:00:00,45.461674,81.007845,0.156815,121.014451,182.87555,0.88,387.276891,516.7382,90.923349,0.013134
Analog,2024-01-21 23:00:00,88.060811,157.314715,0.184148,232.051287,340.844544,0.775,527.284901,966.652775,176.121621,0.0156
Analog,2024-01-22 23:00:00,83.863979,149.733991,0.134556,232.10399,330.232645,0.866667,767.58695,871.754078,167.727957,0.014591
Analog,2024-01-23 23:00:00,81.318554,146.114822,0.145778,207.135582,271.228499,0.948333,1050.241159,1068.876985,162.637109,0.013836
Analog,2024-01-24 23:00:00,177.02962,316.476458,0.237222,460.66172,554.938416,0.763333,1082.319395,2090.798907,354.05924,0.014951
Analog,2024-01-25 23:00:00,168.639043,305.874101,0.181333,412.955585,560.531904,0.756667,1374.30987,2249.485434,337.278085,0.01429
Analog,2024-01-26 23:00:00,193.653504,345.97124,0.202667,487.346804,601.761305,0.788333,1585.805292,2241.125939,387.307009,0.015072
Analog,2024-01-27 23:00:00,100.01795,180.289959,0.214148,241.132249,280.042559,0.966667,1530.384641,1549.844189,200.035901,0.015559
Analog,2024-01-28 23:00:00,65.919376,119.007223,0.166074,147.993705,230.018227,0.903333,790.513582,934.028455,131.838751,0.016492
Analog,2024-01-29 23:00:00,43.635923,78.077148,0.169148,110.465371,152.332083,0.933333,523.224758,541.30443,87.271847,0.014202
Analog,2024-01-30 23:00:00,23.443181,42.302702,0.155296,50.138522,66.652412,0.975,382.182754,386.677179,46.886362,0.013879
Analog,2024-01-31 23:00:00,56.060504,102.527844,0.13137,129.271971,258.188716,0.75,185.413396,864.123788,112.121009,0.014203
Analog,2024-02-01 23:00:00,34.640952,62.139627,0.223259,75.771656,98.82287,0.983333,522.767856,527.970052,69.281904,0.015593
Analog,2024-02-02 23:00:00,33.463355,59.920237,0.201,80.224213,111.437699,0.91,416.235252,441.173905,66.92671,0.01497
Analog,2024-02-03 23:00:00,37.16121,66.427564,0.165259,94.8425,133.097802,0.801667,293.019549,420.243557,74.322419,0.013301
Analog,2024-02-04 23:00:00,26.357065,47.674235,0.131407,58.929769,75.111886,0.983333,422.268231,423.022234,52.71413,0.014276
Analog,2024-02-05 23:00:00,19.847037,36.099132,0.138481,42.280851,53.449976,0.983333,323.69115,324.740301,39.694073,0.015338
Analog,2024-02-06 23:00:00,18.999611,33.83256,0.168444,47.619831,69.082985,0.838333,168.829169,229.111717,37.999221,0.015599
Analog,2024-02-07 23:00:00,91.498442,168.722433,0.343926,212.523254,309.879506,0.515,205.124401,1356.122162,182.996884,0.0173
Analog,2024-02-08 23:00:00,47.540361,85.242236,0.208926,114.153836,133.861899,0.901667,632.295182,647.788933,95.080723,0.01579
Analog,2024-02-09 23:00:00,37.753943,67.733992,0.142037,90.017837,143.88019,0.948333,486.045679,515.397761,75.507886,0.015412
Analog,2024-02-10 23:00:00,34.88085,62.945413,0.264963,87.370946,108.408767,0.706667,302.923813,451.439168,69.7617,0.014709
Analog,2024-02-11 23:00:00,48.699216,87.247176,0.166519,128.480166,183.575867,0.798333,347.191481,528.378106,97.398433,0.014407
Analog,2024-02-12 23:00:00,55.180459,98.487301,0.321407,141.721296,174.989773,0.516667,414.326502,626.969526,110.360918,0.015958
Analog,2024-02-13 23:00:00,22.769789,41.021364,0.214407,52.563584,67.768176,0.896667,278.754131,304.922677,45.539579,0.015399
Analog,2024-02-14 23:00:00,133.205163,256.411389,0.223222,285.128841,489.979572,0.271667,120.11928,2376.096946,266.410326,0.015655
Analog,2024-02-15 23:00:00,195.398407,349.548195,0.238593,523.825591,663.686549,0.726667,896.110984,2116.919391,390.796814,0.016753
Analog,2024-02-16 23:00:00,157.677813,281.041143,0.316889,410.746296,490.223334,0.7,1348.083438,1715.693678,315.355626,0.013948
Analog,2024-02-17 23:00:00,58.133757,105.150775,0.158556,122.314927,156.986347,0.978333,975.278605,986.81766,116.267514,0.01633
Analog,2024-02-18 23:00:00,28.521843,51.783411,0.159481,61.017679,78.462022,0.96,451.232199,481.376323,57.043686,0.015962
Analog,2024-02-19 23:00:00,23.63699,42.380291,0.290185,58.504065,75.764898,0.635,188.909105,293.457893,47.27398,0.015642
Analog,2024-02-20 23:00:00,19.663756,35.252152,0.211444,50.704747,68.8451,0.733333,138.924145,224.869916,39.327512,0.015365
Analog,2024-02-21 23:00:00,160.522917,305.704042,0.384444,352.183328,598.2114,0.515,188.097932,2741.186396,321.045834,0.016387
Analog,2024-02-22 23:00:00,99.062221,176.973361,0.239815,234.374107,331.935155,0.808333,1152.821426,1275.524601,198.124442,0.015543
Analog,2024-02-23 23:00:00,44.05723,79.605364,0.179556,99.822419,115.10742,0.916667,652.475371,674.962359,88.11446,0.015524
Analog,2024-02-24 23:00:00,32.612411,58.732285,0.352185,79.118865,95.761739,0.61,246.865047,414.97046,65.224823,0.016429
Analog,2024-02-25 23:00:00,116.749322,217.407424,0.243519,265.251615,480.393178,0.713333,263.763858,1863.721513,233.498644,0.017147
Analog,2024-02-26 23:00:00,70.343108,126.032393,0.166333,165.526064,241.795827,0.935,914.780369,955.290592,140.686215,0.015739
Analog,2024-02-27 23:00:00,59.622106,107.304264,0.150963,129.149279,197.221607,0.973333,916.141674,933.9781,119.244212,0.015133
Analog,2024-02-28 23:00:00,72.161667,129.259729,0.201741,178.102563,265.396528,0.903333,861.866701,947.621608,144.323334,0.01517
Analog,2024-02-29 23:00:00,141.002572,251.734712,0.298852,360.055548,578.737805,0.778333,667.048164,1698.27964,282.005144,0.015849
Analog,2024-03-01 23:00:00,80.512129,145.199949,0.160556,162.99434,220.562859,0.95,1246.706391,1321.767081,161.024258,0.016732
Analog,2024-03-02 23:00:00,82.612768,148.014288,0.198963,209.911321,281.223956,0.915,976.615865,1034.911838,165.225536,0.015931
Analog,2024-03-03 23:00:00,82.565577,148.870392,0.164889,180.902587,252.8688,0.891667,1116.523273,1211.392247,165.131154,0.015219
Analog,2024-03-04 23:00:00,76.490932,137.552156,0.121074,183.673055,255.730101,0.915,910.688554,1045.206264,152.981864,0.01641
Analog,2024-03-05 23:00:00,95.751901,171.711407,0.141481,253.923267,339.292902,0.938333,1028.667764,1106.288544,191.503802,0.016365
Analog,2024-03-06 23:00:00,121.779534,217.541795,0.206444,320.136628,424.002604,0.91,1156.012646,1422.325101,243.559067,0.016852
Analog,2024-03-07 23:00:00,182.267435,326.749228,0.150185,450.991883,557.219499,0.775,1234.604458,2321.899283,364.53487,0.016119
Analog,2024-03-08 23:00:00,187.045287,334.1135,0.140741,492.445843,601.64857,0.823333,1353.825622,2054.905299,374.090573,0.016662
Analog,2024-03-09 23:00:00,281.002741,503.17602,0.343667,723.462895,818.790342,0.588333,1589.772808,3130.849215,562.005483,0.015354
Analog,2024-03-10 23:00:00,89.442822,160.164233,0.172407,202.291455,275.365117,0.935,1192.973423,1234.021595,178.885645,0.017418
Analog,2024-03-11 23:00:00,126.984457,235.823997,0.200704,285.906092,450.027466,0.611667,559.464302,1967.260504,253.968914,0.015251
Analog,2024-03-12 23:00:00,149.575559,267.026052,0.163852,408.493331,493.599441,0.788333,955.918328,1579.154409,299.151118,0.016852
Analog,2024-03-13 23:00:00,137.517936,246.225216,0.186481,357.61031,449.879282,0.84,1187.604207,1619.543749,275.035872,0.015575
Analog,2024-03-14 23:00:00,236.542366,427.438216,0.336185,612.750742,736.195654,0.635,1182.803153,2918.701022,473.084732,0.014201
Analog,2024-03-15 23:00:00,326.563891,604.280558,0.323074,779.790456,900.44801,0.53,1547.877326,4743.489725,653.127782,0.016641
Analog,2024-03-16 23:00:00,162.1656,290.201428,0.241667,444.747872,500.115372,0.955,1802.838501,1866.772095,324.331201,0.014958
Analog,2024-03-17 23:00:00,145.167348,259.355605,0.354519,378.186848,469.498072,0.611667,1010.469859,1548.175394,290.334696,0.015646
Analog,2024-03-18 23:00:00,166.636612,299.289329,0.29937,412.592687,580.589665,0.61,543.828792,1945.581609,333.273223,0.01769
Analog,2024-03-19 23:00:00,212.376644,378.136154,0.275148,564.562299,704.653499,0.73,1094.160921,2200.707044,424.753288,0.01659
Analog,2024-03-20 23:00:00,397.717241,720.050655,0.205963,946.115686,1339.435488,0.685,1437.196721,5523.635146,795.434482,0.01596
Analog,2024-03-21 23:00:00,342.831247,611.234315,0.273111,900.566536,1036.969804,0.668333,2648.411651,3774.35541,685.662495,0.014737
Analog,2024-03-22 23:00:00,181.136295,323.560349,0.23363,464.65338,560.556241,0.878333,1967.383752,2166.1536,362.27259,0.015555
Analog,2024-03-23 23:00:00,83.692701,150.402804,0.199593,196.086818,247.121693,0.94,1145.537405,1245.042709,167.385402,0.016529
Analog,2024-03-24 23:00:00,31.622857,57.358714,0.168519,56.988262,76.397474,0.981667,557.665256,559.98614,63.245713,0.014509
Analog,2024-03-25 23:00:00,72.219995,136.368782,0.18763,158.626778,279.263025,0.891667,296.124784,1220.049183,144.439991,0.014554
Analog,2024-03-26 23:00:00,140.732626,259.636513,0.303667,330.197239,518.419833,0.586667,588.299306,2017.910234,281.465253,0.01577
Analog,2024-03-27 23:00:00,124.38591,222.485905,0.263111,317.451486,398.156346,0.635,1043.151881,1553.327543,248.77182,0.014216
Analog,2024-03-28 23:00:00,50.109756,90.832285,0.154481,107.837441,152.287569,0.841667,775.60315,847.974718,100.219513,0.014921
Analog,2024-03-29 23:00:00,41.616294,74.883377,0.120074,90.952163,141.819712,0.891667,462.042014,598.364628,83.232589,0.015995
Analog,2024-03-30 23:00:00,26.108909,46.922287,0.156481,53.269637,71.833721,0.975,399.247589,403.014242,52.217818,0.014991
Analog,2024-03-31 23:00:00,202.621845,374.322222,0.330481,463.354699,603.272353,0.42,338.724698,3119.896182,405.24369,0.014852
Analog,2024-04-01 23:00:00,143.945066,257.64077,0.241741,391.59794,532.01825,0.808333,1141.692212,1549.4826,287.890131,0.015622
Analog,2024-04-02 23:00:00,105.733747,189.575492,0.117444,260.159713,343.062674,0.921667,1351.187932,1422.62255,211.467494,0.014741
Analog,2024-04-03 23:00:00,101.004601,181.400561,0.193074,238.332946,288.194789,0.733333,938.989188,1438.377676,202.009201,0.015168
Analog,2024-04-04 23:00:00,128.739399,229.443911,0.136519,330.172113,392.76253,0.648333,808.435475,1476.887132,257.478799,0.01602
Analog,2024-04-05 23:00:00,142.727617,255.449304,0.173185,358.090932,461.444736,0.823333,1032.294172,1748.315289,285.455233,0.01428
Analog,2024-04-06 23:00:00,150.739422,268.643718,0.235889,386.583402,464.844593,0.81,1368.029175,1688.513914,301.478844,0.015065
Analog,2024-04-07 23:00:00,165.55071,295.941526,0.243704,458.493411,536.912106,0.815,1405.174119,1786.013383,331.10142,0.012836
Analog,2024-04-08 23:00:00,124.604318,225.517072,0.169704,300.64357,467.674284,0.705,1059.11216,1707.569166,249.208636,0.014728
Analog,2024-04-09 23:00:00,104.759984,187.759379,0.109444,250.017604,303.797003,0.933333,1275.557848,1360.440045,209.519968,0.014273
Analog,2024-04-10 23:00:00,147.784926,263.762486,0.185704,381.285517,496.098419,0.821667,1403.00788,1731.206173,295.569852,0.014698
Analog,2024-04-11 23:00:00,99.807671,178.590769,0.23363,245.064516,282.599177,0.805,1044.564978,1256.132586,199.615343,0.014855
Analog,2024-04-12 23:00:00,93.082796,166.667529,0.265444,242.768355,278.102898,0.783333,943.824926,1054.949218,186.165592,0.012448
Analog,2024-04-13 23:00:00,97.955118,175.422872,0.146296,257.606142,353.135043,0.708333,695.802433,1070.87196,195.910236,0.013932
Analog,2024-04-14 23:00:00,292.099051,529.222811,0.206185,694.935897,962.767885,0.425,828.500956,4109.386938,584.198101,0.0167
Analog,2024-04-15 23:00:00,299.237725,538.321268,0.211333,770.801212,1118.981892,0.803333,1893.596588,3792.224386,598.475449,0.015585
Analog,2024-04-16 23:00:00,203.236433,363.917841,0.102222,519.514458,670.234215,0.971667,2532.896201,2629.180053,406.472867,0.013904
Analog,2024-04-17 23:00:00,682.771671,1295.653961,0.140889,1509.210705,3305.954552,0.783333,2246.286473,11348.257185,1365.543341,0.014775
Analog,2024-04-18 23:00:00,483.531493,864.903472,0.161185,1140.269202,1644.610723,0.925,6545.920665,6816.844435,967.062986,0.014163
Analog,2024-04-19 23:00:00,298.040723,535.25118,0.146333,664.010626,847.024051,0.946667,4509.160164,4677.810732,596.081445,0.014369
Analog,2024-04-20 23:00:00,244.38396,436.614116,0.282407,652.48212,745.180727,0.823333,2354.053178,2670.616406,488.76792,0.014302
Analog,2024-04-21 23:00:00,172.504863,308.57759,0.256444,434.896318,542.525007,0.778333,1602.387863,2117.148919,345.009726,0.014472
Analog,2024-04-22 23:00:00,50.516995,90.993352,0.138667,115.831158,187.817116,0.95,699.197313,783.401139,101.03399,0.016271
Analog,2024-04-23 23:00:00,77.161745,137.419379,0.277407,208.315202,296.173731,0.8,532.852205,797.137486,154.323491,0.015298
Analog,2024-04-24 23:00:00,82.911256,148.620129,0.129185,215.776436,328.638863,0.885,657.096789,1023.940686,165.822513,0.014949
Analog,2024-04-25 23:00:00,186.838844,334.737853,0.118481,478.088287,730.354673,0.78,1014.057438,2161.379108,373.677689,0.01463
Analog,2024-04-26 23:00:00,127.574112,228.389583,0.128741,313.270783,395.490372,0.943333,1660.624037,1695.410726,255.148223,0.015699
Analog,2024-04-27 23:00:00,124.824102,224.227464,0.147148,297.67811,377.928208,0.938333,1615.989382,1728.363659,249.648204,0.016085
Analog,2024-04-28 23:00:00,297.337531,535.083378,0.24763,742.119297,1018.693522,0.611667,1321.977945,3812.772398,594.675062,0.014867
Analog,2024-04-29 23:00:00,183.389793,328.642126,0.137333,449.189706,588.878276,0.881667,2003.204183,2369.039693,366.779585,0.01547
Analog,2024-04-30 23:00:00,336.585543,599.405553,0.396259,878.503409,1007.138651,0.473333,2080.462098,3722.379518,673.171086,0.016485
Analog,2024-05-01 23:00:00,204.275847,365.106562,0.138333,511.405598,835.691665,0.845,1635.802602,2455.341206,408.551694,0.014915
Analog,2024-05-02 23:00:00,289.356212,516.300694,0.271222,792.459656,1060.545867,0.801667,1854.701566,2976.110002,578.712425,0.015592
Analog,2024-05-03 23:00:00,258.835483,461.842359,0.191889,676.009629,821.422238,0.818333,2461.7022,2976.089042,517.670966,0.014838
Analog,2024-05-04 23:00:00,174.644608,314.11224,0.174111,406.306348,516.093384,0.97,2508.334906,2528.848564,349.289215,0.014417
Analog,2024-05-05 23:00:00,217.29569,389.759993,0.179704,572.391546,773.289189,0.885,2021.555664,2491.025959,434.59138,0.015359
Analog,2024-05-06 23:00:00,186.465212,333.781069,0.175778,467.245907,659.908309,0.89,1941.383058,2192.031467,372.930424,0.014713
Analog,2024-05-07 23:00:00,941.997805,1734.090726,0.292407,2183.516277,3447.97526,0.551667,2307.78865,13980.216374,1883.99561,0.016145
Analog,2024-05-08 23:00:00,692.525911,1248.269411,0.213852,1747.493245,2513.803875,0.848333,6412.360176,8508.764004,1385.051823,0.014371
Analog,2024-05-09 23:00:00,737.802247,1314.352989,0.241667,1878.18204,2927.363441,0.773333,6448.780732,8777.463741,1475.604494,0.015276
Analog,2024-05-10 23:00:00,304.771681,546.723741,0.12363,700.536585,859.419355,0.936667,4401.509755,4545.985731,609.543363,0.015536
Analog,2024-05-11 23:00:00,265.721386,478.599978,0.361815,659.978515,735.087181,0.468333,1677.867888,3471.986458,531.442771,0.01654
Analog,2024-05-12 23:00:00,337.876648,608.587295,0.122111,832.955577,1441.204974,0.773333,1498.183364,4251.415541,675.753295,0.01442
Analog,2024-05-13 23:00:00,219.833503,393.654683,0.121852,510.381146,673.914491,0.968333,3017.162889,3046.786076,439.667005,0.014864
Analog,2024-05-14 23:00:00,149.8603,268.972496,0.099519,360.686785,455.088953,0.88,1863.285586,2129.123899,299.720599,0.015982
Analog,2024-05-15 23:00:00,280.351611,499.664708,0.128778,711.9452,982.787631,0.511667,1335.20428,3278.55363,560.703221,0.013368
Analog,2024-05-16 23:00:00,158.318864,284.745219,0.122185,348.160715,456.181365,0.988333,2460.375668,2474.956466,316.637727,0.014838
Analog,2024-05-17 23:00:00,174.37302,312.346008,0.109852,383.646574,504.912661,0.828333,2034.579676,2439.010778,348.74604,0.015585
Analog,2024-05-18 23:00:00,265.957862,478.944635,0.206815,659.81009,788.347419,0.688333,1605.567917,3402.893931,531.915725,0.015681
Analog,2024-05-19 23:00:00,624.404582,1134.364981,0.292926,1513.247687,2231.054132,0.531667,2128.530284,8386.425361,1248.809165,0.016072
Analog,2024-05-20 23:00:00,347.235027,621.873694,0.14237,841.07742,1317.193805,0.901667,3790.188892,4532.020932,694.470054,0.015866
Analog,2024-05-21 23:00:00,413.254147,738.928518,0.139926,994.313728,1464.325114,0.95,5010.289385,5681.846006,826.508294,0.01513
Analog,2024-05-22 23:00:00,427.279208,765.09003,0.078296,1022.726005,1525.959638,0.891667,5007.926552,5628.813502,854.558415,0.017294
Analog,2024-05-23 23:00:00,1369.499687,2535.472674,0.138667,3211.334112,5831.169797,0.725,4508.187627,20033.557157,2738.999373,0.018102
Analog,2024-05-24 23:00:00,960.95897,1719.50041,0.122815,2192.933746,3099.588394,0.871667,11456.962621,12889.495117,1921.917941,0.015285
Analog,2024-05-25 23:00:00,868.161874,1551.985825,0.263074,2178.020303,2596.63419,0.77,9461.770376,10838.899469,1736.323749,0.015989
Analog,2024-05-26 23:00:00,568.595117,1021.259498,0.110704,1267.140281,1894.921495,0.978333,7922.811605,8265.294059,1137.190235,0.016467
Analog,2024-05-27 23:00:00,448.443829,803.53818,0.112148,1038.64022,1425.739193,0.948333,6203.86761,6330.37671,896.887657,0.016724
Analog,2024-05-28 23:00:00,420.612261,756.538232,0.105704,1085.718531,1383.322247,0.97,5577.164842,5634.288681,841.224522,0.016499
Analog,2024-05-29 23:00:00,757.22198,1349.046823,0.417741,1942.270559,2223.863433,0.386667,4792.598066,8713.008362,1514.44396,0.015193
Analog,2024-05-30 23:00:00,307.528115,552.939426,0.128593,737.913216,1005.792727,0.816667,3357.41132,4431.091531,615.056229,0.016354
Analog,2024-05-31 23:00:00,120.22395,215.384038,0.128037,272.784597,340.733066,0.925,1553.055449,1694.320914,240.4479,0.016372
Analog,2024-06-01 23:00:00,170.916488,307.690556,0.264741,439.874969,517.038782,0.743333,1287.746398,2124.855801,341.832977,0.015039
Analog,2024-06-02 23:00:00,126.622918,227.180143,0.106519,321.659397,428.977078,0.818333,1320.951484,1568.37271,253.245836,0.015321
Analog,2024-06-03 23:00:00,447.063823,821.589911,0.336259,1063.347304,1762.649478,0.486667,1296.073431,6417.724703,894.127646,0.015907
Analog,2024-06-04 23:00:00,722.14336,1303.556825,0.162111,1780.490805,2986.389429,0.746667,3304.849309,9584.696074,1444.28672,0.016455
Analog,2024-06-05 23:00:00,686.817429,1225.803489,0.105963,1817.205527,2524.370184,0.87,6265.572161,7862.472136,1373.634858,0.015622
Analog,2024-06-06 23:00:00,586.58602,1054.584002,0.139037,1469.066428,2023.059861,0.926667,6793.337175,7725.818442,1173.17204,0.017137
Analog,2024-06-07 23:00:00,878.342175,1568.713599,0.273296,2267.232915,2767.198114,0.655,7327.236134,10481.393869,1756.68435,0.015678
Analog,2024-06-08 23:00:00,707.080715,1259.349772,0.316593,1798.674218,2153.165291,0.661667,6126.572981,8036.380829,1414.16143,0.014526
Analog,2024-06-09 23:00:00,860.580822,1534.098291,0.232556,2144.464383,3354.833595,0.666667,3812.59033,10504.311533,1721.161643,0.017353
Analog,2024-06-10 23:00:00,940.352588,1675.427571,0.236074,2507.540576,3452.813088,0.706667,5545.308864,10591.114255,1880.705176,0.016002
Analog,2024-06-11 23:00:00,663.998111,1185.588407,0.226444,1701.908051,2188.658677,0.861667,7167.821671,7947.297002,1327.996221,0.016882
Analog,2024-06-12 23:00:00,888.954932,1592.63033,0.211444,2320.722182,3559.443153,0.763333,5270.342511,9814.929546,1777.909863,0.016351
Analog,2024-06-13 23:00:00,747.862312,1335.442717,0.088074,1950.848906,2576.030597,0.858333,8191.361731,8979.412598,1495.724624,0.016365
Analog,2024-06-14 23:00:00,861.560409,1545.626827,0.15963,2155.176698,3007.129427,0.725,7660.300247,10839.915402,1723.120818,0.016541
Analog,2024-06-15 23:00:00,608.276576,1085.484073,0.235778,1461.587211,1650.553164,0.645,5584.507734,7552.128776,1216.553151,0.014894
Analog,2024-06-16 23:00:00,591.540722,1056.965424,0.091704,1393.642871,2174.550194,0.873333,5969.84811,7831.355019,1183.081444,0.017219
Analog,2024-06-17 23:00:00,622.596647,1110.894125,0.066667,1614.088128,2524.915185,0.883333,5921.865491,6708.701405,1245.193295,0.017516
Analog,2024-06-18 23:00:00,669.790132,1196.421548,0.294185,1812.756468,2246.651294,0.89,7627.071366,7913.042545,1339.580263,0.016977
Analog,2024-06-19 23:00:00,402.294792,723.077739,0.226852,974.954419,1300.021541,0.873333,5182.652003,5642.013255,804.589584,0.016019
Analog,2024-06-20 23:00:00,138.043381,248.646963,0.226407,339.482421,406.141895,0.906667,1711.262577,1821.78567,276.086762,0.017407
Analog,2024-06-21 23:00:00,87.62788,157.823837,0.123963,197.100492,266.21144,0.976667,1275.506135,1289.443502,175.255761,0.016286
Analog,2024-06-22 23:00:00,133.683347,238.347396,0.198519,348.484673,450.791139,0.656667,938.944654,1274.250182,267.366694,0.016612
Analog,2024-06-23 23:00:00,207.924376,370.395844,0.091926,564.514834,712.884452,0.645,1407.662353,2181.947516,415.848753,0.014835
Analog,2024-06-24 23:00:00,161.735484,289.747718,0.117148,413.194012,516.571005,0.83,1738.228809,2038.818814,323.470968,0.016753
Analog,2024-06-25 23:00:00,106.715581,192.997063,0.173148,194.8016,270.479012,0.996667,1872.728176,1875.816845,213.431163,0.016423
Analog,2024-06-26 23:00:00,156.366127,279.845698,0.196185,405.54222,513.806506,0.878333,1665.692876,1841.61584,312.732254,0.014925
Analog,2024-06-27 23:00:00,197.016663,351.059574,0.079111,533.764698,677.691259,0.731667,1704.091132,2036.244775,394.033325,0.01469
Analog,2024-06-28 23:00:00,224.09088,399.594024,0.213074,606.899981,714.638828,0.76,2053.596088,2435.131927,448.18176,0.014908
Analog,2024-06-29 23:00:00,142.551687,254.846193,0.267704,379.872132,476.81284,0.938333,1698.774842,1765.695197,285.103373,0.014412
Analog,2024-06-30 23:00:00,172.660745,308.126301,0.054,472.301398,667.545974,0.753333,1277.016438,1821.410557,345.321489,0.015728
Analog,2024-07-01 23:00:00,109.154203,195.29561,0.164815,248.879543,346.011029,0.975,1566.836047,1586.59605,218.308407,0.01527
Analog,2024-07-02 23:00:00,153.654352,274.311646,0.312778,398.75094,525.048336,0.73,1408.476965,1769.408022,307.308705,0.015468
Analog,2024-07-03 23:00:00,61.353992,110.254554,0.128,155.924564,243.5827,0.935,700.332173,790.029143,122.707983,0.017099
Analog,2024-07-04 23:00:00,72.390236,128.976975,0.11437,197.396525,293.125731,0.806667,613.852551,806.566223,144.780472,0.01581
Analog,2024-07-05 23:00:00,161.707265,287.264624,0.279852,434.290179,592.832478,0.718333,908.81619,1564.689676,323.414529,0.016033
Analog,2024-07-06 23:00:00,133.708553,238.541477,0.231333,331.725198,367.554651,0.683333,1391.252509,1658.531673,267.417106,0.014913
Analog,2024-07-07 23:00:00,213.717867,380.81746,0.068481,595.914254,864.701268,0.743333,1397.775574,2015.996099,427.435735,0.016487
Analog,2024-07-08 23:00:00,154.632187,276.600925,0.073519,403.053421,541.156666,0.941667,1771.288254,1891.954686,309.264375,0.016286
Analog,2024-07-09 23:00:00,141.44651,255.20104,0.151556,319.466407,431.058502,0.996667,2228.072797,2232.350598,282.89302,0.01508
Analog,2024-07-10 23:00:00,168.7676,301.942244,0.286222,436.060845,552.019211,0.855,1855.049573,1980.335244,337.535201,0.016313
Analog,2024-07-11 23:00:00,119.037229,212.648733,0.308889,305.957708,417.845039,0.7,1140.266993,1431.634157,238.074457,0.014435
Analog,2024-07-12 23:00:00,37.778539,68.139985,0.125593,80.254477,110.499766,0.893333,484.003661,566.592239,75.557079,0.01655
Analog,2024-07-13 23:00:00,60.407131,108.879779,0.359889,150.481254,162.51033,0.208333,295.832394,767.177153,120.814262,0.014384
Analog,2024-07-14 23:00:00,149.701784,276.204985,0.172,336.666909,522.818495,0.758333,451.542476,2330.599696,299.403569,0.01412
Analog,2024-07-15 23:00:00,240.372928,434.018082,0.264852,580.539811,839.711828,0.591667,1014.086211,3164.548309,480.745857,0.015031
Analog,2024-07-16 23:00:00,133.451316,239.271052,0.212074,322.156387,433.115095,0.94,1827.326176,1877.279015,266.902632,0.013645
Analog,2024-07-17 23:00:00,204.190704,363.920517,0.161148,527.562803,786.696629,0.736667,1040.211478,2321.01623,408.381409,0.014748
Analog,2024-07-18 23:00:00,134.743778,241.377682,0.182481,315.285297,366.800206,0.836667,1720.137889,1824.671757,269.487557,0.01521
Analog,2024-07-19 23:00:00,159.095396,285.523444,0.13,403.801799,528.859247,0.91,1987.597846,2132.31009,318.190792,0.015967
Analog,2024-07-20 23:00:00,99.88303,179.619039,0.165407,244.281038,304.605429,0.951667,1370.453611,1421.200426,199.766059,0.014115
Analog,2024-07-21 23:00:00,127.997399,228.248977,0.278333,335.176512,416.19929,0.858333,1359.256481,1436.95715,255.994798,0.01577
Analog,2024-07-22 23:00:00,143.281626,257.683211,0.090556,373.368308,607.538089,0.841667,1151.385859,1710.8888,286.563253,0.013816
Analog,2024-07-23 23:00:00,123.428665,221.45583,0.101259,320.957815,459.374781,0.958333,1480.235847,1576.000691,246.85733,0.015946
Analog,2024-07-24 23:00:00,123.448759,222.107789,0.152704,287.344543,416.359249,0.955,1731.514399,1806.460044,246.897519,0.015805
Analog,2024-07-25 23:00:00,75.593427,136.014175,0.224111,188.155405,259.764853,0.978333,973.587509,1026.413085,151.186853,0.013327
Analog,2024-07-26 23:00:00,90.729642,163.111489,0.20237,231.800586,285.872548,0.661667,695.08438,1111.790725,181.459285,0.014854
Analog,2024-07-27 23:00:00,100.090345,179.2015,0.364259,258.799714,311.892631,0.526667,782.670475,1165.388539,200.18069,0.016361
Analog,2024-07-28 23:00:00,48.132152,86.44874,0.100074,116.233932,178.030602,0.885,588.66447,633.425674,96.264303,0.01558
Analog,2024-07-29 23:00:00,74.379787,132.458247,0.153,187.936249,313.477837,0.783333,360.64526,750.346123,148.759575,0.014497
Analog,2024-07-30 23:00:00,54.579243,97.4351,0.242815,140.459959,186.81874,0.875,628.86005,676.253227,109.158487,0.014357
Analog,2024-07-31 23:00:00,37.771856,67.43141,0.15163,90.855321,177.094365,0.921667,383.476363,467.400635,75.543711,0.014349
Analog,2024-08-01 23:00:00,61.5206,110.458661,0.08237,169.548323,249.955703,0.836667,471.660843,676.798974,123.0412,0.015728
Analog,2024-08-02 23:00:00,94.091418,170.340251,0.10363,226.035638,460.59224,0.898333,674.487623,1330.487371,188.182837,0.013894
Analog,2024-08-03 23:00:00,93.894468,167.938629,0.180556,236.604344,334.208683,0.971667,1145.00649,1161.553748,187.788936,0.015899
Analog,2024-08-04 23:00:00,133.069555,237.031988,0.065852,347.594677,533.635549,0.868333,1181.380899,1488.751626,266.139109,0.015592
Analog,2024-08-05 23:00:00,98.022293,175.814936,0.154111,221.653447,314.56707,0.911667,1343.056601,1429.411464,196.044586,0.014421
Analog,2024-08-06 23:00:00,73.684645,133.222945,0.134556,158.622674,223.468026,1.0,1200.013126,1200.013126,147.369291,0.016539
Analog,2024-08-07 23:00:00,213.699706,381.266303,0.321481,533.319605,721.899429,0.595,838.413623,2597.427832,427.399413,0.016049
Analog,2024-08-08 23:00:00,138.866986,247.59107,0.085778,366.920657,442.337556,0.873333,1519.34556,1687.934249,277.733973,0.016642
Analog,2024-08-09 23:00:00,207.773358,370.660387,0.354741,548.56593,686.525246,0.626667,1704.559674,2374.928208,415.546715,0.016105
Analog,2024-08-10 23:00:00,64.805519,117.101283,0.163704,136.441813,191.114697,0.986667,1017.389891,1020.440099,129.611039,0.017092
Analog,2024-08-11 23:00:00,155.222727,277.190362,0.137815,422.414659,607.293828,0.771667,864.384914,1455.011717,310.445455,0.015855
Analog,2024-08-12 23:00:00,110.069102,196.869784,0.296593,289.370693,338.998081,0.908333,1322.899386,1360.598972,220.138205,0.014287
Analog,2024-08-13 23:00:00,105.577881,188.233995,0.162889,271.304993,481.658625,0.893333,989.541796,1190.369654,211.155762,0.016933
Analog,2024-08-14 23:00:00,84.892252,152.727059,0.159259,190.12319,286.266525,0.993333,1298.10015,1299.902547,169.784504,0.016008
Analog,2024-08-15 23:00:00,149.09932,266.677251,0.196519,413.646104,581.145165,0.891667,1201.163725,1558.548442,298.19864,0.014181
Analog,2024-08-16 23:00:00,141.520448,253.436213,0.321259,374.401182,461.4368,0.906667,1512.590776,1648.180463,283.040895,0.015765
Analog,2024-08-17 23:00:00,85.471838,153.366862,0.24837,202.074646,244.351681,0.973333,1225.122895,1228.936366,170.943676,0.01631
Analog,2024-08-18 23:00:00,64.97985,116.807489,0.145481,153.674307,234.996729,0.99,885.048958,893.845173,129.959701,0.016634
Analog,2024-08-19 23:00:00,101.522535,180.793831,0.297185,265.372722,332.901883,0.698333,836.065107,1070.317008,203.045071,0.015499
Analog,2024-08-20 23:00:00,71.537197,128.467332,0.187444,170.087478,278.389218,0.933333,939.20215,979.749762,143.074393,0.01545
Analog,2024-08-21 23:00:00,60.840518,109.195165,0.250815,164.202521,248.242551,0.918333,625.048492,704.367374,121.681035,0.015728
Analog,2024-08-22 23:00:00,43.770301,78.38605,0.185296,106.82841,150.481185,0.886667,517.898062,557.617895,87.540601,0.01671
Analog,2024-08-23 23:00:00,25.569952,46.27142,0.136148,55.948327,77.69998,0.915,381.697399,410.248274,51.139903,0.015379
Analog,2024-08-24 23:00:00,36.673939,65.173011,0.226704,94.013527,140.221387,0.54,191.11025,414.154254,73.347879,0.014549
Analog,2024-08-25 23:00:00,27.112825,48.681395,0.093296,69.485459,100.504982,0.96,345.451165,356.204714,54.22565,0.015689
Analog,2024-08-26 23:00:00,44.491698,79.21181,0.267333,118.698055,170.848827,0.781667,295.651042,492.279081,88.983395,0.016915
Analog,2024-08-27 23:00:00,37.755523,67.343201,0.128667,98.65008,132.805859,0.875,391.877937,442.163068,75.511047,0.016565
Analog,2024-08-28 23:00:00,85.066381,151.477439,0.262222,219.365427,324.297268,0.636667,396.63263,965.203492,170.132763,0.015429
Analog,2024-08-29 23:00:00,84.204166,149.825871,0.122037,211.490948,324.200218,0.806667,661.837734,941.343452,168.408331,0.016843
Analog,2024-08-30 23:00:00,64.492987,115.736017,0.226444,165.200154,218.925641,0.901667,794.746961,836.578288,128.985975,0.016031
Analog,2024-08-31 23:00:00,64.168185,115.371194,0.267074,158.235777,204.18893,0.885,813.124181,877.417482,128.33637,0.016125
Analog,2024-09-01 23:00:00,69.802102,124.796994,0.226,188.868577,333.375416,0.89,561.933059,669.736816,139.604205,0.017733
Analog,2024-09-02 23:00:00,49.422988,88.67293,0.135667,115.261496,205.966974,0.986667,666.61057,676.325834,98.845976,0.01417
Analog,2024-09-03 23:00:00,49.331969,88.715054,0.201593,111.457469,172.468043,0.983333,735.852123,737.986741,98.663938,0.01568
Analog,2024-09-04 23:00:00,34.475484,62.253598,0.134148,75.156859,114.490377,1.0,570.47699,570.47699,68.950968,0.013699
Analog,2024-09-05 23:00:00,21.909488,39.454063,0.181185,52.08906,60.665346,0.95,310.020795,318.629814,43.818976,0.017076
Analog,2024-09-06 23:00:00,23.313683,42.020083,0.327667,57.194486,96.964598,0.51,116.786476,315.468775,46.627365,0.016205
Analog,2024-09-07 23:00:00,75.905088,141.208858,0.252593,172.621123,227.773106,0.373333,222.900296,1180.807712,151.810175,0.015056
Analog,2024-09-08 23:00:00,40.700901,73.291963,0.112222,95.437895,142.917694,0.941667,568.285331,584.686013,81.401801,0.015381
Analog,2024-09-09 23:00:00,29.939583,53.75979,0.22563,72.963534,83.804104,0.938333,386.110891,398.170217,59.879166,0.015804
Analog,2024-09-10 23:00:00,44.923589,82.687927,0.327778,107.713363,177.712065,0.601667,117.734852,632.256606,89.847178,0.015616
Analog,2024-09-11 23:00:00,48.486541,87.732985,0.194111,121.131646,234.68884,0.836667,289.210222,642.722843,96.973083,0.014851
Analog,2024-09-12 23:00:00,86.800876,156.913788,0.165259,207.013159,405.88132,0.861667,504.117875,1188.209395,173.601751,0.015051
Analog,2024-09-13 23:00:00,86.1124,154.395919,0.219963,213.609355,332.118136,0.828333,880.85401,1121.869185,172.224801,0.015765
Analog,2024-09-14 23:00:00,51.472808,92.416651,0.28063,125.350799,161.811429,0.831667,591.287516,697.857249,102.945616,0.017984
Analog,2024-09-15 23:00:00,27.600751,49.539825,0.277889,68.107495,81.222489,0.746667,305.442074,366.426247,55.201502,0.016444
Analog,2024-09-16 23:00:00,37.203167,67.395648,0.244556,89.989794,174.78412,0.713333,176.45081,491.969037,74.406334,0.01558
Analog,2024-09-17 23:00:00,63.725329,116.753586,0.233333,151.91204,309.104195,0.765,311.93741,923.549094,127.450658,0.017824
Analog,2024-09-18 23:00:00,50.030193,89.890854,0.219704,130.039067,194.248722,0.925,600.673073,624.745259,100.060387,0.015727
Analog,2024-09-19 23:00:00,72.034967,128.483476,0.244889,191.228322,243.774589,0.828333,593.025791,792.045355,144.069933,0.015468
Analog,2024-09-20 23:00:00,94.273821,168.816409,0.378333,236.985501,295.967358,0.47,647.341598,1126.234614,188.547643,0.014411
Analog,2024-09-21 23:00:00,34.193164,61.703387,0.152593,79.036511,99.383134,0.828333,430.457341,490.185955,68.386328,0.015764
Analog,2024-09-22 23:00:00,44.599708,79.489678,0.109148,116.287781,168.53385,0.706667,279.550696,496.441396,89.199416,0.015939
Analog,2024-09-23 23:00:00,32.81137,58.792467,0.151963,87.603556,139.846977,0.943333,368.239808,395.052251,65.622741,0.014236
Analog,2024-09-24 23:00:00,36.409669,65.458498,0.181,82.121241,106.411627,0.881667,457.870478,516.543875,72.819338,0.014548
Analog,2024-09-25 23:00:00,51.060925,91.131689,0.20563,127.521442,235.394395,0.895,392.506815,629.754481,102.12185,0.015052
Analog,2024-09-26 23:00:00,48.200211,86.213672,0.171741,123.316419,153.432072,0.86,518.194106,585.445762,96.400423,0.014706
Analog,2024-09-27 23:00:00,38.054639,68.12726,0.175852,93.635288,114.716895,0.84,422.895132,495.455657,76.109278,0.015401
Analog,2024-09-28 23:00:00,57.435912,104.935981,0.372407,133.534637,156.600553,0.428333,288.467474,843.237461,114.871825,0.014088
Analog,2024-09-29 23:00:00,30.38369,54.676703,0.218889,78.434207,115.444868,0.971667,370.406491,396.599669,60.767381,0.016933
Analog,2024-09-30 23:00:00,42.592835,76.688706,0.270963,107.333578,130.034339,0.545,291.689554,518.226132,85.185669,0.016245
Analog,2024-10-01 23:00:00,81.921709,145.491328,0.432778,209.528828,291.379616,0.386667,266.649691,894.788803,163.843418,0.015894
Analog,2024-10-02 23:00:00,61.911859,110.045759,0.251519,174.925375,248.736046,0.863333,450.058766,566.740072,123.823718,0.016475
Analog,2024-10-03 23:00:00,71.760914,128.206544,0.220593,185.715918,273.143231,0.808333,572.225619,789.294818,143.521828,0.015859
Analog,2024-10-04 23:00:00,59.972444,107.477544,0.133444,153.213899,188.260763,0.911667,757.160733,786.174315,119.944888,0.015441
Analog,2024-10-05 23:00:00,117.779138,209.525932,0.404593,310.848347,366.954004,0.413333,835.851648,1270.412796,235.558276,0.015886
Analog,2024-10-06 23:00:00,82.156405,146.182714,0.187333,227.537084,292.836799,0.87,637.946671,861.312504,164.31281,0.016327
Analog,2024-10-07 23:00:00,67.365999,120.250097,0.223778,177.128985,221.229337,0.795,656.093083,769.391729,134.731998,0.015974
Analog,2024-10-08 23:00:00,51.617765,92.70299,0.165667,122.382522,172.944767,0.876667,635.120367,702.40891,103.235531,0.013993
Analog,2024-10-09 23:00:00,50.663799,90.973804,0.227926,118.484738,152.243117,0.918333,663.203398,687.084509,101.327599,0.016059
Analog,2024-10-10 23:00:00,51.31735,91.655099,0.185852,131.38375,212.615327,0.94,603.978363,636.023126,102.6347,0.016472
Analog,2024-10-11 23:00:00,43.705719,78.397979,0.301185,106.262078,135.780091,0.823333,543.26704,579.931705,87.411439,0.016201
Analog,2024-10-12 23:00:00,77.340537,138.113602,0.116074,199.866691,271.106889,0.648333,509.848731,935.677004,154.681074,0.01971
Analog,2024-10-13 23:00:00,46.555352,84.036261,0.192815,102.703551,126.011175,0.94,696.323935,708.151215,93.110705,0.015095
Analog,2024-10-14 23:00:00,57.6603,103.09244,0.205444,154.357775,215.750461,0.95,612.390259,628.83031,115.3206,0.015532
Analog,2024-10-15 23:00:00,44.49412,79.984724,0.154556,100.421807,155.065201,0.946667,612.269587,656.343169,88.988241,0.017101
Analog,2024-10-16 23:00:00,37.152684,66.888869,0.173185,83.25944,121.785248,0.875,487.367557,558.079061,74.305368,0.014823
Analog,2024-10-17 23:00:00,48.8655,86.802166,0.22863,125.835524,190.04287,0.583333,289.69021,531.513437,97.731001,0.017221
Analog,2024-10-18 23:00:00,48.618928,87.230376,0.347444,122.906242,157.296277,0.593333,410.346199,606.268742,97.237856,0.016316
Analog,2024-10-19 23:00:00,55.193994,99.019774,0.404185,129.883694,147.046747,0.325,325.650866,758.029361,110.387988,0.016118
Analog,2024-10-20 23:00:00,21.594186,38.884485,0.170741,50.549075,64.490681,0.958333,301.267613,327.785362,43.188372,0.015213
Analog,2024-10-21 23:00:00,22.005764,39.20806,0.303667,60.905565,74.061234,0.788333,164.101722,214.600029,44.011528,0.017536
Analog,2024-10-22 23:00:00,22.380042,40.018886,0.158407,55.420938,75.4926,0.765,157.839131,279.190413,44.760083,0.014583
Analog,2024-10-23 23:00:00,57.173807,103.997116,0.287963,141.476876,238.609032,0.76,212.238332,760.995832,114.347615,0.015303
Analog,2024-10-24 23:00:00,27.729551,49.710469,0.128148,62.267939,85.465968,0.98,399.393596,403.235618,55.459102,0.016114
Analog,2024-10-25 23:00:00,30.715013,55.074215,0.147963,78.426388,126.70163,0.836667,278.732658,371.214197,61.430027,0.01628
Analog,2024-10-26 23:00:00,77.909267,144.446107,0.46363,179.173753,197.710946,0.188333,302.53047,1200.883051,155.818534,0.01421
Analog,2024-10-27 23:00:00,24.58469,44.536249,0.170037,44.14866,57.82225,0.911667,415.218385,427.245551,49.169379,0.016753
Analog,2024-10-28 23:00:00,19.077593,34.195164,0.121963,44.699472,60.202727,0.99,256.021354,257.400936,38.155186,0.01654
Analog,2024-10-29 23:00:00,47.017582,86.045295,0.384704,112.050437,178.904244,0.438333,122.524999,674.337735,94.035163,0.014782
Analog,2024-10-30 23:00:00,23.554897,42.423608,0.140852,51.985757,66.89342,0.945,316.875426,341.319254,47.109794,0.014035
Analog,2024-10-31 23:00:00,26.932038,48.180068,0.186333,69.298789,87.970608,0.82,245.618104,321.04477,53.864076,0.016421
Analog,2024-11-01 23:00:00,27.370413,49.031383,0.155741,67.362511,86.994789,0.596667,165.471595,339.987502,54.740826,0.015559
Analog,2024-11-02 23:00:00,46.901636,83.769766,0.33463,111.340604,127.489647,0.326667,222.15083,628.543519,93.803273,0.017162
Analog,2024-11-03 23:00:00,20.555008,36.895398,0.157222,46.582086,73.034661,0.971667,288.218305,291.990866,41.110017,0.014613
Analog,2024-11-04 23:00:00,24.333798,43.449962,0.19037,65.032333,89.658222,0.918333,243.456558,270.784748,48.667597,0.014344
Analog,2024-11-05 23:00:00,29.352532,52.364098,0.235481,75.1291,98.127323,0.74,257.337531,347.760577,58.705065,0.016679
Analog,2024-11-06 23:00:00,42.329145,76.006107,0.336259,109.587554,146.04621,0.58,190.518556,473.620124,84.658291,0.014999
Analog,2024-11-07 23:00:00,92.001227,169.75056,0.224074,214.555724,354.525702,0.65,274.852893,1374.988122,184.002455,0.015875
Analog,2024-11-08 23:00:00,140.713249,260.412466,0.406852,333.066256,457.390959,0.343333,657.94169,2059.73723,281.426499,0.015516
Analog,2024-11-09 23:00:00,63.380627,113.904325,0.22537,157.907592,217.934977,0.946667,833.685511,886.597448,126.761254,0.014053
Analog,2024-11-10 23:00:00,153.503591,276.101644,0.21263,363.857081,595.980049,0.625,708.302003,2097.941991,307.007182,0.015476
Analog,2024-11-11 23:00:00,102.631547,183.222995,0.225556,243.7459,356.850681,0.798333,1097.84233,1281.864962,205.263094,0.01492
Analog,2024-11-12 23:00:00,70.929813,127.308017,0.25737,189.123812,234.493651,0.893333,769.905226,827.672979,141.859625,0.015244
Analog,2024-11-13 23:00:00,42.110366,75.4572,0.144481,104.289937,148.178744,0.898333,499.521159,533.131096,84.220732,0.014092
Analog,2024-11-14 23:00:00,28.4883,51.213958,0.274667,72.476282,84.038234,0.773333,323.475204,364.949698,56.9766,0.015617
Analog,2024-11-15 23:00:00,50.083622,93.340933,0.264778,113.487624,130.876941,0.375,175.407773,803.198343,100.167245,0.015533
Analog,2024-11-16 23:00:00,53.657519,95.467556,0.32737,130.435237,148.944103,0.426667,304.457153,665.518024,107.315037,0.016051
Analog,2024-11-17 23:00:00,33.222867,59.567548,0.226259,81.39695,105.046446,0.74,379.764098,439.260927,66.445734,0.015129
Analog,2024-11-18 23:00:00,76.964572,138.325504,0.292407,191.581597,250.514976,0.511667,286.626523,949.544872,153.929144,0.01294
Analog,2024-11-19 23:00:00,41.067566,73.715675,0.103593,101.873767,121.701518,0.898333,484.835583,525.662466,82.135131,0.015054
Analog,2024-11-20 23:00:00,30.062443,53.776122,0.206444,75.641714,86.542101,0.808333,294.004384,372.555989,60.124886,0.013154
Analog,2024-11-21 23:00:00,18.682899,33.356213,0.140148,49.833251,57.778887,0.735,130.093011,200.590439,37.365798,0.013701
Analog,2024-11-22 23:00:00,61.321555,114.465111,0.293222,139.325853,215.130383,0.386667,139.237598,960.468819,122.643109,0.014266
Analog,2024-11-23 23:00:00,47.389708,84.730296,0.304333,117.991384,144.861402,0.528333,396.616769,573.292553,94.779415,0.013613
Analog,2024-11-24 23:00:00,35.757874,64.523384,0.12837,84.518708,106.815587,0.926667,471.647356,501.251546,71.515749,0.015389
Analog,2024-11-25 23:00:00,22.252785,39.913537,0.183444,56.647129,71.417418,0.95,268.430211,278.193956,44.50557,0.016214
Analog,2024-11-26 23:00:00,41.659852,73.976742,0.428889,114.679576,128.583128,0.468333,187.331431,385.845871,83.319704,0.015725
Analog,2024-11-27 23:00:00,140.30451,259.792866,0.363037,324.63088,396.915864,0.303333,245.654844,2131.250723,280.60902,0.014995
Analog,2024-11-28 23:00:00,61.004478,108.922573,0.227407,144.52328,176.314578,0.708333,654.133672,785.429445,122.008956,0.015047
Analog,2024-11-29 23:00:00,39.095594,71.0989,0.169778,80.757306,118.921994,0.991667,667.01078,669.362037,78.191187,0.015099
Analog,2024-11-30 23:00:00,65.30983,116.904357,0.350407,166.050357,196.451759,0.55,486.122679,781.944948,130.61966,0.015782
Analog,2024-12-01 23:00:00,34.535606,62.465447,0.136889,74.477515,111.531223,0.875,497.15018,533.030095,69.071213,0.017849
Analog,2024-12-02 23:00:00,28.142834,50.650491,0.140148,63.276741,102.335717,0.988333,393.656984,406.036169,56.285668,0.015648
Analog,2024-12-03 23:00:00,50.570163,90.052969,0.319815,133.328339,163.882319,0.585,289.933667,533.409753,101.140327,0.016121
Analog,2024-12-04 23:00:00,27.774871,49.853219,0.133889,64.896337,101.012784,0.955,346.671997,380.51634,55.549742,0.016089
Analog,2024-12-05 23:00:00,29.197969,52.41953,0.165185,71.769885,95.916944,0.925,351.536866,380.962966,58.395938,0.016393
Analog,2024-12-06 23:00:00,56.496372,102.29029,0.155667,137.753788,216.356523,0.605,215.09071,753.197742,112.992744,0.015673
Analog,2024-12-07 23:00:00,47.847043,85.55985,0.347074,117.646763,134.702377,0.443333,433.396219,585.273695,95.694086,0.016371
Analog,2024-12-08 23:00:00,40.300252,72.389631,0.123593,105.177021,145.811275,0.893333,388.036067,488.728469,80.600505,0.016462
Analog,2024-12-09 23:00:00,52.374673,94.177778,0.169185,125.55531,176.389995,0.755,347.266186,683.151404,104.749347,0.014961
Analog,2024-12-10 23:00:00,42.370974,76.258439,0.154333,106.326629,142.32943,0.9,464.270806,550.189589,84.741947,0.016577
Analog,2024-12-11 23:00:00,56.999898,102.3355,0.310481,145.02272,178.487373,0.583333,403.393649,675.990081,113.999795,0.015814
Analog,2024-12-12 23:00:00,32.855007,58.834763,0.171556,85.022176,128.235132,0.838333,293.951095,389.018057,65.710015,0.01598
Analog,2024-12-13 23:00:00,18.503559,33.313945,0.107778,41.329451,53.105658,0.956667,271.421776,278.017396,37.007118,0.015926
Analog,2024-12-14 23:00:00,22.513317,40.424967,0.226111,55.761312,75.950293,0.833333,210.769557,299.637018,45.026633,0.015821
Analog,2024-12-15 23:00:00,32.377998,57.893746,0.20963,84.733023,123.045777,0.763333,214.075026,384.091256,64.755996,0.015731
Analog,2024-12-16 23:00:00,39.0248,71.505483,0.149704,87.687914,126.243439,0.788333,293.11278,600.469855,78.049601,0.014296
Analog,2024-12-17 23:00:00,32.100899,57.406687,0.194704,83.988182,107.886616,0.861667,314.511849,370.724502,64.201799,0.016836
Analog,2024-12-18 23:00:00,33.476898,60.001582,0.208111,81.64516,99.905886,0.688333,310.454695,420.457993,66.953796,0.016768
Analog,2024-12-19 23:00:00,22.528966,40.420543,0.165,53.955561,78.888578,0.863333,241.366184,315.410648,45.057933,0.014532
Analog,2024-12-20 23:00:00,16.742524,30.19948,0.172,40.439124,56.220591,0.785,166.881742,231.479886,33.485048,0.015007
Analog,2024-12-21 23:00:00,38.931996,71.863171,0.344259,90.524583,117.469386,0.446667,187.427447,591.90161,77.863992,0.013933
Analog,2024-12-22 23:00:00,23.788131,43.081583,0.211815,50.121294,62.427984,0.86,305.87173,383.877775,47.576262,0.015971
Analog,2024-12-23 23:00:00,24.091778,43.156362,0.084667,59.879575,72.269989,0.79,224.002527,296.242736,48.183556,0.015297
Analog,2024-12-24 23:00:00,55.99923,103.164495,0.153852,122.769664,190.419731,0.605,197.963969,920.673856,111.998459,0.015404
Analog,2024-12-25 23:00:00,32.861049,59.636465,0.170074,64.713851,82.416996,0.976667,532.613058,545.507314,65.722098,0.0145
Analog,2024-12-26 23:00:00,33.697017,60.458763,0.171074,84.350172,105.201506,0.915,381.838158,424.792519,67.394034,0.016537
Analog,2024-12-27 23:00:00,30.659908,54.728158,0.198037,75.823781,93.019185,0.755,269.412898,393.108319,61.319816,0.013887
Analog,2024-12-28 23:00:00,54.510747,98.863256,0.40637,132.842087,150.894837,0.401667,290.813606,752.022897,109.021494,0.016046
Analog,2024-12-29 23:00:00,38.99107,71.000419,0.246259,91.008023,125.882379,0.748333,305.421294,580.131857,77.982139,0.014405
Analog,2024-12-30 23:00:00,32.072222,57.606739,0.197222,79.176444,92.908016,0.853333,317.144817,400.639242,64.144443,0.018978
Analog,2024-12-31 23:00:00,67.930287,123.571149,0.122704,164.360899,202.716274,0.573333,296.967709,997.613282,135.860574,0.016849
Analog,2025-01-01 23:00:00,42.762125,77.139271,0.184778,100.499348,114.512228,0.861667,546.958585,595.972917,85.524249,0.017184
Analog,2025-01-02 23:00:00,38.677252,69.414055,0.222556,94.09051,110.049661,0.891667,455.910731,503.741401,77.354503,0.014234
Analog,2025-01-03 23:00:00,25.025342,45.222213,0.268259,59.605741,67.914246,0.8,214.277846,353.075493,50.050684,0.017721
Analog,2025-01-04 23:00:00,47.314554,88.438296,0.137,107.443623,169.20151,0.575,154.261993,742.949547,94.629109,0.01623
Analog,2025-01-05 23:00:00,56.478516,101.153555,0.336148,151.937008,179.942643,0.68,466.294789,640.923148,112.957032,0.016798
Analog,2025-01-06 23:00:00,44.303769,79.350093,0.268185,123.953808,152.229593,0.93,487.033382,514.037111,88.607537,0.015604
Analog,2025-01-07 23:00:00,51.754807,92.095368,0.368815,144.534502,158.622873,0.715,359.884349,464.483396,103.509614,0.015861
Analog,2025-01-08 23:00:00,93.343365,167.40573,0.290926,230.719711,310.013952,0.583333,356.093578,1175.381241,186.68673,0.018764
Analog,2025-01-09 23:00:00,83.454426,149.786617,0.270741,202.537362,273.779162,0.561667,613.992293,1105.170454,166.908852,0.017476
Analog,2025-01-10 23:00:00,62.471469,112.09293,0.151148,152.846948,200.547634,0.846667,671.182302,820.21607,124.942938,0.015937
Analog,2025-01-11 23:00:00,83.518044,150.562787,0.272,211.944356,278.68871,0.676667,456.752433,1017.288779,167.036087,0.016493
Analog,2025-01-12 23:00:00,64.651646,115.795021,0.182444,160.915004,194.073859,0.785,650.766334,832.982411,129.303291,0.014719
Analog,2025-01-13 23:00:00,67.305214,120.592129,0.197926,178.217725,231.156268,0.82,487.189763,728.610992,134.610428,0.016625
Analog,2025-01-14 23:00:00,69.973868,124.854753,0.352852,183.135259,216.887131,0.626667,592.869806,778.134305,139.947737,0.015876
Analog,2025-01-15 23:00:00,67.459792,120.817325,0.233778,187.368813,234.991054,0.736667,402.997019,731.571038,134.919585,0.014778
Analog,2025-01-16 23:00:00,77.369331,138.4784,0.133667,210.074664,323.209731,0.876667,524.919473,747.757915,154.738662,0.016292
Analog,2025-01-17 23:00:00,128.199507,228.050145,0.217815,343.137749,434.903779,0.638333,756.288765,1325.225443,256.399013,0.015509
Analog,2025-01-18 23:00:00,133.837991,241.296137,0.212222,317.075966,348.510463,0.675,1109.786538,1873.541829,267.675981,0.016991
Analog,2025-01-19 23:00:00,99.113105,177.371287,0.273741,251.237489,284.956055,0.796667,872.33777,1153.519859,198.22621,0.015796
Analog,2025-01-20 23:00:00,69.553604,123.917333,0.267481,177.591171,219.911285,0.801667,569.790639,750.656441,139.107208,0.015983
Analog,2025-01-21 23:00:00,129.139428,235.716894,0.394815,303.795174,369.512285,0.321667,558.888332,1867.832781,258.278856,0.015948
Analog,2025-01-22 23:00:00,163.524572,291.145903,0.429296,396.943969,433.207713,0.326667,585.617446,2090.298662,327.049143,0.015863
Analog,2025-01-23 23:00:00,74.365496,133.864111,0.137889,175.329358,203.084068,0.895,1019.33516,1088.498546,148.730991,0.015639
Analog,2025-01-24 23:00:00,71.222485,127.388344,0.335852,176.364426,198.760719,0.546667,571.944799,898.364063,142.44497,0.014512
Analog,2025-01-25 23:00:00,39.025187,70.367171,0.215778,99.788449,119.519876,0.973333,548.532363,558.70805,78.050373,0.015227
Analog,2025-01-26 23:00:00,50.317587,90.379216,0.129926,127.385599,165.853073,0.865,515.51896,626.968936,100.635174,0.015829
Analog,2025-01-27 23:00:00,61.868172,110.409847,0.140407,153.202238,221.629904,0.895,560.240862,788.555179,123.736345,0.014754
Analog,2025-01-28 23:00:00,64.210264,114.971278,0.144889,156.909956,188.811799,0.803333,630.334468,793.442608,128.420527,0.0169
Analog,2025-01-29 23:00:00,69.214401,124.707512,0.13937,163.59305,259.991637,0.868333,625.413706,936.403292,138.428802,0.015411
Analog,2025-01-30 23:00:00,123.982007,221.539788,0.155444,322.145965,427.434303,0.766667,806.081289,1418.196512,247.964015,0.013198
Analog,2025-01-31 23:00:00,152.197057,273.084665,0.291667,367.290801,481.228986,0.551667,1090.447851,2045.612585,304.394115,0.015452
Analog,2025-02-01 23:00:00,104.602438,187.800172,0.344074,275.725801,308.082365,0.755,907.403968,1178.369742,209.204876,0.017145
Analog,2025-02-02 23:00:00,42.898716,77.074229,0.174185,110.485797,147.968117,0.973333,504.121247,533.997471,85.797432,0.016354
Analog,2025-02-03 23:00:00,59.560705,105.794518,0.265111,165.93883,235.983058,0.781667,402.058404,520.237647,119.121411,0.015176
Analog,2025-02-04 23:00:00,46.40465,83.315562,0.15263,119.246471,147.701787,0.85,521.549129,616.422612,92.8093,0.016424
Analog,2025-02-05 23:00:00,36.502993,65.296676,0.199,94.007895,115.437651,0.756667,300.46016,435.172916,73.005985,0.014031
Analog,2025-02-06 23:00:00,21.164801,38.146474,0.154148,49.908533,62.047072,0.948333,284.787273,300.022934,42.329602,0.015844
Analog,2025-02-07 23:00:00,52.506072,97.322981,0.101704,124.760705,207.908324,0.723333,227.330418,735.002217,105.012143,0.016258
Analog,2025-02-08 23:00:00,53.70356,96.070799,0.181444,138.03498,183.195425,0.76,451.715952,655.616584,107.407119,0.015155
Analog,2025-02-09 23:00:00,158.741397,290.615162,0.259741,384.552957,489.767484,0.58,559.683116,2167.533234,317.482793,0.015309
Analog,2025-02-10 23:00:00,85.389032,153.468845,0.168667,206.036897,297.123791,0.955,974.045831,1142.190143,170.778063,0.014449
Analog,2025-02-11 23:00:00,124.42537,221.131379,0.170815,322.328909,471.575618,0.706667,859.051626,1444.889703,248.85074,0.015605
Analog,2025-02-12 23:00:00,105.443848,187.793612,0.145852,273.544506,340.927,0.685,1008.182739,1225.69528,210.887695,0.01571
Analog,2025-02-13 23:00:00,67.715105,121.211279,0.222926,163.70472,211.30581,0.811667,735.860693,892.632398,135.43021,0.01386
Analog,2025-02-14 23:00:00,68.699049,123.006349,0.162556,178.491735,236.959511,0.745,594.855205,824.996563,137.398098,0.017376
Analog,2025-02-15 23:00:00,96.052973,176.597911,0.292037,230.921776,330.846874,0.551667,510.138945,1379.086792,192.105946,0.01469
Analog,2025-02-16 23:00:00,103.121161,184.512324,0.231296,258.691069,383.908208,0.83,710.556066,1308.213061,206.242322,0.015558
Analog,2025-02-17 23:00:00,109.884388,196.404898,0.201,284.011135,438.68046,0.76,780.324672,1295.235751,219.768776,0.016835
Analog,2025-02-18 23:00:00,125.581219,225.58065,0.121185,319.363851,508.169604,0.793333,735.943025,1470.000437,251.162439,0.015504
Analog,2025-02-19 23:00:00,135.057528,241.436443,0.170704,344.869636,466.501469,0.798333,1106.429988,1626.45738,270.115057,0.01497
Analog,2025-02-20 23:00:00,81.146737,144.985077,0.168074,193.267519,246.852648,0.843333,922.164726,1066.758113,162.293475,0.017703
Analog,2025-02-21 23:00:00,59.58667,106.933186,0.272481,152.05032,190.4423,0.731667,517.749589,742.782636,119.173339,0.016232
Analog,2025-02-22 23:00:00,92.392763,164.935941,0.289074,233.440804,265.244932,0.435,456.300144,1042.524153,184.785526,0.016959
Analog,2025-02-23 23:00:00,64.516195,115.575002,0.247111,161.474498,214.642139,0.783333,718.272733,843.602968,129.03239,0.01687
Analog,2025-02-24 23:00:00,32.610239,58.517817,0.067074,78.207472,91.778769,0.836667,399.358101,431.759316,65.220478,0.015846
Analog,2025-02-25 23:00:00,49.742377,91.266644,0.156519,114.247528,217.876422,0.771667,234.077282,755.182328,99.484754,0.015579
Analog,2025-02-26 23:00:00,35.699713,64.223978,0.202111,85.14075,111.927163,0.84,445.315878,501.604018,71.399427,0.014095
Analog,2025-02-27 23:00:00,35.845333,64.221426,0.146222,97.542034,132.404222,0.958333,408.2682,421.616402,71.690666,0.014531
Analog,2025-02-28 23:00:00,55.435685,100.240319,0.198778,130.430014,168.442774,0.608333,308.811223,758.310698,110.871371,0.015166
Analog,2025-03-01 23:00:00,114.771863,212.632297,0.357593,259.276407,326.595302,0.358333,385.582328,1825.749644,229.543726,0.014833
Analog,2025-03-02 23:00:00,57.655127,104.214608,0.185,133.172608,160.798178,0.885,754.510996,854.301023,115.310253,0.017338
Analog,2025-03-03 23:00:00,54.254071,97.306454,0.16137,127.91476,216.093556,0.896667,527.236198,719.13312,108.508142,0.014537
Analog,2025-03-04 23:00:00,55.591705,99.708704,0.235037,141.294685,204.312769,0.771667,493.089524,669.820745,111.18341,0.013623
Analog,2025-03-05 23:00:00,41.005069,74.3793,0.119444,97.232607,126.012948,0.79,358.835291,573.058505,82.010138,0.016654
Analog,2025-03-06 23:00:00,173.511264,322.661235,0.439259,394.234805,535.731864,0.238333,267.65985,2735.827146,347.022528,0.014056
Analog,2025-03-07 23:00:00,70.30236,126.418659,0.158852,167.929966,221.993234,0.89,869.804028,949.132092,140.60472,0.015663
Analog,2025-03-08 23:00:00,86.842756,156.771559,0.242852,210.210361,263.319152,0.716667,651.049228,1136.723579,173.685512,0.015079
Analog,2025-03-09 23:00:00,65.868428,118.074113,0.187519,164.601675,219.06367,0.868333,726.382678,859.922334,131.736856,0.016435
Analog,2025-03-10 23:00:00,29.855616,53.821783,0.143926,63.488783,90.974614,0.98,456.043461,463.902194,59.711232,0.014933
Analog,2025-03-11 23:00:00,44.103216,79.431725,0.285296,110.825283,171.604346,0.681667,211.329618,541.445091,88.206433,0.015679
Analog,2025-03-12 23:00:00,104.555292,191.905521,0.287963,241.206926,333.847769,0.525,327.048986,1586.41644,209.110585,0.014701
Analog,2025-03-13 23:00:00,70.900364,127.079674,0.183481,187.483285,245.43451,0.79,563.621848,844.694033,141.800727,0.016222
Analog,2025-03-14 23:00:00,84.921041,153.653271,0.210963,216.551719,255.94659,0.548333,520.517867,1086.50531,169.842081,0.014711
Analog,2025-03-15 23:00:00,110.419722,196.70508,0.333667,273.316939,316.386193,0.466667,714.590341,1455.426772,220.839444,0.015587
Analog,2025-03-16 23:00:00,107.455103,192.685198,0.351741,263.615901,308.002498,0.505,579.18163,1373.323696,214.910206,0.015024
Analog,2025-03-17 23:00:00,41.027948,74.281002,0.146704,81.935888,100.387322,0.85,606.436868,683.086835,82.055895,0.016853
Analog,2025-03-18 23:00:00,83.828054,152.267377,0.33537,207.515006,291.702625,0.628333,341.714828,1107.801785,167.656108,0.016586
Analog,2025-03-19 23:00:00,41.774451,75.256114,0.219444,96.350653,129.77466,0.865,531.2646,613.189609,83.548902,0.014451
Analog,2025-03-20 23:00:00,32.082681,57.780894,0.161741,76.127143,90.40628,0.896667,380.654335,442.355773,64.165362,0.015967
Analog,2025-03-21 23:00:00,88.155788,159.514845,0.354741,212.091427,280.996039,0.41,248.32652,1189.116183,176.311575,0.016866
Analog,2025-03-22 23:00:00,157.32443,284.635561,0.170556,379.149166,572.862339,0.506667,477.587707,2147.414195,314.64886,0.017174
Analog,2025-03-23 23:00:00,199.131708,357.416322,0.214667,520.305972,678.073795,0.683333,1079.367614,2266.315774,398.263417,0.015332
Analog,2025-03-24 23:00:00,142.597979,255.238248,0.249889,359.732122,490.308563,0.81,1442.986511,1693.457865,285.195957,0.014785
Analog,2025-03-25 23:00:00,134.437675,243.007209,0.282889,323.089691,444.983524,0.665,962.118403,1774.32045,268.87535,0.015369
Analog,2025-03-26 23:00:00,92.459733,165.18741,0.129852,239.540332,367.011948,0.898333,888.858474,1104.130543,184.919467,0.014989
Analog,2025-03-27 23:00:00,140.007438,249.423219,0.26463,358.51705,441.030145,0.691667,893.517589,1642.535052,280.014876,0.016341
Analog,2025-03-28 23:00:00,167.298603,302.667106,0.355778,407.004776,490.161761,0.396667,1110.049377,2245.775063,334.597206,0.015045
Analog,2025-03-29 23:00:00,140.417908,252.083569,0.19337,354.389509,456.118569,0.675,955.755597,1706.556001,280.835817,0.014404
Analog,2025-03-30 23:00:00,99.624318,178.517769,0.130778,242.430198,416.358373,0.84,934.726642,1294.428071,199.248636,0.015741
Analog,2025-03-31 23:00:00,85.113161,152.378335,0.145815,199.401459,330.782063,0.923333,975.114626,1097.415159,170.226321,0.014574
Analog,2025-04-01 23:00:00,205.247937,366.289731,0.254333,533.147177,773.302718,0.736667,961.426651,2331.578674,410.495875,0.01561
Analog,2025-04-02 23:00:00,150.326102,269.648992,0.220741,353.586125,512.724996,0.826667,1464.32732,2081.667795,300.652204,0.015147
Analog,2025-04-03 23:00:00,99.916144,179.672017,0.218111,222.347891,268.605296,0.888333,1398.479334,1494.439661,199.832289,0.0159
Analog,2025-04-04 23:00:00,122.836519,220.857378,0.27337,305.182871,374.630551,0.658333,1022.72289,1570.211448,245.673038,0.015981
Analog,2025-04-05 23:00:00,119.228344,215.877052,0.29563,286.161447,338.047075,0.495,855.157602,1636.740371,238.456689,0.013835
Analog,2025-04-06 23:00:00,138.850471,254.291166,0.251148,325.259602,372.189171,0.68,845.249542,2016.935964,277.700942,0.017114
Analog,2025-04-07 23:00:00,61.421992,110.167675,0.268667,149.524475,173.059074,0.781667,632.316706,759.423511,122.843985,0.015566
Analog,2025-04-08 23:00:00,30.795607,55.214213,0.239185,75.922249,91.51736,0.661667,261.888094,395.595136,61.591214,0.01411
Analog,2025-04-09 23:00:00,39.667088,71.024752,0.08837,98.567957,160.288387,0.733333,239.381721,499.533877,79.334177,0.014281
Analog,2025-04-10 23:00:00,36.53999,65.376191,0.226963,92.476185,121.420408,0.786667,372.338115,439.996983,73.07998,0.015743
Analog,2025-04-11 23:00:00,90.625361,162.442508,0.258889,224.504904,317.192736,0.465,295.333459,1143.340332,181.250722,0.015567
Analog,2025-04-12 23:00:00,80.176603,145.046331,0.371519,183.678963,202.966149,0.408333,565.734289,1163.623243,160.353205,0.013766
Analog,2025-04-13 23:00:00,42.68089,76.932302,0.206778,97.827035,124.149665,0.863333,553.958206,610.267782,85.36178,0.015497
Analog,2025-04-14 23:00:00,25.017504,44.940859,0.147074,59.618961,73.148104,0.893333,311.160245,340.072907,50.035008,0.014467
Analog,2025-04-15 23:00:00,25.244502,45.549005,0.215741,59.519891,71.610286,0.82,194.370559,344.154099,50.489004,0.013864
Analog,2025-04-16 23:00:00,20.702131,37.277883,0.110148,50.864704,60.349885,0.655,166.999954,272.432992,41.404262,0.0154
Analog,2025-04-17 23:00:00,80.991472,153.206257,0.391741,175.579831,199.070328,0.226667,149.955311,1392.629933,161.982944,0.014469
Analog,2025-04-18 23:00:00,72.528558,132.650731,0.331963,167.388536,190.726779,0.35,339.400782,1097.484833,145.057116,0.016598
Analog,2025-04-19 23:00:00,94.952171,170.864416,0.199926,226.980432,305.707789,0.453333,333.327351,1283.203205,189.904341,0.013357
Analog,2025-04-20 23:00:00,146.078551,264.322321,0.23863,358.064357,433.952777,0.675,631.94383,1911.52592,292.157102,0.013534
Analog,2025-04-21 23:00:00,224.958927,407.341612,0.233481,555.46952,704.743503,0.745,978.994438,2949.758068,449.917853,0.016756
Analog,2025-04-22 23:00:00,179.472146,324.687002,0.286148,424.613084,679.833426,0.633333,1357.677037,2547.100637,358.944292,0.017564
Analog,2025-04-23 23:00:00,116.065569,208.759792,0.182,288.245538,422.166329,0.875,1259.902363,1487.173131,232.131137,0.015525
Analog,2025-04-24 23:00:00,104.216489,188.385675,0.149148,257.218527,346.436055,0.881667,1076.163558,1392.155356,208.432977,0.013187
Analog,2025-04-25 23:00:00,231.40144,426.038549,0.345667,531.13098,614.283614,0.448333,973.558577,3585.336575,462.802879,0.014295
Analog,2025-04-26 23:00:00,122.703963,218.616368,0.309815,316.332027,351.063215,0.696667,908.138824,1332.172996,245.407927,0.014103
Analog,2025-04-27 23:00:00,83.379511,150.823571,0.113963,199.295359,355.677433,0.816667,654.724353,1158.308504,166.759023,0.01517
Analog,2025-04-28 23:00:00,62.146673,111.439904,0.159259,152.932003,209.050916,0.876667,711.062357,826.34372,124.293345,0.015577
Analog,2025-04-29 23:00:00,76.793477,137.84051,0.146889,183.174598,253.808906,0.91,749.893624,1024.913748,153.586955,0.014753
Analog,2025-04-30 23:00:00,78.543156,140.452493,0.242222,201.509644,242.00903,0.745,735.331735,926.540135,157.086311,0.014693
Analog,2025-05-01 23:00:00,185.339046,343.784139,0.291111,438.16501,511.882478,0.631667,525.375902,2709.229662,370.678092,0.015731
Analog,2025-05-02 23:00:00,104.690997,187.672863,0.140148,283.662186,325.112522,0.753333,1018.338492,1201.637148,209.381995,0.014849
Analog,2025-05-03 23:00:00,131.112736,236.769919,0.347778,317.586844,380.249948,0.445,634.271613,1695.728323,262.225472,0.013791
Analog,2025-05-04 23:00:00,150.436718,270.908185,0.258222,378.395518,421.051689,0.706667,670.023441,1852.778952,300.873437,0.015213
Analog,2025-05-05 23:00:00,105.451225,189.923468,0.204296,260.252343,343.083997,0.761667,915.849453,1402.144427,210.902451,0.014965
Analog,2025-05-06 23:00:00,92.187051,167.259069,0.206037,222.435058,319.287488,0.743333,758.457928,1261.005969,184.374102,0.016055
Analog,2025-05-07 23:00:00,147.232252,265.458689,0.264704,374.081925,441.931009,0.68,789.793274,1778.287553,294.464503,0.015269
Analog,2025-05-08 23:00:00,115.013748,206.87592,0.171778,270.140525,372.355393,0.736667,1015.224385,1574.869678,230.027496,0.014418
Analog,2025-05-09 23:00:00,221.047682,406.347118,0.268889,527.021399,584.668888,0.491667,929.01285,3152.571086,442.095364,0.016125
Analog,2025-05-10 23:00:00,125.180936,224.906526,0.388741,326.12373,359.690409,0.543333,1052.216257,1520.53856,250.361873,0.016646
Analog,2025-05-11 23:00:00,35.872519,64.975688,0.146222,74.78008,98.587179,0.976667,615.293585,621.994928,71.745037,0.015658
Analog,2025-05-12 23:00:00,85.191467,155.474957,0.239185,198.499951,328.655101,0.675,246.910055,1254.8728,170.382935,0.015713
Analog,2025-05-13 23:00:00,107.247629,195.474219,0.230667,261.489431,416.129586,0.688333,542.163488,1464.550059,214.495258,0.014915
Analog,2025-05-14 23:00:00,245.393897,445.971074,0.266704,590.539825,836.067753,0.673333,852.406869,3367.996396,490.787794,0.013877
Analog,2025-05-15 23:00:00,141.888686,254.522339,0.139593,350.592768,447.847892,0.931667,1735.133607,1805.938605,283.777372,0.014569
Analog,2025-05-16 23:00:00,118.031776,212.035942,0.163222,295.776796,373.636855,0.795,1056.694504,1453.655303,236.063553,0.01488
Analog,2025-05-17 23:00:00,185.533601,341.726511,0.35437,433.737314,506.388282,0.41,848.433281,2697.186982,371.067203,0.016709
Analog,2025-05-18 23:00:00,146.290598,260.091302,0.142667,386.086311,529.130194,0.831667,1097.27732,1565.410588,292.581195,0.015111
Analog,2025-05-19 23:00:00,225.934247,404.739149,0.329704,574.263007,675.078965,0.613333,1209.736603,2629.499739,451.868495,0.015508
Analog,2025-05-20 23:00:00,140.514526,251.530708,0.160667,347.661304,431.020564,0.911667,1389.213244,1754.22686,281.029053,0.014884
Analog,2025-05-21 23:00:00,275.01669,499.657343,0.384148,654.617534,758.384088,0.32,1286.578201,3855.032749,550.033381,0.014553
Analog,2025-05-22 23:00:00,140.767418,253.595398,0.222,330.177229,405.813039,0.751667,1336.389398,1967.551107,281.534835,0.015654
Analog,2025-05-23 23:00:00,133.821075,240.521002,0.169296,345.859192,437.776613,0.756667,1045.059877,1654.796404,267.64215,0.014857
Analog,2025-05-24 23:00:00,138.744073,251.014162,0.334556,341.319806,400.279998,0.588333,996.633414,1848.136133,277.488146,0.014517
Analog,2025-05-25 23:00:00,65.575523,117.713719,0.155111,156.664635,212.131116,0.921667,841.035783,918.721107,131.151045,0.014948
Analog,2025-05-26 23:00:00,113.293682,203.961018,0.154,280.936852,476.46598,0.766667,546.568708,1455.491215,226.587364,0.016205
Analog,2025-05-27 23:00:00,112.554669,201.550569,0.189148,285.411072,350.01791,0.868333,907.605064,1379.364602,225.109339,0.013788
Analog,2025-05-28 23:00:00,91.73626,164.493429,0.239889,230.24256,266.328422,0.843333,997.546887,1215.018181,183.47252,0.016307
Analog,2025-05-29 23:00:00,106.559131,191.919113,0.251407,275.386961,345.511564,0.771667,762.964852,1293.541223,213.118262,0.015358
Analog,2025-05-30 23:00:00,133.928577,242.860433,0.297815,322.00845,412.669439,0.536667,773.799167,1827.899006,267.857154,0.015292
Analog,2025-05-31 23:00:00,229.316617,417.651493,0.452926,532.579246,572.398144,0.166667,790.497089,3386.325435,458.633234,0.015976
Analog,2025-06-01 23:00:00,100.279509,179.837791,0.216852,258.580343,356.565486,0.796667,932.09383,1153.875753,200.559018,0.017958
Analog,2025-06-02 23:00:00,102.457724,182.907257,0.180259,266.942044,365.119606,0.825,962.478672,1243.673385,204.915448,0.015724
Analog,2025-06-03 23:00:00,71.24386,127.72058,0.201852,172.881592,200.857543,0.796667,788.088752,912.954443,142.48772,0.015945
Analog,2025-06-04 23:00:00,157.343661,283.944365,0.398815,378.315981,435.550801,0.148333,650.621083,2097.857163,314.687323,0.017264
Analog,2025-06-05 23:00:00,72.767621,130.571556,0.129852,185.068078,283.59702,0.86,742.525086,885.769634,145.535243,0.015956
Analog,2025-06-06 23:00:00,54.888241,98.254461,0.163259,136.111277,208.248996,0.918333,663.277098,716.693014,109.776481,0.01495
Analog,2025-06-07 23:00:00,49.923136,90.343179,0.107407,112.888654,167.301564,0.958333,504.334261,736.618701,99.846272,0.01581
Analog,2025-06-08 23:00:00,142.259098,264.078722,0.18137,329.682,583.26489,0.55,396.134463,2186.797209,284.518196,0.017186
Analog,2025-06-09 23:00:00,158.450378,282.380471,0.266926,418.346433,463.32487,0.77,959.889225,1659.347475,316.900757,0.014987
Analog,2025-06-10 23:00:00,156.853248,279.800283,0.227704,410.813078,619.767137,0.756667,1055.002257,1739.392562,313.706496,0.015238
Analog,2025-06-11 23:00:00,87.501176,156.686501,0.176222,205.729317,267.232585,0.876667,1086.534943,1231.011777,175.002352,0.015238
Analog,2025-06-12 23:00:00,109.909105,197.327637,0.239037,268.055275,312.635153,0.798333,970.660156,1471.081542,219.818211,0.015286
Analog,2025-06-13 23:00:00,82.015253,146.341952,0.295778,212.382374,262.11393,0.625,710.974131,946.516004,164.030506,0.017172
Analog,2025-06-14 23:00:00,90.755876,162.629933,0.350111,224.226277,245.009222,0.493333,597.757331,1117.207908,181.511752,0.016581
Analog,2025-06-15 23:00:00,64.217634,114.550354,0.138074,163.816185,263.979144,0.845,561.329706,751.599378,128.435268,0.015065
Analog,2025-06-16 23:00:00,38.143999,68.551092,0.138667,92.957248,126.117087,0.973333,546.852259,553.716673,76.287999,0.016495
Analog,2025-06-17 23:00:00,52.045345,95.372113,0.129185,117.214823,182.440626,0.943333,450.011283,807.732591,104.09069,0.016376
Analog,2025-06-18 23:00:00,71.828552,129.814821,0.238926,179.801963,259.358534,0.608333,515.390602,941.885702,143.657103,0.015808
Analog,2025-06-19 23:00:00,125.450784,224.844439,0.370593,322.574298,401.348365,0.51,614.92784,1437.70589,250.901569,0.016884
Analog,2025-06-20 23:00:00,117.64594,210.1713,0.248593,294.508711,418.093105,0.745,961.249993,1374.158962,235.291881,0.015259
Analog,2025-06-21 23:00:00,133.823242,239.448116,0.375444,335.510502,408.264315,0.503333,1002.31675,1582.442087,267.646485,0.017151
Analog,2025-06-22 23:00:00,64.518713,115.991091,0.094926,153.929985,207.555019,0.95,893.325498,925.245414,129.037426,0.01796
Analog,2025-06-23 23:00:00,68.961452,123.977792,0.167148,162.968655,281.544795,0.855,633.755102,927.111107,137.922905,0.015831
Analog,2025-06-24 23:00:00,75.597751,135.450264,0.182704,187.163473,271.373946,0.945,760.068938,931.655478,151.195501,0.014579
Analog,2025-06-25 23:00:00,43.558314,78.238019,0.189037,100.061571,141.522946,0.998333,664.472917,666.38495,87.116628,0.014165
Analog,2025-06-26 23:00:00,43.210498,77.904524,0.174852,108.505485,153.092463,0.925,450.101148,552.563831,86.420997,0.014655
Analog,2025-06-27 23:00:00,29.349534,52.728017,0.256519,74.155413,88.124268,0.905,372.624982,397.649463,58.699068,0.015508
Analog,2025-06-28 23:00:00,46.879653,83.71508,0.348037,118.453607,148.11877,0.47,313.035019,558.885212,93.759306,0.01546
Analog,2025-06-29 23:00:00,27.35236,48.973259,0.167778,65.586308,91.443566,0.845,271.319423,345.121972,54.70472,0.017069
Analog,2025-06-30 23:00:00,47.393756,86.820801,0.198,112.388843,212.71533,0.876667,264.491953,687.631312,94.787512,0.016315
Analog,2025-07-01 23:00:00,41.232153,74.042541,0.219667,103.580685,142.577983,0.928333,487.155389,515.419962,82.464306,0.015989
Analog,2025-07-02 23:00:00,46.004119,83.733362,0.121111,108.590994,180.937339,0.915,330.559824,636.495304,92.008239,0.016222
Analog,2025-07-03 23:00:00,30.427294,54.385625,0.181,70.297122,104.65671,0.936667,389.572081,411.532235,60.854588,0.016599
Analog,2025-07-04 23:00:00,115.067036,211.195566,0.252889,271.719791,350.287585,0.515,398.491454,1672.151597,230.134073,0.015881
Analog,2025-07-05 23:00:00,84.43825,151.331094,0.16463,208.549366,257.416212,0.77,785.618612,1094.740105,168.876501,0.016933
Analog,2025-07-06 23:00:00,79.27723,141.492985,0.213296,207.097585,280.133895,0.868333,592.038398,864.796096,158.554461,0.016708
Analog,2025-07-07 23:00:00,59.595016,106.343454,0.188074,151.425464,193.815742,0.92,672.901485,770.139134,119.190032,0.016959
Analog,2025-07-08 23:00:00,36.193179,65.029227,0.117926,86.276526,129.850083,0.965,467.749838,479.939451,72.386357,0.01503
Analog,2025-07-09 23:00:00,54.599522,98.099776,0.093704,129.327006,221.432989,0.758333,403.795769,741.413565,109.199045,0.016208
Analog,2025-07-10 23:00:00,82.083208,149.34362,0.180074,201.255466,295.894192,0.815,497.561783,1115.93857,164.166416,0.016633
Analog,2025-07-11 23:00:00,59.031976,105.658796,0.151407,142.755469,187.706154,0.91,694.506305,794.588525,118.063951,0.017384
Analog,2025-07-12 23:00:00,75.638274,134.944345,0.242704,195.659835,239.158017,0.6,582.616845,843.816492,151.276548,0.017412
Analog,2025-07-13 23:00:00,40.1253,72.064355,0.16,92.754244,128.301853,0.948333,562.376157,586.566482,80.250601,0.018267
Analog,2025-07-14 23:00:00,51.244193,92.156851,0.129296,129.856102,234.911592,0.903333,436.484071,636.95037,102.488386,0.015028
Analog,2025-07-15 23:00:00,47.953739,85.896954,0.254926,122.718056,176.36026,0.933333,567.529905,601.404918,95.907478,0.013536
Analog,2025-07-16 23:00:00,43.674208,78.279738,0.237037,109.735736,155.151166,0.881667,502.671031,541.654737,87.348417,0.017231
Analog,2025-07-17 23:00:00,46.952017,83.933481,0.290333,122.714408,181.124809,0.863333,489.253405,558.95951,93.904033,0.01762
Analog,2025-07-18 23:00:00,50.976489,90.991552,0.323111,127.326325,163.547319,0.73,510.190792,610.166458,101.952979,0.015035
Analog,2025-07-19 23:00:00,70.583858,127.397607,0.200111,172.815151,305.877897,0.723333,471.318025,918.929387,141.167715,0.017081
Analog,2025-07-20 23:00:00,55.086745,99.25035,0.144185,144.279283,235.944078,0.941667,656.086331,701.772001,110.17349,0.016873
Analog,2025-07-21 23:00:00,52.614732,94.647548,0.127778,119.690172,179.409959,0.975,746.947687,756.667087,105.229464,0.015763
Analog,2025-07-22 23:00:00,57.927131,103.492852,0.144556,143.047081,284.734952,0.956667,651.13528,718.715964,115.854262,0.016437
Analog,2025-07-23 23:00:00,50.774876,91.35196,0.202481,115.540141,154.946758,0.931667,730.72107,748.131223,101.549752,0.01497
Analog,2025-07-24 23:00:00,72.605096,129.849369,0.219,191.722952,322.049738,0.871667,670.937396,811.595885,145.210193,0.016083
Analog,2025-07-25 23:00:00,53.846075,96.542191,0.188481,137.645401,197.296132,0.881667,644.354687,673.227537,107.69215,0.014844
Analog,2025-07-26 23:00:00,88.848593,158.1932,0.421111,229.497795,283.617218,0.425,611.785199,986.205247,177.697186,0.013856
Analog,2025-07-27 23:00:00,35.034075,62.96991,0.230852,87.624007,113.429131,0.968333,464.803193,490.446734,70.06815,0.014106
Analog,2025-07-28 23:00:00,48.61265,86.90147,0.321926,124.708444,170.767171,0.648333,308.232587,557.692481,97.2253,0.015618
Analog,2025-07-29 23:00:00,41.699644,74.503611,0.206222,103.153273,159.050328,0.845,376.834868,518.334949,83.399287,0.01459
Analog,2025-07-30 23:00:00,44.375463,79.463105,0.280148,114.196289,150.060454,0.8,453.866778,543.65214,88.750927,0.014845
Analog,2025-07-31 23:00:00,23.421203,42.095819,0.146222,53.04496,79.187076,0.981667,354.595777,355.734277,46.842406,0.016031
Analog,2025-08-01 23:00:00,21.263966,38.207802,0.181481,51.547336,69.137002,0.931667,267.503449,283.480537,42.527932,0.014453
Analog,2025-08-02 23:00:00,35.360428,63.820226,0.18063,84.271231,146.676129,0.798333,221.297567,480.57516,70.720856,0.014908
Analog,2025-08-03 23:00:00,61.672439,113.057176,0.181,151.686018,323.569669,0.815,345.413529,862.932575,123.344877,0.015674
Analog,2025-08-04 23:00:00,40.442718,72.660234,0.127407,96.964331,171.158944,0.986667,570.473465,571.54099,80.885435,0.015012
Analog,2025-08-05 23:00:00,48.061217,86.250525,0.229667,111.028557,172.699125,0.9,626.743268,673.449297,96.122434,0.015412
Analog,2025-08-06 23:00:00,61.721829,110.227581,0.299037,165.374401,223.100009,0.815,545.77475,649.792212,123.443658,0.015358
Analog,2025-08-07 23:00:00,51.200252,91.634344,0.093889,134.718077,203.660287,0.953333,567.667912,583.268007,102.400503,0.016373
Analog,2025-08-08 23:00:00,69.013086,123.483789,0.129259,179.287693,243.037952,0.885,743.874697,805.634261,138.026173,0.016906
Analog,2025-08-09 23:00:00,71.213704,127.777459,0.26637,170.94656,212.452082,0.736667,729.725694,949.370405,142.427408,0.017134
Analog,2025-08-10 23:00:00,111.105583,204.137336,0.147444,266.028949,424.606382,0.891667,737.879913,1610.282025,222.211165,0.01458
Analog,2025-08-11 23:00:00,112.441711,201.164073,0.122704,290.655146,435.21499,0.916667,1074.082629,1322.027705,224.883422,0.017139
Analog,2025-08-12 23:00:00,151.304225,270.64102,0.248815,390.267252,490.838452,0.756667,1178.708516,1733.915103,302.608449,0.014606
Analog,2025-08-13 23:00:00,79.333584,142.053529,0.22263,200.60314,317.027735,0.891667,829.660786,958.941553,158.667169,0.016718
Analog,2025-08-14 23:00:00,131.919278,234.590553,0.263704,343.643833,475.05143,0.723333,752.780942,1527.858294,263.838556,0.016681
Analog,2025-08-15 23:00:00,102.356044,183.115032,0.145444,256.509715,304.178406,0.72,1075.452878,1298.134078,204.712087,0.014633
Analog,2025-08-16 23:00:00,80.275762,143.644825,0.187519,200.138808,253.919103,0.955,988.520289,1012.870096,160.551524,0.01563
Analog,2025-08-17 23:00:00,99.779362,178.39673,0.076741,261.999671,381.188942,0.88,967.094186,1139.595979,199.558724,0.016813
Analog,2025-08-18 23:00:00,83.90247,150.587219,0.099148,203.238254,282.664198,0.935,1002.603691,1083.159481,167.804941,0.017135
Analog,2025-08-19 23:00:00,191.261595,340.320089,0.232778,485.418258,718.411592,0.746667,1175.555124,2149.106131,382.52319,0.016774
Analog,2025-08-20 23:00:00,110.789441,199.517267,0.19337,247.341092,318.795335,0.97,1600.106026,1622.370253,221.578881,0.014977
Analog,2025-08-21 23:00:00,136.072398,244.703805,0.132926,321.799759,458.46203,0.978333,1907.696773,1953.940049,272.144795,0.016763
Analog,2025-08-22 23:00:00,117.815484,210.353565,0.238037,297.607031,366.455805,0.796667,1181.452055,1422.214824,235.630969,0.016279
Analog,2025-08-23 23:00:00,111.45089,199.227418,0.314222,288.134911,336.321085,0.738333,1114.06652,1325.776726,222.901781,0.0147
Analog,2025-08-24 23:00:00,81.721077,146.478823,0.15137,191.228698,261.761166,0.861667,979.297046,1089.958089,163.442154,0.015734
Analog,2025-08-25 23:00:00,69.573879,125.091501,0.18237,165.964385,219.966167,0.946667,868.716634,938.721215,139.147759,0.014782
Analog,2025-08-26 23:00:00,56.319371,101.095791,0.184815,142.12186,184.331136,0.926667,668.007246,753.967294,112.638742,0.016096
Analog,2025-08-27 23:00:00,58.924366,105.379138,0.285481,141.646453,173.252955,0.601667,599.908909,754.78395,117.848731,0.017937
Analog,2025-08-28 23:00:00,75.697424,135.32235,0.168481,186.01737,286.944203,0.85,616.916641,971.32839,151.394848,0.016863
Analog,2025-08-29 23:00:00,69.268318,124.506232,0.230148,173.380514,240.281204,0.78,696.322095,883.147337,138.536635,0.016254
Analog,2025-08-30 23:00:00,45.77693,82.336766,0.238296,104.819712,129.732789,0.91,622.240041,657.828519,91.553859,0.018654
Analog,2025-08-31 23:00:00,123.07394,222.833428,0.231852,296.712029,467.122232,0.648333,460.685952,1672.352776,246.147881,0.015982
Analog,2025-09-01 23:00:00,141.731415,252.229277,0.170815,367.62124,595.892002,0.815,918.622046,1592.441224,283.46283,0.015719
Analog,2025-09-02 23:00:00,117.525909,210.059549,0.260852,311.117154,412.152158,0.908333,1326.947953,1388.182026,235.051818,0.015198
Analog,2025-09-03 23:00:00,88.697278,159.545074,0.117741,207.288001,297.732152,0.941667,1151.30684,1193.027343,177.394557,0.016582
Analog,2025-09-04 23:00:00,64.283082,115.118903,0.126222,159.97248,239.877323,0.923333,719.411499,800.175715,128.566165,0.015884
Analog,2025-09-05 23:00:00,102.405763,186.291627,0.190741,249.676593,320.08816,0.748333,682.410693,1406.318107,204.811526,0.015229
Analog,2025-09-06 23:00:00,94.870535,169.097263,0.208,253.49818,306.575218,0.743333,827.281945,1024.10916,189.741071,0.016647
Analog,2025-09-07 23:00:00,57.698337,103.42908,0.208667,138.961769,205.358849,0.903333,731.175723,790.456455,115.396674,0.016524
Analog,2025-09-08 23:00:00,41.566586,74.799977,0.152259,93.780705,163.912915,0.96,548.219087,570.106617,83.133172,0.014368
Analog,2025-09-09 23:00:00,71.06401,126.659406,0.208667,182.449722,269.830715,0.771667,627.538137,822.569518,142.12802,0.01578
Analog,2025-09-10 23:00:00,59.931654,107.407837,0.11363,155.531966,247.729302,0.985,724.642059,750.384855,119.863308,0.015743
Analog,2025-09-11 23:00:00,72.477459,129.739667,0.189926,174.986778,256.814966,0.938333,901.661636,984.561682,144.954918,0.016008
Analog,2025-09-12 23:00:00,87.620904,156.421198,0.23263,228.854851,324.278436,0.865,920.353498,1022.237722,175.241808,0.016678
Analog,2025-09-13 23:00:00,57.622975,103.336837,0.234778,142.630592,188.164648,0.903333,689.457862,746.869636,115.24595,0.014741
Analog,2025-09-14 23:00:00,48.010031,85.970075,0.179,121.983534,177.307093,0.813333,486.233159,606.238034,96.020062,0.014737
Analog,2025-09-15 23:00:00,29.047953,52.051493,0.157222,70.649157,123.289862,0.953333,340.102885,379.746932,58.095907,0.01341
Analog,2025-09-16 23:00:00,66.397082,120.462413,0.178407,155.930797,339.025954,0.828333,351.998649,951.843572,132.794164,0.015251
Analog,2025-09-17 23:00:00,35.567748,64.034121,0.153296,76.92965,127.586844,0.973333,516.912649,524.140938,71.135495,0.015662
Analog,2025-09-18 23:00:00,40.508423,72.575073,0.176852,104.45202,170.820227,0.966667,484.815455,497.838644,81.016845,0.016061
Analog,2025-09-19 23:00:00,46.732516,83.725026,0.140259,119.811991,199.93609,0.958333,512.321285,587.880893,93.465032,0.014773
Analog,2025-09-20 23:00:00,74.152949,132.545298,0.349889,192.683704,273.837057,0.61,557.078683,851.659305,148.305897,0.015022
Analog,2025-09-21 23:00:00,38.650603,69.282652,0.184296,95.73718,163.639312,0.858333,393.035372,481.806666,77.301205,0.015835
Analog,2025-09-22 23:00:00,37.270959,66.532453,0.090407,101.793847,172.252274,0.883333,326.14646,381.723564,74.541918,0.01567
Analog,2025-09-23 23:00:00,36.105835,64.815501,0.137556,81.329074,121.244131,0.926667,391.97415,495.737,72.211671,0.01541
Analog,2025-09-24 23:00:00,113.893785,208.018451,0.13737,275.371883,509.641892,0.703333,380.373766,1558.666165,227.787571,0.016778
Analog,2025-09-25 23:00:00,106.525916,190.154297,0.220148,267.696218,380.187071,0.693333,745.834105,1268.380464,213.051832,0.015081
Analog,2025-09-26 23:00:00,117.372885,212.20577,0.181,286.419918,387.180141,0.74,747.035549,1582.186739,234.745771,0.015875
Analog,2025-09-27 23:00:00,109.172245,197.706069,0.364926,260.944673,307.313244,0.421667,729.77266,1465.789652,218.34449,0.016868
Analog,2025-09-28 23:00:00,58.589277,105.203792,0.19537,135.193265,182.528772,0.941667,685.491691,820.274238,117.178553,0.013945
Analog,2025-09-29 23:00:00,46.691347,83.262743,0.127185,118.590221,181.882756,0.89,299.678839,576.731477,93.382694,0.014654
Analog,2025-09-30 23:00:00,35.302638,63.422224,0.135444,89.790132,134.791474,0.911667,430.993852,450.631877,70.605276,0.016433
Analog,2025-10-01 23:00:00,40.260162,72.324141,0.157037,101.586957,127.632192,0.821667,371.998361,486.527983,80.520323,0.017334
Analog,2025-10-02 23:00:00,45.704775,81.97012,0.325,113.329017,149.795868,0.541667,325.35985,569.156557,91.409551,0.016077
Analog,2025-10-03 23:00:00,40.424998,72.364663,0.136889,98.122905,152.324466,0.763333,378.141783,525.675501,80.849997,0.015781
Analog,2025-10-04 23:00:00,73.591741,132.088061,0.156778,179.896823,302.698683,0.63,388.892553,922.095222,147.183483,0.015754
Analog,2025-10-05 23:00:00,44.333053,80.017123,0.141852,104.723192,151.51366,0.953333,594.135659,602.387887,88.666106,0.01482
Analog,2025-10-06 23:00:00,50.394868,90.329409,0.181481,127.852064,220.074279,0.935,538.978539,637.245167,100.789735,0.016048
Analog,2025-10-07 23:00:00,39.500349,71.122193,0.102185,94.353691,147.598708,0.96,526.471219,557.545362,79.000697,0.014775
Analog,2025-10-08 23:00:00,36.119048,64.7449,0.150778,83.162558,114.649721,0.953333,506.164084,517.34199,72.238095,0.016033
Analog,2025-10-09 23:00:00,28.318253,50.890428,0.184778,66.016513,91.769137,0.863333,333.623202,388.875228,56.636505,0.014631
Analog,2025-10-10 23:00:00,24.431066,44.043774,0.17463,61.018492,76.171767,0.773333,235.016385,299.927777,48.862131,0.01651
Analog,2025-10-11 23:00:00,69.636526,129.17108,0.189556,155.537317,217.722866,0.46,233.944122,1097.279376,139.273052,0.014511
Analog,2025-10-12 23:00:00,44.439729,79.414473,0.119333,109.884501,150.765096,0.843333,485.807799,579.332565,88.879458,0.016329
Analog,2025-10-13 23:00:00,50.880418,91.111077,0.300778,124.301182,151.630449,0.63,387.54389,637.772134,101.760837,0.015744
Analog,2025-10-14 23:00:00,20.125182,36.816285,0.173556,43.711879,71.192584,0.858333,226.302774,320.630143,40.250363,0.016231
Analog,2025-10-15 23:00:00,68.132112,127.314502,0.274444,155.464085,270.785518,0.495,166.69053,1081.774918,136.264223,0.014873
Analog,2025-10-16 23:00:00,228.308194,420.751164,0.344037,528.689005,628.644123,0.415,404.882826,3408.089803,456.616389,0.015412
Analog,2025-10-17 23:00:00,118.513753,211.844969,0.197556,299.264222,363.554668,0.826667,1237.250326,1466.476169,237.027507,0.015987
Analog,2025-10-18 23:00:00,244.607998,444.838982,0.379852,566.450383,627.801496,0.335,833.967541,3610.724222,489.215995,0.014555
Analog,2025-10-19 23:00:00,63.667307,114.93865,0.221519,151.840478,190.662169,0.923333,844.289255,935.684411,127.334613,0.017217
Analog,2025-10-20 23:00:00,27.628559,49.841159,0.143074,61.380523,88.70723,0.956667,369.603154,409.506518,55.257119,0.017605
Analog,2025-10-21 23:00:00,27.374613,48.931397,0.264148,69.752321,85.949754,0.668333,240.006153,321.168391,54.749225,0.014121
Analog,2025-10-22 23:00:00,59.994393,108.419833,0.430741,144.93098,212.035787,0.311667,242.040893,806.299522,119.988786,0.014827
Analog,2025-10-23 23:00:00,43.963778,78.949456,0.150185,103.969945,241.538047,0.881667,359.488082,578.240702,87.927557,0.015266
Analog,2025-10-24 23:00:00,147.105008,272.400487,0.275333,334.98409,486.053586,0.655,495.60937,2294.211903,294.210016,0.014433
Analog,2025-10-25 23:00:00,146.582829,261.584033,0.213407,376.873166,463.573411,0.646667,1094.614976,1668.369941,293.165657,0.015166
Analog,2025-10-26 23:00:00,184.209665,332.429259,0.289593,455.481664,509.325016,0.52,1074.847951,2416.626351,368.41933,0.014566
Analog,2025-10-27 23:00:00,65.637202,117.791488,0.135704,149.88018,225.149015,0.875,810.586377,922.718118,131.274404,0.016153
Analog,2025-10-28 23:00:00,57.330737,102.281448,0.299,144.808722,203.792497,0.648333,486.389943,695.522925,114.661474,0.015555
Analog,2025-10-29 23:00:00,43.334897,78.079854,0.167148,105.158183,132.948318,0.851667,382.32629,577.89159,86.669794,0.01735
Analog,2025-10-30 23:00:00,19.030094,34.428238,0.291815,46.654626,63.150517,0.666667,177.87154,248.03595,38.060188,0.014497
Analog,2025-10-31 23:00:00,34.550323,62.184762,0.329556,83.290512,107.713569,0.443333,179.363353,465.23551,69.100647,0.016456
Analog,2025-11-01 23:00:00,57.885971,110.091571,0.406259,126.620354,164.826136,0.363333,200.594629,991.050625,115.771942,0.017191
Analog,2025-11-02 23:00:00,26.88423,48.295268,0.148111,63.753224,74.903379,0.895,356.881862,386.025174,53.768459,0.015141
Analog,2025-11-03 23:00:00,19.839639,35.655729,0.196,45.88016,56.489184,0.913333,248.503494,297.305331,39.679278,0.015025
Analog,2025-11-04 23:00:00,10.468882,18.811486,0.20063,25.781215,32.929345,0.743333,95.358717,139.499195,20.937764,0.015317
Analog,2025-11-05 23:00:00,49.372282,93.318406,0.272444,108.476127,238.670176,0.54,79.453052,833.723055,98.744565,0.017027
Analog,2025-11-06 23:00:00,62.67243,111.77543,0.32763,173.5468,229.327532,0.653333,336.015342,625.408827,125.34486,0.014616
Analog,2025-11-07 23:00:00,124.195511,225.902469,0.258037,298.340733,392.549337,0.506667,423.934321,1698.129123,248.391021,0.016106
Analog,2025-11-08 23:00:00,123.295532,220.664467,0.387741,298.57525,369.198513,0.385,846.512575,1611.041668,246.591065,0.016772
Analog,2025-11-09 23:00:00,47.262042,85.074877,0.254333,115.349405,144.646809,0.825,548.802958,629.264909,94.524085,0.015147
Analog,2025-11-10 23:00:00,18.829381,33.873217,0.151778,45.214328,58.824047,0.815,199.60146,255.026279,37.658762,0.016441
Analog,2025-11-11 23:00:00,18.423565,33.646847,0.180296,44.433571,62.98033,0.768333,140.403674,261.334225,36.847129,0.015492
Analog,2025-11-12 23:00:00,16.989749,30.644757,0.113074,40.734506,53.580988,0.766667,147.797285,232.90208,33.979497,0.014607
Analog,2025-11-13 23:00:00,33.747504,60.848039,0.361333,85.915556,113.058735,0.515,148.091861,416.333502,67.495009,0.015999
Analog,2025-11-14 23:00:00,80.955644,147.726372,0.296778,192.391045,243.096999,0.398333,212.946031,1162.556373,161.911288,0.015072
Analog,2025-11-15 23:00:00,56.187599,100.627136,0.257852,138.435546,160.162817,0.67,480.523333,702.333876,112.375199,0.014458
Analog,2025-11-16 23:00:00,64.536593,115.302388,0.304481,172.537719,207.526336,0.706667,523.392057,700.501375,129.073185,0.015244
Analog,2025-11-17 23:00:00,48.451854,87.072986,0.324222,121.425422,153.104196,0.603333,309.407045,598.139955,96.903708,0.014773
Analog,2025-11-18 23:00:00,51.494374,93.062845,0.203407,127.01239,173.367992,0.733333,325.232454,667.023952,102.988747,0.014925
Analog,2025-11-19 23:00:00,147.885202,267.158078,0.265778,348.866792,498.078868,0.481667,391.400226,2058.614463,295.770404,0.014903
Analog,2025-11-20 23:00:00,194.051076,349.178299,0.332185,478.977117,575.722512,0.52,947.810114,2504.498133,388.102151,0.016029
Analog,2025-11-21 23:00:00,194.679222,347.246421,0.404259,504.658705,536.766882,0.323333,1030.551159,2290.826655,389.358445,0.015772
Analog,2025-11-22 23:00:00,99.397054,177.652545,0.339741,263.661347,296.775948,0.74,850.3363,1110.302505,198.794108,0.015411
Analog,2025-11-23 23:00:00,82.156255,146.297855,0.275667,211.466756,336.117901,0.701667,432.630468,936.832557,164.312511,0.015529
Analog,2025-11-24 23:00:00,100.857698,179.47775,0.294667,283.134018,360.602433,0.741667,631.54171,980.203175,201.715396,0.014675
Analog,2025-11-25 23:00:00,89.394131,160.236655,0.348074,227.633132,299.794208,0.583333,768.18402,1103.009281,178.788262,0.01382
Analog,2025-11-26 23:00:00,42.259664,75.83617,0.250407,100.359048,127.276216,0.856667,501.357643,602.480017,84.519329,0.015573
Analog,2025-11-27 23:00:00,51.073053,95.258286,0.213926,116.54088,192.517082,0.646667,158.803138,802.181969,102.146106,0.014675
Analog,2025-11-28 23:00:00,41.649115,75.843192,0.274111,98.253723,131.632209,0.583333,328.520848,601.823186,83.298229,0.014082
Analog,2025-11-29 23:00:00,42.704241,76.643609,0.284963,107.240987,126.234503,0.576667,284.562003,507.347942,85.408483,0.014792
Analog,2025-11-30 23:00:00,103.003998,191.959643,0.353222,237.061251,374.353982,0.433333,237.788823,1599.057262,206.007997,0.013561
Analog,2025-12-01 23:00:00,78.601711,141.791286,0.203148,200.722425,342.560302,0.818333,609.213388,1022.796101,157.203422,0.016083
Analog,2025-12-02 23:00:00,59.051178,106.35774,0.197556,136.781788,171.678417,0.891667,681.190434,811.487792,118.102355,0.013989
Analog,2025-12-03 23:00:00,174.04429,315.939507,0.322926,417.972646,465.042923,0.508333,585.876289,2445.761848,348.08858,0.01432
Analog,2025-12-04 23:00:00,74.271811,133.711623,0.157,171.701577,222.699496,0.853333,899.237597,1043.358489,148.543622,0.016708
Analog,2025-12-05 23:00:00,217.056228,402.625555,0.191222,501.799021,662.80949,0.35,500.06199,3269.931579,434.112456,0.015393
Analog,2025-12-06 23:00:00,197.034483,359.180166,0.354778,460.343157,521.342086,0.478333,1337.845948,2881.495141,394.068966,0.016317
Analog,2025-12-07 23:00:00,112.076016,200.658653,0.213148,273.344966,364.169453,0.791667,1057.02154,1462.298111,224.152033,0.016386
Analog,2025-12-08 23:00:00,126.763714,233.716004,0.267259,300.877606,409.835259,0.585,458.868784,1816.126178,253.527428,0.016172
Analog,2025-12-09 23:00:00,99.29365,178.472047,0.139444,255.854669,333.927969,0.678333,839.850601,1184.770948,198.5873,0.016538
Analog,2025-12-10 23:00:00,116.964279,209.299243,0.367593,297.466614,384.945631,0.438333,876.976066,1402.093939,233.928558,0.014362
Analog,2025-12-11 23:00:00,87.317279,157.271294,0.209222,214.098958,298.687889,0.891667,611.574477,1173.038504,174.634558,0.014863
Analog,2025-12-12 23:00:00,81.205019,146.065709,0.13837,203.598347,281.090128,0.693333,793.533316,1077.920139,162.410039,0.014389
Analog,2025-12-13 23:00:00,124.303717,224.182525,0.406222,311.866212,414.330319,0.351667,741.857766,1510.646549,248.607434,0.015119
Analog,2025-12-14 23:00:00,94.84071,170.897193,0.161963,236.083266,329.788709,0.756667,796.647223,1254.263447,189.681421,0.01566
Analog,2025-12-15 23:00:00,79.467973,142.275696,0.106296,204.348297,286.202808,0.863333,833.141971,980.572231,158.935947,0.01679
Analog,2025-12-16 23:00:00,127.645023,229.649814,0.168593,318.406945,459.691431,0.776667,697.123003,1596.222561,255.290046,0.016101
Analog,2025-12-17 23:00:00,98.933037,177.258118,0.230556,241.079771,326.760515,0.78,1051.076358,1306.963792,197.866073,0.014373
Analog,2025-12-18 23:00:00,161.409594,291.096549,0.387815,391.94041,465.524439,0.433333,872.085103,2113.51455,322.819188,0.015288
Analog,2025-12-19 23:00:00,54.574157,98.802053,0.216519,135.045463,191.616724,0.928333,725.531594,744.953538,109.148314,0.013239
Analog,2025-12-20 23:00:00,45.930435,82.971777,0.175778,107.69437,170.56193,0.658333,308.012279,668.853916,91.86087,0.013673
Analog,2025-12-21 23:00:00,26.77978,48.395796,0.192481,58.981805,80.886552,0.98,423.350371,430.464944,53.55956,0.014063
Analog,2025-12-22 23:00:00,59.164274,109.349537,0.170185,129.989844,230.341757,0.933333,287.601867,964.397393,118.328548,0.014124
Analog,2025-12-23 23:00:00,56.406753,102.609773,0.293037,134.177714,200.307163,0.48,406.256634,794.339787,112.813507,0.013339
Analog,2025-12-24 23:00:00,83.201266,150.201063,0.409778,193.928666,228.5695,0.308333,355.850125,1146.080556,166.402531,0.015621
Analog,2025-12-25 23:00:00,26.126213,47.126361,0.183111,60.318292,71.870655,0.893333,351.563021,367.72599,52.252427,0.015617
Analog,2025-12-26 23:00:00,27.307982,49.148303,0.245481,67.372052,77.975857,0.786667,282.056472,344.42931,54.615965,0.014606
Analog,2025-12-27 23:00:00,32.460047,59.104241,0.156667,80.500753,137.717614,0.696667,175.605855,435.550177,64.920095,0.013871
Analog,2025-12-28 23:00:00,26.631879,48.254975,0.175593,62.727193,81.96094,0.92,343.956383,396.019687,53.263759,0.015655
Analog,2025-12-29 23:00:00,17.515753,31.603142,0.13137,38.822333,45.751529,0.88,244.019104,269.198301,35.031506,0.014879
Analog,2025-12-30 23:00:00,43.228697,83.05361,0.190407,94.163856,129.088571,0.518333,83.036012,749.729732,86.457394,0.014365
Analog,2025-12-31 23:00:00,50.661606,90.835734,0.273444,131.960189,152.874961,0.571667,252.470504,511.110355,101.323212,0.013508
Analog,2026-01-01 23:00:00,29.792561,53.628042,0.12237,71.979528,86.4693,0.855,355.304927,409.933221,59.585122,0.017623
Analog,2026-01-02 23:00:00,49.195412,87.872953,0.31363,131.021517,143.612001,0.658333,328.433979,516.569926,98.390824,0.014927
Analog,2026-01-03 23:00:00,30.077619,54.031689,0.111815,76.295898,94.228532,0.885,335.673161,357.863265,60.155239,0.014771
Analog,2026-01-04 23:00:00,43.926735,78.501063,0.233185,117.102793,181.092312,0.803333,270.741102,470.996446,87.853469,0.014299
Analog,2026-01-05 23:00:00,35.428727,63.698025,0.10963,78.793341,117.00145,0.933333,443.333042,488.887813,70.857454,0.014484
Analog,2026-01-06 23:00:00,35.055163,62.546639,0.211741,91.686063,112.162203,0.75,348.930284,406.173802,70.110325,0.01468
Analog,2026-01-07 23:00:00,79.697658,146.870265,0.256778,191.513027,280.187813,0.726667,279.092489,1113.243127,159.395316,0.014827
Analog,2026-01-08 23:00:00,357.211715,667.620006,0.41,792.608294,1006.160017,0.196667,480.916309,5849.793356,714.423429,0.015656
Analog,2026-01-09 23:00:00,233.517489,417.975948,0.376296,568.41956,728.83863,0.486667,1794.104017,2980.635784,467.034978,0.015205
Analog,2026-01-10 23:00:00,92.628723,166.463125,0.292111,242.541903,284.390664,0.875,1094.918605,1174.407527,185.257447,0.013931
Analog,2026-01-11 23:00:00,48.48632,87.248701,0.149852,112.426186,164.641175,0.755,399.918843,680.712586,96.97264,0.014623
Analog,2026-01-12 23:00:00,66.771975,120.065906,0.234667,172.057907,216.535769,0.693333,447.487889,792.51618,133.54395,0.014632
Analog,2026-01-13 23:00:00,59.577174,106.536061,0.3,158.935611,191.517367,0.745,528.222545,676.089232,119.154348,0.016098
Analog,2026-01-14 23:00:00,29.564581,53.137652,0.147741,70.775976,91.905256,0.878333,367.727274,408.75267,59.129162,0.017443
Analog,2026-01-15 23:00:00,24.217681,43.468124,0.157259,60.896218,76.22339,0.691667,212.955886,288.721051,48.435361,0.01445
Analog,2026-01-16 23:00:00,26.520035,47.77185,0.127259,65.45616,82.362639,0.76,225.988302,332.94119,53.04007,0.015362
Analog,2026-01-17 23:00:00,13.206668,23.773879,0.178704,31.570586,40.076116,0.86,156.548216,184.936984,26.413337,0.016949
Analog,2026-01-18 23:00:00,51.691471,94.629038,0.234333,121.022651,227.273085,0.613333,139.211766,758.653756,103.382942,0.016242
Analog,2026-01-19 23:00:00,36.548957,65.279145,0.102222,91.322931,147.120113,0.866667,366.86617,470.676669,73.097914,0.015273
Analog,2026-01-20 23:00:00,35.314069,63.167031,0.169333,94.013991,139.22947,0.796667,289.997227,396.114809,70.628138,0.015878
Analog,2026-01-21 23:00:00,54.420831,98.356824,0.193148,130.977008,166.811768,0.711667,301.848108,751.098006,108.841663,0.015696
Analog,2026-01-22 23:00:00,103.456859,188.362881,0.413185,251.981452,303.711346,0.313333,324.903381,1424.699414,206.913719,0.014221
Analog,2026-01-23 23:00:00,195.900811,358.847871,0.414074,452.057594,533.957346,0.261667,480.132827,2932.742077,391.801622,0.014128
Analog,2026-01-24 23:00:00,477.102322,880.738837,0.390556,1092.924587,1209.075773,0.208333,896.022294,7285.336273,954.204643,0.016553
Analog,2026-01-25 23:00:00,256.080504,459.05932,0.245963,659.378745,752.384211,0.736667,2209.155595,2968.992441,512.161008,0.015721
Analog,2026-01-26 23:00:00,123.570996,220.683267,0.206704,298.697609,368.472629,0.788333,1161.716245,1512.157965,247.141993,0.015497
Analog,2026-01-27 23:00:00,236.750636,426.42568,0.460741,594.211062,618.577043,0.275,903.449365,2876.34591,473.501272,0.01537
Analog,2026-01-28 23:00:00,200.864409,361.306062,0.45037,487.660803,564.625071,0.243333,724.042025,2748.407705,401.728817,0.014919
Analog,2026-01-29 23:00:00,273.977506,496.883455,0.479444,665.456345,678.911785,0.185,744.241033,3486.743982,547.955013,0.015679
Analog,2026-01-30 23:00:00,59.5715,106.994001,0.218148,142.537151,184.537129,0.856667,707.058348,811.536845,119.143,0.013843
Analog,2026-01-31 23:00:00,47.12346,87.156964,0.228444,109.581742,142.972267,0.55,208.344999,714.391019,94.246921,0.016502
Analog,2026-02-01 23:00:00,82.6641,147.6936,0.452778,214.946871,239.099354,0.345,313.028148,878.055994,165.3282,0.013933
Analog,2026-02-02 23:00:00,21.618706,39.347822,0.137704,44.655633,56.751156,0.996667,375.11156,375.47806,43.237412,0.014318
Analog,2026-02-03 23:00:00,16.471349,29.812751,0.217926,38.233684,49.571941,0.871667,229.930457,238.023624,32.942697,0.015045
Analog,2026-02-04 23:00:00,9.848095,17.80852,0.197593,24.044106,28.836799,0.795,97.891973,136.318175,19.69619,0.014912
Analog,2026-02-05 23:00:00,10.867287,19.575422,0.218963,27.440467,36.175979,0.66,78.766588,139.462614,21.734574,0.014482
Analog,2026-02-06 23:00:00,10.45717,18.895505,0.222333,25.302401,31.183079,0.696667,90.933217,141.209987,20.91434,0.014377
Analog,2026-02-07 23:00:00,25.60602,48.113384,0.271667,56.37891,79.127406,0.483333,77.958736,430.684802,51.212039,0.014913
Analog,2026-02-08 23:00:00,13.270704,23.935978,0.232111,30.137001,36.13166,0.84,176.552693,200.1714,26.541408,0.015873
Analog,2026-02-09 23:00:00,17.7136,31.764724,0.144185,39.739507,97.75932,0.848333,151.205175,259.126442,35.4272,0.014925
Analog,2026-02-10 23:00:00,37.413721,69.29549,0.17363,90.055272,156.956489,0.788333,210.800151,539.55794,74.827441,0.013674
Analog,2026-02-11 23:00:00,34.400609,61.470501,0.156074,86.610621,107.857911,0.926667,390.548907,433.467634,68.801218,0.015769
Analog,2026-02-12 23:00:00,38.125736,70.334106,0.206926,86.636463,121.556611,0.756667,231.642753,582.928564,76.251471,0.013708
Analog,2026-02-13 23:00:00,78.913592,146.654485,0.22537,179.610764,237.674612,0.488333,195.085875,1222.859737,157.827184,0.016504
Analog,2026-02-14 23:00:00,77.121678,140.884873,0.386963,179.140364,202.735201,0.365,443.491008,1123.032056,154.243356,0.014725
Analog,2026-02-15 23:00:00,26.379634,47.565446,0.159741,60.540271,76.584735,0.961667,388.651069,398.510696,52.759268,0.013358
Analog,2026-02-16 23:00:00,8.799345,15.91526,0.153037,18.685061,23.197407,0.938333,132.135361,136.715792,17.598689,0.014302
Analog,2026-02-17 23:00:00,6.256387,11.234109,0.157444,16.293653,20.890315,0.891667,68.106629,75.909647,12.512774,0.013459
Analog,2026-02-18 23:00:00,17.869851,32.136337,0.336259,45.633742,54.862735,0.558333,80.510667,207.550604,35.739701,0.01321
Analog,2026-02-19 23:00:00,120.881143,231.341912,0.306852,259.157083,442.157042,0.481667,129.428524,2127.618967,241.762286,0.014467
Analog,2026-02-20 23:00:00,142.996204,256.217879,0.205444,357.552963,505.90755,0.621667,782.624781,1735.864029,285.992409,0.01455
Analog,2026-02-21 23:00:00,167.109951,298.374252,0.374259,409.719319,472.769767,0.331667,1293.089538,2106.437669,334.219903,0.013403
Analog,2026-02-22 23:00:00,67.581023,121.285501,0.164222,164.95138,228.91655,0.97,866.334534,909.052492,135.162046,0.016962
Analog,2026-02-23 23:00:00,20.156224,36.275626,0.288,47.812939,63.052263,0.823333,264.447707,279.627814,40.312447,0.015448
Analog,2026-02-24 23:00:00,21.741914,39.187009,0.387074,51.414336,65.629126,0.36,104.630124,295.844686,43.483827,0.013228
Analog,2026-02-25 23:00:00,36.276728,66.330153,0.233852,84.586871,206.429948,0.876667,133.694313,552.180195,72.553456,0.013437
Analog,2026-02-26 23:00:00,44.785604,80.916021,0.212963,112.320204,161.379616,0.905,320.300656,612.017407,89.571207,0.015194
Analog,2026-02-27 23:00:00,58.296767,104.263753,0.215296,151.85029,221.916972,0.638333,478.588497,696.68792,116.593533,0.015011
Analog,2026-02-28 23:00:00,55.98417,100.342122,0.25237,136.930346,194.38206,0.643333,331.101607,690.616687,111.968339,0.016684
Analog-minimos-cuadrados,2021-04-01 23:00:00,117.099723,221.506072,0.482963,253.208036,315.840292,0.06,150.520922,2040.943283,234.199445,0.012924
Analog-minimos-cuadrados,2021-04-02 23:00:00,40.608324,72.990626,0.165667,92.613327,111.496965,0.885,542.600281,578.677411,81.216647,0.0119
Analog-minimos-cuadrados,2021-04-04 23:00:00,58.407775,104.687666,0.326593,157.539076,173.477417,0.725,457.236905,649.515805,116.815549,0.010846
Analog-minimos-cuadrados,2021-04-05 23:00:00,33.45736,60.053401,0.264667,86.057928,93.661495,0.986667,486.945929,488.818448,66.914719,0.011926
Analog-minimos-cuadrados,2021-04-06 23:00:00,21.960464,39.464267,0.120333,51.938397,89.375059,0.813333,155.412045,298.630896,43.920929,0.010681
Analog-minimos-cuadrados,2021-04-07 23:00:00,17.792769,32.06023,0.163519,42.333129,51.727034,0.825,215.181596,252.806932,35.585538,0.012713
Analog-minimos-cuadrados,2021-04-08 23:00:00,24.383815,43.760295,0.267556,63.675695,75.844233,0.641667,132.331939,279.943815,48.767629,0.011929
Analog-minimos-cuadrados,2021-04-09 23:00:00,159.690938,302.194063,0.421519,346.353519,385.762166,0.14,156.255555,2769.907218,319.381876,0.013027
Analog-minimos-cuadrados,2021-04-10 23:00:00,123.926181,221.619456,0.435185,307.625031,312.718897,0.221667,470.880919,1562.458723,247.852363,0.014345
Analog-minimos-cuadrados,2021-04-11 23:00:00,46.24185,83.232496,0.177519,106.864329,133.094962,0.908333,564.724537,641.174211,92.483699,0.014586
Analog-minimos-cuadrados,2021-04-12 23:00:00,21.190889,38.158147,0.103444,49.566882,68.150822,0.915,274.61046,301.215779,42.381777,0.013998
Analog-minimos-cuadrados,2021-04-13 23:00:00,117.654386,213.739458,0.438519,273.097162,322.047258,0.233333,210.343822,1721.369831,235.308773,0.013368
Analog-minimos-cuadrados,2021-04-14 23:00:00,32.494942,58.700759,0.174889,66.463667,82.301687,0.903333,470.524069,535.724331,64.989884,0.016383
Analog-minimos-cuadrados,2021-04-15 23:00:00,28.584208,51.576618,0.137407,68.278034,89.043681,0.803333,234.921222,411.347219,57.168416,0.015432
Analog-minimos-cuadrados,2021-04-16 23:00:00,129.606498,247.291629,0.486296,280.345851,284.84334,0.056667,207.822274,2244.822646,259.212997,0.014908
Analog-minimos-cuadrados,2021-04-17 23:00:00,42.488087,75.839634,0.31363,124.053752,133.853224,0.92,403.094622,420.191755,84.976174,0.015866
Analog-minimos-cuadrados,2021-04-18 23:00:00,17.030808,30.923118,0.171852,36.54747,89.256133,0.87,142.976472,277.00478,34.061616,0.014146
Analog-minimos-cuadrados,2021-04-19 23:00:00,14.124134,25.526239,0.208741,31.500861,38.88025,0.928333,208.945171,226.454442,28.248268,0.015681
Analog-minimos-cuadrados,2021-04-20 23:00:00,9.098982,16.420515,0.163519,20.348527,24.830366,0.945,134.866741,140.610053,18.197965,0.014308
Analog-minimos-cuadrados,2021-04-21 23:00:00,25.519388,47.62328,0.186593,57.759004,133.270962,0.816667,76.549705,413.91019,51.038777,0.014814
Analog-minimos-cuadrados,2021-04-22 23:00:00,53.602866,95.475857,0.27637,151.638546,186.511139,0.793333,295.623914,502.270238,107.205732,0.014159
Analog-minimos-cuadrados,2021-04-23 23:00:00,45.486085,82.545715,0.112481,112.094609,152.631608,0.815,385.531997,650.307309,90.972171,0.01594
Analog-minimos-cuadrados,2021-04-24 23:00:00,65.9988,118.619784,0.328185,161.7752,185.448263,0.54,472.206186,840.055876,131.9976,0.013472
Analog-minimos-cuadrados,2021-04-25 23:00:00,85.576886,153.449368,0.23263,207.378394,296.022779,0.538333,317.521114,1130.074654,171.153772,0.017847
Analog-minimos-cuadrados,2021-04-26 23:00:00,62.974513,112.558094,0.276407,164.501216,206.131129,0.761667,549.327067,699.173966,125.949027,0.014224
Analog-minimos-cuadrados,2021-04-27 23:00:00,35.303583,63.920506,0.18037,87.161277,110.405419,0.943333,463.514825,488.309349,70.607167,0.015142
Analog-minimos-cuadrados,2021-04-28 23:00:00,35.128727,63.291075,0.323704,85.329311,142.688993,0.533333,203.900834,466.495633,70.257455,0.017223
Analog-minimos-cuadrados,2021-04-29 23:00:00,27.372558,49.119302,0.263296,62.237054,80.23006,0.871667,369.593133,387.051588,54.745117,0.014863
Analog-minimos-cuadrados,2021-04-30 23:00:00,34.681988,64.838345,0.178889,78.115551,109.687069,0.785,192.206004,556.267278,69.363976,0.016122
Analog-minimos-cuadrados,2021-05-01 23:00:00,76.618461,144.750036,0.251741,167.161525,320.612301,0.386667,234.504148,1299.225058,153.236923,0.014907
Analog-minimos-cuadrados,2021-05-02 23:00:00,51.937847,93.442266,0.119444,119.765526,227.782358,0.88,536.001296,757.13848,103.875695,0.015252
Analog-minimos-cuadrados,2021-05-03 23:00:00,60.58968,109.389844,0.166333,134.711468,308.859115,0.893333,582.846793,920.444627,121.17936,0.017196
Analog-minimos-cuadrados,2021-05-04 23:00:00,51.476544,92.510909,0.243444,114.036882,139.522034,0.881667,725.965334,758.749729,102.953088,0.015243
Analog-minimos-cuadrados,2021-05-05 23:00:00,26.722193,48.399785,0.157741,54.189415,74.913916,0.985,441.695433,445.181684,53.444385,0.014908
Analog-minimos-cuadrados,2021-05-06 23:00:00,21.149744,37.675501,0.34837,55.760039,61.039019,0.633333,116.671809,232.113815,42.299487,0.015745
Analog-minimos-cuadrados,2021-05-07 23:00:00,31.063753,56.347111,0.387741,76.812022,95.330289,0.418333,104.865911,393.391411,62.127506,0.015278
Analog-minimos-cuadrados,2021-05-08 23:00:00,22.422722,40.133141,0.190704,51.933755,81.343293,0.718333,177.500304,299.510248,44.845443,0.01516
Analog-minimos-cuadrados,2021-05-09 23:00:00,16.683829,30.065095,0.197926,39.445447,57.327294,0.923333,198.459871,236.504715,33.367659,0.014528
Analog-minimos-cuadrados,2021-05-10 23:00:00,50.444622,93.031434,0.276704,118.700113,294.761571,0.718333,164.263247,732.594135,100.889244,0.013823
Analog-minimos-cuadrados,2021-05-11 23:00:00,37.677683,68.234806,0.158481,69.846906,123.36882,0.943333,646.719449,672.560102,75.355367,0.016074
Analog-minimos-cuadrados,2021-05-12 23:00:00,36.023676,64.842661,0.273481,94.503882,137.882417,0.871667,383.736402,436.579528,72.047352,0.017215
Analog-minimos-cuadrados,2021-05-13 23:00:00,32.205462,57.541232,0.351963,82.339709,98.122879,0.655,264.207544,374.87825,64.410925,0.014635
Analog-minimos-cuadrados,2021-05-14 23:00:00,37.13266,66.27269,0.122333,94.699138,162.467211,0.791667,193.787871,462.72167,74.265321,0.015088
Analog-minimos-cuadrados,2021-05-15 23:00:00,44.25233,79.119169,0.218333,102.615819,140.06271,0.618333,396.388527,601.037654,88.50466,0.013937
Analog-minimos-cuadrados,2021-05-16 23:00:00,51.60616,93.162739,0.140704,114.821704,332.137578,0.933333,347.864285,823.516493,103.212319,0.014838
Analog-minimos-cuadrados,2021-05-17 23:00:00,47.401772,85.693154,0.181963,100.273413,196.144306,0.945,690.275876,728.806053,94.803545,0.014215
Analog-minimos-cuadrados,2021-05-18 23:00:00,34.963029,63.445202,0.185926,75.548325,118.02175,0.971667,531.095588,538.816975,69.926059,0.015798
Analog-minimos-cuadrados,2021-05-19 23:00:00,22.78149,41.14971,0.163926,52.885803,62.657915,0.981667,359.226006,360.363193,45.562981,0.014533
Analog-minimos-cuadrados,2021-05-20 23:00:00,14.340611,25.779048,0.400037,34.945363,38.03629,0.32,73.504182,186.495773,28.681222,0.013316
Analog-minimos-cuadrados,2021-05-21 23:00:00,103.294371,200.088356,0.361222,218.85354,355.797921,0.228333,75.94878,1878.917758,206.588742,0.015137
Analog-minimos-cuadrados,2021-05-22 23:00:00,68.841227,123.269847,0.33037,164.427254,182.24111,0.45,511.325425,924.951297,137.682454,0.014148
Analog-minimos-cuadrados,2021-05-23 23:00:00,46.63858,83.625563,0.109296,115.428115,155.953501,0.805,438.220004,597.179475,93.277161,0.013605
Analog-minimos-cuadrados,2021-05-24 23:00:00,21.572143,38.681833,0.282963,56.063008,64.758637,0.821667,215.243833,246.71792,43.144287,0.015099
Analog-minimos-cuadrados,2021-05-25 23:00:00,27.213282,51.226699,0.16137,60.043045,172.340165,0.863333,124.270165,451.783302,54.426564,0.013293
Analog-minimos-cuadrados,2021-05-26 23:00:00,23.545543,42.391625,0.281704,48.173189,56.334541,0.858333,367.06379,382.070414,47.091087,0.015333
Analog-minimos-cuadrados,2021-05-27 23:00:00,157.57973,292.374815,0.482593,350.510876,539.133021,0.125,194.11702,2545.47943,315.15946,0.016694
Analog-minimos-cuadrados,2021-05-28 23:00:00,116.306855,207.372561,0.260963,292.501419,371.363094,0.628333,1055.689437,1384.17552,232.613711,0.013214
Analog-minimos-cuadrados,2021-05-29 23:00:00,114.101216,204.3891,0.465148,279.955897,290.886587,0.24,513.654664,1452.621938,228.202433,0.013839
Analog-minimos-cuadrados,2021-05-30 23:00:00,34.9087,63.071218,0.174741,75.429303,143.039374,0.895,396.23472,533.377673,69.817401,0.015595
Analog-minimos-cuadrados,2021-05-31 23:00:00,16.026779,29.002941,0.217074,29.118118,37.824951,0.958333,306.75657,309.616141,32.053557,0.014972
Analog-minimos-cuadrados,2021-06-01 23:00:00,16.788853,30.302061,0.249111,43.71682,52.769911,0.94,199.139884,226.480843,33.577706,0.015563
Analog-minimos-cuadrados,2021-06-02 23:00:00,21.053966,37.934385,0.170556,51.509424,74.474967,0.755,129.857817,274.785343,42.107931,0.014333
Analog-minimos-cuadrados,2021-06-03 23:00:00,14.403706,25.869406,0.096741,35.252673,53.490053,0.886667,126.081505,181.391337,28.807412,0.015567
Analog-minimos-cuadrados,2021-06-04 23:00:00,39.349618,72.653785,0.303074,89.816023,123.232399,0.195,105.093067,612.36269,78.699237,0.016282
Analog-minimos-cuadrados,2021-06-05 23:00:00,95.615193,178.929316,0.470407,205.463513,291.147039,0.088333,196.278267,1626.52756,191.230387,0.016033
Analog-minimos-cuadrados,2021-06-06 23:00:00,67.61399,120.888364,0.377593,166.916304,226.526223,0.53,538.990227,860.484941,135.22798,0.014703
Analog-minimos-cuadrados,2021-06-07 23:00:00,36.588535,65.469297,0.204074,90.848746,114.693097,0.835,383.292273,444.898589,73.17707,0.016273
Analog-minimos-cuadrados,2021-06-08 23:00:00,33.462681,60.531193,0.473148,81.327926,83.810348,0.193333,130.864092,453.492867,66.925362,0.014233
Analog-minimos-cuadrados,2021-06-09 23:00:00,24.542057,44.800405,0.234259,58.52882,85.420215,0.77,128.268928,335.656655,49.084114,0.015164
Analog-minimos-cuadrados,2021-06-10 23:00:00,21.253358,38.099884,0.128222,52.429582,73.03325,0.748333,154.685684,272.825166,42.506715,0.014749
Analog-minimos-cuadrados,2021-06-11 23:00:00,16.352094,29.253563,0.158556,40.601357,56.415217,0.805,156.565948,205.268743,32.704188,0.014236
Analog-minimos-cuadrados,2021-06-12 23:00:00,29.644531,54.638764,0.187333,69.71638,86.462405,0.443333,109.043334,429.134964,59.289062,0.014826
Analog-minimos-cuadrados,2021-06-13 23:00:00,26.580736,47.425216,0.291407,69.572233,87.869931,0.773333,198.738442,291.914068,53.161473,0.016374
Analog-minimos-cuadrados,2021-06-14 23:00:00,21.4607,38.234929,0.233185,56.293337,73.074929,0.885,191.981145,229.06991,42.921399,0.015168
Analog-minimos-cuadrados,2021-06-15 23:00:00,29.277087,52.639365,0.22463,72.733507,88.266381,0.448333,159.091992,362.21424,58.554174,0.016635
Analog-minimos-cuadrados,2021-06-16 23:00:00,21.481421,38.629853,0.194185,51.764026,88.513538,0.828333,202.440755,286.267656,42.962842,0.015175
Analog-minimos-cuadrados,2021-06-17 23:00:00,25.875235,46.642389,0.206259,64.556758,79.555552,0.668333,214.631387,334.189232,51.75047,0.014421
Analog-minimos-cuadrados,2021-06-18 23:00:00,58.034234,104.537877,0.348333,140.032555,180.41448,0.408333,175.048191,774.352137,116.068468,0.014435
Analog-minimos-cuadrados,2021-06-19 23:00:00,121.521799,226.070971,0.499444,274.546359,281.23967,0.005,302.118519,1898.190264,243.043597,0.017232
Analog-minimos-cuadrados,2021-06-20 23:00:00,66.478248,119.41053,0.272407,164.866253,229.65809,0.733333,420.435954,805.569523,132.956496,0.014646
Analog-minimos-cuadrados,2021-06-21 23:00:00,44.050896,78.758639,0.132963,106.927439,160.817883,0.906667,445.331603,557.638372,88.101792,0.014869
Analog-minimos-cuadrados,2021-06-22 23:00:00,98.161666,181.470715,0.238704,230.326807,398.117798,0.748333,344.277947,1490.968546,196.323331,0.014433
Analog-minimos-cuadrados,2021-06-23 23:00:00,123.448482,224.007268,0.476852,285.75948,303.045239,0.105,621.289222,1760.567127,246.896963,0.014102
Analog-minimos-cuadrados,2021-06-24 23:00:00,37.239206,67.042184,0.171741,81.398477,105.359479,0.961667,567.388517,584.209445,74.478411,0.016583
Analog-minimos-cuadrados,2021-06-25 23:00:00,35.306038,64.418084,0.088889,86.368205,135.248137,0.695,172.396255,475.348576,70.612076,0.014913
Analog-minimos-cuadrados,2021-06-26 23:00:00,79.334253,145.295487,0.491852,181.837626,190.364233,0.046667,260.006733,1192.063252,158.668505,0.01519
Analog-minimos-cuadrados,2021-06-27 23:00:00,46.778916,84.057653,0.349444,119.730381,140.418669,0.648333,304.879784,568.152474,93.557832,0.013293
Analog-minimos-cuadrados,2021-06-28 23:00:00,16.524861,29.710716,0.134333,36.091758,47.984727,0.98,246.584182,250.630948,33.049721,0.014114
Analog-minimos-cuadrados,2021-06-29 23:00:00,20.108268,36.271813,0.162852,46.736974,62.196368,0.843333,162.171357,283.424845,40.216536,0.015212
Analog-minimos-cuadrados,2021-06-30 23:00:00,103.25442,198.486011,0.276111,221.642439,362.149515,0.583333,132.655144,1826.790085,206.50884,0.015108
Analog-minimos-cuadrados,2021-07-01 23:00:00,44.860604,80.35207,0.280296,104.185045,126.974703,0.693333,476.982557,583.771936,89.721209,0.01639
Analog-minimos-cuadrados,2021-07-02 23:00:00,118.059598,220.436657,0.268556,272.09831,357.356642,0.295,334.630513,1858.544015,236.119195,0.015585
Analog-minimos-cuadrados,2021-07-03 23:00:00,88.412666,158.875916,0.277926,213.210634,256.244251,0.35,414.73032,1159.268405,176.825331,0.014318
Analog-minimos-cuadrados,2021-07-04 23:00:00,94.250509,169.225948,0.083963,230.117141,339.650909,0.781667,677.517447,1222.996526,188.501019,0.015651
Analog-minimos-cuadrados,2021-07-05 23:00:00,65.269584,117.652967,0.109444,164.695736,234.923486,0.871667,552.593364,815.979099,130.539169,0.015738
Analog-minimos-cuadrados,2021-07-06 23:00:00,102.588108,184.160429,0.473519,246.516673,256.497018,0.146667,514.236169,1357.304055,205.176217,0.014579
Analog-minimos-cuadrados,2021-07-07 23:00:00,49.913354,90.313649,0.157815,116.792058,185.296453,0.836667,395.101018,688.048368,99.826709,0.015469
Analog-minimos-cuadrados,2021-07-08 23:00:00,29.696376,53.083098,0.153148,78.874773,96.356901,0.905,311.048532,338.251359,59.392751,0.01557
Analog-minimos-cuadrados,2021-07-09 23:00:00,63.406891,114.839032,0.468333,149.511959,156.774424,0.133333,233.028465,907.975871,126.813783,0.015975
Analog-minimos-cuadrados,2021-07-10 23:00:00,43.010041,77.899342,0.153407,104.677578,131.343054,0.583333,224.820447,573.94982,86.020081,0.017516
Analog-minimos-cuadrados,2021-07-11 23:00:00,144.99008,271.319909,0.418889,329.804606,429.029804,0.368333,239.268502,2291.39033,289.98016,0.014488
Analog-minimos-cuadrados,2021-07-12 23:00:00,88.94121,158.397603,0.436667,246.133283,255.138801,0.515,553.503666,853.897705,177.882419,0.014265
Analog-minimos-cuadrados,2021-07-13 23:00:00,38.399862,69.105912,0.263704,96.696743,113.078563,0.96,518.435288,527.500072,76.799723,0.01619
Analog-minimos-cuadrados,2021-07-14 23:00:00,10.685849,19.234611,0.237778,25.469286,37.871965,0.72,89.391206,141.4007,21.371698,0.015482
Analog-minimos-cuadrados,2021-07-15 23:00:00,19.142929,34.729583,0.366852,47.845946,61.660997,0.55,94.782592,246.858691,38.285858,0.014195
Analog-minimos-cuadrados,2021-07-16 23:00:00,16.26202,29.072541,0.303815,43.014011,50.840547,0.74,143.041119,179.147868,32.52404,0.016466
Analog-minimos-cuadrados,2021-07-17 23:00:00,27.100505,49.899527,0.415333,64.571343,83.294069,0.348333,95.737927,393.251579,54.20101,0.014932
Analog-minimos-cuadrados,2021-07-18 23:00:00,90.33073,165.915606,0.487926,204.905181,233.501823,0.066667,169.196347,1402.626884,180.661461,0.015635
Analog-minimos-cuadrados,2021-07-19 23:00:00,27.051223,48.572815,0.163074,59.410452,88.0625,0.948333,376.697061,402.625798,54.102445,0.015606
Analog-minimos-cuadrados,2021-07-20 23:00:00,35.240338,64.461653,0.136815,84.00229,119.729454,0.683333,173.18137,496.521691,70.480676,0.014937
Analog-minimos-cuadrados,2021-07-21 23:00:00,60.104008,111.112684,0.465556,135.725855,140.969048,0.095,191.108699,931.358854,120.208016,0.014153
Analog-minimos-cuadrados,2021-07-22 23:00:00,37.213784,68.029606,0.178704,87.14324,168.658128,0.846667,236.019303,553.148915,74.427568,0.014737
Analog-minimos-cuadrados,2021-07-23 23:00:00,28.206881,50.650073,0.28737,69.251045,91.054445,0.741667,267.343258,368.736947,56.413762,0.016317
Analog-minimos-cuadrados,2021-07-24 23:00:00,53.599398,99.149216,0.428889,126.325773,171.654371,0.341667,200.640212,803.616586,107.198796,0.015398
Analog-minimos-cuadrados,2021-07-25 23:00:00,74.294754,134.787468,0.434667,179.354778,211.217059,0.31,310.921543,1017.356575,148.589508,0.015418
Analog-minimos-cuadrados,2021-07-26 23:00:00,46.732431,84.073986,0.220074,116.874289,172.369418,0.731667,318.731238,552.770247,93.464862,0.01702
Analog-minimos-cuadrados,2021-07-27 23:00:00,38.212349,68.885129,0.336185,87.379446,99.19461,0.546667,294.065995,554.700875,76.424698,0.015721
Analog-minimos-cuadrados,2021-07-28 23:00:00,15.143785,27.771919,0.158481,32.515268,45.751736,0.896667,177.023654,251.932465,30.28757,0.014759
Analog-minimos-cuadrados,2021-07-29 23:00:00,15.771028,28.325857,0.255037,39.331914,51.122747,0.66,88.806581,193.024219,31.542056,0.01549
Analog-minimos-cuadrados,2021-07-30 23:00:00,31.524981,58.094274,0.170593,73.604044,94.9983,0.413333,91.62912,470.818475,63.049962,0.014947
Analog-minimos-cuadrados,2021-07-31 23:00:00,75.098672,142.758234,0.486481,163.925182,181.631219,0.063333,152.442224,1285.710946,150.197343,0.015436
Analog-minimos-cuadrados,2021-08-01 23:00:00,70.995225,129.298998,0.313074,167.709175,286.027064,0.696667,318.566707,985.26709,141.990449,0.014727
Analog-minimos-cuadrados,2021-08-02 23:00:00,77.039785,139.463636,0.134481,186.472121,329.040914,0.828333,462.438427,1049.770226,154.079569,0.014399
Analog-minimos-cuadrados,2021-08-03 23:00:00,58.474428,104.591365,0.137185,144.83509,202.93288,0.685,458.274625,724.334007,116.948856,0.015296
Analog-minimos-cuadrados,2021-08-04 23:00:00,83.526738,150.912061,0.145,202.41114,277.57896,0.721667,392.810208,1100.511032,167.053476,0.01568
Analog-minimos-cuadrados,2021-08-05 23:00:00,79.208971,142.847219,0.465889,192.805452,220.006484,0.181667,428.651783,1062.016255,158.417943,0.013189
Analog-minimos-cuadrados,2021-08-06 23:00:00,42.421261,75.632714,0.361481,100.879746,121.047896,0.538333,340.853486,567.675957,84.842521,0.013734
Analog-minimos-cuadrados,2021-08-07 23:00:00,29.826689,54.127311,0.403889,71.566948,86.180909,0.311667,114.789278,416.339708,59.653378,0.014469
Analog-minimos-cuadrados,2021-08-08 23:00:00,37.213307,67.209603,0.432222,92.281681,108.226281,0.398333,134.370288,471.995597,74.426614,0.014372
Analog-minimos-cuadrados,2021-08-09 23:00:00,16.363242,29.328957,0.131037,36.411933,59.004174,0.92,169.410038,239.803978,32.726485,0.016817
Analog-minimos-cuadrados,2021-08-10 23:00:00,12.035444,21.560601,0.213815,30.350714,37.61335,0.645,97.58024,149.132248,24.070888,0.013953
Analog-minimos-cuadrados,2021-08-11 23:00:00,23.420723,42.932684,0.446667,54.882019,59.652475,0.23,94.16126,346.252152,46.841446,0.014933
Analog-minimos-cuadrados,2021-08-12 23:00:00,10.569073,19.136373,0.327741,24.780027,28.682959,0.598333,75.58974,148.779875,21.138145,0.014926
Analog-minimos-cuadrados,2021-08-13 23:00:00,22.642985,42.487965,0.355333,51.697699,81.685113,0.398333,62.484655,359.587217,45.285971,0.014484
Analog-minimos-cuadrados,2021-08-14 23:00:00,18.740162,33.707311,0.175037,46.30961,67.47881,0.635,163.120825,248.736965,37.480324,0.015033
Analog-minimos-cuadrados,2021-08-15 23:00:00,61.501796,112.1468,0.456481,149.205194,168.629648,0.208333,144.251252,829.48759,123.003593,0.014721
Analog-minimos-cuadrados,2021-08-16 23:00:00,28.199693,50.287049,0.258963,72.733548,87.058156,0.611667,203.186366,322.02846,56.399386,0.018662
Analog-minimos-cuadrados,2021-08-17 23:00:00,24.065251,42.988069,0.166481,59.59213,72.828657,0.691667,180.301953,295.213578,48.130503,0.015249
Analog-minimos-cuadrados,2021-08-18 23:00:00,59.612798,110.397968,0.372333,135.040912,161.884607,0.145,172.368575,939.969427,119.225595,0.015142
Analog-minimos-cuadrados,2021-08-19 23:00:00,25.05587,44.939027,0.286296,59.310222,72.738196,0.713333,298.534465,343.41339,50.111739,0.016392
Analog-minimos-cuadrados,2021-08-20 23:00:00,12.228265,22.035222,0.203926,29.62763,36.160865,0.878333,151.426064,172.361623,24.45653,0.015326
Analog-minimos-cuadrados,2021-08-21 23:00:00,35.994378,67.367575,0.364852,79.902345,91.53399,0.23,95.044754,581.346177,71.988756,0.016724
Analog-minimos-cuadrados,2021-08-22 23:00:00,38.91401,69.280096,0.408148,101.080829,126.142712,0.538333,185.604535,418.557733,77.828021,0.014987
Analog-minimos-cuadrados,2021-08-23 23:00:00,15.622389,28.133817,0.246074,37.533974,43.220391,0.991667,235.576753,236.226658,31.244779,0.015217
Analog-minimos-cuadrados,2021-08-24 23:00:00,11.201932,20.096634,0.170741,27.059614,49.696206,0.945,123.386162,152.954999,22.403863,0.016936
Analog-minimos-cuadrados,2021-08-25 23:00:00,36.750829,67.715843,0.346259,90.522768,187.821707,0.73,119.01717,500.937349,73.501658,0.017315
Analog-minimos-cuadrados,2021-08-26 23:00:00,23.875039,42.940861,0.169889,57.022304,85.820003,0.958333,321.339544,347.751559,47.750078,0.015733
Analog-minimos-cuadrados,2021-08-27 23:00:00,45.523574,83.22563,0.341852,113.550642,149.091883,0.661667,213.872862,598.906259,91.047149,0.01507
Analog-minimos-cuadrados,2021-08-28 23:00:00,52.83564,96.13532,0.47737,125.928642,131.215425,0.125,190.60793,732.356396,105.671279,0.014404
Analog-minimos-cuadrados,2021-08-29 23:00:00,65.923454,118.885724,0.407111,162.971555,209.004567,0.381667,230.008834,806.395688,131.846908,0.014159
Analog-minimos-cuadrados,2021-08-30 23:00:00,22.726476,40.892878,0.200704,49.640441,66.511717,0.941667,319.232303,331.241551,45.452952,0.01518
Analog-minimos-cuadrados,2021-08-31 23:00:00,45.807665,83.40071,0.318667,107.715198,129.990178,0.401667,192.885334,627.733106,91.615329,0.014451
Analog-minimos-cuadrados,2021-09-01 23:00:00,27.203188,48.648622,0.155333,67.979147,90.895091,0.64,174.114819,323.755897,54.406377,0.015006
Analog-minimos-cuadrados,2021-09-02 23:00:00,27.43426,49.052108,0.207815,68.341314,92.970836,0.711667,179.725868,330.577102,54.86852,0.017593
Analog-minimos-cuadrados,2021-09-03 23:00:00,32.227904,57.781524,0.339444,79.85391,89.178409,0.42,206.635596,405.258233,64.455807,0.014715
Analog-minimos-cuadrados,2021-09-04 23:00:00,35.40699,64.887246,0.377037,81.894112,102.817178,0.32,129.646194,536.263417,70.813979,0.016313
Analog-minimos-cuadrados,2021-09-05 23:00:00,26.380666,47.164507,0.336667,69.835298,79.256932,0.681667,174.237999,284.622046,52.761331,0.015763
Analog-minimos-cuadrados,2021-09-06 23:00:00,15.246664,27.352633,0.196148,36.869721,45.024447,0.841667,168.669051,200.958018,30.493328,0.016346
Analog-minimos-cuadrados,2021-09-07 23:00:00,23.707627,42.62745,0.169667,60.426189,74.65697,0.591667,148.417232,289.074509,47.415253,0.016529
Analog-minimos-cuadrados,2021-09-08 23:00:00,27.655927,49.550666,0.341667,66.728683,74.508218,0.523333,204.372115,365.051251,55.311853,0.015582
Analog-minimos-cuadrados,2021-09-09 23:00:00,13.881233,24.992687,0.134,31.935834,38.364157,0.853333,171.377504,194.674813,27.762466,0.014514
Analog-minimos-cuadrados,2021-09-10 23:00:00,24.742168,44.647804,0.227148,61.94751,79.978765,0.696667,155.726472,316.122492,49.484335,0.015888
Analog-minimos-cuadrados,2021-09-11 23:00:00,56.779781,104.474061,0.148444,134.435279,223.637916,0.536667,229.663903,798.627803,113.559562,0.014537
Analog-minimos-cuadrados,2021-09-12 23:00:00,72.055387,129.197544,0.258222,188.669895,339.25945,0.855,467.253332,887.356824,144.110774,0.015523
Analog-minimos-cuadrados,2021-09-13 23:00:00,77.872931,140.404195,0.087037,184.771497,315.609256,0.905,696.646997,1094.526415,155.745861,0.015414
Analog-minimos-cuadrados,2021-09-14 23:00:00,31.974369,57.819228,0.218593,70.36126,85.623363,0.983333,502.982271,504.701762,63.948737,0.016965
Analog-minimos-cuadrados,2021-09-15 23:00:00,66.134453,119.590138,0.349926,160.359418,190.922458,0.361667,300.622691,909.384321,132.268905,0.015782
Analog-minimos-cuadrados,2021-09-16 23:00:00,69.689758,125.572553,0.380593,182.26868,246.5005,0.705,348.956408,761.588114,139.379516,0.014019
Analog-minimos-cuadrados,2021-09-17 23:00:00,49.123211,87.729953,0.373444,127.702654,144.352553,0.66,445.92983,546.294629,98.246423,0.014537
Analog-minimos-cuadrados,2021-09-18 23:00:00,53.693601,96.264639,0.453519,135.238174,142.864177,0.33,291.517161,642.044668,107.387202,0.014122
Analog-minimos-cuadrados,2021-09-19 23:00:00,53.738087,97.195251,0.308667,130.067019,208.370595,0.731667,219.176966,741.442263,107.476173,0.013315
Analog-minimos-cuadrados,2021-09-20 23:00:00,27.290904,49.111085,0.158185,62.590322,93.625315,0.96,387.892378,399.872279,54.581808,0.01674
Analog-minimos-cuadrados,2021-09-21 23:00:00,59.364647,106.124089,0.202222,145.851523,288.293225,0.658333,256.391793,802.223119,118.729294,0.015935
Analog-minimos-cuadrados,2021-09-22 23:00:00,49.704164,89.214289,0.344074,121.953807,141.617487,0.583333,507.877767,625.215525,99.408329,0.015649
Analog-minimos-cuadrados,2021-09-23 23:00:00,25.716341,46.732758,0.231037,53.138664,71.44818,0.998333,443.610743,443.616132,51.432683,0.015983
Analog-minimos-cuadrados,2021-09-24 23:00:00,16.821429,30.367422,0.251556,39.517211,47.302857,0.933333,223.966459,229.401655,33.642858,0.013705
Analog-minimos-cuadrados,2021-09-25 23:00:00,34.879533,63.162184,0.354667,82.998557,91.437425,0.266667,112.980589,501.61334,69.759065,0.016171
Analog-minimos-cuadrados,2021-09-26 23:00:00,50.279931,91.020784,0.263259,119.283347,241.609654,0.811667,226.207807,701.222838,100.559862,0.014526
Analog-minimos-cuadrados,2021-09-27 23:00:00,60.869408,109.319221,0.247556,155.18256,190.900686,0.873333,465.951905,721.512592,121.738815,0.015168
Analog-minimos-cuadrados,2021-09-28 23:00:00,59.462453,106.324845,0.145037,150.273604,226.665022,0.861667,412.885629,704.394839,118.924906,0.016057
Analog-minimos-cuadrados,2021-09-29 23:00:00,52.297541,93.530655,0.211185,129.647896,180.716053,0.898333,570.468487,641.536742,104.595083,0.015681
Analog-minimos-cuadrados,2021-09-30 23:00:00,45.999294,82.367066,0.144444,109.397976,201.268784,0.943333,498.285415,582.722385,91.998587,0.016842
Analog-minimos-cuadrados,2021-10-01 23:00:00,66.137483,118.684063,0.311852,168.647617,212.197674,0.59,463.437956,811.574587,132.274966,0.018375
Analog-minimos-cuadrados,2021-10-02 23:00:00,44.875174,80.664488,0.264111,117.425808,141.63097,0.796667,431.599537,554.322155,89.750347,0.015113
Analog-minimos-cuadrados,2021-10-03 23:00:00,63.930194,114.524722,0.154778,151.260981,366.603992,0.895,305.031477,903.629819,127.860388,0.016733
Analog-minimos-cuadrados,2021-10-04 23:00:00,43.33692,78.11553,0.169815,95.644948,205.172072,0.978333,566.616728,624.210951,86.673839,0.013742
Analog-minimos-cuadrados,2021-10-05 23:00:00,29.991581,54.723139,0.193889,58.036188,76.955915,0.993333,507.562525,512.154261,59.983163,0.015721
Analog-minimos-cuadrados,2021-10-06 23:00:00,20.656458,37.611767,0.209889,41.169511,47.601749,0.983333,358.877917,360.483652,41.312916,0.015089
Analog-minimos-cuadrados,2021-10-07 23:00:00,38.229209,71.297786,0.242815,89.956023,121.048378,0.633333,155.932363,559.772413,76.458419,0.015373
Analog-minimos-cuadrados,2021-10-08 23:00:00,41.681354,74.367731,0.330926,106.752153,128.469555,0.466667,287.738873,496.468861,83.362708,0.013888
Analog-minimos-cuadrados,2021-10-09 23:00:00,68.741654,125.525961,0.30463,159.320152,222.899949,0.533333,233.501261,1004.342739,137.483308,0.015864
Analog-minimos-cuadrados,2021-10-10 23:00:00,86.02547,153.645216,0.327593,215.006173,336.216916,0.8,463.414445,1132.198728,172.050939,0.01508
Analog-minimos-cuadrados,2021-10-11 23:00:00,83.435481,149.792005,0.154481,209.621072,316.365357,0.841667,570.550587,1017.342432,166.870963,0.016035
Analog-minimos-cuadrados,2021-10-12 23:00:00,59.567844,106.589783,0.271556,150.080255,262.248354,0.736667,483.81372,678.640139,119.135689,0.01516
Analog-minimos-cuadrados,2021-10-13 23:00:00,75.71829,135.628037,0.201852,200.423068,282.756525,0.723333,483.067307,834.47968,151.436581,0.015128
Analog-minimos-cuadrados,2021-10-14 23:00:00,59.152347,105.934228,0.198074,155.460265,234.460848,0.813333,501.623177,641.829234,118.304695,0.017033
Analog-minimos-cuadrados,2021-10-15 23:00:00,88.868696,163.876018,0.356259,200.016081,213.356694,0.57,436.576261,1413.656652,177.737392,0.019064
Analog-minimos-cuadrados,2021-10-16 23:00:00,88.308453,158.841573,0.436889,216.310415,239.727803,0.345,435.451171,1128.985009,176.616906,0.015077
Analog-minimos-cuadrados,2021-10-17 23:00:00,54.825829,99.207486,0.183222,132.164214,266.154628,0.87,343.627939,755.984074,109.651658,0.015699
Analog-minimos-cuadrados,2021-10-18 23:00:00,42.693101,76.40955,0.273148,102.932324,162.01388,0.815,465.603798,581.31214,85.386202,0.015508
Analog-minimos-cuadrados,2021-10-19 23:00:00,43.559115,78.881283,0.291815,102.842114,134.816555,0.775,372.496841,608.794845,87.11823,0.015723
Analog-minimos-cuadrados,2021-10-20 23:00:00,47.547982,85.045813,0.185481,113.771942,265.575273,0.781667,300.139438,647.025016,95.095964,0.015849
Analog-minimos-cuadrados,2021-10-21 23:00:00,49.094644,87.477399,0.303074,134.589357,228.199571,0.835,399.862233,557.281621,98.189287,0.015968
Analog-minimos-cuadrados,2021-10-22 23:00:00,89.276305,160.807407,0.344741,217.654869,235.946425,0.551667,366.240765,1166.889224,178.552609,0.014032
Analog-minimos-cuadrados,2021-10-23 23:00:00,61.967925,111.16552,0.346889,153.073433,175.029405,0.516667,373.189443,789.603717,123.93585,0.014942
Analog-minimos-cuadrados,2021-10-24 23:00:00,284.198838,526.495115,0.410667,645.823603,876.589614,0.243333,528.951632,4263.516839,568.397675,0.015514
Analog-minimos-cuadrados,2021-10-25 23:00:00,158.197973,288.698404,0.189852,382.113504,583.835843,0.823333,1224.513222,2113.036556,316.395946,0.015594
Analog-minimos-cuadrados,2021-10-26 23:00:00,139.200202,250.773372,0.137111,320.843733,414.833108,0.766667,1483.219999,1968.450159,278.400404,0.016597
Analog-minimos-cuadrados,2021-10-27 23:00:00,119.686581,214.699891,0.211556,301.074048,366.654526,0.698333,957.308024,1491.240604,239.373161,0.014682
Analog-minimos-cuadrados,2021-10-28 23:00:00,261.75486,484.912689,0.434444,601.162744,624.013253,0.233333,740.229893,4038.576222,523.509721,0.017415
Analog-minimos-cuadrados,2021-10-29 23:00:00,68.108655,123.261439,0.217333,142.21562,179.380367,0.875,1031.86115,1086.37034,136.217309,0.017491
Analog-minimos-cuadrados,2021-10-30 23:00:00,61.393624,115.636806,0.453148,134.430172,158.608192,0.151667,123.057335,1028.132458,122.787247,0.016262
Analog-minimos-cuadrados,2021-10-31 23:00:00,50.643783,92.78781,0.316481,111.60374,130.853127,0.5,253.401971,817.98912,101.287565,0.016462
Analog-minimos-cuadrados,2021-11-01 23:00:00,24.849776,44.627277,0.170704,58.229145,74.246682,0.875,302.38795,342.235547,49.699553,0.016664
Analog-minimos-cuadrados,2021-11-02 23:00:00,47.544367,86.978272,0.310926,113.822796,200.249186,0.57,151.669937,665.774383,95.088735,0.01695
Analog-minimos-cuadrados,2021-11-03 23:00:00,26.929994,48.930378,0.212444,57.21353,71.097572,0.84,313.397595,443.246497,53.859988,0.017243
Analog-minimos-cuadrados,2021-11-04 23:00:00,40.679021,72.594707,0.361926,101.960238,116.981023,0.521667,260.277724,480.130358,81.358041,0.01769
Analog-minimos-cuadrados,2021-11-05 23:00:00,23.601161,42.052561,0.158222,63.082629,73.743828,0.751667,170.737164,258.566161,47.202323,0.015748
Analog-minimos-cuadrados,2021-11-06 23:00:00,52.693576,97.657412,0.406296,118.18631,143.104704,0.283333,138.30737,849.082527,105.387153,0.01599
Analog-minimos-cuadrados,2021-11-07 23:00:00,18.171508,33.036268,0.119111,36.001738,44.646837,0.981667,319.478131,320.183013,36.343015,0.015571
Analog-minimos-cuadrados,2021-11-08 23:00:00,54.694648,97.347153,0.157407,144.425552,192.754737,0.568333,238.74073,554.657661,109.389295,0.015337
Analog-minimos-cuadrados,2021-11-09 23:00:00,31.970607,57.248254,0.144593,74.826511,94.041869,0.898333,392.276185,439.405032,63.941213,0.014499
Analog-minimos-cuadrados,2021-11-10 23:00:00,129.392408,235.408635,0.330185,310.552537,391.37496,0.475,355.442457,1804.851489,258.784816,0.016835
Analog-minimos-cuadrados,2021-11-11 23:00:00,155.126306,277.898455,0.446444,366.533474,377.470696,0.193333,610.241395,2145.772931,310.252611,0.015264
Analog-minimos-cuadrados,2021-11-12 23:00:00,38.681092,70.014298,0.177111,78.694668,104.296541,0.98,673.070317,679.996876,77.362184,0.016176
Analog-minimos-cuadrados,2021-11-13 23:00:00,47.885161,88.948856,0.403815,108.274768,122.862892,0.316667,157.63309,749.008553,95.770322,0.015991
Analog-minimos-cuadrados,2021-11-14 23:00:00,26.052987,46.830333,0.242889,71.04308,83.046319,0.931667,285.097581,291.453031,52.105974,0.01801
Analog-minimos-cuadrados,2021-11-15 23:00:00,28.95529,51.635579,0.226074,79.178543,95.716553,0.8,207.46745,292.411378,57.910579,0.014001
Analog-minimos-cuadrados,2021-11-16 23:00:00,64.778426,116.621443,0.267778,165.256243,244.02405,0.696667,269.916405,781.97527,129.556852,0.015449
Analog-minimos-cuadrados,2021-11-17 23:00:00,44.591813,80.583649,0.143519,109.474546,140.592445,0.941667,494.815789,616.452951,89.183627,0.015064
Analog-minimos-cuadrados,2021-11-18 23:00:00,46.452009,84.070336,0.286741,115.577946,132.748619,0.718333,409.178031,607.182731,92.904018,0.014921
Analog-minimos-cuadrados,2021-11-19 23:00:00,29.674619,53.413287,0.181222,70.529381,81.941258,0.763333,278.339841,412.37437,59.349238,0.015606
Analog-minimos-cuadrados,2021-11-20 23:00:00,37.041923,68.211106,0.353481,84.241586,101.025732,0.42,167.379314,559.20619,74.083845,0.015915
Analog-minimos-cuadrados,2021-11-21 23:00:00,50.165636,90.783126,0.134778,117.205247,208.846747,0.811667,241.054639,693.740432,100.331273,0.014494
Analog-minimos-cuadrados,2021-11-22 23:00:00,22.131282,39.90897,0.161926,42.467305,55.471245,0.986667,373.48572,374.860415,44.262564,0.014641
Analog-minimos-cuadrados,2021-11-23 23:00:00,23.587405,42.526863,0.216148,55.546391,66.123609,0.766667,267.333298,335.996445,47.174809,0.015073
Analog-minimos-cuadrados,2021-11-24 23:00:00,93.463424,169.149623,0.293852,217.386078,304.000753,0.373333,189.522299,1348.552891,186.926849,0.016781
Analog-minimos-cuadrados,2021-11-25 23:00:00,38.380821,68.817712,0.191556,95.425602,115.770065,0.886667,479.764738,504.385194,76.761642,0.015499
Analog-minimos-cuadrados,2021-11-26 23:00:00,28.598565,51.578878,0.127815,62.551886,83.449459,0.965,427.853053,438.997395,57.19713,0.015956
Analog-minimos-cuadrados,2021-11-27 23:00:00,24.914278,44.838714,0.148407,62.016313,82.072771,0.733333,197.985482,317.973672,49.828555,0.016636
Analog-minimos-cuadrados,2021-11-28 23:00:00,27.762665,50.563702,0.086593,64.822109,97.944109,0.723333,187.609217,396.595377,55.52533,0.015047
Analog-minimos-cuadrados,2021-11-29 23:00:00,21.868963,39.181173,0.159667,52.499002,70.939929,0.786667,212.497175,292.087424,43.737926,0.016456
Analog-minimos-cuadrados,2021-11-30 23:00:00,23.16517,41.415653,0.177741,62.969021,84.820329,0.875,196.470363,245.378982,46.33034,0.01599
Analog-minimos-cuadrados,2021-12-01 23:00:00,51.357287,94.291987,0.328593,120.858591,149.02847,0.221667,176.462866,749.741607,102.714574,0.017115
Analog-minimos-cuadrados,2021-12-02 23:00:00,36.61655,65.507679,0.303556,98.117267,118.241976,0.676667,307.580858,395.208961,73.233099,0.019005
Analog-minimos-cuadrados,2021-12-03 23:00:00,23.822577,42.995363,0.279074,57.418679,71.774693,0.758333,236.85216,328.850114,47.645153,0.017173
Analog-minimos-cuadrados,2021-12-04 23:00:00,32.923351,59.474249,0.263667,77.191048,93.611704,0.383333,161.823077,464.543689,65.846702,0.015037
Analog-minimos-cuadrados,2021-12-05 23:00:00,112.009813,207.074536,0.260444,252.486385,370.866446,0.513333,209.155659,1752.745814,224.019626,0.019091
Analog-minimos-cuadrados,2021-12-06 23:00:00,60.064706,106.834306,0.187593,148.070973,183.293371,0.89,687.916548,708.131036,120.129412,0.017485
Analog-minimos-cuadrados,2021-12-07 23:00:00,48.048355,86.636488,0.109519,116.017277,172.628744,0.888333,561.522516,627.471288,96.096711,0.015696
Analog-minimos-cuadrados,2021-12-08 23:00:00,88.247251,156.909643,0.204259,238.940183,296.915525,0.761667,539.221287,880.012687,176.494503,0.016838
Analog-minimos-cuadrados,2021-12-09 23:00:00,70.562846,126.082768,0.150407,180.893421,215.769336,0.78,745.70408,862.393145,141.125692,0.014591
Analog-minimos-cuadrados,2021-12-10 23:00:00,140.43048,251.157528,0.422593,356.710497,399.371285,0.338333,817.257172,1681.638459,280.86096,0.014863
Analog-minimos-cuadrados,2021-12-11 23:00:00,94.712075,169.421056,0.419778,237.283003,249.363968,0.455,579.047858,1092.718122,189.42415,0.014666
Analog-minimos-cuadrados,2021-12-12 23:00:00,24.964009,45.411694,0.209963,46.860928,58.522593,0.96,437.01066,446.021085,49.928018,0.015681
Analog-minimos-cuadrados,2021-12-13 23:00:00,31.585667,56.330922,0.279333,86.013771,128.851208,0.886667,263.570143,350.973375,63.171335,0.016116
Analog-minimos-cuadrados,2021-12-14 23:00:00,19.528928,35.08778,0.169333,49.898317,80.15057,0.943333,240.304839,258.132292,39.057857,0.017536
Analog-minimos-cuadrados,2021-12-15 23:00:00,14.206155,25.743631,0.156963,27.489374,38.530635,0.986667,249.120442,252.030644,28.41231,0.015881
Analog-minimos-cuadrados,2021-12-16 23:00:00,152.583325,287.229271,0.394963,337.248103,429.251114,0.285,177.274267,2539.607464,305.16665,0.016396
Analog-minimos-cuadrados,2021-12-17 23:00:00,47.65775,85.69824,0.121444,95.482433,116.405292,0.921667,683.05324,717.853527,95.3155,0.016594
Analog-minimos-cuadrados,2021-12-18 23:00:00,121.333917,220.748129,0.457593,295.221987,330.634349,0.193333,551.132944,1617.802028,242.667833,0.016975
Analog-minimos-cuadrados,2021-12-19 23:00:00,89.252216,163.904665,0.184074,227.417575,329.455359,0.841667,494.862543,1136.64714,178.504432,0.017957
Analog-minimos-cuadrados,2021-12-20 23:00:00,50.502303,90.296975,0.263593,131.161742,158.338911,0.895,558.885202,601.137161,101.004606,0.016244
Analog-minimos-cuadrados,2021-12-21 23:00:00,23.027221,42.558964,0.169815,43.228349,56.734759,0.98,448.370477,450.24341,46.054442,0.015267
Analog-minimos-cuadrados,2021-12-22 23:00:00,13.879911,25.028279,0.278333,35.43859,42.941679,0.813333,165.078479,187.851676,27.759823,0.013584
Analog-minimos-cuadrados,2021-12-23 23:00:00,55.183417,104.744056,0.499444,119.952348,127.157855,0.003333,105.670971,958.769709,110.366834,0.014723
Analog-minimos-cuadrados,2021-12-24 23:00:00,53.62606,96.90451,0.411296,129.206855,142.425058,0.17,157.558903,752.989809,107.25212,0.016086
Analog-minimos-cuadrados,2021-12-25 23:00:00,25.488479,45.672309,0.19463,66.794732,97.757991,0.875,258.597042,286.659174,50.976959,0.014582
Analog-minimos-cuadrados,2021-12-26 23:00:00,26.618583,47.746823,0.248778,69.526952,83.611518,0.823333,244.23183,289.929386,53.237166,0.01741
Analog-minimos-cuadrados,2021-12-27 23:00:00,13.222249,24.110414,0.21737,24.899528,30.900882,0.991667,234.185277,235.43513,26.444499,0.01663
Analog-minimos-cuadrados,2021-12-28 23:00:00,32.604137,58.155867,0.298481,83.360353,113.052331,0.7,163.13401,323.435862,65.208273,0.015301
Analog-minimos-cuadrados,2021-12-29 23:00:00,25.432579,45.338123,0.193963,62.796047,79.853571,0.88,236.090512,301.123207,50.865157,0.017088
Analog-minimos-cuadrados,2021-12-30 23:00:00,31.839632,56.851634,0.297444,85.792772,98.712806,0.66,241.052688,338.313902,63.679263,0.01565
Analog-minimos-cuadrados,2021-12-31 23:00:00,44.552382,80.356471,0.356111,103.259567,134.773243,0.34,170.76285,645.196263,89.104763,0.014523
Analog-minimos-cuadrados,2022-01-01 23:00:00,21.336713,38.437327,0.147593,52.294287,72.601759,0.916667,281.076235,321.601935,42.673427,0.014188
Analog-minimos-cuadrados,2022-01-02 23:00:00,24.906225,44.876439,0.210444,62.117528,71.103582,0.813333,267.411815,332.246192,49.812451,0.016633
Analog-minimos-cuadrados,2022-01-03 23:00:00,17.591118,31.573858,0.218741,45.937421,65.843065,0.955,199.575497,210.695813,35.182235,0.016654
Analog-minimos-cuadrados,2022-01-04 23:00:00,35.949343,64.223551,0.145296,90.870119,138.101949,0.788333,182.82512,429.898589,71.898687,0.016058
Analog-minimos-cuadrados,2022-01-05 23:00:00,92.359458,167.458745,0.329704,227.895371,328.070757,0.613333,307.418916,1213.850967,184.718915,0.016865
Analog-minimos-cuadrados,2022-01-06 23:00:00,60.586655,108.378959,0.229667,157.384949,196.452316,0.796667,600.570438,695.897977,121.173311,0.015404
Analog-minimos-cuadrados,2022-01-07 23:00:00,42.302019,76.394195,0.190333,102.901576,148.491292,0.83,397.256184,556.330587,84.604037,0.015191
Analog-minimos-cuadrados,2022-01-08 23:00:00,46.23162,82.196349,0.388,113.857606,121.466742,0.421667,313.084542,566.061762,92.463239,0.014388
Analog-minimos-cuadrados,2022-01-09 23:00:00,62.730848,112.011417,0.125852,158.899779,229.86575,0.613333,298.492175,729.43671,125.461695,0.015568
Analog-minimos-cuadrados,2022-01-10 23:00:00,37.505007,67.185643,0.123037,87.39463,99.82672,0.781667,473.622414,526.708569,75.010015,0.014831
Analog-minimos-cuadrados,2022-01-11 23:00:00,43.144615,77.86856,0.228889,107.534668,134.931609,0.803333,430.487056,553.000944,86.289231,0.014756
Analog-minimos-cuadrados,2022-01-12 23:00:00,77.239546,137.232597,0.266037,197.384285,255.802846,0.635,348.816095,861.405544,154.479093,0.016292
Analog-minimos-cuadrados,2022-01-13 23:00:00,63.554868,113.607076,0.123259,164.507833,209.985957,0.755,517.871873,764.342604,127.109735,0.016911
Analog-minimos-cuadrados,2022-01-14 23:00:00,107.112929,192.854766,0.290926,268.738363,313.733346,0.585,551.182065,1239.253549,214.225859,0.015919
Analog-minimos-cuadrados,2022-01-15 23:00:00,183.803825,333.243249,0.440593,439.774198,450.510486,0.231667,755.158398,2589.373702,367.60765,0.016637
Analog-minimos-cuadrados,2022-01-16 23:00:00,74.037719,132.935367,0.188963,190.720864,235.764823,0.823333,706.97348,924.136507,148.075439,0.015355
Analog-minimos-cuadrados,2022-01-17 23:00:00,65.770227,117.940813,0.131667,167.959289,198.21935,0.666667,469.331822,808.371602,131.540454,0.015116
Analog-minimos-cuadrados,2022-01-18 23:00:00,162.074582,288.641729,0.186963,413.082033,515.117007,0.535,604.079711,1769.957325,324.149164,0.014548
Analog-minimos-cuadrados,2022-01-19 23:00:00,87.133237,156.034634,0.164704,216.060148,253.764173,0.961667,1147.77346,1174.8285,174.266475,0.015311
Analog-minimos-cuadrados,2022-01-20 23:00:00,111.003338,199.871843,0.13563,281.727756,363.492781,0.728333,928.713436,1344.582252,222.006677,0.014144
Analog-minimos-cuadrados,2022-01-21 23:00:00,199.08481,362.038899,0.473148,469.073298,489.887131,0.108333,695.056326,2851.020135,398.16962,0.014521
Analog-minimos-cuadrados,2022-01-22 23:00:00,61.492115,110.196761,0.296963,153.836015,181.02109,0.791667,578.706859,733.400701,122.98423,0.015631
Analog-minimos-cuadrados,2022-01-23 23:00:00,233.176153,432.509526,0.239,511.955794,659.615381,0.335,307.706176,3805.523662,466.352305,0.015999
Analog-minimos-cuadrados,2022-01-24 23:00:00,112.640822,200.314774,0.148704,296.362213,344.600656,0.865,1034.385758,1126.375667,225.281644,0.016508
Analog-minimos-cuadrados,2022-01-25 23:00:00,189.30276,337.531169,0.402296,494.472506,538.059985,0.346667,1161.696978,2062.924566,378.605519,0.014928
Analog-minimos-cuadrados,2022-01-26 23:00:00,51.093944,93.264379,0.162741,102.394186,133.036978,0.931667,851.197816,944.646635,102.187889,0.014729
Analog-minimos-cuadrados,2022-01-27 23:00:00,18.1804,32.77128,0.147074,43.781227,56.169529,0.906667,226.963931,251.835352,36.3608,0.014776
Analog-minimos-cuadrados,2022-01-28 23:00:00,24.798052,44.537185,0.161444,66.529449,82.313602,0.703333,198.464218,262.249375,49.596105,0.01824
Analog-minimos-cuadrados,2022-01-29 23:00:00,57.114083,103.298498,0.491296,132.344483,140.146335,0.065,207.68199,821.759265,114.228166,0.015541
Analog-minimos-cuadrados,2022-01-30 23:00:00,99.566414,180.416907,0.310296,231.585528,283.367029,0.393333,237.094314,1435.863062,199.132828,0.014856
Analog-minimos-cuadrados,2022-01-31 23:00:00,150.033971,268.843459,0.43463,377.457321,409.485133,0.265,465.947067,1837.15602,300.067942,0.017716
Analog-minimos-cuadrados,2022-02-01 23:00:00,54.763155,100.377302,0.163074,98.588238,137.404688,0.911667,702.518974,962.982877,109.526311,0.018108
Analog-minimos-cuadrados,2022-02-02 23:00:00,51.720395,93.077338,0.165111,134.788428,154.982724,0.778333,558.622984,642.470229,103.44079,0.014307
Analog-minimos-cuadrados,2022-02-03 23:00:00,55.209929,98.692871,0.268037,142.652934,165.351679,0.775,539.494096,666.835516,110.419858,0.015327
Analog-minimos-cuadrados,2022-02-04 23:00:00,102.507554,185.482838,0.463704,246.284357,267.527939,0.196667,479.599024,1384.523676,205.015108,0.014979
Analog-minimos-cuadrados,2022-02-05 23:00:00,89.221035,159.616287,0.438667,216.710424,224.637967,0.233333,375.087576,1188.954521,178.44207,0.017401
Analog-minimos-cuadrados,2022-02-06 23:00:00,19.683241,35.730634,0.212556,42.404267,55.084378,0.998333,318.341613,318.476936,39.366482,0.013926
Analog-minimos-cuadrados,2022-02-07 23:00:00,16.587995,29.824566,0.143667,36.452782,46.059764,0.898333,221.867776,238.097131,33.17599,0.014535
Analog-minimos-cuadrados,2022-02-08 23:00:00,26.418743,47.638393,0.134333,64.723964,79.013406,0.613333,161.527853,348.034219,52.837485,0.01563
Analog-minimos-cuadrados,2022-02-09 23:00:00,51.637056,94.165884,0.18663,122.220841,163.75706,0.391667,161.694266,732.82152,103.274112,0.015935
Analog-minimos-cuadrados,2022-02-10 23:00:00,52.846298,95.532258,0.41163,132.025691,141.32565,0.398333,294.804678,661.426856,105.692597,0.016801
Analog-minimos-cuadrados,2022-02-11 23:00:00,23.886839,43.171462,0.264185,60.153097,70.782155,0.836667,288.199488,319.744002,47.773679,0.015084
Analog-minimos-cuadrados,2022-02-12 23:00:00,32.097657,58.392307,0.403,74.266597,80.547869,0.328333,122.989993,476.264402,64.195314,0.016257
Analog-minimos-cuadrados,2022-02-13 23:00:00,15.409982,27.792178,0.228852,36.985945,46.083119,0.841667,177.273502,218.630723,30.819965,0.013863
Analog-minimos-cuadrados,2022-02-14 23:00:00,13.834726,24.760637,0.217593,33.939244,39.614087,0.751667,129.056483,175.185175,27.669452,0.014059
Analog-minimos-cuadrados,2022-02-15 23:00:00,20.765144,37.070182,0.242889,55.033184,65.642068,0.63,107.744815,224.577996,41.530287,0.014355
Analog-minimos-cuadrados,2022-02-16 23:00:00,92.662552,171.567668,0.455556,207.200455,254.967363,0.186667,137.251534,1471.94686,185.325104,0.015012
Analog-minimos-cuadrados,2022-02-17 23:00:00,32.154305,57.514889,0.208259,82.393169,98.029894,0.888333,361.725485,401.979427,64.308611,0.015644
Analog-minimos-cuadrados,2022-02-18 23:00:00,38.137433,70.036098,0.14363,82.103078,132.838809,0.85,273.180753,626.117774,76.274867,0.017233
Analog-minimos-cuadrados,2022-02-19 23:00:00,71.326383,133.145384,0.277148,159.029888,226.069464,0.438333,240.949918,1151.500219,142.652766,0.015541
Analog-minimos-cuadrados,2022-02-20 23:00:00,71.150676,126.981749,0.155481,187.917694,225.019352,0.663333,478.968948,709.116928,142.301351,0.014501
Analog-minimos-cuadrados,2022-02-21 23:00:00,169.912785,309.020927,0.249185,407.408442,516.091247,0.588333,564.548443,2339.948047,339.825571,0.016288
Analog-minimos-cuadrados,2022-02-22 23:00:00,98.560013,175.753313,0.250074,261.169768,297.786972,0.895,974.844628,1031.323499,197.120026,0.015662
Analog-minimos-cuadrados,2022-02-23 23:00:00,60.13412,108.545671,0.124,154.225734,209.854507,0.881667,676.784108,739.334176,120.26824,0.013675
Analog-minimos-cuadrados,2022-02-24 23:00:00,61.842444,111.202613,0.180519,151.896291,191.964667,0.651667,520.075964,814.379341,123.684888,0.016151
Analog-minimos-cuadrados,2022-02-25 23:00:00,56.421768,102.989961,0.255741,132.736266,184.040482,0.726667,352.150498,826.65505,112.843536,0.015855
Analog-minimos-cuadrados,2022-02-26 23:00:00,68.332356,124.436097,0.400185,163.773878,205.551004,0.413333,265.364487,945.177345,136.664712,0.016448
Analog-minimos-cuadrados,2022-02-27 23:00:00,48.040416,85.770809,0.280481,128.464548,152.94265,0.758333,383.353339,538.163404,96.080832,0.016816
Analog-minimos-cuadrados,2022-02-28 23:00:00,25.839668,46.548547,0.141185,56.890782,71.040335,0.973333,372.430182,384.66343,51.679336,0.017375
Analog-minimos-cuadrados,2022-03-01 23:00:00,28.163038,50.936592,0.279222,68.077983,79.465876,0.588333,217.984442,374.197129,56.326077,0.014867
Analog-minimos-cuadrados,2022-03-02 23:00:00,18.734496,33.598411,0.17563,49.422581,56.713269,0.813333,182.216409,213.942255,37.468992,0.014601
Analog-minimos-cuadrados,2022-03-03 23:00:00,20.007272,35.808528,0.143222,52.1475,65.080624,0.835,186.11935,226.140843,40.014544,0.014935
Analog-minimos-cuadrados,2022-03-04 23:00:00,26.116507,46.693204,0.377741,68.481175,75.63417,0.538333,175.895261,294.618556,52.233014,0.015268
Analog-minimos-cuadrados,2022-03-05 23:00:00,25.212632,44.939043,0.125704,65.678269,81.923689,0.72,158.615929,270.401767,50.425264,0.01487
Analog-minimos-cuadrados,2022-03-06 23:00:00,117.037483,217.321342,0.261148,261.280528,326.080488,0.383333,193.176954,1886.877574,234.074967,0.015738
Analog-minimos-cuadrados,2022-03-07 23:00:00,111.815585,203.039104,0.302741,269.652529,392.196977,0.618333,503.074522,1465.894269,223.631169,0.017333
Analog-minimos-cuadrados,2022-03-08 23:00:00,69.278626,123.918885,0.226296,179.876286,208.768865,0.761667,624.897412,837.53119,138.557251,0.01483
Analog-minimos-cuadrados,2022-03-09 23:00:00,81.922242,149.593472,0.135037,196.123814,322.166725,0.891667,540.968938,1118.533845,163.844485,0.015274
Analog-minimos-cuadrados,2022-03-10 23:00:00,70.292421,127.314909,0.207111,167.767654,202.039501,0.635,574.213296,954.073295,140.584843,0.016575
Analog-minimos-cuadrados,2022-03-11 23:00:00,108.035339,197.345831,0.336741,249.338567,274.196953,0.426667,455.334806,1661.65607,216.070677,0.015798
Analog-minimos-cuadrados,2022-03-12 23:00:00,81.045093,144.829831,0.455185,205.644641,219.228424,0.285,446.115646,906.722688,162.090186,0.017852
Analog-minimos-cuadrados,2022-03-13 23:00:00,49.031661,87.595267,0.20663,129.972828,166.3574,0.75,331.072884,540.408295,98.063322,0.016847
Analog-minimos-cuadrados,2022-03-14 23:00:00,33.806299,60.864508,0.204,83.797869,123.109044,0.903333,366.235388,443.240864,67.612599,0.016023
Analog-minimos-cuadrados,2022-03-15 23:00:00,37.267588,67.182132,0.289556,96.613464,120.989443,0.811667,357.198593,441.832078,74.535177,0.015631
Analog-minimos-cuadrados,2022-03-16 23:00:00,73.847768,131.927348,0.209481,183.972187,264.164926,0.558333,262.584147,905.354153,147.695537,0.013697
Analog-minimos-cuadrados,2022-03-17 23:00:00,39.949893,71.645972,0.111519,100.171198,125.692492,0.936667,474.959423,513.125123,79.899785,0.015729
Analog-minimos-cuadrados,2022-03-18 23:00:00,72.757354,130.90172,0.289704,177.607642,220.09197,0.563333,534.728348,937.302717,145.514708,0.015398
Analog-minimos-cuadrados,2022-03-19 23:00:00,55.907528,99.917263,0.355296,143.973324,168.673721,0.578333,392.470809,642.102012,111.815056,0.016235
Analog-minimos-cuadrados,2022-03-20 23:00:00,45.768883,81.633777,0.192704,113.032199,154.842028,0.688333,311.369651,572.043541,91.537765,0.01663
Analog-minimos-cuadrados,2022-03-21 23:00:00,131.899616,247.195452,0.202185,293.167266,493.186878,0.798333,345.968455,2177.105825,263.799232,0.016106
Analog-minimos-cuadrados,2022-03-22 23:00:00,54.060379,97.187246,0.169556,138.176322,189.951031,0.98,718.827104,736.173047,108.120759,0.01721
Analog-minimos-cuadrados,2022-03-23 23:00:00,65.088863,116.212007,0.28563,158.507516,166.591328,0.693333,498.640199,808.052674,130.177726,0.017447
Analog-minimos-cuadrados,2022-03-24 23:00:00,24.427209,44.070966,0.211296,55.363028,71.203421,0.89,319.588964,375.043143,48.854418,0.016535
Analog-minimos-cuadrados,2022-03-25 23:00:00,16.375483,29.739634,0.19037,38.138847,46.367701,0.575,94.996271,234.203454,32.750966,0.015569
Analog-minimos-cuadrados,2022-03-26 23:00:00,34.688644,64.151406,0.363519,78.973648,91.561544,0.286667,95.85587,544.27629,69.377287,0.017569
Analog-minimos-cuadrados,2022-03-27 23:00:00,20.983803,37.660309,0.228185,54.476587,62.654187,0.805,211.098965,253.499902,41.967606,0.014506
Analog-minimos-cuadrados,2022-03-28 23:00:00,133.394824,251.52793,0.406111,291.106568,450.003997,0.188333,158.413138,2236.932548,266.789648,0.017237
Analog-minimos-cuadrados,2022-03-29 23:00:00,57.829429,103.346204,0.233296,145.719768,252.801261,0.846667,525.814417,731.819568,115.658858,0.015109
Analog-minimos-cuadrados,2022-03-30 23:00:00,35.130072,63.441027,0.271407,83.834392,97.290073,0.921667,485.193517,519.513269,70.260145,0.015925
Analog-minimos-cuadrados,2022-03-31 23:00:00,71.588545,129.583471,0.345407,174.147741,208.800963,0.608333,357.339001,929.074092,143.17709,0.016096
Analog-minimos-cuadrados,2022-04-01 23:00:00,117.21615,212.694182,0.373704,283.647564,330.802345,0.371667,325.946752,1598.370762,234.4323,0.016251
Analog-minimos-cuadrados,2022-04-03 23:00:00,71.906527,128.997004,0.212704,175.977244,264.264124,0.753333,558.889608,929.628404,143.813054,0.014693
Analog-minimos-cuadrados,2022-04-04 23:00:00,83.079236,148.004253,0.131,214.13401,276.33779,0.638333,474.88597,949.944814,166.158471,0.014569
Analog-minimos-cuadrados,2022-04-05 23:00:00,107.894893,192.952029,0.202111,283.823,375.742162,0.596667,602.715875,1215.158984,215.789785,0.017927
Analog-minimos-cuadrados,2022-04-06 23:00:00,99.724622,178.900785,0.25263,246.376791,288.439144,0.69,895.312849,1263.98698,199.449244,0.015485
Analog-minimos-cuadrados,2022-04-07 23:00:00,65.600952,117.707273,0.267296,159.52054,186.070356,0.695,629.148678,851.033951,131.201904,0.015428
Analog-minimos-cuadrados,2022-04-08 23:00:00,66.053374,120.698351,0.412741,152.854289,163.170046,0.21,270.636838,973.347194,132.106748,0.015642
Analog-minimos-cuadrados,2022-04-09 23:00:00,56.19393,101.620704,0.273333,142.968636,241.191913,0.605,275.531038,711.150634,112.387861,0.016708
Analog-minimos-cuadrados,2022-04-10 23:00:00,44.461581,79.637398,0.254704,128.008894,168.251101,0.865,409.061184,471.894158,88.923161,0.014698
Analog-minimos-cuadrados,2022-04-11 23:00:00,60.667822,108.986016,0.31537,156.718919,176.356581,0.565,362.597619,715.312774,121.335643,0.015705
Analog-minimos-cuadrados,2022-04-12 23:00:00,34.554099,61.762725,0.247889,91.775015,117.601973,0.725,215.429135,367.369097,69.108198,0.015148
Analog-minimos-cuadrados,2022-04-13 23:00:00,35.167913,63.781496,0.127667,85.24343,104.151988,0.625,210.972057,481.495084,70.335826,0.014153
Analog-minimos-cuadrados,2022-04-14 23:00:00,65.845194,122.213021,0.431037,147.041196,157.138019,0.238333,205.769935,1043.310014,131.690388,0.014627
Analog-minimos-cuadrados,2022-04-15 23:00:00,17.315508,31.434222,0.151704,33.044295,44.620949,0.975,296.165434,304.929503,34.631017,0.015985
Analog-minimos-cuadrados,2022-04-16 23:00:00,29.783567,53.369125,0.136407,78.178526,101.481984,0.615,147.623981,337.65572,59.567133,0.014378
Analog-minimos-cuadrados,2022-04-17 23:00:00,116.099205,213.048428,0.392111,273.642398,345.802203,0.32,237.292408,1645.170887,232.198409,0.015253
Analog-minimos-cuadrados,2022-04-18 23:00:00,48.664454,87.3218,0.15537,123.501637,150.636048,0.85,501.523838,613.132143,97.328909,0.01446
Analog-minimos-cuadrados,2022-04-19 23:00:00,199.166575,367.58011,0.419852,449.352783,521.418649,0.165,331.262097,3137.416574,398.33315,0.015323
Analog-minimos-cuadrados,2022-04-20 23:00:00,218.771248,404.473105,0.429074,496.982015,517.145179,0.203333,742.801225,3465.088036,437.542495,0.015084
Analog-minimos-cuadrados,2022-04-21 23:00:00,283.381863,510.722675,0.391407,669.357604,754.260446,0.401667,951.685649,3818.829093,566.763726,0.016374
Analog-minimos-cuadrados,2022-04-22 23:00:00,140.919881,251.274331,0.343,389.923415,411.001098,0.68,1048.40714,1450.942138,281.839761,0.017193
Analog-minimos-cuadrados,2022-04-23 23:00:00,89.357082,159.175669,0.314519,247.976778,274.990284,0.843333,810.26097,964.683704,178.714163,0.016294
Analog-minimos-cuadrados,2022-04-24 23:00:00,42.483604,76.354504,0.161889,97.487676,163.617758,0.863333,423.007364,604.813007,84.967208,0.014789
Analog-minimos-cuadrados,2022-04-25 23:00:00,42.605342,76.737175,0.13937,104.709345,133.913053,0.745,398.460854,572.10082,85.210684,0.015513
Analog-minimos-cuadrados,2022-04-26 23:00:00,31.745213,57.134512,0.191074,74.65713,92.055247,0.678333,276.944286,430.556754,63.490426,0.015581
Analog-minimos-cuadrados,2022-04-27 23:00:00,60.385447,111.785319,0.329815,139.421363,168.181457,0.216667,209.954984,932.705436,120.770894,0.014712
Analog-minimos-cuadrados,2022-04-28 23:00:00,91.77255,164.177911,0.341185,236.263636,300.681292,0.476667,337.718581,1047.077717,183.5451,0.015075
Analog-minimos-cuadrados,2022-04-29 23:00:00,60.725756,109.54269,0.337889,144.991787,168.006634,0.551667,521.23393,828.813338,121.451511,0.014736
Analog-minimos-cuadrados,2022-04-30 23:00:00,69.324187,123.949296,0.395778,171.07804,183.714503,0.418333,407.508603,826.039778,138.648374,0.015351
Analog-minimos-cuadrados,2022-05-01 23:00:00,27.33991,48.913029,0.204111,71.024823,91.763615,0.84,257.565069,325.071402,54.679819,0.016236
Analog-minimos-cuadrados,2022-05-02 23:00:00,26.308201,47.079144,0.265333,66.323834,90.463338,0.77,231.298121,317.421446,52.616401,0.014584
Analog-minimos-cuadrados,2022-05-03 23:00:00,21.818053,39.228902,0.157333,53.711502,64.647963,0.71,190.368498,284.290624,43.636106,0.015078
Analog-minimos-cuadrados,2022-05-04 23:00:00,125.133696,233.551199,0.49037,274.65747,285.893768,0.04,127.075079,2082.968194,250.267392,0.015011
Analog-minimos-cuadrados,2022-05-05 23:00:00,498.426178,946.362831,0.48037,1056.398218,1121.86582,0.035,371.750862,8902.510245,996.852355,0.01576
Analog-minimos-cuadrados,2022-05-06 23:00:00,119.388034,214.020467,0.264185,324.605579,362.103426,0.905,1342.443631,1424.003159,238.776067,0.015535
Analog-minimos-cuadrados,2022-05-07 23:00:00,173.664608,309.405711,0.392407,468.724709,492.475495,0.511667,1133.22313,1823.353107,347.329216,0.015674
Analog-minimos-cuadrados,2022-05-08 23:00:00,62.368711,112.099709,0.161407,158.881026,209.562721,0.908333,767.437518,809.445774,124.737422,0.015583
Analog-minimos-cuadrados,2022-05-09 23:00:00,78.283049,141.754674,0.24437,200.366317,255.176426,0.565,367.36409,972.602552,156.566098,0.01757
Analog-minimos-cuadrados,2022-05-10 23:00:00,195.246903,368.656415,0.488889,430.693706,444.640848,0.078333,454.849688,3288.094638,390.493807,0.016676
Analog-minimos-cuadrados,2022-05-11 23:00:00,66.95722,120.359101,0.272519,169.282681,194.397891,0.883333,767.359268,854.328099,133.91444,0.016436
Analog-minimos-cuadrados,2022-05-12 23:00:00,79.944813,145.996409,0.459815,186.018856,203.183402,0.175,177.888306,1157.468008,159.889627,0.01538
Analog-minimos-cuadrados,2022-05-13 23:00:00,91.989264,164.66597,0.400074,228.139023,298.668136,0.455,339.816701,1158.271738,183.978527,0.016429
Analog-minimos-cuadrados,2022-05-14 23:00:00,59.485201,107.580356,0.362778,132.058741,152.160139,0.416667,416.180918,923.446471,118.970403,0.015279
Analog-minimos-cuadrados,2022-05-15 23:00:00,24.338989,44.084035,0.156407,44.824085,62.428099,0.976667,439.243868,445.721686,48.677978,0.017899
Analog-minimos-cuadrados,2022-05-16 23:00:00,16.495053,29.761196,0.150519,35.405151,44.584784,0.976667,256.385854,262.603286,32.990106,0.01499
Analog-minimos-cuadrados,2022-05-17 23:00:00,90.096313,165.693837,0.41663,204.220953,233.58872,0.243333,169.217402,1387.068741,180.192626,0.014901
Analog-minimos-cuadrados,2022-05-18 23:00:00,31.582375,57.142386,0.135148,71.30408,107.389224,0.958333,382.984697,456.659738,63.16475,0.015489
Analog-minimos-cuadrados,2022-05-19 23:00:00,29.046391,52.229927,0.177481,73.840926,86.274678,0.76,290.176823,359.973725,58.092783,0.015803
Analog-minimos-cuadrados,2022-05-20 23:00:00,25.595758,45.846549,0.125185,60.667257,75.306022,0.665,218.573362,341.852066,51.191515,0.014235
Analog-minimos-cuadrados,2022-05-21 23:00:00,64.774336,119.60392,0.402481,151.174969,171.562711,0.283333,212.88783,952.092946,129.548672,0.016631
Analog-minimos-cuadrados,2022-05-22 23:00:00,39.99295,71.573227,0.326815,102.80549,119.45547,0.741667,347.809677,488.452999,79.985901,0.016678
Analog-minimos-cuadrados,2022-05-23 23:00:00,41.18348,73.898795,0.269519,105.114092,123.591052,0.6,211.465587,487.263612,82.366961,0.013496
Analog-minimos-cuadrados,2022-05-24 23:00:00,29.233115,52.116573,0.165148,74.266051,97.501748,0.806667,239.373736,330.300623,58.466231,0.016742
Analog-minimos-cuadrados,2022-05-25 23:00:00,41.579819,74.226029,0.302481,110.954456,143.875977,0.763333,271.022405,441.972557,83.159638,0.014022
Analog-minimos-cuadrados,2022-05-26 23:00:00,20.149176,36.417052,0.165852,47.552777,59.745521,0.883333,263.9034,290.396142,40.298353,0.014561
Analog-minimos-cuadrados,2022-05-27 23:00:00,26.700493,49.063085,0.197185,61.998122,95.350895,0.683333,175.923015,395.254063,53.400986,0.014889
Analog-minimos-cuadrados,2022-05-28 23:00:00,59.565606,109.104894,0.417704,134.049526,151.555709,0.258333,186.508236,950.228668,119.131212,0.016452
Analog-minimos-cuadrados,2022-05-29 23:00:00,24.113397,43.352958,0.162074,58.196137,71.838783,0.926667,319.691387,335.618864,48.226794,0.016896
Analog-minimos-cuadrados,2022-05-30 23:00:00,27.933179,50.226952,0.273111,71.47119,82.347233,0.626667,214.668213,340.867279,55.866358,0.015066
Analog-minimos-cuadrados,2022-05-31 23:00:00,49.153628,90.191688,0.14063,116.697193,148.926545,0.573333,242.245258,697.288611,98.307255,0.014372
Analog-minimos-cuadrados,2022-06-01 23:00:00,29.381948,52.684847,0.308593,75.116251,83.833228,0.666667,253.848718,354.579373,58.763896,0.01714
Analog-minimos-cuadrados,2022-06-02 23:00:00,25.284668,45.287879,0.277185,68.391921,80.455198,0.823333,216.927157,286.868071,50.569336,0.017665
Analog-minimos-cuadrados,2022-06-03 23:00:00,20.159817,36.101408,0.167222,50.376956,60.08367,0.783333,179.815236,246.350418,40.319633,0.015135
Analog-minimos-cuadrados,2022-06-04 23:00:00,77.050352,145.155132,0.395852,170.493024,210.034354,0.226667,171.885393,1277.115655,154.100703,0.014173
Analog-minimos-cuadrados,2022-06-05 23:00:00,25.503918,46.118119,0.163185,52.787905,66.374743,0.925,402.880674,422.446724,51.007837,0.015895
Analog-minimos-cuadrados,2022-06-06 23:00:00,25.217195,45.275113,0.242074,67.426247,77.881057,0.925,281.36568,298.675139,50.43439,0.014544
Analog-minimos-cuadrados,2022-06-07 23:00:00,23.220054,41.65493,0.237556,62.8623,80.572224,0.946667,246.569711,268.306698,46.440108,0.015346
Analog-minimos-cuadrados,2022-06-08 23:00:00,21.428225,38.627444,0.189852,53.23886,68.469189,0.836667,210.581571,288.320833,42.85645,0.014488
Analog-minimos-cuadrados,2022-06-09 23:00:00,22.56098,40.917834,0.112519,49.817054,70.6977,0.818333,223.888142,340.532721,45.12196,0.014128
Analog-minimos-cuadrados,2022-06-10 23:00:00,58.661823,107.472982,0.422259,137.203063,146.270525,0.321667,248.9767,846.038119,117.323647,0.014817
Analog-minimos-cuadrados,2022-06-11 23:00:00,21.676142,38.865509,0.181852,54.20574,64.79582,0.876667,253.724617,284.978733,43.352284,0.014004
Analog-minimos-cuadrados,2022-06-12 23:00:00,31.687029,56.798686,0.348111,80.051551,84.925056,0.566667,182.316402,389.141076,63.374057,0.013442
Analog-minimos-cuadrados,2022-06-13 23:00:00,19.886949,35.716118,0.153889,53.522332,68.291013,0.865,186.257783,224.645257,39.773897,0.016913
Analog-minimos-cuadrados,2022-06-14 23:00:00,23.175949,41.528487,0.291963,59.078358,69.365443,0.58,175.818227,278.106541,46.351899,0.015078
Analog-minimos-cuadrados,2022-06-15 23:00:00,62.627554,114.417926,0.461,145.764363,149.770613,0.233333,203.139627,911.783096,125.255107,0.014424
Analog-minimos-cuadrados,2022-06-16 23:00:00,17.376972,31.387952,0.154963,37.17423,45.224531,0.98,267.979261,271.032335,34.753944,0.01511
Analog-minimos-cuadrados,2022-06-17 23:00:00,22.594688,40.782825,0.264889,54.504573,64.16064,0.553333,142.164734,303.655273,45.189375,0.01373
Analog-minimos-cuadrados,2022-06-18 23:00:00,65.751381,121.019407,0.471667,153.138511,165.989979,0.11,162.46231,969.772437,131.502761,0.017153
Analog-minimos-cuadrados,2022-06-19 23:00:00,21.078157,38.099166,0.26037,52.571231,58.623335,0.996667,315.77972,316.453876,42.156314,0.016306
Analog-minimos-cuadrados,2022-06-20 23:00:00,13.500651,24.473611,0.176593,27.205776,33.6835,0.998333,227.059873,227.164568,27.001302,0.01471
Analog-minimos-cuadrados,2022-06-21 23:00:00,28.666779,52.351253,0.345074,69.536072,78.104421,0.39,133.03441,398.39833,57.333559,0.015023
Analog-minimos-cuadrados,2022-06-22 23:00:00,48.450728,88.448978,0.45963,116.031114,118.861897,0.2,174.641528,663.544682,96.901456,0.014962
Analog-minimos-cuadrados,2022-06-23 23:00:00,17.041548,31.171523,0.215519,39.795865,55.297179,0.943333,181.317483,252.959132,34.083096,0.01657
Analog-minimos-cuadrados,2022-06-24 23:00:00,76.026733,143.890422,0.170519,167.596784,200.459328,0.416667,133.597705,1272.741235,152.053467,0.015999
Analog-minimos-cuadrados,2022-06-25 23:00:00,58.94316,105.336889,0.242741,151.43004,168.323126,0.613333,397.59482,711.969985,117.88632,0.01619
Analog-minimos-cuadrados,2022-06-26 23:00:00,60.807217,109.464273,0.241852,152.476604,175.412412,0.561667,362.419393,730.802593,121.614433,0.016207
Analog-minimos-cuadrados,2022-06-27 23:00:00,23.000345,41.339088,0.092333,56.109048,78.848537,0.846667,259.882976,307.068253,46.000691,0.016554
Analog-minimos-cuadrados,2022-06-28 23:00:00,13.191864,23.828882,0.154704,31.067921,42.499847,0.963333,188.116515,196.651572,26.383728,0.015674
Analog-minimos-cuadrados,2022-06-29 23:00:00,14.855396,26.61132,0.206407,39.432012,45.974399,0.898333,160.936675,174.840849,29.710793,0.015286
Analog-minimos-cuadrados,2022-06-30 23:00:00,33.469601,59.491048,0.431778,88.455664,96.950976,0.418333,139.324077,355.859267,66.939203,0.015893
Analog-minimos-cuadrados,2022-07-01 23:00:00,108.091382,195.060197,0.433926,247.860233,271.678997,0.18,191.684275,1599.638902,216.182763,0.017314
Analog-minimos-cuadrados,2022-07-02 23:00:00,133.170435,244.909774,0.487778,307.938107,316.012488,0.051667,350.485599,2006.247826,266.34087,0.01504
Analog-minimos-cuadrados,2022-07-03 23:00:00,44.167981,79.409492,0.255481,113.746752,136.808601,0.896667,550.15072,592.185321,88.335963,0.013506
Analog-minimos-cuadrados,2022-07-04 23:00:00,20.17218,36.114196,0.377815,49.787337,53.096168,0.461667,145.55969,268.3223,40.344361,0.013571
Analog-minimos-cuadrados,2022-07-05 23:00:00,47.75312,86.363201,0.452778,114.247078,134.197231,0.22,122.06926,643.896091,95.50624,0.015279
Analog-minimos-cuadrados,2022-07-06 23:00:00,34.476753,61.588548,0.313185,96.206609,115.395019,0.793333,227.467036,350.107332,68.953507,0.015771
Analog-minimos-cuadrados,2022-07-07 23:00:00,35.379726,63.148993,0.146407,91.34655,121.96936,0.643333,202.844603,404.475382,70.759451,0.014529
Analog-minimos-cuadrados,2022-07-08 23:00:00,89.189222,161.935435,0.472778,211.832741,223.513534,0.195,188.814736,1233.02929,178.378445,0.016781
Analog-minimos-cuadrados,2022-07-09 23:00:00,89.652893,162.966532,0.360185,209.825556,242.225667,0.328333,368.83739,1286.050074,179.305787,0.015452
Analog-minimos-cuadrados,2022-07-10 23:00:00,118.180374,210.60159,0.457593,305.805962,322.620175,0.351667,520.496556,1227.465061,236.360749,0.013452
Analog-minimos-cuadrados,2022-07-11 23:00:00,55.614244,99.906572,0.251333,145.209476,183.119656,0.915,619.860867,662.014205,111.228487,0.013915
Analog-minimos-cuadrados,2022-07-12 23:00:00,22.788868,41.202339,0.186111,52.180616,61.994112,0.985,342.371619,347.95458,45.577735,0.012408
Analog-minimos-cuadrados,2022-07-13 23:00:00,55.352839,100.350212,0.232296,135.664523,163.782042,0.525,279.246546,734.411359,110.705678,0.013931
Analog-minimos-cuadrados,2022-07-14 23:00:00,48.519034,86.834823,0.19163,122.202561,154.79665,0.838333,478.465829,621.239344,97.038068,0.014192
Analog-minimos-cuadrados,2022-07-15 23:00:00,29.040709,52.561334,0.137333,66.242052,96.643122,0.92,369.690031,422.325181,58.081418,0.014661
Analog-minimos-cuadrados,2022-07-16 23:00:00,160.092525,297.153217,0.306963,361.068752,391.807362,0.085,272.423278,2507.161598,320.18505,0.014386
Analog-minimos-cuadrados,2022-07-17 23:00:00,54.879568,99.185306,0.166667,121.41729,151.204709,0.96,856.280996,874.268873,109.759137,0.013325
Analog-minimos-cuadrados,2022-07-18 23:00:00,48.641866,87.744876,0.146519,113.563957,137.259438,0.88,614.009001,677.994082,97.283732,0.014615
Analog-minimos-cuadrados,2022-07-19 23:00:00,51.109317,90.871117,0.118741,137.669988,169.090469,0.816667,422.857914,544.181687,102.218635,0.013231
Analog-minimos-cuadrados,2022-07-20 23:00:00,84.521617,150.888043,0.249852,222.892847,260.26863,0.693333,559.056713,924.440027,169.043233,0.014934
Analog-minimos-cuadrados,2022-07-21 23:00:00,64.668232,115.822627,0.225519,174.111338,200.083081,0.88,669.91461,741.439487,129.336464,0.013999
Analog-minimos-cuadrados,2022-07-22 23:00:00,74.435215,134.565224,0.148815,184.687064,224.471632,0.583333,404.613962,955.779838,148.87043,0.01561
Analog-minimos-cuadrados,2022-07-23 23:00:00,165.475509,301.831343,0.319333,382.383639,432.186002,0.281667,505.625923,2470.949808,330.951019,0.014008
Analog-minimos-cuadrados,2022-07-24 23:00:00,56.106943,101.479866,0.191556,137.408349,158.963241,0.931667,803.980836,836.352696,112.213886,0.016259
Analog-minimos-cuadrados,2022-07-25 23:00:00,82.08341,146.616952,0.296963,219.467512,247.841228,0.666667,578.192021,868.701553,164.166821,0.015445
Analog-minimos-cuadrados,2022-07-26 23:00:00,139.436619,252.052176,0.330741,343.780837,395.064639,0.468333,535.85812,1873.445513,278.873239,0.01387
Analog-minimos-cuadrados,2022-07-27 23:00:00,44.926957,80.604138,0.19363,111.671127,147.547984,0.831667,448.333227,583.260923,89.853913,0.015803
Analog-minimos-cuadrados,2022-07-28 23:00:00,54.153407,96.47873,0.225519,140.175449,164.230015,0.648333,336.64273,606.461902,108.306814,0.016397
Analog-minimos-cuadrados,2022-07-29 23:00:00,196.151301,371.446642,0.49963,432.828566,440.493524,0.003333,312.323679,3289.382002,392.302602,0.017022
Analog-minimos-cuadrados,2022-07-30 23:00:00,118.004024,209.79472,0.448148,313.919746,334.617528,0.37,629.116725,1179.111525,236.008048,0.015694
Analog-minimos-cuadrados,2022-07-31 23:00:00,37.591241,67.506738,0.206185,90.927666,151.608568,0.883333,360.624721,541.760158,75.182482,0.01575
Analog-minimos-cuadrados,2022-08-01 23:00:00,56.93225,102.669345,0.377222,138.144873,185.971803,0.213333,249.669092,735.596806,113.8645,0.013498
Analog-minimos-cuadrados,2022-08-02 23:00:00,28.446661,51.040241,0.153593,70.754957,114.654692,0.878333,321.745838,358.383165,56.893322,0.015541
Analog-minimos-cuadrados,2022-08-03 23:00:00,28.344342,51.106907,0.309037,72.141674,84.399892,0.811667,332.145893,375.384278,56.688684,0.016407
Analog-minimos-cuadrados,2022-08-04 23:00:00,21.16437,37.998211,0.278704,56.130131,66.522094,0.825,192.282294,246.604983,42.32874,0.015972
Analog-minimos-cuadrados,2022-08-05 23:00:00,20.54299,37.04311,0.143444,51.748313,59.870159,0.813333,197.925511,261.008775,41.08598,0.015405
Analog-minimos-cuadrados,2022-08-06 23:00:00,54.940811,100.556317,0.408259,125.361172,147.134012,0.318333,173.021927,823.043111,109.881623,0.017776
Analog-minimos-cuadrados,2022-08-07 23:00:00,25.149465,45.150906,0.232481,66.665687,83.966722,0.94,288.338095,314.681199,50.29893,0.017017
Analog-minimos-cuadrados,2022-08-08 23:00:00,17.536965,31.682868,0.135222,42.837254,58.19799,0.95,245.861769,252.209742,35.073931,0.014205
Analog-minimos-cuadrados,2022-08-09 23:00:00,18.501201,33.159104,0.296444,47.114127,52.8152,0.751667,173.191869,222.080909,37.002403,0.016691
Analog-minimos-cuadrados,2022-08-10 23:00:00,57.606258,104.639275,0.424778,136.015668,171.257644,0.275,171.191737,806.857139,115.212517,0.015631
Analog-minimos-cuadrados,2022-08-11 23:00:00,27.009456,48.472598,0.123407,63.594052,88.137774,0.965,352.458438,371.728442,54.018912,0.014331
Analog-minimos-cuadrados,2022-08-12 23:00:00,17.939882,32.27898,0.141778,44.268687,53.547499,0.951667,236.070275,246.712042,35.879765,0.017923
Analog-minimos-cuadrados,2022-08-13 23:00:00,37.56601,67.728741,0.44963,89.69342,96.104442,0.241667,136.894013,516.038461,75.13202,0.016134
Analog-minimos-cuadrados,2022-08-14 23:00:00,20.609332,36.844422,0.30063,54.1616,69.706513,0.811667,195.308118,235.480363,41.218664,0.016711
Analog-minimos-cuadrados,2022-08-15 23:00:00,13.210083,23.763231,0.143593,33.109295,39.37186,0.843333,132.681325,172.083699,26.420167,0.016477
Analog-minimos-cuadrados,2022-08-16 23:00:00,19.375427,35.569816,0.285963,43.320201,49.787328,0.543333,125.707367,303.071465,38.750854,0.017604
Analog-minimos-cuadrados,2022-08-17 23:00:00,35.201729,63.483331,0.420148,86.704289,101.601691,0.368333,113.282076,449.039529,70.403457,0.015515
Analog-minimos-cuadrados,2022-08-18 23:00:00,15.567215,27.954266,0.204778,40.235915,50.659574,0.9,175.781557,194.518917,31.134431,0.015977
Analog-minimos-cuadrados,2022-08-19 23:00:00,32.483319,59.477471,0.376852,74.055618,82.615978,0.365,116.788464,491.248761,64.966639,0.016936
Analog-minimos-cuadrados,2022-08-20 23:00:00,83.211144,153.205743,0.473333,190.506866,202.894545,0.08,157.414885,1292.687416,166.422288,0.015246
Analog-minimos-cuadrados,2022-08-21 23:00:00,17.508356,31.740038,0.156741,34.200487,42.291797,0.951667,303.946871,311.647011,35.016712,0.015029
Analog-minimos-cuadrados,2022-08-22 23:00:00,27.379795,48.959571,0.345778,76.020838,83.570573,0.691667,183.840388,279.868523,54.75959,0.015805
Analog-minimos-cuadrados,2022-08-23 23:00:00,42.648342,76.584201,0.42237,112.340101,125.959953,0.485,201.891468,463.903202,85.296683,0.017241
Analog-minimos-cuadrados,2022-08-24 23:00:00,15.731966,28.382421,0.12163,38.771154,50.479293,0.941667,221.625464,231.445185,31.463932,0.016029
Analog-minimos-cuadrados,2022-08-25 23:00:00,12.493083,22.466058,0.18537,29.357274,38.396432,0.903333,154.911231,172.093198,24.986166,0.0152
Analog-minimos-cuadrados,2022-08-26 23:00:00,27.649023,49.972001,0.188667,66.143954,86.668264,0.705,140.925156,371.867866,55.298046,0.013915
Analog-minimos-cuadrados,2022-08-27 23:00:00,71.565894,133.680164,0.420741,162.25577,200.608116,0.203333,194.016611,1151.433865,143.131788,0.015163
Analog-minimos-cuadrados,2022-08-28 23:00:00,29.752558,53.455322,0.182593,72.701516,94.830646,0.893333,338.714373,394.239689,59.505115,0.014492
Analog-minimos-cuadrados,2022-08-29 23:00:00,17.56664,31.896347,0.131519,37.012888,47.737597,0.908333,268.928175,280.7087,35.133281,0.014868
Analog-minimos-cuadrados,2022-08-30 23:00:00,16.683662,30.140245,0.235111,39.256064,46.602199,0.865,193.408339,238.164056,33.367324,0.015133
Analog-minimos-cuadrados,2022-08-31 23:00:00,19.610863,35.070981,0.238333,51.571915,61.293566,0.796667,163.112771,221.235818,39.221726,0.017089
Analog-minimos-cuadrados,2022-09-01 23:00:00,12.278652,22.156571,0.140185,28.016942,33.476548,0.88,165.467395,184.064151,24.557305,0.016149
Analog-minimos-cuadrados,2022-09-02 23:00:00,26.885756,48.259496,0.312111,70.324707,84.021524,0.615,139.234967,303.415073,53.771511,0.014527
Analog-minimos-cuadrados,2022-09-03 23:00:00,34.10041,61.960313,0.259074,77.466257,104.36847,0.58,203.024518,511.063569,68.20082,0.017259
Analog-minimos-cuadrados,2022-09-04 23:00:00,31.193826,55.794191,0.126593,79.523408,104.306225,0.756667,288.712242,367.106886,62.387652,0.016555
Analog-minimos-cuadrados,2022-09-05 23:00:00,19.326105,34.834064,0.12063,45.529731,61.047909,0.908333,251.035315,278.637359,38.652211,0.017765
Analog-minimos-cuadrados,2022-09-06 23:00:00,24.104984,43.411473,0.185481,58.338256,72.506134,0.843333,278.070263,328.746155,48.209969,0.015936
Analog-minimos-cuadrados,2022-09-07 23:00:00,43.907358,78.462331,0.416296,111.106178,116.625128,0.335,204.810193,479.485059,87.814716,0.015092
Analog-minimos-cuadrados,2022-09-08 23:00:00,23.688524,42.396812,0.308963,63.572994,69.598374,0.788333,220.921935,280.389157,47.377048,0.014667
Analog-minimos-cuadrados,2022-09-09 23:00:00,32.972561,59.285172,0.392222,77.632206,94.801514,0.313333,126.133159,461.912423,65.945122,0.015389
Analog-minimos-cuadrados,2022-09-10 23:00:00,42.461691,77.775534,0.300963,100.810277,120.918692,0.41,142.039083,624.956331,84.923382,0.016306
Analog-minimos-cuadrados,2022-09-11 23:00:00,21.055746,37.775475,0.141741,52.136304,67.207621,0.835,227.840354,278.937841,42.111491,0.013869
Analog-minimos-cuadrados,2022-09-12 23:00:00,16.997784,30.511616,0.204444,42.302152,50.774842,0.863333,181.457751,217.158634,33.995567,0.014069
Analog-minimos-cuadrados,2022-09-13 23:00:00,22.986088,41.06553,0.121481,58.580078,83.591646,0.76,163.554999,262.164896,45.972177,0.016042
Analog-minimos-cuadrados,2022-09-14 23:00:00,41.699053,74.31227,0.40337,108.647582,118.153175,0.496667,178.204449,439.570327,83.398106,0.015394
Analog-minimos-cuadrados,2022-09-15 23:00:00,40.970194,73.405484,0.212444,101.849936,119.269064,0.476667,201.037296,503.838923,81.940387,0.01515
Analog-minimos-cuadrados,2022-09-16 23:00:00,43.868801,78.341956,0.415519,111.173384,118.473048,0.39,306.758725,518.213597,87.737601,0.014405
Analog-minimos-cuadrados,2022-09-17 23:00:00,43.177938,77.48805,0.153111,106.768242,151.632766,0.771667,278.702937,567.269508,86.355875,0.01431
Analog-minimos-cuadrados,2022-09-18 23:00:00,75.969514,136.466054,0.39237,183.74715,213.868176,0.361667,320.893256,1032.951019,151.939029,0.014914
Analog-minimos-cuadrados,2022-09-19 23:00:00,62.433769,111.470831,0.422222,157.95631,169.838574,0.303333,377.639784,775.002564,124.867539,0.017082
Analog-minimos-cuadrados,2022-09-20 23:00:00,32.759324,58.698647,0.271667,88.195753,97.019348,0.863333,338.174916,384.374252,65.518648,0.015545
Analog-minimos-cuadrados,2022-09-21 23:00:00,21.281383,38.218642,0.139296,53.751857,84.162474,0.901667,224.035522,259.412099,42.562767,0.014804
Analog-minimos-cuadrados,2022-09-22 23:00:00,23.245647,41.806491,0.143259,58.129991,85.30502,0.825,220.922418,293.856053,46.491293,0.015229
Analog-minimos-cuadrados,2022-09-23 23:00:00,34.862451,62.42774,0.268889,87.635453,108.533772,0.73,256.453764,407.201753,69.724903,0.017425
Analog-minimos-cuadrados,2022-09-24 23:00:00,85.498367,152.658962,0.467778,209.357126,216.310554,0.241667,284.924998,1121.858432,170.996735,0.016221
Analog-minimos-cuadrados,2022-09-25 23:00:00,20.620022,37.425885,0.194815,42.128102,50.407149,0.983333,364.829328,365.971618,41.240044,0.016113
Analog-minimos-cuadrados,2022-09-26 23:00:00,21.908381,39.494311,0.270185,54.211919,65.166486,0.731667,165.790409,288.697566,43.816762,0.013911
Analog-minimos-cuadrados,2022-09-27 23:00:00,23.667924,42.763706,0.15737,58.064483,68.442538,0.761667,180.607719,306.990699,47.335848,0.015323
Analog-minimos-cuadrados,2022-09-28 23:00:00,28.357955,50.670075,0.274556,75.827575,89.005805,0.655,160.873672,293.855576,56.71591,0.017599
Analog-minimos-cuadrados,2022-09-29 23:00:00,15.506405,27.859937,0.20963,37.974688,47.218081,0.818333,183.758844,204.336912,31.01281,0.015359
Analog-minimos-cuadrados,2022-09-30 23:00:00,32.581098,58.207784,0.378889,78.793149,86.31709,0.39,141.349286,411.111075,65.162196,0.015745
Analog-minimos-cuadrados,2022-10-01 23:00:00,67.500574,123.122215,0.477593,155.422814,163.17368,0.115,165.015722,1003.543449,135.001148,0.016331
Analog-minimos-cuadrados,2022-10-02 23:00:00,13.174204,24.06924,0.177222,21.639144,27.753483,0.996667,255.20523,255.233257,26.348409,0.015637
Analog-minimos-cuadrados,2022-10-03 23:00:00,11.325852,20.34818,0.220407,28.315403,33.98337,0.928333,135.647913,142.427053,22.651704,0.015559
Analog-minimos-cuadrados,2022-10-04 23:00:00,16.785558,29.988375,0.192852,44.029113,51.131173,0.621667,102.965523,185.299261,33.571115,0.014379
Analog-minimos-cuadrados,2022-10-05 23:00:00,17.116899,30.598849,0.304148,45.363986,52.286619,0.728333,114.855145,185.114369,34.233799,0.015322
Analog-minimos-cuadrados,2022-10-06 23:00:00,29.322838,52.240892,0.387704,74.504402,80.86751,0.441667,135.619133,341.186254,58.645675,0.017669
Analog-minimos-cuadrados,2022-10-07 23:00:00,18.658481,33.452945,0.135852,47.922634,57.507883,0.781667,155.843945,220.859278,37.316962,0.014367
Analog-minimos-cuadrados,2022-10-08 23:00:00,37.71517,68.943537,0.420667,88.32967,100.740871,0.293333,139.902245,553.306249,75.43034,0.014202
Analog-minimos-cuadrados,2022-10-09 23:00:00,21.915541,39.259751,0.188741,58.587155,69.759308,0.805,203.953116,256.678274,43.831081,0.015329
Analog-minimos-cuadrados,2022-10-10 23:00:00,37.738222,67.912122,0.378185,94.968792,109.766729,0.565,184.49423,447.46779,75.476444,0.015546
Analog-minimos-cuadrados,2022-10-11 23:00:00,60.581758,109.251487,0.313704,145.209989,242.421884,0.58,239.068985,811.548272,121.163517,0.015953
Analog-minimos-cuadrados,2022-10-12 23:00:00,41.323022,74.140215,0.39837,96.112347,108.054934,0.421667,369.943516,580.736254,82.646043,0.014964
Analog-minimos-cuadrados,2022-10-13 23:00:00,20.469299,37.136118,0.176519,46.574532,55.286527,0.91,298.57141,317.828293,40.938598,0.015014
Analog-minimos-cuadrados,2022-10-14 23:00:00,31.706812,57.889603,0.215333,75.141034,86.345224,0.546667,130.053171,450.613251,63.413625,0.015475
Analog-minimos-cuadrados,2022-10-15 23:00:00,87.704956,169.924573,0.398296,184.819767,301.643595,0.275,114.243475,1600.90836,175.409912,0.015125
Analog-minimos-cuadrados,2022-10-16 23:00:00,59.604135,106.82092,0.300815,131.578055,174.236516,0.735,618.267672,881.21166,119.208271,0.017086
Analog-minimos-cuadrados,2022-10-17 23:00:00,42.85336,77.90701,0.310815,98.672118,118.725618,0.741667,475.470431,646.544937,85.70672,0.014307
Analog-minimos-cuadrados,2022-10-18 23:00:00,26.538007,47.92725,0.273556,61.918085,71.652362,0.771667,306.813715,380.911475,53.076015,0.014559
Analog-minimos-cuadrados,2022-10-19 23:00:00,18.717722,33.494834,0.339963,46.350017,50.85768,0.461667,130.251827,238.478261,37.435443,0.01615
Analog-minimos-cuadrados,2022-10-20 23:00:00,12.973281,23.311754,0.306185,31.633005,37.40592,0.625,101.967663,171.346447,25.946562,0.01572
Analog-minimos-cuadrados,2022-10-21 23:00:00,48.814046,89.733135,0.491852,110.002776,115.905275,0.031667,83.985092,764.868375,97.628093,0.014627
Analog-minimos-cuadrados,2022-10-22 23:00:00,45.186219,81.476479,0.378778,113.063919,139.036544,0.35,153.99526,549.04597,90.372437,0.016126
Analog-minimos-cuadrados,2022-10-23 23:00:00,14.834615,26.759605,0.231556,34.894579,41.801183,0.8,189.49106,221.527492,29.669231,0.014424
Analog-minimos-cuadrados,2022-10-24 23:00:00,50.614049,95.544315,0.359852,110.088454,139.291769,0.36,130.325149,864.053141,101.228098,0.016237
Analog-minimos-cuadrados,2022-10-25 23:00:00,81.347957,146.741848,0.436667,202.010038,242.021496,0.375,259.954251,993.428348,162.695915,0.014915
Analog-minimos-cuadrados,2022-10-26 23:00:00,65.009885,116.203326,0.423407,159.960242,169.619249,0.386667,329.841474,811.060292,130.019771,0.015213
Analog-minimos-cuadrados,2022-10-27 23:00:00,56.813132,101.406766,0.380111,140.074204,161.591278,0.485,252.174097,707.295721,113.626264,0.014868
Analog-minimos-cuadrados,2022-10-28 23:00:00,57.834528,104.732078,0.321185,139.868964,161.237416,0.293333,259.867816,760.574911,115.669057,0.013256
Analog-minimos-cuadrados,2022-10-29 23:00:00,48.91507,87.398424,0.309519,120.708291,130.221557,0.403333,215.329559,612.226971,97.83014,0.016624
Analog-minimos-cuadrados,2022-10-30 23:00:00,22.288022,39.977125,0.258926,54.989969,62.322087,0.728333,221.224599,295.587498,44.576044,0.013739
Analog-minimos-cuadrados,2022-10-31 23:00:00,65.092617,122.646196,0.272741,144.179689,152.691285,0.398333,126.319831,1076.777378,130.185233,0.016623
Analog-minimos-cuadrados,2022-11-01 23:00:00,54.799734,102.670236,0.367519,122.62132,139.407236,0.335,195.844886,874.078161,109.599467,0.014689
Analog-minimos-cuadrados,2022-11-02 23:00:00,63.695762,113.828271,0.452778,166.109889,171.683675,0.343333,268.553201,698.352201,127.391524,0.015022
Analog-minimos-cuadrados,2022-11-03 23:00:00,28.775639,51.275695,0.24163,76.852509,92.683789,0.755,219.879947,309.747279,57.551278,0.014339
Analog-minimos-cuadrados,2022-11-04 23:00:00,137.531463,256.789603,0.259148,298.255701,381.842924,0.24,155.7873,2358.559649,275.062926,0.015221
Analog-minimos-cuadrados,2022-11-05 23:00:00,118.573504,212.691923,0.411111,284.514166,306.090618,0.233333,647.727476,1590.14325,237.147008,0.015759
Analog-minimos-cuadrados,2022-11-06 23:00:00,40.789501,73.289234,0.25463,103.887801,116.761499,0.915,517.794238,540.06565,81.579001,0.015193
Analog-minimos-cuadrados,2022-11-07 23:00:00,21.725681,38.736443,0.238778,55.160278,67.034351,0.588333,134.234325,255.054407,43.451362,0.013047
Analog-minimos-cuadrados,2022-11-08 23:00:00,55.992017,100.342107,0.385111,133.402326,143.012696,0.281667,152.843315,758.955821,111.984035,0.013705
Analog-minimos-cuadrados,2022-11-09 23:00:00,37.391705,67.216127,0.334185,98.806857,109.339238,0.74,255.670082,472.760613,74.78341,0.015095
Analog-minimos-cuadrados,2022-11-10 23:00:00,39.000165,69.533738,0.287148,100.67689,130.695115,0.586667,178.62667,424.825404,78.000329,0.014152
Analog-minimos-cuadrados,2022-11-11 23:00:00,40.746601,73.430354,0.314815,98.958678,108.366513,0.673333,259.379696,511.168275,81.493202,0.016083
Analog-minimos-cuadrados,2022-11-12 23:00:00,28.288802,51.33526,0.205852,68.836845,90.281601,0.73,208.170496,381.582201,56.577605,0.015558
Analog-minimos-cuadrados,2022-11-13 23:00:00,22.828057,40.786368,0.112593,57.732845,86.156714,0.835,201.852832,268.08135,45.656115,0.016624
Analog-minimos-cuadrados,2022-11-14 23:00:00,16.233923,29.756737,0.169037,33.702629,46.331744,0.983333,216.730911,270.196757,32.467846,0.016359
Analog-minimos-cuadrados,2022-11-15 23:00:00,79.394185,144.553433,0.471,182.624706,186.980063,0.16,153.05818,1203.190985,158.788369,0.015159
Analog-minimos-cuadrados,2022-11-16 23:00:00,22.084807,39.666874,0.253074,57.295265,64.689014,0.896667,230.893255,267.237242,44.169613,0.016517
Analog-minimos-cuadrados,2022-11-17 23:00:00,32.502582,58.6319,0.180037,80.975613,127.170879,0.775,149.575298,431.169397,65.005164,0.013854
Analog-minimos-cuadrados,2022-11-18 23:00:00,29.738923,53.744387,0.289074,69.504722,86.141147,0.711667,261.836777,426.092535,59.477847,0.015396
Analog-minimos-cuadrados,2022-11-19 23:00:00,36.822299,66.047257,0.260333,91.773965,128.010721,0.721667,264.70317,459.740191,73.644598,0.013995
Analog-minimos-cuadrados,2022-11-20 23:00:00,37.794312,68.239012,0.349556,91.220431,109.049153,0.598333,272.937158,507.837613,75.588624,0.013666
Analog-minimos-cuadrados,2022-11-21 23:00:00,56.735444,103.312238,0.287667,134.730057,187.365114,0.558333,207.258403,811.130393,113.470887,0.013303
Analog-minimos-cuadrados,2022-11-22 23:00:00,32.468733,58.214321,0.201333,77.063763,92.57657,0.82,330.739019,418.599104,64.937467,0.01579
Analog-minimos-cuadrados,2022-11-23 23:00:00,97.547892,175.259632,0.295815,231.317596,331.557369,0.556667,309.480596,1334.350981,195.095784,0.013353
Analog-minimos-cuadrados,2022-11-24 23:00:00,111.517611,198.978778,0.248185,300.58372,370.764895,0.67,569.791755,1098.160434,223.035223,0.014784
Analog-minimos-cuadrados,2022-11-25 23:00:00,123.613881,220.619669,0.31263,316.881114,369.751634,0.521667,766.315277,1447.109921,247.227762,0.016704
Analog-minimos-cuadrados,2022-11-26 23:00:00,80.474883,144.155587,0.256741,197.480102,229.027603,0.796667,768.143575,1016.610683,160.949767,0.016234
Analog-minimos-cuadrados,2022-11-27 23:00:00,45.682663,82.432155,0.146741,112.747297,158.475845,0.928333,562.588674,621.349392,91.365326,0.014736
Analog-minimos-cuadrados,2022-11-28 23:00:00,67.52047,120.619339,0.129852,191.318461,233.100101,0.806667,532.890443,646.658726,135.04094,0.013671
Analog-minimos-cuadrados,2022-11-29 23:00:00,113.607162,203.825231,0.42963,286.475248,313.029673,0.346667,620.237275,1360.923824,227.214325,0.015477
Analog-minimos-cuadrados,2022-11-30 23:00:00,31.456401,57.116363,0.244222,71.098257,86.522225,0.953333,476.437733,489.545196,62.912802,0.016221
Analog-minimos-cuadrados,2022-12-01 23:00:00,20.255637,36.751693,0.212333,50.762419,62.55228,0.745,177.078461,289.059472,40.511275,0.014654
Analog-minimos-cuadrados,2022-12-02 23:00:00,31.559518,57.33998,0.205852,74.924087,91.582371,0.553333,140.573844,446.383361,63.119036,0.0153
Analog-minimos-cuadrados,2022-12-03 23:00:00,79.344741,148.109723,0.468148,180.215259,205.209579,0.096667,153.63449,1251.437015,158.689481,0.01612
Analog-minimos-cuadrados,2022-12-04 23:00:00,22.876575,41.291791,0.160778,52.210096,71.320065,0.921667,293.450348,339.686029,45.753149,0.015037
Analog-minimos-cuadrados,2022-12-05 23:00:00,63.923694,115.11982,0.350222,154.280234,190.59231,0.463333,192.498798,851.190664,127.847388,0.015761
Analog-minimos-cuadrados,2022-12-06 23:00:00,89.852675,162.590092,0.489259,222.582775,229.624545,0.093333,331.332448,1143.563053,179.705351,0.016587
Analog-minimos-cuadrados,2022-12-07 23:00:00,18.176301,32.888503,0.197667,36.552904,44.180735,0.983333,308.174511,310.209487,36.352601,0.014765
Analog-minimos-cuadrados,2022-12-08 23:00:00,59.082206,111.159374,0.430185,129.40869,139.221246,0.285,97.479686,1003.39062,118.164411,0.012745
Analog-minimos-cuadrados,2022-12-09 23:00:00,38.932063,70.100538,0.34663,95.080158,112.151213,0.42,189.877912,527.281219,77.864126,0.015334
Analog-minimos-cuadrados,2022-12-10 23:00:00,32.892876,59.624041,0.183926,81.768857,99.885986,0.61,182.6008,414.547895,65.785752,0.013728
Analog-minimos-cuadrados,2022-12-11 23:00:00,40.56569,73.914594,0.318778,97.706778,115.442614,0.575,235.673475,538.094329,81.13138,0.01531
Analog-minimos-cuadrados,2022-12-12 23:00:00,55.019358,98.764307,0.332222,140.730244,162.780409,0.49,254.676616,667.284704,110.038715,0.013725
Analog-minimos-cuadrados,2022-12-13 23:00:00,46.797782,83.507978,0.290296,128.945111,158.8141,0.78,330.527737,473.737492,93.595565,0.014012
Analog-minimos-cuadrados,2022-12-14 23:00:00,94.45342,174.507944,0.388889,225.996918,241.83896,0.495,349.699073,1341.323483,188.90684,0.013783
Analog-minimos-cuadrados,2022-12-15 23:00:00,96.758187,174.017548,0.301148,242.39736,280.978324,0.408333,375.114174,1182.331487,193.516374,0.015929
Analog-minimos-cuadrados,2022-12-16 23:00:00,54.202385,97.588468,0.169444,129.992682,158.807756,0.708333,422.880147,725.064203,108.404771,0.015326
Analog-minimos-cuadrados,2022-12-17 23:00:00,107.328004,193.924384,0.426593,255.76288,266.029021,0.288333,497.372037,1529.683622,214.656009,0.014859
Analog-minimos-cuadrados,2022-12-18 23:00:00,43.162962,77.481765,0.170556,111.630252,147.258902,0.936667,478.441081,529.487566,86.325924,0.015396
Analog-minimos-cuadrados,2022-12-19 23:00:00,39.236064,70.010437,0.347889,103.808497,113.439162,0.813333,382.734467,446.140798,78.472129,0.014865
Analog-minimos-cuadrados,2022-12-20 23:00:00,24.599112,44.712664,0.234741,51.566115,61.341785,0.831667,327.638706,415.675551,49.198225,0.015441
Analog-minimos-cuadrados,2022-12-21 23:00:00,58.258133,106.67369,0.19763,135.142094,165.5077,0.381667,153.677492,860.91777,116.516267,0.014256
Analog-minimos-cuadrados,2022-12-22 23:00:00,44.239491,80.056567,0.302,99.337137,108.236279,0.708333,334.400569,662.005499,88.478983,0.016892
Analog-minimos-cuadrados,2022-12-23 23:00:00,50.463577,89.992117,0.282963,124.360002,151.62392,0.553333,346.116261,589.861053,100.927153,0.015969
Analog-minimos-cuadrados,2022-12-24 23:00:00,63.193117,113.951598,0.314111,155.565562,205.575339,0.605,315.091393,819.1475,126.386234,0.014354
Analog-minimos-cuadrados,2022-12-25 23:00:00,20.388287,36.885995,0.16337,44.232799,54.22182,0.946667,329.854281,338.099012,40.776573,0.016636
Analog-minimos-cuadrados,2022-12-26 23:00:00,16.014106,29.062876,0.151407,30.132552,39.855743,0.968333,271.892581,281.970105,32.028211,0.014723
Analog-minimos-cuadrados,2022-12-27 23:00:00,37.700163,69.141945,0.175111,84.46408,115.924805,0.706667,219.273328,597.427009,75.400327,0.012957
Analog-minimos-cuadrados,2022-12-28 23:00:00,120.025635,222.639781,0.499815,273.169972,277.74641,0.001667,220.59115,1839.727132,240.051271,0.016073
Analog-minimos-cuadrados,2022-12-29 23:00:00,39.988936,71.412743,0.290111,110.103388,118.376714,0.838333,352.165718,426.897845,79.977872,0.015532
Analog-minimos-cuadrados,2022-12-30 23:00:00,44.71887,81.213436,0.418519,111.171685,124.824864,0.441667,208.393629,576.530225,89.437741,0.01606
Analog-minimos-cuadrados,2022-12-31 23:00:00,87.126247,163.672779,0.438296,192.636768,221.052711,0.271667,178.707742,1458.929379,174.252494,0.014919
Analog-minimos-cuadrados,2023-01-01 23:00:00,31.607319,56.970472,0.225,81.375073,91.905258,0.868333,383.610016,433.443374,63.214639,0.016196
Analog-minimos-cuadrados,2023-01-02 23:00:00,36.69006,65.532843,0.212889,94.443345,131.937882,0.865,327.797989,407.337389,73.380119,0.015441
Analog-minimos-cuadrados,2023-01-03 23:00:00,21.893466,39.55152,0.142741,47.691682,57.898192,0.921667,310.557058,337.697749,43.786931,0.016243
Analog-minimos-cuadrados,2023-01-04 23:00:00,58.324056,108.946389,0.365667,139.593326,147.179772,0.606667,246.363576,878.842109,116.648112,0.015267
Analog-minimos-cuadrados,2023-01-05 23:00:00,20.670859,37.490978,0.178815,47.286302,60.825343,0.955,253.877327,310.604039,41.341717,0.016
Analog-minimos-cuadrados,2023-01-06 23:00:00,18.402342,33.042172,0.31,46.876832,53.574931,0.79,182.353928,219.776674,36.804684,0.014328
Analog-minimos-cuadrados,2023-01-07 23:00:00,24.599002,44.211004,0.198222,62.000341,80.688911,0.658333,142.955152,304.193569,49.198005,0.014645
Analog-minimos-cuadrados,2023-01-08 23:00:00,15.969153,28.700363,0.185074,38.831158,49.33983,0.903333,184.056014,212.045801,31.938305,0.014993
Analog-minimos-cuadrados,2023-01-09 23:00:00,117.321471,217.158834,0.356296,257.459362,356.023057,0.403333,160.46962,1948.844952,234.642943,0.013352
Analog-minimos-cuadrados,2023-01-10 23:00:00,69.738097,124.496664,0.239926,180.573246,208.66075,0.58,546.458817,817.30375,139.476193,0.014984
Analog-minimos-cuadrados,2023-01-11 23:00:00,51.943463,93.810516,0.250963,123.565143,148.900837,0.92,725.122992,770.747498,103.886925,0.014797
Analog-minimos-cuadrados,2023-01-12 23:00:00,29.999456,54.416625,0.254704,63.865233,79.500223,0.896667,444.366424,494.974712,59.998912,0.014109
Analog-minimos-cuadrados,2023-01-13 23:00:00,21.068091,37.826704,0.113148,50.740107,59.48485,0.823333,225.84857,293.544404,42.136183,0.015701
Analog-minimos-cuadrados,2023-01-14 23:00:00,66.893709,125.012895,0.28937,151.172495,201.816338,0.475,143.315414,1059.986655,133.787419,0.015741
Analog-minimos-cuadrados,2023-01-15 23:00:00,82.626711,147.465059,0.287259,213.025136,271.83775,0.613333,361.58976,906.370708,165.253422,0.01623
Analog-minimos-cuadrados,2023-01-16 23:00:00,53.611949,96.145235,0.261296,135.719254,158.761178,0.828333,615.032735,711.034132,107.223898,0.014705
Analog-minimos-cuadrados,2023-01-17 23:00:00,36.435906,65.799151,0.162259,87.347314,131.922074,0.936667,505.621814,534.161658,72.871812,0.01508
Analog-minimos-cuadrados,2023-01-18 23:00:00,80.061805,144.988547,0.256444,201.531047,276.165964,0.645,404.893484,952.304199,160.12361,0.014842
Analog-minimos-cuadrados,2023-01-19 23:00:00,97.068484,172.705386,0.168519,264.467388,332.061992,0.753333,608.317123,893.932458,194.136969,0.015584
Analog-minimos-cuadrados,2023-01-20 23:00:00,111.243557,198.082522,0.367852,290.072034,313.371664,0.508333,797.106015,1193.658293,222.487115,0.015851
Analog-minimos-cuadrados,2023-01-21 23:00:00,75.186002,135.126912,0.219259,203.449662,258.288224,0.815,687.123469,858.055654,150.372004,0.01393
Analog-minimos-cuadrados,2023-01-22 23:00:00,45.763655,82.499228,0.257481,109.18694,138.525422,0.903333,611.8854,639.90564,91.52731,0.013826
Analog-minimos-cuadrados,2023-01-23 23:00:00,134.2027,240.660123,0.364444,331.141079,427.596375,0.501667,396.1507,1638.61444,268.405399,0.015517
Analog-minimos-cuadrados,2023-01-24 23:00:00,81.275744,147.323635,0.28937,187.755509,207.098496,0.791667,757.582559,1200.627551,162.551488,0.014937
Analog-minimos-cuadrados,2023-01-25 23:00:00,35.294976,64.382966,0.244296,80.557796,95.55179,0.973333,580.412294,583.126964,70.589952,0.015018
Analog-minimos-cuadrados,2023-01-26 23:00:00,22.355287,40.056789,0.334519,58.593537,64.859613,0.741667,207.078386,262.507063,44.710574,0.015707
Analog-minimos-cuadrados,2023-01-27 23:00:00,34.561545,62.794221,0.475185,81.172415,85.105701,0.118333,91.537051,484.956509,69.123091,0.015693
Analog-minimos-cuadrados,2023-01-28 23:00:00,16.939074,30.094025,0.287185,45.154718,55.645555,0.753333,116.926366,169.857334,33.878147,0.014284
Analog-minimos-cuadrados,2023-01-29 23:00:00,96.489558,178.234021,0.393185,212.207214,265.403434,0.223333,111.330617,1590.518681,192.979116,0.014838
Analog-minimos-cuadrados,2023-01-30 23:00:00,49.294997,87.79243,0.102852,132.868806,165.314253,0.763333,388.978963,515.77054,98.589994,0.013952
Analog-minimos-cuadrados,2023-01-31 23:00:00,73.482744,131.441622,0.251037,190.103397,252.668235,0.67,452.193424,826.386075,146.965488,0.01528
Analog-minimos-cuadrados,2023-02-01 23:00:00,84.91776,150.841972,0.377111,227.018554,239.520912,0.528333,596.490423,831.267144,169.835521,0.013685
Analog-minimos-cuadrados,2023-02-02 23:00:00,24.252896,44.089886,0.183556,52.507318,61.651126,0.976667,457.982241,460.884451,48.505793,0.013142
Analog-minimos-cuadrados,2023-02-03 23:00:00,31.897207,57.701434,0.38563,79.530084,93.154839,0.566667,217.338394,406.084617,63.794414,0.015242
Analog-minimos-cuadrados,2023-02-04 23:00:00,30.455778,54.308762,0.389111,75.672324,84.524861,0.528333,183.553114,350.717075,60.911556,0.01591
Analog-minimos-cuadrados,2023-02-05 23:00:00,21.497838,38.392931,0.365296,55.619876,62.989182,0.596667,159.739973,220.439592,42.995675,0.01439
Analog-minimos-cuadrados,2023-02-06 23:00:00,45.611316,82.289008,0.214185,108.568909,163.908114,0.571667,128.386389,634.710418,91.222632,0.014375
Analog-minimos-cuadrados,2023-02-07 23:00:00,81.23528,146.852909,0.223074,202.098288,305.770339,0.698333,334.095688,1041.728538,162.47056,0.015149
Analog-minimos-cuadrados,2023-02-08 23:00:00,52.862404,94.90404,0.272852,123.748029,147.510127,0.815,632.783472,750.309278,105.724807,0.01389
Analog-minimos-cuadrados,2023-02-09 23:00:00,22.419166,41.104243,0.205519,38.671181,45.848043,0.993333,447.213108,447.827302,44.838331,0.015554
Analog-minimos-cuadrados,2023-02-10 23:00:00,15.524747,27.959717,0.189444,36.74671,43.403293,0.941667,219.480151,226.776757,31.049494,0.014997
Analog-minimos-cuadrados,2023-02-11 23:00:00,18.68377,33.466251,0.319481,48.681172,58.902872,0.748333,129.963047,193.838206,37.367539,0.015908
Analog-minimos-cuadrados,2023-02-12 23:00:00,10.668976,19.277903,0.125074,26.157322,32.973101,0.911667,138.594698,151.707553,21.337952,0.015931
Analog-minimos-cuadrados,2023-02-13 23:00:00,31.564067,56.392217,0.236037,81.62126,112.15463,0.566667,131.794729,362.406475,63.128135,0.014157
Analog-minimos-cuadrados,2023-02-14 23:00:00,45.261175,80.629071,0.19563,115.665914,147.441258,0.66,198.762073,516.926797,90.52235,0.016151
Analog-minimos-cuadrados,2023-02-15 23:00:00,72.72408,131.147958,0.142222,181.723505,280.431789,0.705,330.934317,904.295659,145.448159,0.014612
Analog-minimos-cuadrados,2023-02-16 23:00:00,47.193181,84.595687,0.259481,115.659679,127.505266,0.97,613.22768,618.410506,94.386362,0.015314
Analog-minimos-cuadrados,2023-02-17 23:00:00,32.120211,58.07456,0.123852,72.35451,94.984121,0.91,479.192871,532.398291,64.240421,0.014249
Analog-minimos-cuadrados,2023-02-18 23:00:00,51.783332,92.15859,0.375963,128.923466,146.706978,0.546667,295.817546,559.757225,103.566664,0.015372
Analog-minimos-cuadrados,2023-02-19 23:00:00,57.254179,102.516805,0.139481,140.465855,235.483235,0.855,349.448417,657.211407,114.508358,0.016291
Analog-minimos-cuadrados,2023-02-20 23:00:00,38.458347,69.028208,0.198889,78.336707,90.08943,0.935,583.602082,597.55142,76.916694,0.01623
Analog-minimos-cuadrados,2023-02-21 23:00:00,48.308984,87.471525,0.153593,111.16113,235.145694,0.875,454.781762,694.790439,96.617968,0.0142
Analog-minimos-cuadrados,2023-02-22 23:00:00,154.740615,278.969278,0.299037,375.87837,459.725229,0.465,420.272843,2021.108076,309.48123,0.014379
Analog-minimos-cuadrados,2023-02-23 23:00:00,111.222765,197.599806,0.323185,289.060583,332.010092,0.531667,784.651632,1295.381009,222.44553,0.015746
Analog-minimos-cuadrados,2023-02-24 23:00:00,62.874913,113.312791,0.260926,151.209432,167.76122,0.933333,827.08229,849.287927,125.749827,0.01556
Analog-minimos-cuadrados,2023-02-25 23:00:00,50.803529,90.776782,0.16163,127.716514,206.606763,0.843333,430.240735,632.680798,101.607058,0.015021
Analog-minimos-cuadrados,2023-02-26 23:00:00,87.255035,156.227586,0.219444,228.975039,378.187327,0.813333,493.049283,1029.432193,174.510071,0.013716
Analog-minimos-cuadrados,2023-02-27 23:00:00,79.671318,143.876069,0.123815,210.871422,326.037324,0.951667,721.594472,995.442565,159.342636,0.014828
Analog-minimos-cuadrados,2023-02-28 23:00:00,75.554419,135.801446,0.19737,179.505954,221.603647,0.946667,1003.645913,1059.066378,151.108838,0.014318
Analog-minimos-cuadrados,2023-03-01 23:00:00,46.177803,83.981627,0.155185,91.276484,122.796904,0.995,829.80431,831.542219,92.355607,0.015727
Analog-minimos-cuadrados,2023-03-02 23:00:00,56.855352,101.820955,0.132704,155.825798,225.265888,0.948333,600.466795,644.588279,113.710705,0.016143
Analog-minimos-cuadrados,2023-03-03 23:00:00,50.078007,89.78255,0.241704,127.300657,153.252432,0.958333,633.990206,657.625691,100.156014,0.015782
Analog-minimos-cuadrados,2023-03-04 23:00:00,45.907123,82.262186,0.223259,118.140767,142.110822,0.875,483.683248,547.96267,91.814247,0.015338
Analog-minimos-cuadrados,2023-03-05 23:00:00,139.902162,254.388692,0.283148,328.6518,587.874565,0.715,447.166906,1959.555822,279.804325,0.014687
Analog-minimos-cuadrados,2023-03-06 23:00:00,192.010245,343.73725,0.181667,495.89375,631.509794,0.668333,1007.706741,2112.839066,384.020491,0.016965
Analog-minimos-cuadrados,2023-03-07 23:00:00,129.856004,231.910257,0.265926,315.517985,402.202305,0.658333,1203.548282,1645.373352,259.712007,0.017552
Analog-minimos-cuadrados,2023-03-08 23:00:00,157.54328,280.836155,0.151222,415.787435,536.258943,0.711667,847.970508,1440.047992,315.086559,0.014244
Analog-minimos-cuadrados,2023-03-09 23:00:00,106.062124,189.568764,0.284259,250.738558,282.970367,0.651667,1039.0451,1388.63493,212.124248,0.013111
Analog-minimos-cuadrados,2023-03-10 23:00:00,112.494275,201.055858,0.365111,295.522444,325.36739,0.678333,960.36762,1255.311318,224.988549,0.016123
Analog-minimos-cuadrados,2023-03-11 23:00:00,54.174898,97.360493,0.151296,131.13054,181.492899,0.883333,588.354711,764.588241,108.349796,0.015391
Analog-minimos-cuadrados,2023-03-12 23:00:00,50.582407,91.218826,0.166519,127.123299,231.063684,0.831667,440.517148,657.489431,101.164813,0.0141
Analog-minimos-cuadrados,2023-03-13 23:00:00,48.337837,86.657616,0.13537,120.639661,198.663269,0.913333,512.743392,626.049692,96.675673,0.014194
Analog-minimos-cuadrados,2023-03-14 23:00:00,51.215481,92.417432,0.186259,128.830706,176.461154,0.798333,476.128005,669.904587,102.430961,0.015997
Analog-minimos-cuadrados,2023-03-15 23:00:00,83.054316,147.700325,0.131333,217.041094,307.761569,0.648333,419.157248,913.797822,166.108632,0.015146
Analog-minimos-cuadrados,2023-03-16 23:00:00,72.17965,128.82523,0.253593,203.259489,245.741671,0.8,705.942404,773.446021,144.359301,0.015617
Analog-minimos-cuadrados,2023-03-17 23:00:00,61.187153,109.9376,0.150815,147.784681,224.437853,0.915,769.655239,843.490327,122.374306,0.01432
Analog-minimos-cuadrados,2023-03-18 23:00:00,40.037688,72.056761,0.230259,93.655899,118.56399,0.933333,579.242689,632.003251,80.075376,0.014602
Analog-minimos-cuadrados,2023-03-19 23:00:00,22.071344,39.913507,0.195926,48.573781,57.698195,0.926667,346.340146,356.566919,44.142689,0.017105
Analog-minimos-cuadrados,2023-03-20 23:00:00,23.60191,42.279845,0.142074,60.893251,88.933801,0.885,217.528609,264.109236,47.203821,0.015542
Analog-minimos-cuadrados,2023-03-21 23:00:00,23.236181,41.414886,0.31463,59.362797,73.390034,0.673333,204.860636,271.996257,46.472362,0.016218
Analog-minimos-cuadrados,2023-03-22 23:00:00,124.988216,236.446165,0.125037,266.731002,459.379174,0.566667,154.58625,2210.131878,249.976432,0.013622
Analog-minimos-cuadrados,2023-03-23 23:00:00,144.618936,257.428298,0.243296,405.002408,491.186627,0.733333,830.454462,1265.835963,289.237871,0.016028
Analog-minimos-cuadrados,2023-03-24 23:00:00,141.952709,254.046775,0.206,361.579542,429.021499,0.57,943.750157,1676.970635,283.905417,0.013715
Analog-minimos-cuadrados,2023-03-25 23:00:00,95.521992,171.573094,0.303852,253.767499,277.678706,0.888333,1130.81177,1204.176542,191.043983,0.015759
Analog-minimos-cuadrados,2023-03-26 23:00:00,221.395577,399.198478,0.319926,551.802217,700.457501,0.513333,781.772006,2774.490728,442.791154,0.014256
Analog-minimos-cuadrados,2023-03-27 23:00:00,126.939547,227.412809,0.076556,315.604258,407.676984,0.808333,1112.808304,1561.84363,253.879094,0.017756
Analog-minimos-cuadrados,2023-03-28 23:00:00,121.963315,217.219995,0.376296,310.192374,324.159338,0.506667,823.793442,1431.824467,243.92663,0.014886
Analog-minimos-cuadrados,2023-03-29 23:00:00,102.135738,184.659226,0.138926,243.858635,387.872981,0.758333,646.904652,1476.366326,204.271475,0.016395
Analog-minimos-cuadrados,2023-03-30 23:00:00,136.649118,245.786339,0.180815,355.942916,506.425283,0.75,839.37526,1527.311782,273.298235,0.017141
Analog-minimos-cuadrados,2023-03-31 23:00:00,85.000093,152.113783,0.176667,217.758684,273.726571,0.921667,1012.470839,1043.926632,170.000187,0.015934
Analog-minimos-cuadrados,2023-04-01 23:00:00,89.025472,158.847907,0.325481,236.948812,270.245575,0.636667,643.020882,996.148653,178.050944,0.014766
Analog-minimos-cuadrados,2023-04-02 23:00:00,166.012478,296.948186,0.270296,405.636124,505.433553,0.526667,583.651522,2093.490646,332.024956,0.015311
Analog-minimos-cuadrados,2023-04-03 23:00:00,93.232237,166.641374,0.190667,236.904814,274.999203,0.695,878.373021,1104.884233,186.464475,0.015493
Analog-minimos-cuadrados,2023-04-04 23:00:00,174.394059,311.169003,0.311,471.101511,589.643046,0.691667,977.011345,1844.175866,348.788119,0.01571
Analog-minimos-cuadrados,2023-04-05 23:00:00,168.440039,301.074273,0.386111,417.945376,452.768541,0.398333,1164.710691,2092.59894,336.880077,0.017601
Analog-minimos-cuadrados,2023-04-06 23:00:00,98.088733,175.344293,0.298556,255.691641,292.634487,0.778333,965.025197,1210.035725,196.177465,0.014616
Analog-minimos-cuadrados,2023-04-07 23:00:00,47.321361,84.571276,0.326037,122.588995,136.755789,0.753333,509.533827,577.493164,94.642722,0.014575
Analog-minimos-cuadrados,2023-04-08 23:00:00,23.719569,42.571819,0.172852,57.190612,69.421357,0.818333,235.725977,296.575998,47.439138,0.015201
Analog-minimos-cuadrados,2023-04-09 23:00:00,64.037388,116.806188,0.325556,148.767715,226.574971,0.581667,199.977122,942.131658,128.074775,0.016714
Analog-minimos-cuadrados,2023-04-10 23:00:00,42.070479,75.20404,0.34563,106.274559,119.261834,0.733333,458.903821,514.00811,84.140958,0.015249
Analog-minimos-cuadrados,2023-04-11 23:00:00,43.321381,77.333754,0.31637,111.248114,140.071917,0.725,313.873698,458.574351,86.642762,0.013202
Analog-minimos-cuadrados,2023-04-12 23:00:00,110.868967,203.130291,0.281704,263.766561,319.621939,0.395,274.094526,1586.887888,221.737934,0.016789
Analog-minimos-cuadrados,2023-04-13 23:00:00,187.272758,342.604919,0.198963,434.927101,551.132247,0.395,509.939122,2787.37533,374.545516,0.015733
Analog-minimos-cuadrados,2023-04-14 23:00:00,62.856803,113.041929,0.215074,125.548451,151.047755,0.916667,961.549767,1002.880824,125.713606,0.015608
Analog-minimos-cuadrados,2023-04-15 23:00:00,92.820095,165.785184,0.231259,242.147881,293.619675,0.678333,699.765,988.326225,185.64019,0.015369
Analog-minimos-cuadrados,2023-04-16 23:00:00,74.450978,133.658648,0.303963,195.027628,221.732942,0.82,779.879726,923.882174,148.901957,0.015449
Analog-minimos-cuadrados,2023-04-17 23:00:00,112.713317,202.035689,0.177148,276.587315,353.531211,0.35,390.617728,1425.75117,225.426635,0.015888
Analog-minimos-cuadrados,2023-04-18 23:00:00,80.289045,142.759029,0.130741,225.180619,285.441771,0.868333,726.407409,833.118617,160.578089,0.015947
Analog-minimos-cuadrados,2023-04-19 23:00:00,117.052165,211.443253,0.094593,292.817646,399.911762,0.738333,789.591765,1457.43692,234.104331,0.015286
Analog-minimos-cuadrados,2023-04-20 23:00:00,233.795805,425.315483,0.258704,550.274183,682.364105,0.468333,631.336503,3365.99308,467.591611,0.014372
Analog-minimos-cuadrados,2023-04-21 23:00:00,141.566848,253.7624,0.111222,359.733143,428.491468,0.653333,1014.578,1710.107227,283.133697,0.01461
Analog-minimos-cuadrados,2023-04-22 23:00:00,133.416029,238.368629,0.188704,330.909513,377.660833,0.685,925.634745,1616.718465,266.832059,0.015339
Analog-minimos-cuadrados,2023-04-23 23:00:00,174.831651,312.932553,0.161926,459.09374,535.977575,0.641667,1077.426924,1889.734064,349.663303,0.014311
Analog-minimos-cuadrados,2023-04-24 23:00:00,129.908944,233.304055,0.141963,324.740234,392.009338,0.725,1111.891977,1693.559338,259.817888,0.014126
Analog-minimos-cuadrados,2023-04-25 23:00:00,116.425756,208.563248,0.214852,272.005074,314.731762,0.805,1301.655449,1660.531853,232.851512,0.012674
Analog-minimos-cuadrados,2023-04-26 23:00:00,113.523249,201.688244,0.367815,293.608576,321.158757,0.581667,821.350938,1260.92964,227.046497,0.014237
Analog-minimos-cuadrados,2023-04-27 23:00:00,53.477208,96.142559,0.108926,125.526393,160.232477,0.968333,670.771714,770.145396,106.954416,0.014027
Analog-minimos-cuadrados,2023-04-28 23:00:00,67.954406,122.406277,0.129889,169.431429,212.594939,0.62,444.964936,836.75659,135.908811,0.015724
Analog-minimos-cuadrados,2023-04-29 23:00:00,131.052102,237.549476,0.469444,314.272729,331.111685,0.146667,561.212455,1817.560554,262.104203,0.013466
Analog-minimos-cuadrados,2023-04-30 23:00:00,28.396832,51.500369,0.131259,57.066805,84.072384,0.968333,494.455292,502.231601,56.793664,0.016029
Analog-minimos-cuadrados,2023-05-01 23:00:00,18.265831,32.896899,0.236815,47.872794,60.893149,0.94,206.136915,233.512217,36.531662,0.013178
Analog-minimos-cuadrados,2023-05-02 23:00:00,206.209269,383.83127,0.487407,448.272823,641.19873,0.06,188.531263,3506.945424,412.418537,0.015834
Analog-minimos-cuadrados,2023-05-03 23:00:00,60.414504,109.223457,0.157148,118.647475,161.184656,0.943333,909.904532,1016.317264,120.829008,0.014931
Analog-minimos-cuadrados,2023-05-04 23:00:00,64.159066,115.949629,0.123926,147.07889,222.320464,0.875,704.012517,947.527608,128.318131,0.014667
Analog-minimos-cuadrados,2023-05-05 23:00:00,67.421274,121.827244,0.340222,157.992371,193.395001,0.471667,431.97377,967.002485,134.842548,0.014614
Analog-minimos-cuadrados,2023-05-06 23:00:00,81.875081,147.878001,0.291037,194.085441,218.478875,0.395,430.294475,1178.435116,163.750163,0.017069
Analog-minimos-cuadrados,2023-05-07 23:00:00,171.921934,312.721872,0.247963,404.854628,544.309618,0.453333,426.854897,2430.680941,343.843868,0.014935
Analog-minimos-cuadrados,2023-05-08 23:00:00,171.954931,307.484557,0.47037,429.695865,477.580877,0.146667,875.664076,2144.470999,343.909862,0.014033
Analog-minimos-cuadrados,2023-05-09 23:00:00,72.652721,130.355919,0.219519,183.987066,229.110714,0.875,823.97983,960.351363,145.305442,0.013614
Analog-minimos-cuadrados,2023-05-10 23:00:00,53.67012,95.695677,0.338444,136.754978,155.634546,0.52,455.326911,647.807264,107.34024,0.014035
Analog-minimos-cuadrados,2023-05-11 23:00:00,93.071632,169.51621,0.363593,216.533228,266.208402,0.415,388.422933,1377.472923,186.143264,0.016404
Analog-minimos-cuadrados,2023-05-12 23:00:00,80.234566,144.032791,0.182778,191.589587,284.582763,0.548333,489.859267,1080.452388,160.469132,0.014969
Analog-minimos-cuadrados,2023-05-13 23:00:00,94.210042,170.539235,0.384815,216.488402,237.501607,0.371667,523.545183,1360.472619,188.420085,0.015973
Analog-minimos-cuadrados,2023-05-14 23:00:00,66.384572,120.120755,0.172148,162.243653,240.578253,0.863333,484.98564,878.845985,132.769144,0.014264
Analog-minimos-cuadrados,2023-05-15 23:00:00,61.833883,110.435891,0.170148,165.559187,224.478758,0.865,545.993098,674.476498,123.667766,0.013312
Analog-minimos-cuadrados,2023-05-16 23:00:00,237.462182,436.425281,0.407593,546.791736,730.160379,0.323333,496.866665,3530.581948,474.924365,0.016235
Analog-minimos-cuadrados,2023-05-17 23:00:00,92.061628,164.724207,0.157037,253.66079,309.240336,0.916667,926.939873,1011.731239,184.123256,0.01448
Analog-minimos-cuadrados,2023-05-18 23:00:00,93.230267,166.906142,0.114556,222.562195,273.957498,0.783333,916.792001,1204.281927,186.460534,0.013468
Analog-minimos-cuadrados,2023-05-19 23:00:00,168.473778,305.831397,0.390519,400.430491,467.53202,0.311667,837.303076,2352.065132,336.947556,0.017125
Analog-minimos-cuadrados,2023-05-20 23:00:00,88.671658,159.141644,0.327481,229.701173,255.584619,0.655,638.122713,1035.127828,177.343315,0.014363
Analog-minimos-cuadrados,2023-05-21 23:00:00,150.39751,279.736348,0.228889,343.216052,515.365289,0.555,341.503999,2299.830801,300.79502,0.015185
Analog-minimos-cuadrados,2023-05-22 23:00:00,89.87402,160.122716,0.066556,234.756718,311.337277,0.761667,788.088114,983.4445,179.74804,0.016197
Analog-minimos-cuadrados,2023-05-23 23:00:00,62.257559,112.026876,0.125037,148.151221,193.94724,0.953333,811.407384,833.42261,124.515119,0.014141
Analog-minimos-cuadrados,2023-05-24 23:00:00,52.53729,94.742747,0.10463,125.672847,167.585099,0.961667,713.21286,729.228637,105.074579,0.014082
Analog-minimos-cuadrados,2023-05-25 23:00:00,57.168039,102.608083,0.108111,144.557483,188.605714,0.861667,602.509376,721.046395,114.336078,0.014879
Analog-minimos-cuadrados,2023-05-26 23:00:00,64.909893,116.236259,0.12163,162.751275,194.693045,0.585,419.132624,790.747362,129.819787,0.015858
Analog-minimos-cuadrados,2023-05-27 23:00:00,154.720512,284.857049,0.494074,357.773794,366.679182,0.025,535.555832,2342.211206,309.441023,0.015711
Analog-minimos-cuadrados,2023-05-28 23:00:00,43.593409,79.082544,0.134148,107.233598,171.211148,0.96,425.129371,595.376837,87.186818,0.017165
Analog-minimos-cuadrados,2023-05-29 23:00:00,62.730775,112.992279,0.14063,156.610777,217.793566,0.645,411.122675,808.22036,125.46155,0.014485
Analog-minimos-cuadrados,2023-05-30 23:00:00,53.922126,96.38004,0.220259,131.994226,178.717599,0.67,496.050519,672.646416,107.844251,0.014213
Analog-minimos-cuadrados,2023-05-31 23:00:00,33.454832,60.447721,0.138148,79.333805,97.241951,0.941667,448.565464,471.926083,66.909664,0.016356
Analog-minimos-cuadrados,2023-06-01 23:00:00,66.155101,118.50314,0.361556,164.316258,197.257955,0.45,299.386194,821.059303,132.310201,0.015212
Analog-minimos-cuadrados,2023-06-02 23:00:00,129.646415,238.347221,0.161704,305.897449,371.619774,0.288333,352.385796,1878.911747,259.29283,0.016845
Analog-minimos-cuadrados,2023-06-03 23:00:00,99.822347,179.08072,0.382593,247.506616,271.441705,0.39,636.685267,1217.513597,199.644694,0.01591
Analog-minimos-cuadrados,2023-06-04 23:00:00,59.120835,105.947169,0.081556,153.977539,193.475919,0.853333,633.963286,733.489034,118.241669,0.017135
Analog-minimos-cuadrados,2023-06-05 23:00:00,114.561827,206.22523,0.162481,280.826459,349.457078,0.346667,401.690765,1475.258278,229.123655,0.015986
Analog-minimos-cuadrados,2023-06-06 23:00:00,66.621452,119.005457,0.292259,167.415281,192.749263,0.776667,696.050602,808.918251,133.242904,0.015325
Analog-minimos-cuadrados,2023-06-07 23:00:00,46.255277,83.196952,0.223519,108.282178,136.843572,0.83,484.912688,633.724284,92.510555,0.016888
Analog-minimos-cuadrados,2023-06-08 23:00:00,70.985751,128.087349,0.180037,172.214161,220.103183,0.393333,259.655742,941.622297,141.971502,0.014566
Analog-minimos-cuadrados,2023-06-09 23:00:00,48.923736,87.319221,0.128111,128.465475,155.310932,0.743333,387.610538,542.445152,97.847473,0.015937
Analog-minimos-cuadrados,2023-06-10 23:00:00,125.2565,229.527795,0.441778,297.225265,341.504305,0.17,423.406076,1776.230766,250.513,0.016817
Analog-minimos-cuadrados,2023-06-11 23:00:00,79.563662,142.64608,0.103963,202.183094,269.828849,0.903333,595.78462,933.986964,159.127325,0.01522
Analog-minimos-cuadrados,2023-06-12 23:00:00,124.764079,225.703819,0.095519,309.946856,463.462378,0.718333,639.402689,1609.345172,249.528158,0.015991
Analog-minimos-cuadrados,2023-06-13 23:00:00,197.487988,355.341869,0.229259,490.750635,714.5154,0.663333,910.092764,2524.082187,394.975977,0.015852
Analog-minimos-cuadrados,2023-06-14 23:00:00,273.054691,485.601768,0.174148,712.326127,860.011354,0.48,1321.572219,2948.996709,546.109382,0.015357
Analog-minimos-cuadrados,2023-06-15 23:00:00,185.678547,330.976624,0.203259,474.045418,582.061233,0.765,1728.541855,2225.497165,371.357093,0.016208
Analog-minimos-cuadrados,2023-06-16 23:00:00,196.009413,349.376573,0.382407,523.699612,597.84687,0.576667,1398.186803,2115.386787,392.018825,0.01441
Analog-minimos-cuadrados,2023-06-17 23:00:00,192.610538,344.53415,0.44037,482.319759,519.018857,0.241667,1039.296069,2430.596655,385.221076,0.015247
Analog-minimos-cuadrados,2023-06-18 23:00:00,372.26253,682.759186,0.379074,837.561334,1107.036294,0.346667,668.612753,5904.769618,744.52506,0.015556
Analog-minimos-cuadrados,2023-06-19 23:00:00,191.007134,340.397655,0.066741,517.115168,627.808086,0.836667,1763.221876,1981.484164,382.014269,0.015337
Analog-minimos-cuadrados,2023-06-20 23:00:00,260.228449,463.658498,0.104407,684.844249,847.498587,0.596667,1757.939879,2823.250507,520.456899,0.015896
Analog-minimos-cuadrados,2023-06-21 23:00:00,161.41293,289.425551,0.092037,406.751631,529.647567,0.976667,1886.016788,2110.990314,322.825859,0.014379
Analog-minimos-cuadrados,2023-06-22 23:00:00,202.299794,362.087425,0.147926,511.741285,641.924127,0.771667,1655.204533,2490.028635,404.599589,0.015696
Analog-minimos-cuadrados,2023-06-23 23:00:00,242.039761,431.69023,0.186889,610.809426,764.707815,0.611667,1271.095171,2908.719908,484.079521,0.013892
Analog-minimos-cuadrados,2023-06-24 23:00:00,233.913459,418.119364,0.450741,595.175231,624.37808,0.286667,1218.738092,2641.894824,467.826918,0.016178
Analog-minimos-cuadrados,2023-06-25 23:00:00,186.394819,332.817319,0.066407,472.604244,738.926029,0.818333,1314.21986,2232.667179,372.789637,0.015004
Analog-minimos-cuadrados,2023-06-26 23:00:00,193.64742,346.002437,0.202667,486.247402,655.807797,0.476667,1497.614139,2298.097501,387.294841,0.014869
Analog-minimos-cuadrados,2023-06-27 23:00:00,167.4422,299.17987,0.13063,418.693899,578.098387,0.875,1657.863904,2064.018261,334.884401,0.014774
Analog-minimos-cuadrados,2023-06-28 23:00:00,127.460899,227.829244,0.248074,329.964276,438.553854,0.865,1401.95122,1519.544574,254.921798,0.016258
Analog-minimos-cuadrados,2023-06-29 23:00:00,90.433866,162.517079,0.123,226.768056,320.032616,0.971667,1140.085947,1168.345654,180.867732,0.01614
Analog-minimos-cuadrados,2023-06-30 23:00:00,119.026434,213.591994,0.129,306.732728,401.165836,0.71,982.754366,1418.79837,238.052867,0.01568
Analog-minimos-cuadrados,2023-07-01 23:00:00,107.5988,192.242667,0.246111,291.356334,369.975628,0.745,832.119526,1129.956203,215.1976,0.014954
Analog-minimos-cuadrados,2023-07-02 23:00:00,84.53241,151.41845,0.100037,207.528446,276.402005,0.926667,1064.614714,1131.618495,169.064821,0.015151
Analog-minimos-cuadrados,2023-07-03 23:00:00,74.019704,133.080704,0.106407,189.02855,276.158683,0.938333,835.665823,942.812846,148.039409,0.014942
Analog-minimos-cuadrados,2023-07-04 23:00:00,66.691306,119.215767,0.258,169.416804,203.179675,0.726667,647.397881,835.568963,133.382613,0.014359
Analog-minimos-cuadrados,2023-07-05 23:00:00,370.540961,693.73783,0.383519,801.797426,1014.292075,0.313333,461.856347,6349.36378,741.081922,0.015079
Analog-minimos-cuadrados,2023-07-06 23:00:00,266.116627,472.9259,0.155037,719.075439,790.296368,0.428333,1393.007415,2558.469189,532.233254,0.01479
Analog-minimos-cuadrados,2023-07-07 23:00:00,227.213174,406.097859,0.150222,585.181724,678.504359,0.538333,1401.236199,2661.512801,454.426348,0.01641
Analog-minimos-cuadrados,2023-07-08 23:00:00,263.692854,471.63758,0.425704,685.498729,725.127552,0.42,1593.001394,3011.181926,527.385708,0.014695
Analog-minimos-cuadrados,2023-07-09 23:00:00,265.730517,472.206109,0.144,694.134962,986.037473,0.763333,1545.700659,2737.73745,531.461035,0.013619
Analog-minimos-cuadrados,2023-07-10 23:00:00,177.011117,315.493998,0.222778,443.932874,584.474068,0.72,1610.032708,2175.960419,354.022235,0.015239
Analog-minimos-cuadrados,2023-07-11 23:00:00,174.292341,312.194961,0.113037,409.132196,694.987397,0.813333,1254.152617,2248.193253,348.584682,0.014949
Analog-minimos-cuadrados,2023-07-12 23:00:00,174.68995,311.451751,0.114407,462.254379,567.031158,0.676667,1496.138956,1906.569406,349.3799,0.012709
Analog-minimos-cuadrados,2023-07-13 23:00:00,174.891831,311.737672,0.382593,454.349199,506.106724,0.605,1404.152463,1909.086288,349.783662,0.014633
Analog-minimos-cuadrados,2023-07-14 23:00:00,118.160588,211.64278,0.126667,304.950668,439.44998,0.86,1127.666464,1391.258434,236.321176,0.016993
Analog-minimos-cuadrados,2023-07-15 23:00:00,116.797311,208.403146,0.316815,294.486512,333.245847,0.541667,902.363871,1332.739727,233.594622,0.014801
Analog-minimos-cuadrados,2023-07-16 23:00:00,62.302358,112.777009,0.197778,136.328333,176.491539,0.953333,1005.058516,1036.813434,124.604716,0.014691
Analog-minimos-cuadrados,2023-07-17 23:00:00,113.479578,207.889045,0.180333,267.697679,420.554974,0.62,389.953818,1620.599214,226.959156,0.015681
Analog-minimos-cuadrados,2023-07-18 23:00:00,87.617296,156.835586,0.353704,215.706527,243.696043,0.443333,711.194365,1092.667289,175.234593,0.016439
Analog-minimos-cuadrados,2023-07-19 23:00:00,123.378691,224.302201,0.144889,288.71783,467.706538,0.756667,532.286798,1794.40405,246.757383,0.015157
Analog-minimos-cuadrados,2023-07-20 23:00:00,131.771483,239.528554,0.111222,330.075206,526.397664,0.753333,854.72089,1745.80182,263.542967,0.016326
Analog-minimos-cuadrados,2023-07-21 23:00:00,226.193245,407.429697,0.231926,568.805728,716.866452,0.643333,1080.60872,2804.826694,452.386489,0.015313
Analog-minimos-cuadrados,2023-07-22 23:00:00,182.428642,325.478065,0.169444,496.363337,547.293573,0.72,1535.321181,2013.708704,364.857285,0.014241
Analog-minimos-cuadrados,2023-07-23 23:00:00,267.42593,477.059985,0.103407,723.789541,848.750393,0.68,1847.54795,2809.689307,534.851859,0.015003
Analog-minimos-cuadrados,2023-07-24 23:00:00,187.29183,333.675065,0.337185,481.105991,527.185474,0.626667,1683.618331,2218.780651,374.58366,0.01549
Analog-minimos-cuadrados,2023-07-25 23:00:00,97.559936,174.838645,0.158222,232.557015,319.22763,0.933333,1267.920853,1328.695591,195.119872,0.015694
Analog-minimos-cuadrados,2023-07-26 23:00:00,95.92209,172.246924,0.299333,242.139178,295.33593,0.731667,910.216489,1175.374199,191.844181,0.016892
Analog-minimos-cuadrados,2023-07-27 23:00:00,72.020457,128.890488,0.19,184.027645,245.407887,0.806667,648.394459,889.204642,144.040914,0.016121
Analog-minimos-cuadrados,2023-07-28 23:00:00,76.744356,137.095481,0.131556,198.844036,233.839495,0.651667,518.533331,882.908184,153.488712,0.016132
Analog-minimos-cuadrados,2023-07-29 23:00:00,100.88416,180.958914,0.340185,259.546203,271.997002,0.355,522.035794,1200.980414,201.768319,0.015012
Analog-minimos-cuadrados,2023-07-30 23:00:00,75.477609,134.81181,0.099185,198.181813,239.384671,0.683333,638.843559,833.907591,150.955219,0.015545
Analog-minimos-cuadrados,2023-07-31 23:00:00,64.44595,115.148154,0.097926,175.436114,218.37688,0.933333,685.275155,723.582884,128.891899,0.015222
Analog-minimos-cuadrados,2023-08-01 23:00:00,77.808963,138.773013,0.159111,202.373798,270.723644,0.845,648.319306,870.400277,155.617926,0.014116
Analog-minimos-cuadrados,2023-08-02 23:00:00,83.702627,149.132499,0.151,223.211101,251.635351,0.721667,664.108684,911.673503,167.405255,0.014588
Analog-minimos-cuadrados,2023-08-03 23:00:00,101.589552,181.900678,0.187333,255.335708,284.079427,0.471667,605.08113,1180.524136,203.179104,0.014873
Analog-minimos-cuadrados,2023-08-04 23:00:00,108.167627,194.204395,0.260222,274.366278,311.039643,0.506667,776.674945,1300.760833,216.335254,0.015223
Analog-minimos-cuadrados,2023-08-05 23:00:00,59.582364,106.36134,0.09863,173.335306,199.319317,0.936667,554.773743,584.962194,119.164728,0.0165
Analog-minimos-cuadrados,2023-08-06 23:00:00,89.962151,161.834018,0.071148,228.066723,344.361375,0.856667,709.886624,1138.220208,179.924302,0.014885
Analog-minimos-cuadrados,2023-08-07 23:00:00,83.342613,149.909782,0.172889,207.561019,294.902969,0.851667,859.287816,1099.61154,166.685226,0.015228
Analog-minimos-cuadrados,2023-08-08 23:00:00,144.668769,257.883825,0.25963,367.906747,493.473142,0.63,755.575885,1697.516181,289.337539,0.012744
Analog-minimos-cuadrados,2023-08-09 23:00:00,152.694147,271.731106,0.140185,395.948621,525.085784,0.69,988.703793,1718.41385,305.388294,0.016019
Analog-minimos-cuadrados,2023-08-10 23:00:00,112.039115,200.341909,0.123926,280.419345,387.527169,0.838333,1044.244627,1420.041595,224.07823,0.016186
Analog-minimos-cuadrados,2023-08-11 23:00:00,196.743754,352.717081,0.161778,496.5016,538.762113,0.39,1010.628589,2337.473823,393.487508,0.016242
Analog-minimos-cuadrados,2023-08-12 23:00:00,227.8551,407.062334,0.406667,569.147521,599.334718,0.388333,1500.87401,2851.311286,455.710201,0.015865
Analog-minimos-cuadrados,2023-08-13 23:00:00,89.145727,160.659736,0.136852,194.463023,238.635485,0.83,1291.20424,1386.834672,178.291454,0.016115
Analog-minimos-cuadrados,2023-08-14 23:00:00,72.107777,128.859456,0.07837,182.558381,246.381294,0.9,785.900434,910.388511,144.215553,0.014982
Analog-minimos-cuadrados,2023-08-15 23:00:00,78.539596,140.253477,0.16737,202.545449,256.016995,0.788333,753.161257,921.701839,157.079192,0.015301
Analog-minimos-cuadrados,2023-08-16 23:00:00,44.919704,80.75289,0.142333,109.903045,131.103172,0.883333,531.994419,587.87856,89.839407,0.014807
Analog-minimos-cuadrados,2023-08-17 23:00:00,150.324348,270.411796,0.26337,365.170269,482.140161,0.47,421.400054,1892.60695,300.648697,0.01391
Analog-minimos-cuadrados,2023-08-18 23:00:00,74.988761,134.505738,0.174556,186.838685,216.501544,0.865,877.090939,979.359227,149.977522,0.016588
Analog-minimos-cuadrados,2023-08-19 23:00:00,125.352299,225.152196,0.319815,302.818182,351.301937,0.388333,593.494516,1683.343544,250.704599,0.016552
Analog-minimos-cuadrados,2023-08-20 23:00:00,65.239043,117.068043,0.237741,163.179418,183.701464,0.868333,794.148087,836.845553,130.478086,0.015744
Analog-minimos-cuadrados,2023-08-21 23:00:00,52.878268,95.265174,0.179741,129.338459,175.671639,0.938333,683.598993,710.92644,105.756536,0.015054
Analog-minimos-cuadrados,2023-08-22 23:00:00,40.071293,72.029824,0.154222,103.242602,126.251077,0.846667,409.467253,518.688901,80.142586,0.016256
Analog-minimos-cuadrados,2023-08-23 23:00:00,55.666309,99.201781,0.110444,143.814359,193.366959,0.605,277.296368,633.037507,111.332618,0.015695
Analog-minimos-cuadrados,2023-08-24 23:00:00,49.521782,88.381227,0.248852,123.23566,144.99771,0.528333,362.126442,587.778201,99.043564,0.015217
Analog-minimos-cuadrados,2023-08-25 23:00:00,96.282272,175.611689,0.163481,235.116746,307.745755,0.595,375.549361,1268.71262,192.564545,0.015936
Analog-minimos-cuadrados,2023-08-26 23:00:00,78.505103,139.370496,0.254667,212.047508,225.564968,0.628333,597.017236,825.468674,157.010206,0.016896
Analog-minimos-cuadrados,2023-08-27 23:00:00,114.145643,204.048685,0.26363,301.122586,379.435204,0.71,658.351022,1267.636648,228.291286,0.016105
Analog-minimos-cuadrados,2023-08-28 23:00:00,230.946796,422.481732,0.189852,544.997388,800.431243,0.605,750.68827,3338.286094,461.893592,0.015111
Analog-minimos-cuadrados,2023-08-29 23:00:00,161.630502,289.067495,0.262593,412.71437,499.967997,0.646667,1308.427969,1897.892713,323.261003,0.014754
Analog-minimos-cuadrados,2023-08-30 23:00:00,88.422509,159.112854,0.178593,194.072178,242.495664,0.926667,1214.004692,1268.101797,176.845018,0.016601
Analog-minimos-cuadrados,2023-08-31 23:00:00,118.553231,212.723004,0.198148,284.403067,336.581135,0.586667,898.521525,1525.10281,237.106462,0.014676
Analog-minimos-cuadrados,2023-09-01 23:00:00,119.803576,214.787339,0.306296,291.94135,326.233857,0.395,597.453814,1603.160209,239.607151,0.016166
Analog-minimos-cuadrados,2023-09-02 23:00:00,83.177551,148.178485,0.280556,219.088955,254.313946,0.623333,717.471269,889.721185,166.355101,0.014745
Analog-minimos-cuadrados,2023-09-03 23:00:00,161.34252,286.712173,0.137778,408.054751,595.25607,0.575,630.742876,1880.261986,322.685041,0.01484
Analog-minimos-cuadrados,2023-09-04 23:00:00,132.817674,239.363012,0.117741,337.461383,526.079873,0.843333,1053.524176,1613.292328,265.635348,0.016534
Analog-minimos-cuadrados,2023-09-05 23:00:00,119.693243,213.571023,0.187037,339.209994,438.66909,0.925,1146.413177,1253.425162,239.386486,0.013736
Analog-minimos-cuadrados,2023-09-06 23:00:00,134.337033,239.585487,0.098481,343.445785,451.830725,0.761667,1190.941882,1569.417935,268.674066,0.014675
Analog-minimos-cuadrados,2023-09-07 23:00:00,130.723486,234.881818,0.305741,326.728599,394.935622,0.565,931.786618,1622.558139,261.446973,0.015108
Analog-minimos-cuadrados,2023-09-08 23:00:00,101.054183,180.44981,0.129222,266.153109,295.983191,0.7,751.525257,1087.978966,202.108366,0.014628
Analog-minimos-cuadrados,2023-09-09 23:00:00,124.640258,222.514461,0.393148,307.773517,343.296558,0.415,816.630804,1559.543976,249.280515,0.016204
Analog-minimos-cuadrados,2023-09-10 23:00:00,109.7333,195.343921,0.099741,297.510468,427.236057,0.646667,728.281313,1076.133273,219.466599,0.013087
Analog-minimos-cuadrados,2023-09-11 23:00:00,151.505084,270.935423,0.261889,387.970407,510.735352,0.676667,882.347983,1757.599874,303.010167,0.013982
Analog-minimos-cuadrados,2023-09-12 23:00:00,113.476736,202.349026,0.229,291.968207,331.768592,0.636667,911.111456,1273.715867,226.953472,0.013867
Analog-minimos-cuadrados,2023-09-13 23:00:00,177.260061,318.678008,0.112481,449.147775,635.438102,0.681667,912.686172,2051.385038,354.520123,0.016253
Analog-minimos-cuadrados,2023-09-14 23:00:00,133.105929,237.675753,0.201556,334.330406,397.671006,0.811667,1454.469113,1623.329189,266.211858,0.015804
Analog-minimos-cuadrados,2023-09-15 23:00:00,109.402039,195.273939,0.291,283.185829,312.219122,0.716667,961.530282,1248.273405,218.804078,0.013608
Analog-minimos-cuadrados,2023-09-16 23:00:00,161.780959,288.610111,0.392778,391.343318,431.538266,0.326667,952.797539,2101.466742,323.561917,0.016198
Analog-minimos-cuadrados,2023-09-17 23:00:00,136.509713,242.521791,0.304926,377.039475,524.857491,0.79,795.054573,1264.487939,273.019427,0.015075
Analog-minimos-cuadrados,2023-09-18 23:00:00,166.60579,297.451996,0.241926,434.820235,610.414818,0.723333,971.67643,1793.692351,333.21158,0.015017
Analog-minimos-cuadrados,2023-09-19 23:00:00,107.818116,193.559976,0.124963,255.038546,333.208216,0.88,1285.081515,1486.737322,215.636231,0.016465
Analog-minimos-cuadrados,2023-09-20 23:00:00,64.501787,116.240778,0.111556,144.929173,195.717762,0.98,921.421136,931.505882,129.003575,0.015744
Analog-minimos-cuadrados,2023-09-21 23:00:00,73.714613,133.113109,0.174593,170.360114,219.812205,0.79,705.987575,1045.834227,147.429227,0.016476
Analog-minimos-cuadrados,2023-09-22 23:00:00,180.650956,328.227296,0.173074,435.48535,497.967866,0.415,793.582859,2471.464625,361.301912,0.017146
Analog-minimos-cuadrados,2023-09-23 23:00:00,136.034221,242.726618,0.219074,342.747188,407.838434,0.728333,1321.15193,1613.851741,272.068443,0.01472
Analog-minimos-cuadrados,2023-09-24 23:00:00,126.329148,225.046343,0.124963,318.77708,433.941579,0.813333,1292.004322,1533.698594,252.658296,0.015123
Analog-minimos-cuadrados,2023-09-25 23:00:00,155.838231,278.319488,0.240741,394.114919,467.900263,0.718333,1138.6771,1825.313656,311.676463,0.014109
Analog-minimos-cuadrados,2023-09-26 23:00:00,312.521173,567.595893,0.329444,757.20156,982.684503,0.595,1086.697937,4241.076002,625.042346,0.014761
Analog-minimos-cuadrados,2023-09-27 23:00:00,286.647701,524.13436,0.40963,680.412676,747.816435,0.271667,1343.854587,4119.696925,573.295401,0.01357
Analog-minimos-cuadrados,2023-09-28 23:00:00,156.802842,280.701617,0.297741,385.098282,457.577304,0.703333,1263.885986,1948.852144,313.605685,0.015328
Analog-minimos-cuadrados,2023-09-29 23:00:00,83.396672,149.527835,0.141889,201.795924,248.71356,0.773333,849.130598,1062.802989,166.793343,0.015348
Analog-minimos-cuadrados,2023-09-30 23:00:00,135.836067,247.550372,0.319037,315.631786,350.309718,0.381667,726.35204,1964.832355,271.672135,0.016898
Analog-minimos-cuadrados,2023-10-01 23:00:00,90.134589,161.872301,0.14737,233.219091,265.794019,0.678333,809.198838,1107.331832,180.269177,0.013864
Analog-minimos-cuadrados,2023-10-02 23:00:00,144.754843,256.479464,0.075037,366.870143,562.500883,0.743333,848.42102,1591.864214,289.509686,0.014919
Analog-minimos-cuadrados,2023-10-03 23:00:00,109.348428,195.585781,0.084704,282.76133,367.213379,0.926667,1335.543907,1385.778105,218.696857,0.015731
Analog-minimos-cuadrados,2023-10-04 23:00:00,105.459455,189.105125,0.129704,251.342431,344.734725,0.978333,1388.535214,1404.896322,210.918911,0.015758
Analog-minimos-cuadrados,2023-10-05 23:00:00,99.588367,179.005232,0.287815,250.404913,316.521621,0.731667,917.359383,1285.187382,199.176733,0.017924
Analog-minimos-cuadrados,2023-10-06 23:00:00,150.04639,270.550915,0.182889,372.993271,503.712571,0.546667,591.680416,1830.57082,300.09278,0.016078
Analog-minimos-cuadrados,2023-10-07 23:00:00,149.943777,274.86199,0.362519,353.248657,407.048376,0.368333,731.202334,2135.382216,299.887555,0.017086
Analog-minimos-cuadrados,2023-10-08 23:00:00,54.794023,98.932285,0.18637,128.385114,155.397607,0.865,714.071907,808.147765,109.588045,0.017228
Analog-minimos-cuadrados,2023-10-09 23:00:00,76.211689,135.740432,0.259111,202.51371,240.013666,0.605,402.685011,780.054326,152.423378,0.016818
Analog-minimos-cuadrados,2023-10-10 23:00:00,125.266713,227.635943,0.137444,298.131706,430.067589,0.52,451.97535,1724.046059,250.533426,0.015721
Analog-minimos-cuadrados,2023-10-11 23:00:00,106.716272,190.407961,0.239481,272.927329,318.0648,0.593333,810.168383,1254.696385,213.432543,0.015456
Analog-minimos-cuadrados,2023-10-12 23:00:00,107.555572,191.594105,0.118704,285.120384,366.567228,0.811667,840.947842,1124.505474,215.111145,0.014781
Analog-minimos-cuadrados,2023-10-13 23:00:00,115.367573,208.114179,0.119,292.08264,358.822344,0.656667,793.280679,1396.377785,230.735147,0.016039
Analog-minimos-cuadrados,2023-10-14 23:00:00,181.086921,331.41244,0.37663,428.383032,447.922771,0.441667,789.612112,2629.76781,362.173841,0.016996
Analog-minimos-cuadrados,2023-10-15 23:00:00,89.303206,159.495445,0.309111,230.060522,270.458598,0.801667,881.779305,1053.212353,178.606412,0.016214
Analog-minimos-cuadrados,2023-10-16 23:00:00,24.352111,44.002787,0.147963,46.819138,55.687949,0.928333,393.919875,406.477517,48.704221,0.016047
Analog-minimos-cuadrados,2023-10-17 23:00:00,26.512662,47.580509,0.126481,65.000789,108.592208,0.808333,180.004623,335.986231,53.025324,0.014519
Analog-minimos-cuadrados,2023-10-18 23:00:00,31.427399,56.420239,0.194593,81.606954,114.781329,0.813333,210.935952,369.371472,62.854798,0.016974
Analog-minimos-cuadrados,2023-10-19 23:00:00,54.624562,97.961578,0.279704,136.645057,179.760594,0.598333,248.932119,683.053116,109.249124,0.015693
Analog-minimos-cuadrados,2023-10-20 23:00:00,104.471595,194.347785,0.278,236.696713,313.443569,0.526667,313.521488,1671.818777,208.943189,0.01687
Analog-minimos-cuadrados,2023-10-21 23:00:00,74.382952,134.500346,0.316259,183.43069,196.829971,0.52,578.949448,994.229454,148.765904,0.014325
Analog-minimos-cuadrados,2023-10-22 23:00:00,99.818314,177.495926,0.138889,268.252498,365.882037,0.668333,550.296658,992.777328,199.636629,0.016697
Analog-minimos-cuadrados,2023-10-23 23:00:00,100.631963,179.790145,0.132704,277.814821,332.831697,0.703333,729.415961,1015.715069,201.263926,0.014139
Analog-minimos-cuadrados,2023-10-24 23:00:00,123.221455,220.951625,0.154481,317.481432,405.128988,0.69,824.498541,1446.582682,246.44291,0.015217
Analog-minimos-cuadrados,2023-10-25 23:00:00,226.861181,417.22117,0.430185,542.78688,576.133441,0.231667,794.04926,3247.372638,453.722361,0.014742
Analog-minimos-cuadrados,2023-10-26 23:00:00,52.631821,95.075661,0.216593,117.404397,152.330429,0.93,812.818489,850.054261,105.263642,0.014087
Analog-minimos-cuadrados,2023-10-27 23:00:00,17.402088,31.426506,0.182148,36.725293,44.561119,0.936667,259.085466,270.893209,34.804177,0.013492
Analog-minimos-cuadrados,2023-10-28 23:00:00,34.4685,62.762965,0.129815,81.674976,111.802071,0.505,132.010798,485.241253,68.937001,0.014037
Analog-minimos-cuadrados,2023-10-29 23:00:00,32.962994,59.133823,0.140185,84.097992,126.300679,0.875,260.352054,385.221415,65.925987,0.015972
Analog-minimos-cuadrados,2023-10-30 23:00:00,24.541663,43.948736,0.132037,62.110656,75.950614,0.885,258.021934,290.954792,49.083325,0.01477
Analog-minimos-cuadrados,2023-10-31 23:00:00,39.613567,70.626616,0.411481,104.214226,116.103306,0.421667,180.023236,427.784467,79.227135,0.015609
Analog-minimos-cuadrados,2023-11-01 23:00:00,17.051934,30.603012,0.156519,43.090247,54.999796,0.823333,158.833824,206.855775,34.103868,0.015073
Analog-minimos-cuadrados,2023-11-02 23:00:00,20.452504,37.099381,0.176741,51.254789,63.213962,0.625,132.240807,265.547269,40.905009,0.015683
Analog-minimos-cuadrados,2023-11-03 23:00:00,42.270378,76.844766,0.462593,98.733371,108.340782,0.135,142.804961,622.350366,84.540755,0.014506
Analog-minimos-cuadrados,2023-11-04 23:00:00,24.225329,43.310537,0.210889,62.842969,75.655096,0.745,185.631464,279.067237,48.450657,0.014906
Analog-minimos-cuadrados,2023-11-05 23:00:00,89.259452,161.133549,0.192815,203.839415,307.225861,0.601667,193.381181,1336.041429,178.518905,0.014241
Analog-minimos-cuadrados,2023-11-06 23:00:00,47.38291,84.853779,0.090407,122.015324,161.543947,0.866667,506.450466,554.052192,94.765819,0.014534
Analog-minimos-cuadrados,2023-11-07 23:00:00,56.379152,100.783395,0.113704,142.259128,167.327472,0.715,504.380733,685.269324,112.758303,0.013343
Analog-minimos-cuadrados,2023-11-08 23:00:00,278.806464,511.494491,0.241444,636.381668,795.068516,0.326667,524.57697,4256.342742,557.612927,0.015586
Analog-minimos-cuadrados,2023-11-09 23:00:00,176.147808,313.382431,0.358667,464.957665,535.267231,0.52,1302.627528,2020.946994,352.295615,0.015432
Analog-minimos-cuadrados,2023-11-10 23:00:00,65.832296,118.734521,0.158556,149.733493,201.233246,0.893333,890.151023,972.075113,131.664592,0.014389
Analog-minimos-cuadrados,2023-11-11 23:00:00,85.997456,153.711377,0.420704,212.328234,237.054588,0.318333,564.799135,1071.552912,171.994912,0.014685
Analog-minimos-cuadrados,2023-11-12 23:00:00,28.742351,51.98182,0.217296,62.113802,97.022447,0.911667,411.214764,458.676264,57.484701,0.015732
Analog-minimos-cuadrados,2023-11-13 23:00:00,148.021744,275.629289,0.247963,331.375327,494.933435,0.465,238.851295,2373.280224,296.043488,0.015737
Analog-minimos-cuadrados,2023-11-14 23:00:00,195.78855,356.540434,0.146,465.14474,712.061972,0.638333,760.473092,2773.100333,391.577099,0.014471
Analog-minimos-cuadrados,2023-11-15 23:00:00,114.065011,203.910757,0.213556,286.252967,333.183863,0.848333,1351.765999,1429.158782,228.130022,0.015153
Analog-minimos-cuadrados,2023-11-16 23:00:00,140.86375,250.909582,0.143444,395.13656,512.756431,0.893333,1164.502544,1390.837748,281.727501,0.015433
Analog-minimos-cuadrados,2023-11-17 23:00:00,170.887601,303.512992,0.40937,449.979144,511.026089,0.406667,1132.552219,1842.129896,341.775203,0.014262
Analog-minimos-cuadrados,2023-11-18 23:00:00,59.662516,108.058386,0.216519,132.160809,193.660884,0.878333,809.562483,900.761804,119.325032,0.016382
Analog-minimos-cuadrados,2023-11-19 23:00:00,64.14386,114.854047,0.320778,166.098237,192.751737,0.566667,547.114948,802.57152,128.28772,0.015159
Analog-minimos-cuadrados,2023-11-20 23:00:00,89.087265,158.937104,0.188074,240.7364,296.989113,0.59,550.094116,912.649287,178.174529,0.015143
Analog-minimos-cuadrados,2023-11-21 23:00:00,62.451301,112.10076,0.234296,139.896822,164.993306,0.726667,654.158184,891.196109,124.902603,0.01474
Analog-minimos-cuadrados,2023-11-22 23:00:00,121.933894,218.380997,0.254037,318.257571,467.462962,0.693333,552.208082,1380.557213,243.867789,0.015567
Analog-minimos-cuadrados,2023-11-23 23:00:00,85.901373,153.128931,0.214111,210.259016,247.586815,0.725,911.092969,1117.070323,171.802747,0.015193
Analog-minimos-cuadrados,2023-11-24 23:00:00,89.433172,160.037486,0.255852,211.044916,247.479964,0.643333,805.277288,1113.990671,178.866343,0.015826
Analog-minimos-cuadrados,2023-11-25 23:00:00,65.334197,116.913509,0.243259,176.697731,213.956811,0.846667,715.830792,757.903984,130.668394,0.015519
Analog-minimos-cuadrados,2023-11-26 23:00:00,42.57222,77.051066,0.133778,96.930429,143.875423,0.901667,608.278519,649.347816,85.14444,0.012956
Analog-minimos-cuadrados,2023-11-27 23:00:00,28.01267,50.381031,0.186074,64.741195,81.636367,0.89,365.236892,398.110005,56.025341,0.014662
Analog-minimos-cuadrados,2023-11-28 23:00:00,87.191863,158.128078,0.376519,212.969279,260.280023,0.401667,267.367217,1119.059328,174.383726,0.014717
Analog-minimos-cuadrados,2023-11-29 23:00:00,122.455238,224.096173,0.228481,291.507875,394.709401,0.405,404.586311,1720.271907,244.910476,0.016735
Analog-minimos-cuadrados,2023-11-30 23:00:00,161.283457,286.971119,0.27363,450.881431,569.320591,0.703333,855.362803,1532.167671,322.566915,0.01638
Analog-minimos-cuadrados,2023-12-01 23:00:00,84.302773,151.811826,0.148778,168.827589,212.138644,0.88,1190.188224,1320.405879,168.605546,0.017388
Analog-minimos-cuadrados,2023-12-02 23:00:00,217.645431,389.144501,0.445333,531.505014,560.033617,0.22,961.897112,2779.782467,435.290863,0.014194
Analog-minimos-cuadrados,2023-12-03 23:00:00,42.265364,76.419646,0.210963,76.662757,115.397057,0.923333,737.539302,778.802313,84.530729,0.015351
Analog-minimos-cuadrados,2023-12-04 23:00:00,35.938946,64.032136,0.146963,96.061594,130.256887,0.655,220.916547,369.682643,71.877892,0.014755
Analog-minimos-cuadrados,2023-12-05 23:00:00,18.193305,32.850644,0.182037,35.597875,42.527909,0.961667,303.742563,305.683296,36.386611,0.014556
Analog-minimos-cuadrados,2023-12-06 23:00:00,27.104565,49.231429,0.170444,62.600406,103.832647,0.826667,256.027787,404.715144,54.20913,0.015631
Analog-minimos-cuadrados,2023-12-07 23:00:00,63.330792,114.717254,0.210963,152.282592,201.573851,0.453333,226.663999,852.42628,126.661583,0.015516
Analog-minimos-cuadrados,2023-12-08 23:00:00,73.237552,132.34101,0.384037,174.392845,200.289423,0.215,412.734597,996.038341,146.475104,0.015254
Analog-minimos-cuadrados,2023-12-09 23:00:00,43.367685,77.925816,0.219296,103.013043,127.387119,0.87,475.427222,588.882483,86.735371,0.015671
Analog-minimos-cuadrados,2023-12-10 23:00:00,47.629353,85.402615,0.202889,118.547401,166.975575,0.816667,400.53156,570.316816,95.258706,0.015774
Analog-minimos-cuadrados,2023-12-11 23:00:00,54.658566,98.352195,0.345852,138.908414,162.159803,0.42,348.834178,655.411059,109.317133,0.01445
Analog-minimos-cuadrados,2023-12-12 23:00:00,110.749512,198.921978,0.245556,275.711454,409.086037,0.515,345.889401,1410.042344,221.499024,0.013956
Analog-minimos-cuadrados,2023-12-13 23:00:00,49.103691,88.123559,0.158074,111.426076,141.458497,0.935,657.988704,699.896851,98.207381,0.015294
Analog-minimos-cuadrados,2023-12-14 23:00:00,38.515886,69.584965,0.162963,87.009225,106.263851,0.895,537.827249,577.18634,77.031772,0.014723
Analog-minimos-cuadrados,2023-12-15 23:00:00,43.162299,77.041538,0.317148,110.734324,123.863694,0.658333,350.78179,493.042297,86.324599,0.014845
Analog-minimos-cuadrados,2023-12-16 23:00:00,28.953057,51.878817,0.327593,71.436737,78.65762,0.72,288.198904,339.078502,57.906115,0.014341
Analog-minimos-cuadrados,2023-12-17 23:00:00,20.717581,37.123008,0.121889,56.310749,70.398785,0.891667,199.347682,228.602429,41.435163,0.017621
Analog-minimos-cuadrados,2023-12-18 23:00:00,15.303294,27.36487,0.224556,38.151013,49.199044,0.833333,167.20919,187.454435,30.606589,0.015212
Analog-minimos-cuadrados,2023-12-19 23:00:00,15.050202,26.983499,0.114889,39.64269,62.424653,0.968333,167.940331,172.550266,30.100404,0.014099
Analog-minimos-cuadrados,2023-12-20 23:00:00,20.004104,35.889161,0.223519,50.339108,59.301171,0.645,199.530815,262.768416,40.008209,0.020804
Analog-minimos-cuadrados,2023-12-21 23:00:00,17.029225,30.549198,0.165,42.752345,59.369923,0.938333,209.854088,219.460755,34.058449,0.0161
Analog-minimos-cuadrados,2023-12-22 23:00:00,21.022805,38.141681,0.374926,50.345137,56.75054,0.538333,109.498726,280.288969,42.045611,0.016067
Analog-minimos-cuadrados,2023-12-23 23:00:00,42.200379,77.315602,0.470185,100.486795,109.838822,0.21,121.702391,593.559911,84.400758,0.016998
Analog-minimos-cuadrados,2023-12-24 23:00:00,46.914025,86.220826,0.367185,109.087168,140.213583,0.478333,168.59954,703.061673,93.828049,0.016644
Analog-minimos-cuadrados,2023-12-25 23:00:00,17.7073,32.047759,0.18137,40.001673,47.301082,0.921667,259.366962,270.56786,35.4146,0.015365
Analog-minimos-cuadrados,2023-12-26 23:00:00,11.621427,21.012071,0.197481,25.700409,34.052222,0.966667,180.924363,186.224987,23.242853,0.014242
Analog-minimos-cuadrados,2023-12-27 23:00:00,39.13693,72.519183,0.397185,95.647105,99.02475,0.53,126.24942,557.845376,78.273861,0.014491
Analog-minimos-cuadrados,2023-12-28 23:00:00,16.665941,29.73273,0.282556,45.371785,50.668595,0.86,145.548566,183.239909,33.331881,0.016397
Analog-minimos-cuadrados,2023-12-29 23:00:00,16.287291,29.370498,0.283593,37.570667,49.672886,0.608333,99.076475,242.730521,32.574582,0.014804
Analog-minimos-cuadrados,2023-12-30 23:00:00,77.025656,145.835648,0.424074,167.315646,219.43333,0.281667,132.518413,1314.697516,154.051313,0.014141
Analog-minimos-cuadrados,2023-12-31 23:00:00,66.151953,118.544493,0.186778,157.727007,188.327239,0.576667,363.549803,948.139086,132.303906,0.014619
Analog-minimos-cuadrados,2024-01-01 23:00:00,62.439473,110.97057,0.361481,174.252969,195.640044,0.665,379.386173,579.621632,124.878947,0.01466
Analog-minimos-cuadrados,2024-01-02 23:00:00,28.889265,51.754613,0.275296,79.711674,90.51267,0.915,306.337898,320.878544,57.77853,0.01452
Analog-minimos-cuadrados,2024-01-03 23:00:00,19.798528,35.324503,0.250963,50.160603,77.796603,0.861667,184.383969,225.300807,39.597057,0.01525
Analog-minimos-cuadrados,2024-01-04 23:00:00,58.206431,105.266715,0.333148,138.924901,211.868948,0.573333,186.171186,809.330988,116.412862,0.015276
Analog-minimos-cuadrados,2024-01-05 23:00:00,30.81848,55.418132,0.126444,76.082445,104.965316,0.903333,384.852821,426.284074,61.636959,0.013669
Analog-minimos-cuadrados,2024-01-06 23:00:00,59.595939,106.043808,0.453889,152.873615,169.273026,0.365,330.492913,618.170727,119.191878,0.014034
Analog-minimos-cuadrados,2024-01-07 23:00:00,32.33251,58.006708,0.248815,88.189734,118.244274,0.921667,381.646387,391.194559,64.66502,0.014454
Analog-minimos-cuadrados,2024-01-08 23:00:00,38.146759,68.991299,0.092926,98.004057,142.933952,0.808333,249.168727,464.563147,76.293518,0.013852
Analog-minimos-cuadrados,2024-01-09 23:00:00,54.319415,97.158514,0.177407,139.924985,197.230509,0.591667,294.479653,596.267584,108.638829,0.013599
Analog-minimos-cuadrados,2024-01-10 23:00:00,35.120604,63.065097,0.18763,84.823625,112.074299,0.955,468.926099,483.863786,70.241207,0.015266
Analog-minimos-cuadrados,2024-01-11 23:00:00,45.881557,82.044803,0.170704,120.066288,173.616895,0.835,343.691967,526.350699,91.763114,0.013948
Analog-minimos-cuadrados,2024-01-12 23:00:00,50.835533,90.755465,0.356259,124.95387,140.100237,0.453333,432.956826,602.598114,101.671066,0.015526
Analog-minimos-cuadrados,2024-01-13 23:00:00,33.780403,60.643689,0.121963,87.656889,109.578525,0.971667,418.047655,434.455078,67.560807,0.016075
Analog-minimos-cuadrados,2024-01-14 23:00:00,89.172926,159.81673,0.232519,230.593452,293.089196,0.648333,383.334954,984.43742,178.345852,0.016105
Analog-minimos-cuadrados,2024-01-15 23:00:00,230.272219,427.080734,0.455185,550.46296,561.228774,0.246667,531.337477,3362.840037,460.544439,0.015906
Analog-minimos-cuadrados,2024-01-16 23:00:00,66.927373,120.846442,0.153333,174.516077,205.045507,0.963333,861.694801,882.773108,133.854747,0.015302
Analog-minimos-cuadrados,2024-01-17 23:00:00,145.229252,266.171726,0.44537,341.431618,370.12957,0.261667,341.725211,2062.754166,290.458504,0.014119
Analog-minimos-cuadrados,2024-01-18 23:00:00,107.514803,192.378771,0.379444,280.814922,305.00769,0.481667,518.928026,1159.294557,215.029606,0.016074
Analog-minimos-cuadrados,2024-01-19 23:00:00,56.344849,101.334789,0.344852,136.080835,152.671332,0.556667,392.88948,737.479252,112.689699,0.014771
Analog-minimos-cuadrados,2024-01-20 23:00:00,53.974102,95.89602,0.236444,141.739165,195.165505,0.696667,285.287677,557.765564,107.948203,0.013134
Analog-minimos-cuadrados,2024-01-21 23:00:00,94.649757,169.472009,0.180926,241.150597,355.999963,0.67,430.613104,1109.94844,189.299513,0.0156
Analog-minimos-cuadrados,2024-01-22 23:00:00,90.422186,161.194702,0.144,247.151961,349.37799,0.738333,660.920101,870.994329,180.844372,0.014591
Analog-minimos-cuadrados,2024-01-23 23:00:00,82.794781,148.293984,0.129074,223.99043,288.578374,0.863333,893.076281,943.751,165.589563,0.013836
Analog-minimos-cuadrados,2024-01-24 23:00:00,180.126966,322.619278,0.250111,468.848375,564.273219,0.69,936.525457,2083.641763,360.253933,0.014951
Analog-minimos-cuadrados,2024-01-25 23:00:00,169.184186,308.105657,0.187074,408.701985,572.113283,0.685,1152.050664,2279.865651,338.368371,0.01429
Analog-minimos-cuadrados,2024-01-26 23:00:00,188.154577,337.041137,0.248519,466.934933,551.335103,0.666667,1248.716404,2301.678675,376.309154,0.015072
Analog-minimos-cuadrados,2024-01-27 23:00:00,128.608121,229.773211,0.279333,334.008623,358.431403,0.801667,1122.04086,1549.576612,257.216242,0.015559
Analog-minimos-cuadrados,2024-01-28 23:00:00,62.441777,112.586079,0.155259,155.001073,223.063772,0.866667,601.621802,798.310335,124.883554,0.016492
Analog-minimos-cuadrados,2024-01-29 23:00:00,37.766637,67.478877,0.191778,96.764349,128.275391,0.896667,434.106636,463.639064,75.533273,0.014202
Analog-minimos-cuadrados,2024-01-30 23:00:00,23.235403,41.776128,0.211926,53.884949,66.549547,0.898333,313.374035,333.126182,46.470806,0.013879
Analog-minimos-cuadrados,2024-01-31 23:00:00,59.752248,110.419803,0.175556,136.155611,260.159125,0.633333,138.023919,942.358428,119.504496,0.014203
Analog-minimos-cuadrados,2024-02-01 23:00:00,31.418278,56.360824,0.242593,72.167842,89.310509,0.92,429.846676,438.01019,62.836557,0.015593
Analog-minimos-cuadrados,2024-02-02 23:00:00,33.246545,59.329861,0.276111,82.609327,106.587268,0.821667,345.996071,404.057184,66.493089,0.01497
Analog-minimos-cuadrados,2024-02-03 23:00:00,39.290146,70.292838,0.215556,97.33203,139.528614,0.646667,242.979253,461.806258,78.580292,0.013301
Analog-minimos-cuadrados,2024-02-04 23:00:00,21.961612,39.643001,0.150667,51.35417,63.833998,0.976667,328.599611,332.096729,43.923225,0.014276
Analog-minimos-cuadrados,2024-02-05 23:00:00,16.50707,29.972426,0.110407,37.600798,50.253287,0.965,243.456613,246.779228,33.01414,0.015338
Analog-minimos-cuadrados,2024-02-06 23:00:00,19.937563,35.612802,0.169296,50.415749,74.435147,0.795,130.326019,249.835646,39.875127,0.015599
Analog-minimos-cuadrados,2024-02-07 23:00:00,95.811659,179.153358,0.345815,215.862412,318.429971,0.463333,160.616008,1520.902602,191.623318,0.0173
Analog-minimos-cuadrados,2024-02-08 23:00:00,45.447158,81.40734,0.226556,113.817412,131.684806,0.775,539.2032,573.654062,90.894317,0.01579
Analog-minimos-cuadrados,2024-02-09 23:00:00,35.999227,64.471507,0.172296,91.004312,134.654833,0.923333,407.829675,454.709955,71.998454,0.015412
Analog-minimos-cuadrados,2024-02-10 23:00:00,39.55913,71.292604,0.310185,98.482615,117.017485,0.546667,239.281371,496.295672,79.118259,0.014709
Analog-minimos-cuadrados,2024-02-11 23:00:00,51.616327,92.308642,0.159593,131.223423,190.200575,0.618333,258.005335,585.41369,103.232655,0.014407
Analog-minimos-cuadrados,2024-02-12 23:00:00,51.188427,91.506523,0.354704,128.51925,152.47459,0.386667,341.311699,618.714341,102.376854,0.015958
Analog-minimos-cuadrados,2024-02-13 23:00:00,17.741091,31.995466,0.169704,40.137019,54.628402,0.903333,225.911532,244.981982,35.482182,0.015399
Analog-minimos-cuadrados,2024-02-14 23:00:00,136.702235,264.568504,0.232037,288.93206,494.995462,0.22,96.357019,2494.153218,273.404471,0.015655
Analog-minimos-cuadrados,2024-02-15 23:00:00,207.062595,371.981836,0.232037,542.59475,679.069133,0.618333,758.153147,2318.332223,414.125191,0.016753
Analog-minimos-cuadrados,2024-02-16 23:00:00,155.653862,278.137267,0.361815,395.647778,453.741342,0.44,1071.962731,1798.203896,311.307724,0.013948
Analog-minimos-cuadrados,2024-02-17 23:00:00,64.477202,115.983768,0.278296,163.02701,188.920284,0.875,739.070342,836.282639,128.954404,0.01633
Analog-minimos-cuadrados,2024-02-18 23:00:00,22.745908,41.372608,0.11237,48.084831,63.202947,0.946667,356.380578,388.650513,45.491816,0.015962
Analog-minimos-cuadrados,2024-02-19 23:00:00,22.187727,39.916006,0.326185,54.846231,67.026173,0.503333,149.680656,284.031063,44.375454,0.015642
Analog-minimos-cuadrados,2024-02-20 23:00:00,23.002169,41.303145,0.271407,57.31133,73.251006,0.528333,105.887543,281.666732,46.004339,0.015365
Analog-minimos-cuadrados,2024-02-21 23:00:00,163.655073,314.583856,0.387556,351.592572,604.413019,0.43,143.614933,2893.825473,327.310147,0.016387
Analog-minimos-cuadrados,2024-02-22 23:00:00,90.384744,161.566227,0.257852,215.44606,298.659971,0.79,1031.403088,1157.232954,180.769488,0.015543
Analog-minimos-cuadrados,2024-02-23 23:00:00,35.417489,64.148484,0.159815,79.2009,93.927825,0.948333,555.520424,566.234664,70.834978,0.015524
Analog-minimos-cuadrados,2024-02-24 23:00:00,33.989717,61.383523,0.392074,81.173638,95.624633,0.396667,199.390026,455.538139,67.979433,0.016429
Analog-minimos-cuadrados,2024-02-25 23:00:00,119.182341,224.608902,0.228296,264.731019,484.465862,0.646667,208.988346,1986.559592,238.364682,0.017147
Analog-minimos-cuadrados,2024-02-26 23:00:00,68.377356,122.142308,0.186889,167.850508,244.92872,0.891667,788.221318,887.210088,136.754712,0.015739
Analog-minimos-cuadrados,2024-02-27 23:00:00,58.886903,105.451169,0.133444,140.185014,214.446878,0.963333,781.46858,817.48392,117.773805,0.015133
Analog-minimos-cuadrados,2024-02-28 23:00:00,69.718183,124.729273,0.248185,177.534191,247.928479,0.84,747.577272,866.099738,139.436366,0.01517
Analog-minimos-cuadrados,2024-02-29 23:00:00,139.54081,250.773524,0.27037,340.886886,581.693736,0.77,559.194085,1865.78586,279.081619,0.015849
Analog-minimos-cuadrados,2024-03-01 23:00:00,74.940533,135.264291,0.165778,158.976791,214.704442,0.933333,1091.752756,1192.665059,149.881065,0.016732
Analog-minimos-cuadrados,2024-03-02 23:00:00,89.429694,159.620578,0.231,234.859038,298.622848,0.781667,841.597153,986.59204,178.859388,0.015931
Analog-minimos-cuadrados,2024-03-03 23:00:00,77.161846,138.823707,0.149963,178.984181,248.68692,0.87,945.78062,1070.262739,154.323693,0.015219
Analog-minimos-cuadrados,2024-03-04 23:00:00,84.009221,150.527859,0.149704,214.382432,287.611798,0.708333,753.877695,1000.191695,168.018442,0.01641
Analog-minimos-cuadrados,2024-03-05 23:00:00,102.28361,182.61707,0.164444,272.825607,349.77387,0.83,847.459395,1046.599727,204.567221,0.016365
Analog-minimos-cuadrados,2024-03-06 23:00:00,122.161698,218.511139,0.208556,328.364761,430.234537,0.866667,979.059844,1359.151291,244.323395,0.016852
Analog-minimos-cuadrados,2024-03-07 23:00:00,190.641501,343.652355,0.156,469.802656,569.332532,0.695,1013.097899,2532.836628,381.283002,0.016119
Analog-minimos-cuadrados,2024-03-08 23:00:00,190.910113,343.49548,0.152185,478.991289,593.071124,0.711667,1050.327516,2314.274656,381.820226,0.016662
Analog-minimos-cuadrados,2024-03-09 23:00:00,330.423223,603.471527,0.388963,777.816376,830.742837,0.35,1063.718453,4685.38764,660.846446,0.015354
Analog-minimos-cuadrados,2024-03-10 23:00:00,82.214232,147.398972,0.15637,190.463418,249.683288,0.911667,984.704442,1082.391227,164.428465,0.017418
Analog-minimos-cuadrados,2024-03-11 23:00:00,126.488867,237.185992,0.190815,284.589865,440.488175,0.543333,415.946035,2012.423847,252.977735,0.015251
Analog-minimos-cuadrados,2024-03-12 23:00:00,162.949693,292.443454,0.184963,430.694978,510.184702,0.688333,752.688651,1794.690574,325.899386,0.016852
Analog-minimos-cuadrados,2024-03-13 23:00:00,134.158329,240.198445,0.199,351.151533,439.494434,0.765,968.689792,1553.409159,268.316659,0.015575
Analog-minimos-cuadrados,2024-03-14 23:00:00,238.193032,433.631426,0.365037,598.816661,724.889742,0.488333,810.283158,3091.826714,476.386064,0.014201
Analog-minimos-cuadrados,2024-03-15 23:00:00,315.351656,592.445003,0.346963,727.617648,837.062728,0.428333,1119.8732,4926.567195,630.703311,0.016641
Analog-minimos-cuadrados,2024-03-16 23:00:00,173.414066,309.357555,0.309185,480.645939,526.813916,0.865,1458.245475,1696.889686,346.828131,0.014958
Analog-minimos-cuadrados,2024-03-17 23:00:00,149.730418,267.768998,0.403,376.408489,434.673896,0.356667,805.441762,1739.9368,299.460837,0.015646
Analog-minimos-cuadrados,2024-03-18 23:00:00,166.692231,301.693545,0.264296,399.175954,574.128388,0.57,441.861326,2147.62429,333.384462,0.01769
Analog-minimos-cuadrados,2024-03-19 23:00:00,223.061257,398.421173,0.286,576.546986,720.815252,0.676667,922.320732,2455.556279,446.122513,0.01659
Analog-minimos-cuadrados,2024-03-20 23:00:00,424.906014,777.254931,0.199444,985.725386,1380.69578,0.603333,1121.17633,6278.855975,849.812028,0.01596
Analog-minimos-cuadrados,2024-03-21 23:00:00,320.424307,574.956251,0.297778,807.395702,921.648961,0.548333,2185.776687,3921.778029,640.848614,0.014737
Analog-minimos-cuadrados,2024-03-22 23:00:00,228.943413,408.88083,0.350593,579.474587,649.577393,0.558333,1443.244936,2610.638486,457.886826,0.015555
Analog-minimos-cuadrados,2024-03-23 23:00:00,94.660178,169.720909,0.277296,248.453498,274.586325,0.841667,886.037191,1194.344384,189.320356,0.016529
Analog-minimos-cuadrados,2024-03-24 23:00:00,28.052589,50.58528,0.165741,57.449907,72.410064,0.873333,422.533003,441.50214,56.105178,0.014509
Analog-minimos-cuadrados,2024-03-25 23:00:00,71.698899,136.114068,0.19937,157.767427,276.091013,0.818333,238.992579,1216.482139,143.397798,0.014554
Analog-minimos-cuadrados,2024-03-26 23:00:00,142.057351,263.509983,0.279111,326.793524,520.253435,0.545,485.394495,2140.37398,284.114702,0.01577
Analog-minimos-cuadrados,2024-03-27 23:00:00,123.311204,221.31152,0.299111,306.919251,362.580217,0.455,822.270728,1588.092957,246.622409,0.014216
Analog-minimos-cuadrados,2024-03-28 23:00:00,53.372403,96.268509,0.218333,131.019629,168.374135,0.725,598.481251,737.081474,106.744807,0.014921
Analog-minimos-cuadrados,2024-03-29 23:00:00,39.119525,70.728993,0.100259,95.847303,144.696943,0.855,334.936709,537.890754,78.239051,0.015995
Analog-minimos-cuadrados,2024-03-30 23:00:00,22.215466,39.84596,0.162333,52.417165,66.739208,0.956667,297.355187,307.407089,44.430931,0.014991
Analog-minimos-cuadrados,2024-03-31 23:00:00,209.35066,391.681365,0.30663,466.024005,610.859661,0.378333,275.559338,3416.04612,418.701321,0.014852
Analog-minimos-cuadrados,2024-04-01 23:00:00,152.348497,272.456037,0.251926,414.060182,557.442846,0.745,982.71215,1594.954712,304.696994,0.015622
Analog-minimos-cuadrados,2024-04-02 23:00:00,88.310933,158.406028,0.126741,219.674908,291.065458,0.88,1050.838294,1150.773235,176.621865,0.014741
Analog-minimos-cuadrados,2024-04-03 23:00:00,108.499343,196.974487,0.239222,251.66932,304.838953,0.615,706.236887,1625.591368,216.998685,0.015168
Analog-minimos-cuadrados,2024-04-04 23:00:00,148.286958,267.342638,0.169593,360.572574,420.100649,0.53,568.724279,1964.388051,296.573916,0.01602
Analog-minimos-cuadrados,2024-04-05 23:00:00,147.303077,264.125809,0.185778,368.861754,470.261117,0.718333,850.367111,1828.16982,294.606154,0.01428
Analog-minimos-cuadrados,2024-04-06 23:00:00,156.658044,279.290103,0.272407,383.103424,456.214469,0.598333,1045.224692,1947.426703,313.316088,0.015065
Analog-minimos-cuadrados,2024-04-07 23:00:00,151.176723,270.178303,0.233296,414.938665,490.77776,0.746667,1109.568368,1599.35765,302.353447,0.012836
Analog-minimos-cuadrados,2024-04-08 23:00:00,128.67655,233.721358,0.187519,319.192758,484.598774,0.633333,857.62709,1767.650609,257.353101,0.014728
Analog-minimos-cuadrados,2024-04-09 23:00:00,109.097989,196.02639,0.115333,272.302128,332.678727,0.783333,946.834515,1355.299681,218.195977,0.014273
Analog-minimos-cuadrados,2024-04-10 23:00:00,153.559421,275.248848,0.216963,391.217557,500.54698,0.67,1036.466309,1867.697442,307.118842,0.014698
Analog-minimos-cuadrados,2024-04-11 23:00:00,110.576509,197.96019,0.298593,275.803734,307.935612,0.6,788.208442,1360.578619,221.153019,0.014855
Analog-minimos-cuadrados,2024-04-12 23:00:00,111.940908,201.206765,0.322815,279.468033,303.51603,0.436667,675.41043,1378.338057,223.881816,0.012448
Analog-minimos-cuadrados,2024-04-13 23:00:00,99.046912,177.808239,0.171815,252.840163,345.572956,0.575,569.026563,1156.75466,198.093824,0.013932
Analog-minimos-cuadrados,2024-04-14 23:00:00,314.430576,577.380003,0.216889,718.922504,984.575883,0.241667,608.164922,4876.039574,628.861152,0.0167
Analog-minimos-cuadrados,2024-04-15 23:00:00,314.550842,568.668217,0.225148,804.190693,1157.94532,0.73,1544.121325,4023.671702,629.101684,0.015585
Analog-minimos-cuadrados,2024-04-16 23:00:00,179.161931,321.053436,0.089259,448.845955,623.698928,0.935,2109.575462,2269.972307,358.323863,0.013904
Analog-minimos-cuadrados,2024-04-17 23:00:00,689.841124,1313.757169,0.147667,1509.065301,3348.732904,0.688333,1712.66851,11734.776071,1379.682248,0.014775
Analog-minimos-cuadrados,2024-04-18 23:00:00,410.505832,734.727007,0.201667,981.980134,1349.50061,0.906667,5406.745889,5710.437863,821.011664,0.014163
Analog-minimos-cuadrados,2024-04-19 23:00:00,278.218922,499.50315,0.195037,655.386891,812.766018,0.943333,3849.311957,4086.916652,556.437844,0.014369
Analog-minimos-cuadrados,2024-04-20 23:00:00,260.269139,463.238208,0.351,676.951636,750.162157,0.548333,1827.834219,2728.916387,520.538277,0.014302
Analog-minimos-cuadrados,2024-04-21 23:00:00,170.834802,305.973314,0.285556,424.297893,503.427628,0.61,1348.470972,2133.071504,341.669604,0.014472
Analog-minimos-cuadrados,2024-04-22 23:00:00,45.907419,82.72286,0.151556,101.487161,187.4392,0.931667,564.536876,694.61646,91.814837,0.016271
Analog-minimos-cuadrados,2024-04-23 23:00:00,80.438853,143.679234,0.280481,206.480921,307.595223,0.718333,425.767248,943.237804,160.877706,0.015298
Analog-minimos-cuadrados,2024-04-24 23:00:00,89.866044,161.652541,0.171333,233.367479,350.910981,0.691667,525.94904,1073.653914,179.732088,0.014949
Analog-minimos-cuadrados,2024-04-25 23:00:00,202.957262,365.848451,0.114593,509.252604,772.702639,0.665,842.241219,2435.621692,405.914525,0.01463
Analog-minimos-cuadrados,2024-04-26 23:00:00,124.441157,222.324483,0.141667,312.648131,385.408644,0.895,1447.140248,1538.077326,248.882314,0.015699
Analog-minimos-cuadrados,2024-04-27 23:00:00,125.519455,224.644927,0.147741,306.457658,374.643238,0.871667,1353.703715,1553.10759,251.038911,0.016085
Analog-minimos-cuadrados,2024-04-28 23:00:00,304.392731,551.105468,0.222556,745.767478,1019.260397,0.56,1086.216654,4062.167488,608.785462,0.014867
Analog-minimos-cuadrados,2024-04-29 23:00:00,182.784781,327.385073,0.138889,458.738683,609.063679,0.825,1646.908854,2228.073748,365.569561,0.01547
Analog-minimos-cuadrados,2024-04-30 23:00:00,354.634568,637.387161,0.436111,887.814673,981.827029,0.263333,1642.331818,4366.080791,709.269137,0.016485
Analog-minimos-cuadrados,2024-05-01 23:00:00,207.869012,370.83928,0.096556,533.021476,833.48,0.796667,1331.363098,2482.273662,415.738023,0.014915
Analog-minimos-cuadrados,2024-05-02 23:00:00,302.685367,540.537849,0.283593,816.723565,1097.193119,0.736667,1568.601487,3181.25562,605.370735,0.015592
Analog-minimos-cuadrados,2024-05-03 23:00:00,258.644217,461.36671,0.22237,663.09784,794.631526,0.663333,1955.434048,2967.253559,517.288435,0.014838
Analog-minimos-cuadrados,2024-05-04 23:00:00,180.188697,322.624689,0.209,471.210487,553.394463,0.895,1934.238433,2022.103338,360.377394,0.014417
Analog-minimos-cuadrados,2024-05-05 23:00:00,220.597262,394.706142,0.159185,586.981415,788.919203,0.76,1570.1152,2401.835797,441.194524,0.015359
Analog-minimos-cuadrados,2024-05-06 23:00:00,191.903261,343.477395,0.163481,477.00247,694.758046,0.793333,1579.652147,2310.637255,383.806522,0.014713
Analog-minimos-cuadrados,2024-05-07 23:00:00,974.554821,1815.336123,0.273259,2204.520005,3525.699113,0.495,1857.957945,15319.538966,1949.109643,0.016145
Analog-minimos-cuadrados,2024-05-08 23:00:00,695.598943,1254.696758,0.246963,1773.09364,2567.047108,0.676667,5678.577212,8325.798611,1391.197886,0.014371
Analog-minimos-cuadrados,2024-05-09 23:00:00,723.618883,1291.019931,0.31363,1835.471358,2619.818046,0.668333,5622.988697,8792.910893,1447.237765,0.015276
Analog-minimos-cuadrados,2024-05-10 23:00:00,250.469232,450.509503,0.102593,567.373125,700.004112,0.941667,3737.021733,3866.968462,500.938463,0.015536
Analog-minimos-cuadrados,2024-05-11 23:00:00,270.561813,497.199309,0.388704,640.760704,706.488243,0.39,1245.958679,3950.605764,541.123626,0.01654
Analog-minimos-cuadrados,2024-05-12 23:00:00,358.107995,649.805612,0.106593,858.323138,1474.999156,0.621667,1207.871875,4801.758516,716.21599,0.01442
Analog-minimos-cuadrados,2024-05-13 23:00:00,196.005789,350.896104,0.124037,453.365939,588.98857,0.961667,2680.263869,2724.17779,392.011579,0.014864
Analog-minimos-cuadrados,2024-05-14 23:00:00,145.157753,259.620575,0.123481,358.352401,448.077457,0.81,1577.785926,1963.328413,290.315506,0.015982
Analog-minimos-cuadrados,2024-05-15 23:00:00,325.957517,590.298189,0.151481,784.053331,1069.970077,0.365,994.95135,4447.566797,651.915034,0.013368
Analog-minimos-cuadrados,2024-05-16 23:00:00,136.173458,244.656924,0.118296,300.898222,382.128134,0.965,2062.999352,2116.808518,272.346915,0.014838
Analog-minimos-cuadrados,2024-05-17 23:00:00,164.956102,295.204243,0.101296,385.086613,474.209538,0.79,1687.228176,2114.081978,329.912205,0.015585
Analog-minimos-cuadrados,2024-05-18 23:00:00,286.796737,521.51584,0.233778,693.220038,804.214279,0.505,1251.305278,3950.247913,573.593473,0.015681
Analog-minimos-cuadrados,2024-05-19 23:00:00,631.441594,1157.145184,0.303185,1491.164087,2233.548391,0.478333,1700.005314,9040.886381,1262.883188,0.016072
Analog-minimos-cuadrados,2024-05-20 23:00:00,371.949652,664.659754,0.123185,924.28997,1468.349583,0.775,2830.594352,4618.789906,743.899303,0.015866
Analog-minimos-cuadrados,2024-05-21 23:00:00,399.061724,711.837152,0.143778,974.859421,1495.173637,0.878333,3889.354223,5169.295902,798.123449,0.01513
Analog-minimos-cuadrados,2024-05-22 23:00:00,394.362186,706.78181,0.072852,967.046886,1469.955336,0.813333,3980.674454,4865.843175,788.724371,0.017294
Analog-minimos-cuadrados,2024-05-23 23:00:00,1460.960367,2713.180122,0.109593,3347.334603,6000.388809,0.595,3303.173274,22525.941936,2921.920734,0.018102
Analog-minimos-cuadrados,2024-05-24 23:00:00,878.281917,1571.071837,0.129556,2087.193548,2803.420732,0.791667,9269.285823,11312.672916,1756.563835,0.015285
Analog-minimos-cuadrados,2024-05-25 23:00:00,923.63859,1651.318136,0.294519,2243.544921,2599.481859,0.575,7597.381562,12186.130428,1847.277179,0.015989
Analog-minimos-cuadrados,2024-05-26 23:00:00,560.637182,1005.13228,0.117222,1298.907327,1930.681689,0.855,6514.589802,7361.157815,1121.274364,0.016467
Analog-minimos-cuadrados,2024-05-27 23:00:00,426.735778,763.01719,0.102333,1016.501664,1424.170625,0.878333,5115.631859,5725.119112,853.471557,0.016724
Analog-minimos-cuadrados,2024-05-28 23:00:00,413.163322,739.631944,0.127037,1107.857621,1384.590041,0.845,4417.228239,4816.261568,826.326644,0.016499
Analog-minimos-cuadrados,2024-05-29 23:00:00,804.112798,1445.108779,0.458148,1973.176528,2126.972416,0.215,3728.262709,10462.156752,1608.225596,0.015193
Analog-minimos-cuadrados,2024-05-30 23:00:00,278.636655,501.141653,0.16763,681.914931,895.814175,0.76,2659.925543,3877.817583,557.27331,0.016354
Analog-minimos-cuadrados,2024-05-31 23:00:00,115.141954,206.724346,0.142852,267.952266,335.500279,0.763333,1089.540369,1574.872421,230.283907,0.016372
Analog-minimos-cuadrados,2024-06-01 23:00:00,196.944716,358.569981,0.347148,475.788067,540.934436,0.346667,872.539855,2755.754212,393.889433,0.015039
Analog-minimos-cuadrados,2024-06-02 23:00:00,136.5724,245.50723,0.130815,349.67027,446.984573,0.626667,968.525959,1604.388269,273.1448,0.015321
Analog-minimos-cuadrados,2024-06-03 23:00:00,460.44943,852.707422,0.344296,1077.052078,1785.438336,0.436667,1017.538497,6886.008875,920.898861,0.015907
Analog-minimos-cuadrados,2024-06-04 23:00:00,778.950289,1418.1517,0.156185,1865.445836,3136.156037,0.646667,2520.253559,11048.230578,1557.900578,0.016455
Analog-minimos-cuadrados,2024-06-05 23:00:00,704.903458,1258.521409,0.105407,1825.230371,2640.164366,0.773333,5028.590494,7911.339224,1409.806917,0.015622
Analog-minimos-cuadrados,2024-06-06 23:00:00,632.749098,1136.445408,0.091074,1653.492435,2291.724315,0.833333,5187.287656,7117.4282,1265.498196,0.017137
Analog-minimos-cuadrados,2024-06-07 23:00:00,887.696326,1595.870851,0.321222,2243.278049,2583.375492,0.45,5601.178235,11055.783019,1775.392652,0.015678
Analog-minimos-cuadrados,2024-06-08 23:00:00,782.429886,1394.335405,0.394074,1926.245356,2164.813572,0.38,4750.243941,9407.94055,1564.859771,0.014526
Analog-minimos-cuadrados,2024-06-09 23:00:00,862.921849,1548.067093,0.170815,2085.906279,3310.523266,0.625,2894.846212,11425.247905,1725.843698,0.017353
Analog-minimos-cuadrados,2024-06-10 23:00:00,977.3877,1749.52008,0.242185,2539.881305,3558.523059,0.625,4658.715382,11654.204213,1954.775401,0.016002
Analog-minimos-cuadrados,2024-06-11 23:00:00,640.400589,1139.661341,0.28463,1636.494587,1993.421389,0.69,5698.634682,7387.518991,1280.801179,0.016882
Analog-minimos-cuadrados,2024-06-12 23:00:00,911.826398,1633.749793,0.145741,2313.202475,3594.581563,0.678333,4040.230589,10387.464686,1823.652796,0.016351
Analog-minimos-cuadrados,2024-06-13 23:00:00,772.047489,1380.093564,0.076111,2062.743279,2802.328879,0.79,6733.941643,8585.056607,1544.094978,0.016365
Analog-minimos-cuadrados,2024-06-14 23:00:00,810.256479,1462.157819,0.197741,1979.64525,2671.246489,0.625,6260.823865,10693.294224,1620.512958,0.016541
Analog-minimos-cuadrados,2024-06-15 23:00:00,712.113544,1288.082242,0.281815,1632.987273,1899.880759,0.55,4215.18956,10141.836148,1424.227087,0.014894
Analog-minimos-cuadrados,2024-06-16 23:00:00,647.553406,1159.096284,0.084556,1591.325733,2341.270246,0.723333,4484.689422,7824.661619,1295.106813,0.017219
Analog-minimos-cuadrados,2024-06-17 23:00:00,626.988844,1114.903383,0.062296,1586.58944,2611.879397,0.741667,4872.942169,7092.992985,1253.977689,0.017516
Analog-minimos-cuadrados,2024-06-18 23:00:00,685.535614,1221.592183,0.356741,1806.613778,2042.506869,0.623333,5875.173075,7851.642211,1371.071228,0.016977
Analog-minimos-cuadrados,2024-06-19 23:00:00,421.554728,755.663564,0.320037,1053.810034,1273.931203,0.693333,4121.389995,5319.65287,843.109455,0.016019
Analog-minimos-cuadrados,2024-06-20 23:00:00,162.774012,291.074484,0.315,404.872812,462.538787,0.675,1344.98621,1933.18256,325.548024,0.017407
Analog-minimos-cuadrados,2024-06-21 23:00:00,84.754352,151.917732,0.089741,207.477377,279.269724,0.845,926.623074,1077.759949,169.508703,0.016286
Analog-minimos-cuadrados,2024-06-22 23:00:00,149.993999,266.61462,0.223889,376.119842,478.337276,0.403333,775.385979,1607.274162,299.987999,0.016612
Analog-minimos-cuadrados,2024-06-23 23:00:00,224.344509,398.948282,0.128889,596.487677,736.939004,0.48,1200.771086,2346.248329,448.689018,0.014835
Analog-minimos-cuadrados,2024-06-24 23:00:00,162.093003,290.405953,0.143815,418.095801,508.282929,0.721667,1521.043156,1922.494567,324.186005,0.016753
Analog-minimos-cuadrados,2024-06-25 23:00:00,100.807383,181.637632,0.117519,222.554139,307.951286,0.996667,1547.917685,1552.83401,201.614766,0.016423
Analog-minimos-cuadrados,2024-06-26 23:00:00,156.063962,278.554566,0.184741,415.177454,535.585704,0.85,1385.531357,1636.487603,312.127925,0.014925
Analog-minimos-cuadrados,2024-06-27 23:00:00,214.890901,382.444976,0.112852,571.876118,710.82647,0.553333,1444.091161,2296.580424,429.781801,0.01469
Analog-minimos-cuadrados,2024-06-28 23:00:00,227.327974,404.290785,0.266519,597.345102,677.316417,0.506667,1647.667838,2497.101957,454.655949,0.014908
Analog-minimos-cuadrados,2024-06-29 23:00:00,172.756597,306.852292,0.394556,454.913357,509.877881,0.476667,1328.057742,1882.432993,345.513195,0.014412
Analog-minimos-cuadrados,2024-06-30 23:00:00,185.677481,331.047624,0.102259,493.800401,680.755307,0.578333,1046.164677,1971.056476,371.354963,0.015728
Analog-minimos-cuadrados,2024-07-01 23:00:00,101.766403,181.892805,0.164259,244.662336,324.094357,0.923333,1345.62158,1371.291314,203.532806,0.01527
Analog-minimos-cuadrados,2024-07-02 23:00:00,158.863426,283.396035,0.416481,414.92458,493.174303,0.546667,1150.888577,1737.52421,317.726852,0.015468
Analog-minimos-cuadrados,2024-07-03 23:00:00,64.433271,115.265543,0.089148,176.821663,249.609069,0.883333,559.317032,717.307897,128.866541,0.017099
Analog-minimos-cuadrados,2024-07-04 23:00:00,80.155514,142.904777,0.138667,215.868658,313.157446,0.56,521.223664,869.068776,160.311028,0.01581
Analog-minimos-cuadrados,2024-07-05 23:00:00,171.370131,304.567585,0.275407,446.298434,623.886114,0.641667,774.893723,1816.40962,342.740262,0.016033
Analog-minimos-cuadrados,2024-07-06 23:00:00,132.620842,236.590825,0.237407,324.543822,357.829335,0.585,1216.146389,1721.142875,265.241683,0.014913
Analog-minimos-cuadrados,2024-07-07 23:00:00,230.752138,410.378989,0.099259,625.888807,881.18943,0.611667,1184.264537,2269.191655,461.504277,0.016487
Analog-minimos-cuadrados,2024-07-08 23:00:00,156.671236,279.76188,0.056667,422.65641,568.610807,0.898333,1531.169177,1786.493822,313.342472,0.016286
Analog-minimos-cuadrados,2024-07-09 23:00:00,126.950324,228.582141,0.126667,292.894258,403.121303,0.988333,1870.599315,1883.389577,253.900649,0.01508
Analog-minimos-cuadrados,2024-07-10 23:00:00,169.112518,302.229373,0.350148,438.505881,510.073458,0.64,1528.560884,1896.441898,338.225036,0.016313
Analog-minimos-cuadrados,2024-07-11 23:00:00,135.686868,242.331967,0.426852,348.21965,417.18362,0.433333,909.029477,1587.084971,271.373735,0.014435
Analog-minimos-cuadrados,2024-07-12 23:00:00,34.875149,62.756508,0.102296,83.920316,104.879862,0.898333,388.061066,476.586728,69.750297,0.01655
Analog-minimos-cuadrados,2024-07-13 23:00:00,67.230049,123.833404,0.359667,158.615126,170.881566,0.163333,219.039873,980.667031,134.460099,0.014384
Analog-minimos-cuadrados,2024-07-14 23:00:00,154.613422,286.162946,0.140481,344.868741,534.649647,0.7,365.669736,2475.989309,309.226843,0.01412
Analog-minimos-cuadrados,2024-07-15 23:00:00,253.098303,462.10944,0.257296,595.776017,858.524576,0.55,863.267862,3574.113961,506.196607,0.015031
Analog-minimos-cuadrados,2024-07-16 23:00:00,120.040688,215.089738,0.238593,295.098808,377.914594,0.888333,1560.785058,1630.932982,240.081376,0.013645
Analog-minimos-cuadrados,2024-07-17 23:00:00,216.07452,385.52251,0.104852,547.161823,788.868363,0.643333,866.612952,2583.70339,432.14904,0.014748
Analog-minimos-cuadrados,2024-07-18 23:00:00,141.656924,253.036308,0.194926,353.593353,401.465348,0.635,1471.901766,1782.028241,283.313848,0.01521
Analog-minimos-cuadrados,2024-07-19 23:00:00,147.737998,265.435693,0.143704,388.011812,484.870423,0.876667,1702.037141,1898.193327,295.475995,0.015967
Analog-minimos-cuadrados,2024-07-20 23:00:00,108.700168,194.695499,0.209074,279.338948,336.010199,0.825,1121.630655,1253.694161,217.400335,0.014115
Analog-minimos-cuadrados,2024-07-21 23:00:00,131.55451,234.185738,0.311963,335.69375,394.929476,0.515,1097.321002,1491.115138,263.109019,0.01577
Analog-minimos-cuadrados,2024-07-22 23:00:00,151.514816,271.985271,0.112074,394.848975,621.160816,0.695,966.250943,1757.249485,303.029632,0.013816
Analog-minimos-cuadrados,2024-07-23 23:00:00,125.884363,224.847291,0.088926,338.624028,490.966608,0.926667,1177.591323,1394.382619,251.768725,0.015946
Analog-minimos-cuadrados,2024-07-24 23:00:00,104.86862,188.608591,0.215111,256.390528,350.232691,0.95,1398.267013,1475.081961,209.737239,0.015805
Analog-minimos-cuadrados,2024-07-25 23:00:00,64.900758,116.705447,0.174741,161.687394,242.577515,0.978333,812.238652,873.211872,129.801516,0.013327
Analog-minimos-cuadrados,2024-07-26 23:00:00,94.211751,169.646723,0.224852,239.519435,288.64544,0.52,588.713466,1157.27053,188.423502,0.014854
Analog-minimos-cuadrados,2024-07-27 23:00:00,104.09651,187.370637,0.41037,259.649809,298.010437,0.365,641.326522,1313.251588,208.19302,0.016361
Analog-minimos-cuadrados,2024-07-28 23:00:00,43.338116,77.621244,0.145333,109.327971,157.01668,0.855,483.067108,547.725924,86.676231,0.01558
Analog-minimos-cuadrados,2024-07-29 23:00:00,81.475464,145.191604,0.106259,198.503404,324.774246,0.663333,268.985207,991.454591,162.950928,0.014497
Analog-minimos-cuadrados,2024-07-30 23:00:00,49.772674,88.842916,0.285037,129.126786,163.726756,0.851667,550.159084,598.515397,99.545348,0.014357
Analog-minimos-cuadrados,2024-07-31 23:00:00,38.747096,69.15243,0.115333,96.012525,181.419897,0.903333,329.041208,463.61899,77.494192,0.014349
Analog-minimos-cuadrados,2024-08-01 23:00:00,67.193724,120.629752,0.113963,181.692319,264.800531,0.668333,404.939557,736.284802,134.387448,0.015728
Analog-minimos-cuadrados,2024-08-02 23:00:00,97.868828,178.52308,0.094111,238.904371,474.143515,0.86,581.652061,1360.221163,195.737657,0.013894
Analog-minimos-cuadrados,2024-08-03 23:00:00,100.204946,178.886005,0.203148,259.26769,365.956576,0.83,962.856852,1057.989226,200.409892,0.015899
Analog-minimos-cuadrados,2024-08-04 23:00:00,133.822838,238.176616,0.063852,349.822457,536.296985,0.825,1018.79306,1482.483293,267.645677,0.015592
Analog-minimos-cuadrados,2024-08-05 23:00:00,94.624483,169.634232,0.178704,224.156068,304.555544,0.846667,1143.293399,1280.068824,189.248966,0.014421
Analog-minimos-cuadrados,2024-08-06 23:00:00,67.752604,122.122306,0.127407,152.941101,202.726519,0.98,1036.724677,1040.507879,135.505207,0.016539
Analog-minimos-cuadrados,2024-08-07 23:00:00,215.500147,386.483154,0.307593,522.780986,725.276264,0.55,719.813294,2833.802544,431.000295,0.016049
Analog-minimos-cuadrados,2024-08-08 23:00:00,153.000411,272.28485,0.112074,414.995816,493.229363,0.673333,1229.799452,1646.604983,306.000823,0.016642
Analog-minimos-cuadrados,2024-08-09 23:00:00,211.20587,378.982089,0.417778,539.587554,631.209868,0.353333,1361.502727,2554.655226,422.41174,0.016105
Analog-minimos-cuadrados,2024-08-10 23:00:00,69.016458,123.960738,0.205926,170.75561,208.948787,0.975,875.957517,888.46334,138.032916,0.017092
Analog-minimos-cuadrados,2024-08-11 23:00:00,166.325062,296.95322,0.125148,442.89135,631.893236,0.651667,746.527957,1664.052308,332.650124,0.015855
Analog-minimos-cuadrados,2024-08-12 23:00:00,105.474611,188.286713,0.331259,272.864281,309.098283,0.771667,1164.315918,1261.969041,210.949222,0.014287
Analog-minimos-cuadrados,2024-08-13 23:00:00,108.733915,193.639291,0.092741,281.82097,492.604168,0.86,847.97683,1257.809258,217.467831,0.016933
Analog-minimos-cuadrados,2024-08-14 23:00:00,83.760958,150.244923,0.167778,199.926606,296.260901,0.945,1122.381344,1151.868912,167.521916,0.016008
Analog-minimos-cuadrados,2024-08-15 23:00:00,158.157427,282.665596,0.141,438.848907,609.443286,0.831667,1030.809172,1548.961304,316.314854,0.014181
Analog-minimos-cuadrados,2024-08-16 23:00:00,138.167285,246.774342,0.37237,364.175803,421.398964,0.7,1307.750984,1512.52218,276.334571,0.015765
Analog-minimos-cuadrados,2024-08-17 23:00:00,94.378801,168.617333,0.316296,229.748143,258.534686,0.731667,1051.777794,1152.460565,188.757602,0.01631
Analog-minimos-cuadrados,2024-08-18 23:00:00,65.185561,116.856937,0.106296,171.184657,253.627546,0.983333,776.510022,789.385171,130.371121,0.016634
Analog-minimos-cuadrados,2024-08-19 23:00:00,104.502176,186.014238,0.350926,271.054312,333.374916,0.478333,735.010427,1059.491714,209.004351,0.015499
Analog-minimos-cuadrados,2024-08-20 23:00:00,67.832577,121.518609,0.280852,173.986833,248.829184,0.863333,776.314111,838.806912,135.665154,0.01545
Analog-minimos-cuadrados,2024-08-21 23:00:00,55.936302,100.209583,0.226481,149.174815,248.159625,0.911667,507.351538,618.401878,111.872604,0.015728
Analog-minimos-cuadrados,2024-08-22 23:00:00,38.377898,68.692456,0.224148,94.286263,127.656766,0.84,427.390498,478.759115,76.755796,0.01671
Analog-minimos-cuadrados,2024-08-23 23:00:00,24.644712,44.456158,0.19463,58.959372,75.119564,0.858333,306.903239,349.358907,49.289423,0.015379
Analog-minimos-cuadrados,2024-08-24 23:00:00,42.273418,75.497508,0.263667,102.234025,148.507155,0.301667,143.023877,555.4611,84.546836,0.014549
Analog-minimos-cuadrados,2024-08-25 23:00:00,25.118001,45.045908,0.085481,66.56318,96.981217,0.918333,289.763721,309.179692,50.236003,0.015689
Analog-minimos-cuadrados,2024-08-26 23:00:00,46.116783,82.340145,0.258333,119.317612,179.885081,0.716667,238.059257,523.920554,92.233566,0.016915
Analog-minimos-cuadrados,2024-08-27 23:00:00,38.775885,68.966931,0.126926,100.999177,139.267105,0.763333,322.566142,448.213189,77.551769,0.016565
Analog-minimos-cuadrados,2024-08-28 23:00:00,89.436721,160.490452,0.252111,222.971605,337.477573,0.543333,330.714283,1107.150609,178.873442,0.015429
Analog-minimos-cuadrados,2024-08-29 23:00:00,85.239897,151.531945,0.135333,209.334635,334.390385,0.738333,542.981469,1023.582448,170.479793,0.016843
Analog-minimos-cuadrados,2024-08-30 23:00:00,69.723991,124.651045,0.289111,177.541521,226.945851,0.666667,618.264094,832.744636,139.447981,0.016031
Analog-minimos-cuadrados,2024-08-31 23:00:00,75.53385,134.714209,0.34363,192.654136,220.702098,0.651667,624.635303,855.60618,151.067699,0.016125
Analog-minimos-cuadrados,2024-09-01 23:00:00,69.419536,123.6528,0.167778,182.237118,342.369641,0.84,450.518164,699.650968,138.839072,0.017733
Analog-minimos-cuadrados,2024-09-02 23:00:00,49.952409,89.349828,0.123407,122.275638,228.859717,0.945,563.855324,617.594436,99.904817,0.01417
Analog-minimos-cuadrados,2024-09-03 23:00:00,47.831405,85.769347,0.256074,114.583904,163.242608,0.926667,626.829495,640.208748,95.662809,0.01568
Analog-minimos-cuadrados,2024-09-04 23:00:00,29.185753,52.717071,0.155333,62.839473,99.849453,0.993333,480.516101,480.865679,58.371506,0.013699
Analog-minimos-cuadrados,2024-09-05 23:00:00,17.941704,32.302778,0.177519,41.585594,50.072766,0.94,254.746983,264.188672,35.883407,0.017076
Analog-minimos-cuadrados,2024-09-06 23:00:00,25.085412,45.92637,0.345741,59.161614,100.036466,0.385,88.705777,370.824493,50.170824,0.016205
Analog-minimos-cuadrados,2024-09-07 23:00:00,81.220595,152.77084,0.252185,180.190433,236.762338,0.271667,165.559627,1332.527433,162.44119,0.015056
Analog-minimos-cuadrados,2024-09-08 23:00:00,31.48168,56.721784,0.146741,72.847296,107.875864,0.938333,445.367657,458.14231,62.963359,0.015381
Analog-minimos-cuadrados,2024-09-09 23:00:00,24.46045,43.892306,0.252259,60.839474,69.314173,0.931667,304.475853,316.219579,48.9209,0.015804
Analog-minimos-cuadrados,2024-09-10 23:00:00,46.601283,86.449636,0.338333,109.125989,181.188627,0.51,98.51623,685.886157,93.202566,0.015616
Analog-minimos-cuadrados,2024-09-11 23:00:00,50.150486,91.187761,0.189889,123.897707,241.955804,0.818333,255.16658,680.250408,100.300973,0.014851
Analog-minimos-cuadrados,2024-09-12 23:00:00,91.17803,165.940697,0.125111,214.629886,428.484219,0.813333,410.217462,1284.897383,182.356059,0.015051
Analog-minimos-cuadrados,2024-09-13 23:00:00,80.557265,144.503932,0.286111,202.679375,294.763892,0.735,741.570213,1009.479982,161.11453,0.015765
Analog-minimos-cuadrados,2024-09-14 23:00:00,57.454336,102.924081,0.377926,142.715964,167.045593,0.601667,490.394246,720.038894,114.908672,0.017984
Analog-minimos-cuadrados,2024-09-15 23:00:00,30.067476,53.920347,0.330519,74.230697,83.566623,0.531667,238.188407,385.696826,60.134952,0.016444
Analog-minimos-cuadrados,2024-09-16 23:00:00,36.916829,67.607546,0.243926,87.495323,177.532825,0.673333,146.446724,517.597024,73.833658,0.01558
Analog-minimos-cuadrados,2024-09-17 23:00:00,65.427508,120.919521,0.229852,154.643052,321.066533,0.74,259.919343,981.677497,130.855016,0.017824
Analog-minimos-cuadrados,2024-09-18 23:00:00,48.982064,87.588011,0.202556,132.211146,207.955249,0.883333,496.734078,538.654676,97.964127,0.015727
Analog-minimos-cuadrados,2024-09-19 23:00:00,69.963555,124.798394,0.240815,183.321964,244.659604,0.781667,484.598689,774.211027,139.927111,0.015468
Analog-minimos-cuadrados,2024-09-20 23:00:00,94.859742,170.96948,0.423889,231.355266,273.718524,0.286667,529.95487,1228.943598,189.719485,0.014411
Analog-minimos-cuadrados,2024-09-21 23:00:00,33.889873,60.959385,0.156667,81.180392,99.000783,0.715,342.894413,450.102135,67.779746,0.015764
Analog-minimos-cuadrados,2024-09-22 23:00:00,47.314841,84.717612,0.12737,119.448456,173.627368,0.568333,222.582222,556.778614,94.629682,0.015939
Analog-minimos-cuadrados,2024-09-23 23:00:00,34.781962,62.186815,0.129852,93.783122,152.539579,0.898333,316.482799,378.186796,69.563923,0.014236
Analog-minimos-cuadrados,2024-09-24 23:00:00,34.136848,61.316889,0.173037,81.318241,103.23336,0.863333,400.538184,470.29401,68.273695,0.014548
Analog-minimos-cuadrados,2024-09-25 23:00:00,51.351217,91.790098,0.197667,127.065104,245.877231,0.881667,337.297442,664.607201,102.702435,0.015052
Analog-minimos-cuadrados,2024-09-26 23:00:00,44.669942,79.882058,0.171444,115.096481,141.533016,0.818333,444.806967,533.355267,89.339885,0.014706
Analog-minimos-cuadrados,2024-09-27 23:00:00,38.963929,69.824289,0.228074,94.452013,110.204609,0.6,337.719515,507.846988,77.927858,0.015401
Analog-minimos-cuadrados,2024-09-28 23:00:00,68.893926,128.836479,0.396593,152.375512,172.360277,0.231667,196.727085,1132.040318,137.787853,0.014088
Analog-minimos-cuadrados,2024-09-29 23:00:00,27.021454,48.404812,0.194444,69.141491,116.394776,0.951667,280.321797,342.619334,54.042909,0.016933
Analog-minimos-cuadrados,2024-09-30 23:00:00,40.653651,73.708812,0.286111,100.224498,118.935466,0.496667,244.09786,523.413933,81.307302,0.016245
Analog-minimos-cuadrados,2024-10-01 23:00:00,80.680843,143.798368,0.413148,198.828336,288.651616,0.356667,217.864219,983.806064,161.361685,0.015894
Analog-minimos-cuadrados,2024-10-02 23:00:00,67.178743,119.084788,0.257148,183.851712,266.096483,0.765,393.229594,643.107144,134.357486,0.016475
Analog-minimos-cuadrados,2024-10-03 23:00:00,73.559086,131.13962,0.20637,190.826357,282.112755,0.748333,493.115458,817.575357,147.118173,0.015859
Analog-minimos-cuadrados,2024-10-04 23:00:00,59.787004,106.89587,0.137296,153.063872,192.944029,0.776667,620.680835,747.436449,119.574008,0.015441
Analog-minimos-cuadrados,2024-10-05 23:00:00,124.541845,223.624628,0.445778,311.579554,347.798713,0.24,655.616295,1574.432348,249.08369,0.015886
Analog-minimos-cuadrados,2024-10-06 23:00:00,82.723399,147.269226,0.142185,226.72869,292.242015,0.75,520.634042,846.677291,165.446799,0.016327
Analog-minimos-cuadrados,2024-10-07 23:00:00,67.277935,120.529548,0.249778,175.423444,214.816354,0.63,540.651473,770.606123,134.555871,0.015974
Analog-minimos-cuadrados,2024-10-08 23:00:00,54.594646,97.97355,0.192926,143.738342,176.862586,0.78,497.191478,641.635692,109.189293,0.013993
Analog-minimos-cuadrados,2024-10-09 23:00:00,52.858021,94.463366,0.29463,128.357276,159.995994,0.586667,499.360577,637.693879,105.716042,0.016059
Analog-minimos-cuadrados,2024-10-10 23:00:00,54.401203,96.900323,0.235333,142.338442,222.302754,0.706667,480.475569,632.836238,108.802406,0.016472
Analog-minimos-cuadrados,2024-10-11 23:00:00,45.308033,81.180398,0.340667,110.86727,128.665031,0.563333,448.091122,590.596697,90.616066,0.016201
Analog-minimos-cuadrados,2024-10-12 23:00:00,84.177696,151.222786,0.152741,212.53631,285.899749,0.596667,423.368489,1042.254938,168.355391,0.01971
Analog-minimos-cuadrados,2024-10-13 23:00:00,41.251217,74.377208,0.205778,98.788858,124.171389,0.958333,587.33147,594.865555,82.502434,0.015095
Analog-minimos-cuadrados,2024-10-14 23:00:00,57.064307,101.589651,0.194556,152.988142,232.933568,0.893333,517.15617,602.642881,114.128614,0.015532
Analog-minimos-cuadrados,2024-10-15 23:00:00,39.967346,71.85719,0.166259,90.106896,135.564093,0.903333,524.927677,582.559191,79.934692,0.017101
Analog-minimos-cuadrados,2024-10-16 23:00:00,36.23263,65.133249,0.244778,85.973602,116.292131,0.82,411.997663,501.110979,72.46526,0.014823
Analog-minimos-cuadrados,2024-10-17 23:00:00,55.534896,99.191061,0.257778,136.573619,198.758643,0.38,223.70596,695.21514,111.069792,0.017221
Analog-minimos-cuadrados,2024-10-18 23:00:00,47.86341,85.955685,0.387148,118.19967,144.637268,0.401667,347.356488,614.650998,95.72682,0.016316
Analog-minimos-cuadrados,2024-10-19 23:00:00,59.956027,108.593665,0.423593,137.39939,151.098579,0.215,275.954099,885.966483,119.912053,0.016118
Analog-minimos-cuadrados,2024-10-20 23:00:00,19.893669,35.73114,0.152074,46.876413,57.827527,0.91,238.72598,296.569162,39.787338,0.015213
Analog-minimos-cuadrados,2024-10-21 23:00:00,23.279848,41.548057,0.341593,62.560397,77.412334,0.641667,126.022427,228.860355,46.559696,0.017536
Analog-minimos-cuadrados,2024-10-22 23:00:00,22.852779,40.939528,0.150407,56.207563,77.579689,0.718333,130.391181,292.540913,45.705559,0.014583
Analog-minimos-cuadrados,2024-10-23 23:00:00,59.716485,109.99095,0.299444,143.048836,245.968699,0.71,166.663696,851.025572,119.432971,0.015303
Analog-minimos-cuadrados,2024-10-24 23:00:00,24.519997,43.985731,0.13863,54.248242,71.835844,0.968333,350.62965,362.220288,49.039994,0.016114
Analog-minimos-cuadrados,2024-10-25 23:00:00,31.491069,56.385915,0.128778,81.959097,128.892018,0.791667,241.59199,371.117713,62.982139,0.01628
Analog-minimos-cuadrados,2024-10-26 23:00:00,78.759516,147.610715,0.48,177.261881,193.834963,0.123333,251.07038,1267.698414,157.519031,0.01421
Analog-minimos-cuadrados,2024-10-27 23:00:00,20.432785,37.002138,0.166889,37.381507,52.983798,0.953333,347.525256,351.046969,40.865571,0.016753
Analog-minimos-cuadrados,2024-10-28 23:00:00,15.346091,27.523998,0.13137,34.851002,46.826037,0.993333,213.693585,214.053397,30.692181,0.01654
Analog-minimos-cuadrados,2024-10-29 23:00:00,47.120482,86.863578,0.384519,109.856715,180.057815,0.398333,106.074999,706.425905,94.240964,0.014782
Analog-minimos-cuadrados,2024-10-30 23:00:00,21.422439,38.607171,0.139963,47.061325,62.436007,0.928333,273.258717,307.078225,42.844878,0.014035
Analog-minimos-cuadrados,2024-10-31 23:00:00,24.105453,43.231941,0.173704,61.547226,80.280755,0.81,204.662702,293.419212,48.210906,0.016421
Analog-minimos-cuadrados,2024-11-01 23:00:00,28.389143,51.34398,0.210481,67.385299,86.378915,0.44,124.038841,386.352544,56.778286,0.015559
Analog-minimos-cuadrados,2024-11-02 23:00:00,50.405445,91.25295,0.338556,115.035077,131.997894,0.285,163.57596,761.864055,100.810891,0.017162
Analog-minimos-cuadrados,2024-11-03 23:00:00,18.70313,33.516594,0.165111,43.741207,69.888878,0.941667,241.750407,254.803756,37.40626,0.014613
Analog-minimos-cuadrados,2024-11-04 23:00:00,25.155194,44.880185,0.184259,67.766141,97.423231,0.853333,199.010197,264.63117,50.310387,0.014344
Analog-minimos-cuadrados,2024-11-05 23:00:00,28.212536,50.336493,0.278444,71.42948,89.538151,0.583333,218.095661,342.44362,56.425072,0.016679
Analog-minimos-cuadrados,2024-11-06 23:00:00,40.965025,73.700724,0.31937,103.600125,143.517394,0.541667,162.62835,486.139506,81.93005,0.014999
Analog-minimos-cuadrados,2024-11-07 23:00:00,96.272484,179.26594,0.223222,219.761408,362.175951,0.61,224.878678,1515.801483,192.544968,0.015875
Analog-minimos-cuadrados,2024-11-08 23:00:00,140.413058,261.802819,0.423148,325.032152,440.415733,0.273333,547.586957,2162.017851,280.826117,0.015516
Analog-minimos-cuadrados,2024-11-09 23:00:00,68.827603,123.142808,0.263593,179.814004,229.823504,0.788333,711.268251,805.479074,137.655205,0.014053
Analog-minimos-cuadrados,2024-11-10 23:00:00,162.521082,295.074743,0.180593,380.724788,614.563575,0.563333,603.863827,2331.598197,325.042165,0.015476
Analog-minimos-cuadrados,2024-11-11 23:00:00,97.975464,174.713168,0.264556,235.451442,330.76723,0.756667,973.538133,1201.025767,195.950929,0.01492
Analog-minimos-cuadrados,2024-11-12 23:00:00,60.836971,109.118686,0.242222,163.589515,218.06131,0.92,654.480364,706.093019,121.673943,0.015244
Analog-minimos-cuadrados,2024-11-13 23:00:00,34.415876,61.547228,0.205519,86.6934,119.278601,0.876667,388.229835,420.223963,68.831753,0.014092
Analog-minimos-cuadrados,2024-11-14 23:00:00,23.021782,41.412657,0.262926,60.976831,74.946115,0.865,264.325518,285.426441,46.043563,0.015617
Analog-minimos-cuadrados,2024-11-15 23:00:00,50.406191,94.731792,0.278259,112.148229,128.905981,0.353333,148.107236,835.029551,100.812382,0.015533
Analog-minimos-cuadrados,2024-11-16 23:00:00,59.336336,106.071832,0.323407,138.95296,156.92328,0.343333,233.543506,837.460536,118.672672,0.016051
Analog-minimos-cuadrados,2024-11-17 23:00:00,35.957714,64.445127,0.256815,90.514618,113.574264,0.513333,306.33344,456.261936,71.915428,0.015129
Analog-minimos-cuadrados,2024-11-18 23:00:00,79.725702,144.159181,0.296,193.426703,257.145756,0.463333,242.784413,1062.950692,159.451403,0.01294
Analog-minimos-cuadrados,2024-11-19 23:00:00,35.784725,64.191156,0.110407,88.879847,106.159596,0.861667,412.896438,454.158105,71.56945,0.015054
Analog-minimos-cuadrados,2024-11-20 23:00:00,24.698295,44.212182,0.176111,60.072249,72.283145,0.823333,235.316141,322.681432,49.396589,0.013154
Analog-minimos-cuadrados,2024-11-21 23:00:00,20.514059,36.731487,0.164667,52.923049,60.181542,0.491667,89.636475,230.654983,41.028117,0.013701
Analog-minimos-cuadrados,2024-11-22 23:00:00,63.095217,118.731089,0.311037,140.548371,217.911927,0.306667,111.17986,1027.699527,126.190435,0.014266
Analog-minimos-cuadrados,2024-11-23 23:00:00,49.907482,89.413706,0.322,121.159275,144.944966,0.376667,305.485855,661.205608,99.814964,0.013613
Analog-minimos-cuadrados,2024-11-24 23:00:00,32.376847,58.307141,0.157074,76.959132,95.223206,0.803333,379.640597,431.16204,64.753694,0.015389
Analog-minimos-cuadrados,2024-11-25 23:00:00,21.838767,39.075164,0.169074,58.801947,74.477211,0.851667,202.601467,238.090304,43.677533,0.016214
Analog-minimos-cuadrados,2024-11-26 23:00:00,43.708871,77.74059,0.454259,115.144105,132.335172,0.326667,149.385938,460.805246,87.417742,0.015725
Analog-minimos-cuadrados,2024-11-27 23:00:00,143.675925,267.937313,0.363926,326.565082,401.165855,0.26,213.033313,2266.950278,287.351849,0.014995
Analog-minimos-cuadrados,2024-11-28 23:00:00,62.013924,110.806571,0.244296,147.619668,179.976957,0.56,526.278742,796.538991,124.027848,0.015047
Analog-minimos-cuadrados,2024-11-29 23:00:00,36.995848,66.915567,0.150481,90.238809,123.657103,0.975,537.454585,544.537602,73.991695,0.015099
Analog-minimos-cuadrados,2024-11-30 23:00:00,66.90069,120.233897,0.379037,164.962348,190.021068,0.426667,419.839993,861.602851,133.80138,0.015782
Analog-minimos-cuadrados,2024-12-01 23:00:00,34.843646,62.733268,0.160556,78.731617,114.720664,0.81,425.03242,509.671405,69.687291,0.017849
Analog-minimos-cuadrados,2024-12-02 23:00:00,24.682525,44.436542,0.174481,56.951636,93.801869,0.981667,327.06342,343.099202,49.365049,0.015648
Analog-minimos-cuadrados,2024-12-03 23:00:00,48.855258,87.105242,0.331333,125.903824,162.374162,0.558333,236.954105,562.597649,97.710517,0.016121
Analog-minimos-cuadrados,2024-12-04 23:00:00,26.995628,48.39143,0.138852,65.965361,103.167446,0.871667,281.842131,350.32613,53.991256,0.016089
Analog-minimos-cuadrados,2024-12-05 23:00:00,25.884351,46.346401,0.178481,64.249603,80.209374,0.81,271.304168,320.208326,51.768703,0.016393
Analog-minimos-cuadrados,2024-12-06 23:00:00,59.714055,108.878526,0.141593,141.096856,222.325886,0.535,174.341433,862.809497,119.42811,0.015673
Analog-minimos-cuadrados,2024-12-07 23:00:00,48.034148,86.239679,0.359185,115.279802,129.970764,0.396667,370.367517,631.65541,96.068296,0.016371
Analog-minimos-cuadrados,2024-12-08 23:00:00,38.371819,68.934333,0.101778,100.377763,140.861609,0.858333,332.223146,445.21025,76.743639,0.016462
Analog-minimos-cuadrados,2024-12-09 23:00:00,52.69979,95.560976,0.184185,125.986,179.118427,0.683333,256.438236,708.457658,105.39958,0.014961
Analog-minimos-cuadrados,2024-12-10 23:00:00,43.953935,79.066813,0.18737,112.202036,147.643274,0.695,325.273032,532.549638,87.90787,0.016577
Analog-minimos-cuadrados,2024-12-11 23:00:00,59.246761,107.410979,0.37237,144.408396,167.004154,0.28,309.52395,771.832447,118.493523,0.015814
Analog-minimos-cuadrados,2024-12-12 23:00:00,31.7323,56.834688,0.124074,81.373405,129.224469,0.793333,232.578918,380.034397,63.4646,0.01598
Analog-minimos-cuadrados,2024-12-13 23:00:00,16.469904,29.564963,0.101593,38.188969,49.293029,0.906667,218.769681,232.201295,32.939808,0.015926
Analog-minimos-cuadrados,2024-12-14 23:00:00,23.463357,42.096594,0.286444,57.996803,76.33342,0.711667,176.226064,306.833296,46.926715,0.015821
Analog-minimos-cuadrados,2024-12-15 23:00:00,33.140809,59.410886,0.188037,84.836193,125.041133,0.676667,174.737725,398.769058,66.281618,0.015731
Analog-minimos-cuadrados,2024-12-16 23:00:00,37.41891,68.975743,0.145852,84.052183,124.432874,0.77,248.191913,584.556593,74.837819,0.014296
Analog-minimos-cuadrados,2024-12-17 23:00:00,31.953092,56.854126,0.185667,83.888771,107.471465,0.685,213.022945,344.949882,63.906184,0.016836
Analog-minimos-cuadrados,2024-12-18 23:00:00,33.941157,61.254807,0.237407,81.620149,95.77784,0.553333,222.052189,447.563457,67.882315,0.016768
Analog-minimos-cuadrados,2024-12-19 23:00:00,21.795486,39.185139,0.218926,51.701145,74.342795,0.696667,191.118911,307.68603,43.590972,0.014532
Analog-minimos-cuadrados,2024-12-20 23:00:00,18.692215,33.884133,0.224481,46.04566,60.636603,0.653333,130.446949,250.269006,37.384431,0.015007
Analog-minimos-cuadrados,2024-12-21 23:00:00,40.04143,74.704397,0.351481,90.055875,119.35792,0.401667,146.610083,648.812261,80.082861,0.013933
Analog-minimos-cuadrados,2024-12-22 23:00:00,22.428092,40.727339,0.23163,48.060484,59.817712,0.826667,246.07217,348.829108,44.856183,0.015971
Analog-minimos-cuadrados,2024-12-23 23:00:00,21.855114,39.267931,0.086,52.559226,66.253372,0.636667,169.56632,280.589333,43.710228,0.015297
Analog-minimos-cuadrados,2024-12-24 23:00:00,58.496248,109.180822,0.143963,126.253491,199.374338,0.571667,138.907331,1017.352376,116.992495,0.015404
Analog-minimos-cuadrados,2024-12-25 23:00:00,25.99582,47.044689,0.16363,55.921563,69.229023,0.965,386.368456,407.041459,51.99164,0.0145
Analog-minimos-cuadrados,2024-12-26 23:00:00,32.54817,58.182012,0.208185,86.376902,110.583178,0.815,270.342755,376.084926,65.09634,0.016537
Analog-minimos-cuadrados,2024-12-27 23:00:00,32.115453,57.359822,0.193259,79.363854,98.246679,0.673333,217.997133,414.411437,64.230907,0.013887
Analog-minimos-cuadrados,2024-12-28 23:00:00,56.289519,103.270731,0.429444,133.199499,149.797536,0.311667,235.89631,826.272454,112.579038,0.016046
Analog-minimos-cuadrados,2024-12-29 23:00:00,39.955562,73.117475,0.283593,92.454335,128.345381,0.656667,254.894745,593.225425,79.911124,0.014405
Analog-minimos-cuadrados,2024-12-30 23:00:00,27.610608,49.518153,0.247815,69.506755,80.496514,0.75,219.400899,333.870619,55.221216,0.018978
Analog-minimos-cuadrados,2024-12-31 23:00:00,72.624034,134.192118,0.148852,169.34231,206.117176,0.436667,189.678267,1109.027937,145.248068,0.016849
Analog-minimos-cuadrados,2025-01-01 23:00:00,36.719064,66.136352,0.217778,94.504917,103.105661,0.828333,414.607087,475.895779,73.438129,0.017184
Analog-minimos-cuadrados,2025-01-02 23:00:00,35.503098,63.454938,0.268259,93.071744,105.30312,0.836667,333.759264,413.125355,71.006197,0.014234
Analog-minimos-cuadrados,2025-01-03 23:00:00,24.255599,43.906005,0.277815,60.892595,69.44048,0.788333,172.229595,327.888211,48.511198,0.017721
Analog-minimos-cuadrados,2025-01-04 23:00:00,50.144204,94.185581,0.142556,112.793646,174.046571,0.508333,129.29643,805.4874,100.288408,0.01623
Analog-minimos-cuadrados,2025-01-05 23:00:00,58.910799,105.366019,0.378519,159.920933,197.191429,0.588333,331.71038,607.822927,117.821599,0.016798
Analog-minimos-cuadrados,2025-01-06 23:00:00,45.418058,80.964401,0.294407,132.651837,169.021869,0.896667,393.296236,437.334998,90.836115,0.015604
Analog-minimos-cuadrados,2025-01-07 23:00:00,51.076386,90.717812,0.388444,144.303541,159.690573,0.668333,315.35982,438.199324,102.152771,0.015861
Analog-minimos-cuadrados,2025-01-08 23:00:00,95.604436,172.045965,0.281,232.226913,314.162535,0.535,307.027331,1250.469167,191.208871,0.018764
Analog-minimos-cuadrados,2025-01-09 23:00:00,85.748093,155.173653,0.289963,204.560733,272.432837,0.446667,508.568491,1185.27876,171.496187,0.017476
Analog-minimos-cuadrados,2025-01-10 23:00:00,58.1617,104.332325,0.173556,143.201681,177.030655,0.685,515.255154,755.156948,116.323399,0.015937
Analog-minimos-cuadrados,2025-01-11 23:00:00,83.270634,151.175061,0.280704,204.118861,272.487253,0.515,336.731977,1088.257232,166.541269,0.016493
Analog-minimos-cuadrados,2025-01-12 23:00:00,59.717797,107.409296,0.169926,148.316628,176.187037,0.696667,477.233361,769.715204,119.435594,0.014719
Analog-minimos-cuadrados,2025-01-13 23:00:00,70.735976,126.561589,0.211704,183.806401,232.22311,0.585,361.552027,787.795372,141.471953,0.016625
Analog-minimos-cuadrados,2025-01-14 23:00:00,69.371715,124.730228,0.382926,175.137518,199.220422,0.458333,474.964915,840.181396,138.74343,0.015876
Analog-minimos-cuadrados,2025-01-15 23:00:00,68.173471,122.160081,0.231593,185.3381,231.467327,0.586667,329.028447,738.061107,136.346942,0.014778
Analog-minimos-cuadrados,2025-01-16 23:00:00,81.751144,146.121744,0.119963,215.441592,335.878883,0.778333,439.321278,838.273855,163.502288,0.016292
Analog-minimos-cuadrados,2025-01-17 23:00:00,134.874421,240.135246,0.226111,354.859151,451.955548,0.543333,626.529796,1456.566022,269.748842,0.015509
Analog-minimos-cuadrados,2025-01-18 23:00:00,126.455739,228.830238,0.218074,293.527512,320.481495,0.65,923.059445,1811.467815,252.911477,0.016991
Analog-minimos-cuadrados,2025-01-19 23:00:00,89.875989,160.986469,0.282185,228.419309,256.158077,0.788333,707.652141,1023.028561,179.751979,0.015796
Analog-minimos-cuadrados,2025-01-20 23:00:00,67.27139,119.837279,0.290519,173.782283,213.040545,0.745,481.216539,733.045566,134.54278,0.015983
Analog-minimos-cuadrados,2025-01-21 23:00:00,129.930854,239.716542,0.415926,298.666062,358.065935,0.221667,458.406616,1986.940819,259.861708,0.015948
Analog-minimos-cuadrados,2025-01-22 23:00:00,182.920797,328.870161,0.452963,428.547622,464.403,0.208333,466.580125,2587.124989,365.841595,0.015863
Analog-minimos-cuadrados,2025-01-23 23:00:00,73.910008,132.467517,0.152481,179.714095,213.571349,0.78,755.084041,941.651426,147.820015,0.015639
Analog-minimos-cuadrados,2025-01-24 23:00:00,75.647455,136.836995,0.33437,176.997521,198.51263,0.445,439.756563,1080.795596,151.294911,0.014512
Analog-minimos-cuadrados,2025-01-25 23:00:00,47.733955,85.349151,0.255519,130.490561,147.664531,0.861667,427.966501,481.208171,95.467909,0.015227
Analog-minimos-cuadrados,2025-01-26 23:00:00,52.940328,94.806295,0.139222,139.85763,175.020327,0.696667,433.671851,589.399683,105.880656,0.015829
Analog-minimos-cuadrados,2025-01-27 23:00:00,63.110858,112.65019,0.131815,164.577561,228.263819,0.868333,479.105525,746.988377,126.221716,0.014754
Analog-minimos-cuadrados,2025-01-28 23:00:00,66.649304,119.142264,0.145519,158.231701,189.379515,0.583333,493.581876,830.800004,133.298608,0.0169
Analog-minimos-cuadrados,2025-01-29 23:00:00,72.236665,130.745203,0.113778,176.451122,272.698176,0.795,461.207045,952.530543,144.47333,0.015411
Analog-minimos-cuadrados,2025-01-30 23:00:00,131.125247,234.633314,0.152519,328.117163,445.005031,0.618333,599.616568,1578.699346,262.250493,0.013198
Analog-minimos-cuadrados,2025-01-31 23:00:00,149.375806,270.303706,0.324444,353.735176,439.506904,0.448333,854.709606,2119.140881,298.751612,0.015452
Analog-minimos-cuadrados,2025-02-01 23:00:00,126.364404,225.913148,0.411074,324.220593,340.353394,0.526667,699.124343,1303.473724,252.728808,0.017145
Analog-minimos-cuadrados,2025-02-02 23:00:00,53.379192,94.882988,0.246259,139.328137,172.438359,0.73,355.03214,522.756536,106.758385,0.016354
Analog-minimos-cuadrados,2025-02-03 23:00:00,62.09724,110.102643,0.27363,168.185819,246.742452,0.698333,331.708974,539.783497,124.194481,0.015176
Analog-minimos-cuadrados,2025-02-04 23:00:00,41.407247,74.418629,0.157704,104.915904,129.144397,0.845,453.041678,560.637377,82.814493,0.016424
Analog-minimos-cuadrados,2025-02-05 23:00:00,34.515398,61.800318,0.176444,88.620104,111.395113,0.745,254.886164,415.023218,69.030796,0.014031
Analog-minimos-cuadrados,2025-02-06 23:00:00,19.592766,35.198016,0.149667,48.335401,60.608698,0.883333,221.452997,257.141026,39.185531,0.015844
Analog-minimos-cuadrados,2025-02-07 23:00:00,57.885197,107.694674,0.137333,134.59836,219.420795,0.506667,169.948952,841.763813,115.770394,0.016258
Analog-minimos-cuadrados,2025-02-08 23:00:00,53.739708,96.101419,0.194926,135.882953,181.544132,0.656667,349.250801,654.888124,107.479416,0.015155
Analog-minimos-cuadrados,2025-02-09 23:00:00,163.323362,300.749867,0.266148,386.290611,491.647507,0.518333,450.294109,2333.748705,326.646723,0.015309
Analog-minimos-cuadrados,2025-02-10 23:00:00,83.066479,148.996698,0.167296,202.62868,286.923104,0.855,762.332104,1076.118845,166.132958,0.014449
Analog-minimos-cuadrados,2025-02-11 23:00:00,129.25299,230.900787,0.17137,324.466552,470.693318,0.545,664.346172,1607.578475,258.50598,0.015605
Analog-minimos-cuadrados,2025-02-12 23:00:00,98.342809,174.974298,0.157889,254.677559,317.473045,0.605,834.813257,1129.763685,196.685617,0.01571
Analog-minimos-cuadrados,2025-02-13 23:00:00,74.54172,133.486222,0.283778,186.531683,219.634661,0.626667,594.061866,900.71106,149.083441,0.01386
Analog-minimos-cuadrados,2025-02-14 23:00:00,67.893682,121.746043,0.155111,172.100369,224.814695,0.591667,452.004223,819.377027,135.787363,0.017376
Analog-minimos-cuadrados,2025-02-15 23:00:00,95.903643,177.930634,0.300481,224.614097,325.75587,0.431667,398.571095,1452.609727,191.807285,0.01469
Analog-minimos-cuadrados,2025-02-16 23:00:00,105.873221,189.801072,0.252778,261.88031,384.065128,0.7,563.240159,1372.580434,211.746441,0.015558
Analog-minimos-cuadrados,2025-02-17 23:00:00,113.758595,204.147801,0.211481,283.801877,438.604733,0.645,643.86569,1438.767677,227.51719,0.016835
Analog-minimos-cuadrados,2025-02-18 23:00:00,128.17488,230.371624,0.137667,318.018734,518.820058,0.715,642.664811,1574.36479,256.349761,0.015504
Analog-minimos-cuadrados,2025-02-19 23:00:00,124.913523,223.329729,0.16863,316.011797,426.586272,0.756667,941.426059,1530.398246,249.827046,0.01497
Analog-minimos-cuadrados,2025-02-20 23:00:00,74.240792,132.808018,0.185926,183.911309,231.037202,0.796667,733.488685,945.110343,148.481584,0.017703
Analog-minimos-cuadrados,2025-02-21 23:00:00,65.24237,118.503547,0.334852,161.064877,193.111084,0.478333,388.074424,862.66038,130.484741,0.016232
Analog-minimos-cuadrados,2025-02-22 23:00:00,104.548268,186.907605,0.306259,251.272801,281.611193,0.263333,355.593224,1386.208947,209.096536,0.016959
Analog-minimos-cuadrados,2025-02-23 23:00:00,58.78684,105.24309,0.289778,148.38461,187.524997,0.73,596.243067,746.921663,117.57368,0.01687
Analog-minimos-cuadrados,2025-02-24 23:00:00,30.433047,54.613746,0.074741,73.16986,86.120783,0.783333,329.469489,398.172851,60.866094,0.015846
Analog-minimos-cuadrados,2025-02-25 23:00:00,51.740449,96.265676,0.127185,118.585065,224.939163,0.705,174.995976,799.875452,103.480898,0.015579
Analog-minimos-cuadrados,2025-02-26 23:00:00,34.201027,61.30893,0.216667,87.981456,120.526968,0.821667,369.276805,434.286825,68.402054,0.014095
Analog-minimos-cuadrados,2025-02-27 23:00:00,32.315239,57.821312,0.130593,87.49734,126.13714,0.93,339.347105,362.826895,64.630477,0.014531
Analog-minimos-cuadrados,2025-02-28 23:00:00,52.731123,95.833319,0.194185,123.778665,159.457613,0.543333,247.049339,733.112528,105.462246,0.015166
Analog-minimos-cuadrados,2025-03-01 23:00:00,123.820962,233.522811,0.363741,271.829685,338.400499,0.246667,249.312827,2098.334539,247.641924,0.014833
Analog-minimos-cuadrados,2025-03-02 23:00:00,46.508958,84.173937,0.211,108.103586,137.516468,0.875,559.050137,686.140501,93.017915,0.017338
Analog-minimos-cuadrados,2025-03-03 23:00:00,58.365645,104.884085,0.175889,141.266768,246.826292,0.841667,385.858168,756.620197,116.731289,0.014537
Analog-minimos-cuadrados,2025-03-04 23:00:00,53.467916,95.895446,0.278593,135.562335,185.013695,0.656667,414.308528,631.79538,106.935833,0.013623
Analog-minimos-cuadrados,2025-03-05 23:00:00,39.153634,71.143713,0.108222,93.393038,122.507289,0.746667,303.464701,553.529971,78.307268,0.016654
Analog-minimos-cuadrados,2025-03-06 23:00:00,182.963441,346.879632,0.441852,397.325499,546.24673,0.175,173.908549,3151.666316,365.926882,0.014056
Analog-minimos-cuadrados,2025-03-07 23:00:00,63.63407,114.307143,0.178407,153.886386,194.001654,0.811667,685.378179,825.60601,127.268139,0.015663
Analog-minimos-cuadrados,2025-03-08 23:00:00,98.249291,177.468904,0.287222,234.744503,286.851913,0.473333,515.296941,1336.133356,196.498582,0.015079
Analog-minimos-cuadrados,2025-03-09 23:00:00,57.547211,103.16471,0.233481,144.242989,186.053249,0.795,588.318077,739.265069,115.094423,0.016435
Analog-minimos-cuadrados,2025-03-10 23:00:00,24.320366,43.757441,0.12937,53.603509,77.544489,0.963333,354.189469,367.772478,48.640732,0.014933
Analog-minimos-cuadrados,2025-03-11 23:00:00,45.97709,83.487557,0.289148,113.148736,178.669499,0.625,172.589272,593.6806,91.954179,0.015679
Analog-minimos-cuadrados,2025-03-12 23:00:00,106.549022,196.280955,0.30137,243.772998,339.60571,0.478333,282.114452,1665.988406,213.098045,0.014701
Analog-minimos-cuadrados,2025-03-13 23:00:00,71.905637,129.243455,0.191593,189.127308,252.913629,0.683333,409.74483,831.07218,143.811274,0.016222
Analog-minimos-cuadrados,2025-03-14 23:00:00,99.490253,183.019372,0.207741,239.337613,283.440645,0.398333,357.228662,1404.522594,198.980506,0.014711
Analog-minimos-cuadrados,2025-03-15 23:00:00,113.487969,203.742684,0.363963,266.576579,303.420438,0.413333,554.867509,1681.858298,226.975939,0.015587
Analog-minimos-cuadrados,2025-03-16 23:00:00,114.359763,205.751155,0.380296,272.348096,310.252883,0.363333,493.983379,1572.357765,228.719526,0.015024
Analog-minimos-cuadrados,2025-03-17 23:00:00,32.927868,59.699914,0.142185,63.758583,79.933582,0.858333,492.613045,558.571623,65.855735,0.016853
Analog-minimos-cuadrados,2025-03-18 23:00:00,91.735303,168.221273,0.367407,217.484444,305.506193,0.491667,244.677966,1307.164045,183.470606,0.016586
Analog-minimos-cuadrados,2025-03-19 23:00:00,40.581335,72.92363,0.255519,99.686681,128.930523,0.723333,405.681916,545.39004,81.162671,0.014451
Analog-minimos-cuadrados,2025-03-20 23:00:00,28.490372,51.427327,0.163481,65.373447,79.871964,0.848333,288.893399,402.981338,56.980745,0.015967
Analog-minimos-cuadrados,2025-03-21 23:00:00,90.385861,165.398341,0.359259,210.397905,284.58229,0.338333,191.89819,1338.732201,180.771723,0.016866
Analog-minimos-cuadrados,2025-03-22 23:00:00,166.461202,304.694555,0.173889,390.138451,587.486158,0.446667,396.173268,2446.002904,332.922404,0.017174
Analog-minimos-cuadrados,2025-03-23 23:00:00,203.456805,365.770685,0.228889,527.329568,689.191833,0.596667,924.796442,2331.568631,406.913609,0.015332
Analog-minimos-cuadrados,2025-03-24 23:00:00,133.023464,237.85207,0.284037,336.926421,445.894575,0.715,1153.939715,1557.247053,266.046929,0.014785
Analog-minimos-cuadrados,2025-03-25 23:00:00,152.111647,277.204249,0.32963,358.840361,470.580424,0.453333,745.389695,2108.338746,304.223293,0.015369
Analog-minimos-cuadrados,2025-03-26 23:00:00,96.196574,171.881215,0.129444,249.406534,370.784057,0.736667,670.15231,1095.416031,192.393148,0.014989
Analog-minimos-cuadrados,2025-03-27 23:00:00,140.251425,250.212614,0.285556,355.44205,440.777024,0.606667,716.139843,1688.8593,280.50285,0.016341
Analog-minimos-cuadrados,2025-03-28 23:00:00,172.617064,315.198697,0.38137,407.874384,482.438055,0.296667,874.720736,2471.582879,345.234127,0.015045
Analog-minimos-cuadrados,2025-03-29 23:00:00,149.651362,269.727041,0.249667,367.936445,458.278083,0.501667,727.882692,1936.152732,299.302725,0.014404
Analog-minimos-cuadrados,2025-03-30 23:00:00,103.837017,186.49738,0.162407,261.635856,420.636962,0.756667,727.328192,1304.768932,207.674034,0.015741
Analog-minimos-cuadrados,2025-03-31 23:00:00,84.954603,151.342878,0.128519,201.29141,348.855458,0.873333,777.238309,1086.116393,169.909207,0.014574
Analog-minimos-cuadrados,2025-04-01 23:00:00,211.537168,379.617127,0.256593,535.39697,796.438036,0.678333,800.17304,2538.529651,423.074336,0.01561
Analog-minimos-cuadrados,2025-04-02 23:00:00,149.944907,270.181072,0.231704,351.838786,507.389835,0.753333,1216.515742,2084.104482,299.889814,0.015147
Analog-minimos-cuadrados,2025-04-03 23:00:00,85.478837,153.606994,0.209407,191.587712,231.800504,0.878333,1157.296907,1247.07116,170.957673,0.0159
Analog-minimos-cuadrados,2025-04-04 23:00:00,120.368793,216.90045,0.278704,303.076235,378.392381,0.591667,836.088087,1474.503993,240.737586,0.015981
Analog-minimos-cuadrados,2025-04-05 23:00:00,119.604003,219.494272,0.301222,279.616263,330.32213,0.446667,686.750684,1771.503442,239.208007,0.013835
Analog-minimos-cuadrados,2025-04-06 23:00:00,145.93869,270.556494,0.272778,330.096501,366.075361,0.603333,673.058877,2269.614845,291.877379,0.017114
Analog-minimos-cuadrados,2025-04-07 23:00:00,71.637522,128.830768,0.301333,166.543258,180.201632,0.571667,476.792927,981.641892,143.275045,0.015566
Analog-minimos-cuadrados,2025-04-08 23:00:00,34.453626,62.112261,0.294481,85.053123,97.911594,0.481667,206.759524,448.601129,68.907253,0.01411
Analog-minimos-cuadrados,2025-04-09 23:00:00,42.997286,77.550548,0.106963,105.302317,170.967326,0.606667,191.060882,569.11497,85.994572,0.014281
Analog-minimos-cuadrados,2025-04-10 23:00:00,34.521889,61.72253,0.26637,86.200325,107.383561,0.655,305.677579,422.752516,69.043778,0.015743
Analog-minimos-cuadrados,2025-04-11 23:00:00,92.898425,167.807492,0.24463,224.14779,318.273229,0.398333,241.949932,1256.836531,185.79685,0.015567
Analog-minimos-cuadrados,2025-04-12 23:00:00,81.194257,148.899913,0.37463,180.476226,201.232762,0.365,463.688298,1260.655755,162.388514,0.013766
Analog-minimos-cuadrados,2025-04-13 23:00:00,43.024385,77.56616,0.263815,101.320783,122.726843,0.735,459.098121,586.956285,86.04877,0.015497
Analog-minimos-cuadrados,2025-04-14 23:00:00,21.787447,39.115593,0.133593,52.298758,63.411787,0.86,252.410035,294.097596,43.574894,0.014467
Analog-minimos-cuadrados,2025-04-15 23:00:00,23.316998,42.212044,0.221111,56.203257,66.868481,0.806667,152.363548,314.558945,46.633996,0.013864
Analog-minimos-cuadrados,2025-04-16 23:00:00,20.587558,37.29563,0.137926,50.936868,59.76786,0.585,126.888628,273.348589,41.175116,0.0154
Analog-minimos-cuadrados,2025-04-17 23:00:00,82.890327,158.595116,0.406778,176.786774,201.176749,0.18,117.595438,1475.18195,165.780655,0.014469
Analog-minimos-cuadrados,2025-04-18 23:00:00,76.145047,140.912922,0.356815,172.483597,192.40969,0.293333,255.09952,1214.49395,152.290095,0.016598
Analog-minimos-cuadrados,2025-04-19 23:00:00,103.396695,189.592407,0.231889,236.42772,317.460363,0.288333,243.303314,1573.214402,206.793389,0.013357
Analog-minimos-cuadrados,2025-04-20 23:00:00,149.441189,272.253549,0.243,359.620959,437.542376,0.613333,530.896698,2051.980556,298.882378,0.013534
Analog-minimos-cuadrados,2025-04-21 23:00:00,230.461381,420.226277,0.248037,560.759544,706.930198,0.693333,804.399961,3090.607284,460.922761,0.016756
Analog-minimos-cuadrados,2025-04-22 23:00:00,174.975234,318.391943,0.302111,408.510562,674.385043,0.581667,1037.070038,2561.991727,349.950469,0.017564
Analog-minimos-cuadrados,2025-04-23 23:00:00,117.055452,210.418052,0.190852,296.428348,436.316159,0.771667,906.829551,1456.976805,234.110904,0.015525
Analog-minimos-cuadrados,2025-04-24 23:00:00,104.184749,188.980609,0.161185,265.33282,353.111757,0.76,778.871762,1303.801214,208.369498,0.013187
Analog-minimos-cuadrados,2025-04-25 23:00:00,236.557965,444.676756,0.37,528.222742,593.963848,0.403333,728.306982,3882.902987,473.11593,0.014295
Analog-minimos-cuadrados,2025-04-26 23:00:00,145.597572,258.527476,0.371778,356.465126,386.2004,0.471667,688.240084,1849.202526,291.195144,0.014103
Analog-minimos-cuadrados,2025-04-27 23:00:00,86.99997,158.18647,0.11837,210.267595,369.451439,0.71,493.594841,1175.246393,173.99994,0.01517
Analog-minimos-cuadrados,2025-04-28 23:00:00,63.299341,113.589572,0.167815,158.413836,214.291968,0.763333,586.524527,815.598849,126.598681,0.015577
Analog-minimos-cuadrados,2025-04-29 23:00:00,73.663116,132.427786,0.121815,176.037474,242.335241,0.856667,597.881568,997.982239,147.326233,0.014753
Analog-minimos-cuadrados,2025-04-30 23:00:00,76.033654,137.623409,0.275926,186.389306,213.055963,0.601667,538.763626,1023.99472,152.067308,0.014693
Analog-minimos-cuadrados,2025-05-01 23:00:00,182.222115,340.297158,0.273481,419.070893,497.629876,0.596667,400.038896,2816.725423,364.444229,0.015731
Analog-minimos-cuadrados,2025-05-02 23:00:00,94.93708,170.007996,0.15937,255.971379,288.865536,0.66,765.068159,1089.915954,189.87416,0.014849
Analog-minimos-cuadrados,2025-05-03 23:00:00,159.090766,292.559957,0.398926,361.307908,403.30858,0.255,419.660444,2452.602994,318.181532,0.013791
Analog-minimos-cuadrados,2025-05-04 23:00:00,148.283537,268.690913,0.251037,358.950303,409.0029,0.633333,492.774105,1950.059706,296.567074,0.015213
Analog-minimos-cuadrados,2025-05-05 23:00:00,104.969738,189.624096,0.203519,259.853417,341.533681,0.663333,702.382419,1387.989303,209.939475,0.014965
Analog-minimos-cuadrados,2025-05-06 23:00:00,91.072184,165.678875,0.235444,217.764202,311.289623,0.633333,548.863771,1272.412729,182.144368,0.016055
Analog-minimos-cuadrados,2025-05-07 23:00:00,150.233801,273.793046,0.274852,367.14586,432.445659,0.541667,551.000034,2006.307847,300.467602,0.015269
Analog-minimos-cuadrados,2025-05-08 23:00:00,110.123293,199.181396,0.183296,260.587902,360.335287,0.623333,715.224518,1518.146975,220.246586,0.014418
Analog-minimos-cuadrados,2025-05-09 23:00:00,236.901736,445.155529,0.281815,534.337832,581.185387,0.37,614.230744,3841.325776,473.803471,0.016125
Analog-minimos-cuadrados,2025-05-10 23:00:00,151.693896,272.145962,0.440185,378.34758,396.821342,0.305,766.579282,1812.003018,303.387792,0.016646
Analog-minimos-cuadrados,2025-05-11 23:00:00,28.878788,52.333506,0.150556,58.668275,80.507024,0.978333,498.48839,502.916646,57.757575,0.015658
Analog-minimos-cuadrados,2025-05-12 23:00:00,89.914933,165.648812,0.233185,205.798409,340.224806,0.62,205.812964,1382.066386,179.829865,0.015713
Analog-minimos-cuadrados,2025-05-13 23:00:00,111.044485,203.145966,0.234852,266.887662,430.545988,0.613333,473.593319,1551.868423,222.08897,0.014915
Analog-minimos-cuadrados,2025-05-14 23:00:00,254.926541,466.291062,0.265333,600.01755,861.526459,0.593333,713.935063,3667.31906,509.853083,0.013877
Analog-minimos-cuadrados,2025-05-15 23:00:00,127.048341,227.775184,0.137667,316.035282,397.658276,0.876667,1434.83469,1563.603489,254.096682,0.014569
Analog-minimos-cuadrados,2025-05-16 23:00:00,106.986226,192.598955,0.179259,267.127996,343.882546,0.69,836.739926,1349.305676,213.972452,0.01488
Analog-minimos-cuadrados,2025-05-17 23:00:00,204.016182,384.056724,0.394741,456.951219,530.514695,0.243333,569.153842,3289.674682,408.032365,0.016709
Analog-minimos-cuadrados,2025-05-18 23:00:00,154.326,274.483112,0.148296,394.09883,539.534914,0.623333,773.24019,1770.601349,308.652,0.015111
Analog-minimos-cuadrados,2025-05-19 23:00:00,228.962822,412.451712,0.357519,571.259748,672.266473,0.51,926.01106,2828.765986,457.925643,0.015508
Analog-minimos-cuadrados,2025-05-20 23:00:00,133.685298,239.662961,0.17537,331.818693,411.803405,0.8,980.301388,1683.46994,267.370595,0.014884
Analog-minimos-cuadrados,2025-05-21 23:00:00,290.582053,539.263702,0.409148,659.270693,749.741726,0.176667,842.628785,4542.443158,581.164106,0.014553
Analog-minimos-cuadrados,2025-05-22 23:00:00,121.740488,221.243913,0.217037,287.995706,352.038396,0.708333,927.578535,1732.856504,243.480977,0.015654
Analog-minimos-cuadrados,2025-05-23 23:00:00,144.253823,261.839203,0.201,364.863154,456.453097,0.585,673.375875,1828.234275,288.507646,0.014857
Analog-minimos-cuadrados,2025-05-24 23:00:00,140.079847,257.135286,0.370593,330.180089,374.773516,0.441667,723.707615,2009.218761,280.159694,0.014517
Analog-minimos-cuadrados,2025-05-25 23:00:00,65.55562,117.578446,0.164704,163.316613,214.051108,0.841667,662.22861,849.656096,131.11124,0.014948
Analog-minimos-cuadrados,2025-05-26 23:00:00,121.279489,221.81816,0.15737,289.251721,498.395724,0.676667,415.519282,1702.018496,242.558979,0.016205
Analog-minimos-cuadrados,2025-05-27 23:00:00,114.504212,205.723502,0.187148,285.750006,351.562674,0.816667,733.736673,1420.960511,229.008424,0.013788
Analog-minimos-cuadrados,2025-05-28 23:00:00,85.369019,153.104598,0.246926,225.027374,258.903795,0.833333,809.951841,1049.541199,170.738037,0.016307
Analog-minimos-cuadrados,2025-05-29 23:00:00,107.352385,194.04594,0.261926,277.990101,352.216912,0.675,591.04685,1257.780539,214.704771,0.015358
Analog-minimos-cuadrados,2025-05-30 23:00:00,134.480599,247.49788,0.321741,311.649081,396.577208,0.446667,588.309378,2017.392398,268.961198,0.015292
Analog-minimos-cuadrados,2025-05-31 23:00:00,251.924067,467.102297,0.466407,563.47219,602.054024,0.088333,600.228006,4071.238047,503.848135,0.015976
Analog-minimos-cuadrados,2025-06-01 23:00:00,101.166999,181.401931,0.20037,263.251066,369.194007,0.663333,719.678202,1096.531904,202.333997,0.017958
Analog-minimos-cuadrados,2025-06-02 23:00:00,103.749773,185.569646,0.196852,272.339571,362.097493,0.755,810.316132,1213.37312,207.499547,0.015724
Analog-minimos-cuadrados,2025-06-03 23:00:00,76.456735,137.309152,0.21137,182.602793,211.492411,0.656667,634.923157,1018.869338,152.913471,0.015945
Analog-minimos-cuadrados,2025-06-04 23:00:00,173.29482,319.281424,0.401333,397.852635,449.48836,0.11,513.205169,2625.822175,346.58964,0.017264
Analog-minimos-cuadrados,2025-06-05 23:00:00,77.823963,139.747079,0.197815,201.370793,296.858023,0.768333,588.307606,895.08975,155.647925,0.015956
Analog-minimos-cuadrados,2025-06-06 23:00:00,52.261124,93.304493,0.237741,137.216244,187.050729,0.806667,510.003439,628.261422,104.522248,0.01495
Analog-minimos-cuadrados,2025-06-07 23:00:00,49.546085,90.11336,0.124444,116.732506,171.374442,0.89,383.343636,707.739805,99.092171,0.01581
Analog-minimos-cuadrados,2025-06-08 23:00:00,149.020262,279.779682,0.187741,337.658245,597.634786,0.438333,306.890821,2383.716422,298.040524,0.017186
Analog-minimos-cuadrados,2025-06-09 23:00:00,159.584994,284.651375,0.285556,415.813003,455.051882,0.725,823.230568,1734.772741,319.169989,0.014987
Analog-minimos-cuadrados,2025-06-10 23:00:00,163.413237,292.319253,0.218407,421.04301,640.347196,0.67,820.69731,1859.632788,326.826473,0.015238
Analog-minimos-cuadrados,2025-06-11 23:00:00,83.415255,150.254532,0.197593,194.692465,243.306918,0.776667,845.566533,1180.648854,166.830509,0.015238
Analog-minimos-cuadrados,2025-06-12 23:00:00,116.253444,212.328858,0.245444,273.941533,315.203411,0.725,756.509866,1695.755781,232.506888,0.015286
Analog-minimos-cuadrados,2025-06-13 23:00:00,91.150455,162.951595,0.345667,229.463286,263.204574,0.386667,554.931373,1085.317583,182.300909,0.017172
Analog-minimos-cuadrados,2025-06-14 23:00:00,104.697592,191.031559,0.38463,244.517304,265.13769,0.295,429.173196,1495.906188,209.395184,0.016581
Analog-minimos-cuadrados,2025-06-15 23:00:00,72.315635,128.672587,0.177667,184.997495,278.825457,0.673333,429.707716,831.690559,144.631269,0.015065
Analog-minimos-cuadrados,2025-06-16 23:00:00,36.132904,64.74264,0.156111,91.486162,122.347531,0.925,474.366711,489.609366,72.265807,0.016495
Analog-minimos-cuadrados,2025-06-17 23:00:00,52.439671,96.449129,0.11063,121.209803,188.08347,0.895,388.364006,798.182106,104.879343,0.016376
Analog-minimos-cuadrados,2025-06-18 23:00:00,76.733415,139.378895,0.241667,190.438639,272.843392,0.506667,427.306922,1019.421532,153.466829,0.015808
Analog-minimos-cuadrados,2025-06-19 23:00:00,127.712944,229.4781,0.38237,325.182689,409.09471,0.44,510.576864,1507.08445,255.425888,0.016884
Analog-minimos-cuadrados,2025-06-20 23:00:00,123.544512,220.276823,0.28563,306.091467,432.615171,0.538333,767.55315,1496.295282,247.089024,0.015259
Analog-minimos-cuadrados,2025-06-21 23:00:00,145.177846,259.592998,0.408148,354.984805,409.577305,0.276667,820.073153,1851.637671,290.355692,0.017151
Analog-minimos-cuadrados,2025-06-22 23:00:00,62.561895,112.200583,0.108,154.729011,202.096297,0.855,733.601326,836.300993,125.123789,0.01796
Analog-minimos-cuadrados,2025-06-23 23:00:00,74.571144,134.320852,0.173296,182.468256,306.008015,0.78,496.986734,980.891134,149.142288,0.015831
Analog-minimos-cuadrados,2025-06-24 23:00:00,78.789186,141.221685,0.203593,197.23902,275.220592,0.848333,623.37656,952.710979,157.578373,0.014579
Analog-minimos-cuadrados,2025-06-25 23:00:00,45.675305,81.667508,0.224889,116.690037,151.949542,0.906667,558.794217,582.417952,91.350609,0.014165
Analog-minimos-cuadrados,2025-06-26 23:00:00,39.779782,71.813037,0.174963,98.693866,144.979933,0.868333,373.552651,509.413315,79.559564,0.014655
Analog-minimos-cuadrados,2025-06-27 23:00:00,29.923014,53.701407,0.318778,76.583825,84.47909,0.725,297.662951,379.680572,59.846028,0.015508
Analog-minimos-cuadrados,2025-06-28 23:00:00,51.669306,93.131988,0.385926,124.876163,150.830104,0.253333,251.302739,689.188357,103.338611,0.01546
Analog-minimos-cuadrados,2025-06-29 23:00:00,26.546555,47.476427,0.151556,65.537531,89.916788,0.758333,224.90034,322.843729,53.09311,0.017069
Analog-minimos-cuadrados,2025-06-30 23:00:00,48.315553,89.022357,0.204111,115.097457,221.274741,0.833333,216.83822,705.379514,96.631105,0.016315
Analog-minimos-cuadrados,2025-07-01 23:00:00,35.353103,63.396052,0.257556,90.334172,118.031876,0.883333,386.873912,433.313509,70.706206,0.015989
Analog-minimos-cuadrados,2025-07-02 23:00:00,49.128902,89.678239,0.14237,118.340467,184.697099,0.79,255.875679,694.319134,98.257804,0.016222
Analog-minimos-cuadrados,2025-07-03 23:00:00,30.100918,54.043302,0.195889,73.210683,108.202959,0.816667,328.565843,369.824779,60.201835,0.016599
Analog-minimos-cuadrados,2025-07-04 23:00:00,117.823023,217.390346,0.262185,276.032004,350.813112,0.416667,342.344536,1756.626657,235.646045,0.015881
Analog-minimos-cuadrados,2025-07-05 23:00:00,84.07166,151.403665,0.185222,204.792225,244.619045,0.643333,619.752587,1154.571751,168.143319,0.016933
Analog-minimos-cuadrados,2025-07-06 23:00:00,76.889495,137.458474,0.193556,203.116736,264.961645,0.82,460.509022,818.968337,153.77899,0.016708
Analog-minimos-cuadrados,2025-07-07 23:00:00,57.63046,103.170584,0.197,141.507031,171.511788,0.871667,523.041148,772.463895,115.26092,0.016959
Analog-minimos-cuadrados,2025-07-08 23:00:00,39.65296,70.749282,0.101111,105.589714,143.897463,0.885,355.304463,405.785047,79.30592,0.01503
Analog-minimos-cuadrados,2025-07-09 23:00:00,57.233676,103.305421,0.114963,136.88056,228.301398,0.641667,340.970017,771.12264,114.467351,0.016208
Analog-minimos-cuadrados,2025-07-10 23:00:00,81.392337,148.539299,0.182815,197.190324,288.322566,0.746667,437.798701,1135.193056,162.784674,0.016633
Analog-minimos-cuadrados,2025-07-11 23:00:00,58.557307,104.821387,0.177963,142.487795,178.28956,0.806667,541.334788,771.094601,117.114613,0.017384
Analog-minimos-cuadrados,2025-07-12 23:00:00,82.329963,147.509469,0.291333,209.223851,246.755025,0.413333,443.082377,960.242313,164.659927,0.017412
Analog-minimos-cuadrados,2025-07-13 23:00:00,35.718579,64.134371,0.18337,83.862418,111.226754,0.921667,478.908143,512.012127,71.437159,0.018267
Analog-minimos-cuadrados,2025-07-14 23:00:00,54.163854,97.468132,0.110185,138.983989,247.40572,0.853333,369.490879,643.437583,108.327708,0.015028
Analog-minimos-cuadrados,2025-07-15 23:00:00,47.392524,84.751288,0.295963,124.456537,163.891027,0.835,485.525479,555.221259,94.785049,0.013536
Analog-minimos-cuadrados,2025-07-16 23:00:00,43.125026,77.191644,0.231074,108.525967,159.147594,0.83,429.046251,521.973793,86.250051,0.017231
Analog-minimos-cuadrados,2025-07-17 23:00:00,48.937929,87.289573,0.294963,132.283386,192.136103,0.835,423.117068,537.998685,97.875858,0.01762
Analog-minimos-cuadrados,2025-07-18 23:00:00,52.509164,94.001553,0.365,131.910014,159.503721,0.536667,435.560603,640.016425,105.018329,0.015035
Analog-minimos-cuadrados,2025-07-19 23:00:00,76.107234,137.669036,0.249963,188.697906,315.531815,0.63,403.64002,964.22491,152.214469,0.017081
Analog-minimos-cuadrados,2025-07-20 23:00:00,56.080484,100.637084,0.141852,149.638578,252.154929,0.906667,561.481259,668.575234,112.160969,0.016873
Analog-minimos-cuadrados,2025-07-21 23:00:00,49.236269,88.389518,0.150148,119.758986,171.985228,0.943333,634.346097,658.472536,98.472539,0.015763
Analog-minimos-cuadrados,2025-07-22 23:00:00,62.415485,111.068634,0.140889,160.596548,300.910019,0.9,552.82386,714.526393,124.83097,0.016437
Analog-minimos-cuadrados,2025-07-23 23:00:00,51.377366,92.186123,0.252593,119.865606,147.356358,0.78,613.848535,706.566527,102.754733,0.01497
Analog-minimos-cuadrados,2025-07-24 23:00:00,72.507841,129.309747,0.203037,188.150826,321.66937,0.825,570.854747,791.360477,145.015681,0.016083
Analog-minimos-cuadrados,2025-07-25 23:00:00,54.779208,97.847611,0.212407,142.646631,202.352449,0.765,554.924205,630.213838,109.558416,0.014844
Analog-minimos-cuadrados,2025-07-26 23:00:00,94.595761,168.945772,0.455704,238.734803,281.419029,0.23,529.061359,1101.462921,189.191521,0.013856
Analog-minimos-cuadrados,2025-07-27 23:00:00,30.585299,54.967751,0.220074,77.172065,103.071156,0.981667,401.266612,426.950465,61.170597,0.014106
Analog-minimos-cuadrados,2025-07-28 23:00:00,49.194326,88.222896,0.32937,123.192662,173.619746,0.583333,265.768663,586.797408,98.388653,0.015618
Analog-minimos-cuadrados,2025-07-29 23:00:00,42.872156,76.814806,0.200074,107.67909,167.643549,0.791667,319.565633,520.507545,85.744313,0.01459
Analog-minimos-cuadrados,2025-07-30 23:00:00,43.946231,78.535011,0.333333,114.188418,142.548081,0.56,379.565357,525.759674,87.892462,0.014845
Analog-minimos-cuadrados,2025-07-31 23:00:00,22.690908,40.722519,0.201741,55.351483,81.185408,0.906667,293.156216,302.318794,45.381817,0.016031
Analog-minimos-cuadrados,2025-08-01 23:00:00,20.800407,37.261807,0.207852,51.960892,65.591311,0.856667,221.281228,251.110503,41.600814,0.014453
Analog-minimos-cuadrados,2025-08-02 23:00:00,37.206149,67.287818,0.210296,88.508812,152.307697,0.68,183.900014,509.677214,74.412297,0.014908
Analog-minimos-cuadrados,2025-08-03 23:00:00,63.530471,116.794369,0.179926,154.510845,334.395197,0.78,302.612216,886.646447,127.060942,0.015674
Analog-minimos-cuadrados,2025-08-04 23:00:00,41.146551,73.603286,0.119185,106.444308,189.310457,0.968333,499.937956,511.351321,82.293102,0.015012
Analog-minimos-cuadrados,2025-08-05 23:00:00,45.566012,81.702038,0.218926,111.975526,170.638873,0.901667,545.900816,592.862537,91.132025,0.015412
Analog-minimos-cuadrados,2025-08-06 23:00:00,62.250889,111.095225,0.285889,168.004258,232.600858,0.758333,471.131433,628.005258,124.501779,0.015358
Analog-minimos-cuadrados,2025-08-07 23:00:00,56.362737,100.678878,0.114037,153.017244,221.736205,0.793333,495.427849,551.691616,112.725473,0.016373
Analog-minimos-cuadrados,2025-08-08 23:00:00,68.910458,123.127572,0.152074,179.001286,237.122117,0.793333,657.920364,761.108637,137.820916,0.016906
Analog-minimos-cuadrados,2025-08-09 23:00:00,77.161334,138.495246,0.307037,185.814621,222.897355,0.573333,622.776196,1001.391687,154.322667,0.017134
Analog-minimos-cuadrados,2025-08-10 23:00:00,115.163666,211.90904,0.124074,282.121761,437.554039,0.833333,627.716928,1605.762051,230.327332,0.01458
Analog-minimos-cuadrados,2025-08-11 23:00:00,121.418629,216.595092,0.10463,320.710671,461.260517,0.855,872.705433,1344.662829,242.837258,0.017139
Analog-minimos-cuadrados,2025-08-12 23:00:00,152.536433,274.093628,0.301704,377.088358,449.622215,0.631667,940.141217,1932.72336,305.072866,0.014606
Analog-minimos-cuadrados,2025-08-13 23:00:00,75.057087,134.42835,0.185407,191.701579,318.822624,0.87,658.2256,862.591674,150.114174,0.016718
Analog-minimos-cuadrados,2025-08-14 23:00:00,133.488037,237.680998,0.265185,340.268242,475.570865,0.665,649.741967,1602.223846,266.976074,0.016681
Analog-minimos-cuadrados,2025-08-15 23:00:00,104.085509,187.10824,0.164037,256.336046,295.084023,0.596667,844.778884,1378.138882,208.171019,0.014633
Analog-minimos-cuadrados,2025-08-16 23:00:00,96.348608,171.735414,0.251333,241.988064,283.379737,0.553333,737.026745,1126.48364,192.697217,0.01563
Analog-minimos-cuadrados,2025-08-17 23:00:00,107.348614,191.353382,0.097815,288.813088,399.951324,0.696667,805.006833,1126.487679,214.697227,0.016813
Analog-minimos-cuadrados,2025-08-18 23:00:00,91.124996,162.929262,0.071963,237.90261,314.616524,0.823333,846.469234,1056.587046,182.249992,0.017135
Analog-minimos-cuadrados,2025-08-19 23:00:00,203.42964,361.72527,0.197407,510.243926,753.999525,0.67,996.30877,2389.20779,406.85928,0.016774
Analog-minimos-cuadrados,2025-08-20 23:00:00,111.46257,200.062182,0.207852,260.272389,320.802883,0.83,1374.068149,1488.871738,222.92514,0.014977
Analog-minimos-cuadrados,2025-08-21 23:00:00,130.553034,234.241347,0.162222,322.583701,431.328267,0.915,1623.85935,1715.227112,261.106068,0.016763
Analog-minimos-cuadrados,2025-08-22 23:00:00,130.714489,233.15148,0.28363,327.032937,382.349914,0.663333,976.262453,1595.537124,261.428979,0.016279
Analog-minimos-cuadrados,2025-08-23 23:00:00,125.213174,224.093301,0.371148,308.818736,341.71957,0.371667,882.350946,1595.075579,250.426348,0.0147
Analog-minimos-cuadrados,2025-08-24 23:00:00,85.797617,153.551881,0.164444,214.189306,278.791152,0.703333,795.340682,1061.293771,171.595235,0.015734
Analog-minimos-cuadrados,2025-08-25 23:00:00,68.526951,123.034859,0.213778,163.399815,205.645089,0.881667,725.630263,902.725873,137.053901,0.014782
Analog-minimos-cuadrados,2025-08-26 23:00:00,57.674554,103.902089,0.20263,148.347479,187.756242,0.905,559.620012,728.395505,115.349108,0.016096
Analog-minimos-cuadrados,2025-08-27 23:00:00,65.664139,117.628954,0.291926,154.306031,187.399508,0.521667,487.014238,893.892518,131.328277,0.017937
Analog-minimos-cuadrados,2025-08-28 23:00:00,77.336531,138.678614,0.146148,185.162478,285.160376,0.781667,518.242678,1027.576794,154.673062,0.016863
Analog-minimos-cuadrados,2025-08-29 23:00:00,67.686336,121.686645,0.268148,169.589891,220.66,0.61,551.937993,839.472963,135.372672,0.016254
Analog-minimos-cuadrados,2025-08-30 23:00:00,49.968859,89.389224,0.290185,117.000556,136.556883,0.705,479.462958,659.552753,99.937718,0.018654
Analog-minimos-cuadrados,2025-08-31 23:00:00,129.544879,237.341268,0.194222,305.018295,478.971812,0.61,377.216865,1869.351977,259.089757,0.015982
Analog-minimos-cuadrados,2025-09-01 23:00:00,150.534961,268.018374,0.155037,383.920769,626.68557,0.776667,809.183691,1762.780167,301.069922,0.015719
Analog-minimos-cuadrados,2025-09-02 23:00:00,117.383687,209.333149,0.311259,314.75432,390.663609,0.805,1157.619831,1292.642685,234.767375,0.015198
Analog-minimos-cuadrados,2025-09-03 23:00:00,84.817901,152.087811,0.172667,204.903977,276.754359,0.876667,986.826373,1080.796623,169.635801,0.016582
Analog-minimos-cuadrados,2025-09-04 23:00:00,66.953657,119.611457,0.125,173.440796,245.810772,0.835,571.803663,769.273353,133.907314,0.015884
Analog-minimos-cuadrados,2025-09-05 23:00:00,105.898741,193.795204,0.211852,254.335854,315.288793,0.63,554.512382,1489.501928,211.797482,0.015229
Analog-minimos-cuadrados,2025-09-06 23:00:00,100.6618,179.445745,0.244741,256.918357,294.620344,0.531667,643.465247,1187.438387,201.323599,0.016647
Analog-minimos-cuadrados,2025-09-07 23:00:00,57.908502,103.759351,0.194519,146.235593,206.853364,0.858333,595.96939,740.821627,115.817005,0.016524
Analog-minimos-cuadrados,2025-09-08 23:00:00,44.003678,78.738217,0.136556,105.440204,176.932612,0.915,472.889932,546.745534,88.007355,0.014368
Analog-minimos-cuadrados,2025-09-09 23:00:00,77.437882,137.798348,0.233,196.917987,280.842706,0.568333,543.815208,885.403273,154.875765,0.01578
Analog-minimos-cuadrados,2025-09-10 23:00:00,65.099168,116.337425,0.120481,178.811998,269.55787,0.951667,637.719603,702.602546,130.198335,0.015743
Analog-minimos-cuadrados,2025-09-11 23:00:00,76.15583,135.930863,0.196222,189.374208,268.13717,0.878333,790.478455,941.236976,152.31166,0.016008
Analog-minimos-cuadrados,2025-09-12 23:00:00,88.617479,158.040432,0.287926,230.65687,306.065631,0.736667,799.347898,1029.453829,177.234958,0.016678
Analog-minimos-cuadrados,2025-09-13 23:00:00,61.600144,110.410078,0.292074,152.941253,187.437668,0.781667,592.235765,771.754487,123.200288,0.014741
Analog-minimos-cuadrados,2025-09-14 23:00:00,43.921348,78.909738,0.179852,110.812981,163.996618,0.791667,411.273127,559.576036,87.842696,0.014737
Analog-minimos-cuadrados,2025-09-15 23:00:00,29.035319,51.832316,0.157519,72.107036,125.097965,0.893333,276.919163,358.347626,58.070639,0.01341
Analog-minimos-cuadrados,2025-09-16 23:00:00,69.197434,126.77734,0.151778,161.62029,350.812938,0.74,278.63652,1025.988724,138.394868,0.015251
Analog-minimos-cuadrados,2025-09-17 23:00:00,32.630851,58.632185,0.156926,72.971091,122.451491,0.963333,452.197353,464.092876,65.261702,0.015662
Analog-minimos-cuadrados,2025-09-18 23:00:00,38.180434,68.264904,0.156593,101.481364,173.000439,0.97,419.761022,438.881337,76.360868,0.016061
Analog-minimos-cuadrados,2025-09-19 23:00:00,48.337336,86.37734,0.121741,124.840613,217.152046,0.916667,434.09044,575.939493,96.674671,0.014773
Analog-minimos-cuadrados,2025-09-20 23:00:00,74.976805,134.120779,0.402222,190.403156,252.88203,0.401667,477.829128,907.973645,149.95361,0.015022
Analog-minimos-cuadrados,2025-09-21 23:00:00,37.04777,66.236887,0.153778,92.156319,163.261911,0.833333,332.861195,456.85268,74.09554,0.015835
Analog-minimos-cuadrados,2025-09-22 23:00:00,39.739176,70.796799,0.098519,105.970737,183.101196,0.758333,272.440987,401.056931,79.478351,0.01567
Analog-minimos-cuadrados,2025-09-23 23:00:00,34.187855,61.506999,0.148296,76.726142,114.725367,0.871667,332.750741,477.982083,68.375711,0.01541
Analog-minimos-cuadrados,2025-09-24 23:00:00,120.717208,222.470819,0.134185,284.045722,517.137327,0.575,313.133027,1757.515256,241.434416,0.016778
Analog-minimos-cuadrados,2025-09-25 23:00:00,102.839344,183.948117,0.247074,256.710174,360.337893,0.608333,653.881435,1263.691084,205.678688,0.015081
Analog-minimos-cuadrados,2025-09-26 23:00:00,116.38773,211.744418,0.179037,278.055189,375.353678,0.691667,572.887523,1650.793499,232.775461,0.015875
Analog-minimos-cuadrados,2025-09-27 23:00:00,122.559635,227.250937,0.385926,275.612869,303.226626,0.265,438.278903,1942.930469,245.119271,0.016868
Analog-minimos-cuadrados,2025-09-28 23:00:00,60.574054,108.603917,0.217741,151.952741,184.192261,0.855,492.971699,758.463963,121.148108,0.013945
Analog-minimos-cuadrados,2025-09-29 23:00:00,44.599676,80.164813,0.148741,109.985474,174.588899,0.831667,250.618768,569.378674,89.199352,0.014654
Analog-minimos-cuadrados,2025-09-30 23:00:00,37.163741,66.307772,0.14537,98.774249,145.372765,0.813333,357.247255,402.354143,74.327482,0.016433
Analog-minimos-cuadrados,2025-10-01 23:00:00,36.791148,66.196855,0.145185,93.414156,116.362074,0.763333,312.690901,441.423852,73.582297,0.017334
Analog-minimos-cuadrados,2025-10-02 23:00:00,49.11903,88.211703,0.339148,119.398353,159.669844,0.466667,269.640088,637.011697,98.23806,0.016077
Analog-minimos-cuadrados,2025-10-03 23:00:00,42.225426,75.525845,0.142074,102.323236,159.733307,0.678333,297.437498,548.534263,84.450852,0.015781
Analog-minimos-cuadrados,2025-10-04 23:00:00,79.494246,144.228344,0.176889,188.679266,313.769503,0.548333,315.663048,1095.58331,158.988493,0.015754
Analog-minimos-cuadrados,2025-10-05 23:00:00,43.625335,78.549528,0.148185,111.602708,161.137932,0.875,489.917249,523.788938,87.250671,0.01482
Analog-minimos-cuadrados,2025-10-06 23:00:00,50.947241,91.04691,0.166222,133.747002,234.963735,0.916667,454.731069,604.909062,101.894482,0.016048
Analog-minimos-cuadrados,2025-10-07 23:00:00,37.342664,67.186562,0.116148,90.485035,143.150016,0.943333,462.061215,501.786847,74.685327,0.014775
Analog-minimos-cuadrados,2025-10-08 23:00:00,31.11218,55.752325,0.142593,70.614632,99.543945,0.965,440.043223,450.363618,62.224359,0.016033
Analog-minimos-cuadrados,2025-10-09 23:00:00,28.975271,52.166652,0.23237,68.190189,88.236561,0.753333,276.411574,388.309432,57.950542,0.014631
Analog-minimos-cuadrados,2025-10-10 23:00:00,25.378037,45.732942,0.202667,62.740863,78.039956,0.645,196.729704,305.414044,50.756074,0.01651
Analog-minimos-cuadrados,2025-10-11 23:00:00,72.840383,136.700152,0.202778,160.732584,223.488164,0.36,187.999938,1193.658624,145.680765,0.014511
Analog-minimos-cuadrados,2025-10-12 23:00:00,41.303351,73.755755,0.122444,105.336103,142.586845,0.785,401.831088,517.621613,82.606703,0.016329
Analog-minimos-cuadrados,2025-10-13 23:00:00,53.856309,97.665632,0.325148,127.5088,144.349519,0.513333,312.21655,742.270787,107.712618,0.015744
Analog-minimos-cuadrados,2025-10-14 23:00:00,18.924979,34.631139,0.188667,44.275364,71.310997,0.856667,184.180823,284.071127,37.849958,0.016231
Analog-minimos-cuadrados,2025-10-15 23:00:00,70.25492,132.069162,0.277037,158.244298,276.59929,0.418333,138.421758,1139.640337,140.50984,0.014873
Analog-minimos-cuadrados,2025-10-16 23:00:00,234.229519,434.933205,0.348556,532.685378,635.312189,0.343333,348.523699,3634.171407,468.459038,0.015412
Analog-minimos-cuadrados,2025-10-17 23:00:00,119.4965,213.206342,0.224741,306.869792,369.19574,0.751667,911.041393,1378.87771,238.993,0.015987
Analog-minimos-cuadrados,2025-10-18 23:00:00,260.37457,484.880713,0.405037,572.334097,613.873325,0.225,537.098219,4339.819184,520.749141,0.014555
Analog-minimos-cuadrados,2025-10-19 23:00:00,78.901607,141.723022,0.274111,203.907385,226.467583,0.836667,629.092608,898.038399,157.803215,0.017217
Analog-minimos-cuadrados,2025-10-20 23:00:00,29.067091,52.278142,0.177222,71.9639,95.833047,0.825,258.722553,380.528431,58.134183,0.017605
Analog-minimos-cuadrados,2025-10-21 23:00:00,27.252438,48.680114,0.274037,70.125738,86.857176,0.621667,211.539063,310.046833,54.504877,0.014121
Analog-minimos-cuadrados,2025-10-22 23:00:00,62.189624,113.179158,0.440519,148.76672,220.447747,0.245,204.923572,865.047385,124.379249,0.014827
Analog-minimos-cuadrados,2025-10-23 23:00:00,45.324501,81.714105,0.156333,107.274973,251.981641,0.855,316.638774,601.250724,90.649002,0.015266
Analog-minimos-cuadrados,2025-10-24 23:00:00,146.871884,273.659247,0.274407,330.527765,479.76906,0.615,432.991615,2342.438003,293.743769,0.014433
Analog-minimos-cuadrados,2025-10-25 23:00:00,146.125807,260.756512,0.231185,373.544733,456.55276,0.556667,890.43776,1650.680629,292.251613,0.015166
Analog-minimos-cuadrados,2025-10-26 23:00:00,186.818861,347.430828,0.311037,436.531918,470.853235,0.43,724.636256,2836.498588,373.637722,0.014566
Analog-minimos-cuadrados,2025-10-27 23:00:00,74.489895,132.964401,0.203963,190.258418,253.604634,0.695,573.746371,854.422758,148.97979,0.016153
Analog-minimos-cuadrados,2025-10-28 23:00:00,57.392875,102.88778,0.338667,143.60845,189.688064,0.506667,414.530684,717.638981,114.785751,0.015555
Analog-minimos-cuadrados,2025-10-29 23:00:00,45.883222,83.518755,0.197444,109.419408,128.427615,0.823333,317.738348,657.993737,91.766444,0.01735
Analog-minimos-cuadrados,2025-10-30 23:00:00,18.944967,34.112857,0.304593,47.446038,62.37766,0.551667,134.130978,230.235124,37.889935,0.014497
Analog-minimos-cuadrados,2025-10-31 23:00:00,34.581721,62.812502,0.350185,80.987182,103.539023,0.35,130.157316,498.543951,69.163442,0.016456
Analog-minimos-cuadrados,2025-11-01 23:00:00,58.889274,112.702111,0.417037,127.320771,166.51866,0.303333,150.329145,1022.901465,117.778549,0.017191
Analog-minimos-cuadrados,2025-11-02 23:00:00,21.822229,39.246928,0.164667,50.870994,60.611467,0.895,279.546849,317.489529,43.644458,0.015141
Analog-minimos-cuadrados,2025-11-03 23:00:00,17.169482,30.766562,0.22363,41.390978,49.918315,0.885,179.234042,235.950175,34.338964,0.015025
Analog-minimos-cuadrados,2025-11-04 23:00:00,10.488613,18.861538,0.221481,25.84569,32.926132,0.68,76.323863,135.772783,20.977226,0.015317
Analog-minimos-cuadrados,2025-11-05 23:00:00,50.31713,95.856381,0.275519,109.453295,241.343735,0.483333,63.25889,867.658091,100.634261,0.017027
Analog-minimos-cuadrados,2025-11-06 23:00:00,64.866399,115.847701,0.332333,175.780809,237.677978,0.601667,285.939191,658.063367,129.732799,0.014616
Analog-minimos-cuadrados,2025-11-07 23:00:00,127.221966,232.539145,0.263741,300.190937,395.669453,0.456667,356.357172,1824.907926,254.443932,0.016106
Analog-minimos-cuadrados,2025-11-08 23:00:00,122.434515,220.962285,0.41963,287.904988,335.69433,0.273333,644.781463,1736.651513,244.869031,0.016772
Analog-minimos-cuadrados,2025-11-09 23:00:00,53.742104,96.34122,0.322963,134.078989,152.623497,0.6,436.973146,658.809433,107.484209,0.015147
Analog-minimos-cuadrados,2025-11-10 23:00:00,17.455795,31.420941,0.166111,42.305779,55.037055,0.728333,151.145071,230.235302,34.91159,0.016441
Analog-minimos-cuadrados,2025-11-11 23:00:00,18.910096,34.62644,0.19263,46.340692,65.030499,0.686667,107.387287,263.004966,37.820193,0.015492
Analog-minimos-cuadrados,2025-11-12 23:00:00,16.354888,29.743027,0.140296,38.741761,52.611903,0.65,103.09728,231.084574,32.709777,0.014607
Analog-minimos-cuadrados,2025-11-13 23:00:00,33.366353,60.648549,0.391296,81.925884,110.971358,0.396667,107.764238,444.992563,66.732706,0.015999
Analog-minimos-cuadrados,2025-11-14 23:00:00,83.688325,154.216864,0.309889,194.59828,245.460375,0.321667,164.760851,1265.0773,167.376649,0.015072
Analog-minimos-cuadrados,2025-11-15 23:00:00,58.208711,104.444034,0.279259,139.13392,165.606147,0.491667,339.013363,782.789175,116.417423,0.014458
Analog-minimos-cuadrados,2025-11-16 23:00:00,64.134782,114.819237,0.374593,165.521794,192.4671,0.505,401.149932,735.735891,128.269564,0.015244
Analog-minimos-cuadrados,2025-11-17 23:00:00,46.149344,83.088447,0.319296,115.753043,148.757535,0.575,249.954805,579.02956,92.298687,0.014773
Analog-minimos-cuadrados,2025-11-18 23:00:00,51.887275,94.170154,0.22937,129.118391,175.354796,0.661667,261.389802,672.774745,103.77455,0.014925
Analog-minimos-cuadrados,2025-11-19 23:00:00,156.239505,286.722051,0.25837,348.873826,509.761187,0.381667,252.415674,2495.388938,312.479011,0.014903
Analog-minimos-cuadrados,2025-11-20 23:00:00,196.156096,354.945451,0.350037,483.016453,570.345973,0.46,792.639006,2601.581511,392.312192,0.016029
Analog-minimos-cuadrados,2025-11-21 23:00:00,193.967393,352.059921,0.409333,472.584848,493.677322,0.261667,744.43575,2669.931102,387.934786,0.015772
Analog-minimos-cuadrados,2025-11-22 23:00:00,127.858024,227.857916,0.400444,325.743649,349.863805,0.485,603.736009,1338.209829,255.716049,0.015411
Analog-minimos-cuadrados,2025-11-23 23:00:00,83.905277,150.182376,0.260185,206.985509,342.739884,0.616667,336.923294,1047.032974,167.810553,0.015529
Analog-minimos-cuadrados,2025-11-24 23:00:00,106.692446,189.470677,0.316704,295.997977,379.746271,0.665,552.476105,1056.831792,213.384891,0.014675
Analog-minimos-cuadrados,2025-11-25 23:00:00,89.361431,160.387576,0.389889,224.335057,278.044096,0.425,666.173766,1128.977327,178.722861,0.01382
Analog-minimos-cuadrados,2025-11-26 23:00:00,45.683264,81.93861,0.309296,112.579634,131.429264,0.728333,425.824649,584.037415,91.366528,0.015573
Analog-minimos-cuadrados,2025-11-27 23:00:00,51.809459,97.108422,0.183593,116.522581,192.453111,0.563333,126.125697,841.218487,103.618918,0.014675
Analog-minimos-cuadrados,2025-11-28 23:00:00,40.302095,73.998452,0.297185,94.739244,121.952053,0.508333,260.282399,591.468562,80.60419,0.014082
Analog-minimos-cuadrados,2025-11-29 23:00:00,47.070521,84.649295,0.334444,114.299703,131.346332,0.363333,218.777932,609.105621,94.141042,0.014792
Analog-minimos-cuadrados,2025-11-30 23:00:00,103.138112,194.530511,0.351481,231.123079,373.304389,0.386667,190.921017,1689.07182,206.276224,0.013561
Analog-minimos-cuadrados,2025-12-01 23:00:00,80.584718,145.641612,0.218407,203.941273,359.387075,0.766667,526.808781,1070.861545,161.169437,0.016083
Analog-minimos-cuadrados,2025-12-02 23:00:00,56.295408,101.469666,0.200852,133.851161,175.145303,0.885,599.366036,773.543488,112.590816,0.013989
Analog-minimos-cuadrados,2025-12-03 23:00:00,174.753532,318.915091,0.326111,416.94899,462.278868,0.481667,513.5664,2505.924499,349.507063,0.01432
Analog-minimos-cuadrados,2025-12-04 23:00:00,66.283614,119.127175,0.152296,154.462499,202.648421,0.79,705.041991,900.890823,132.567227,0.016708
Analog-minimos-cuadrados,2025-12-05 23:00:00,224.537278,421.614751,0.207296,503.4271,666.955392,0.266667,381.34491,3626.225035,449.074556,0.015393
Analog-minimos-cuadrados,2025-12-06 23:00:00,193.117714,355.49905,0.390185,440.4755,488.500232,0.401667,1059.505491,2977.364259,386.235427,0.016317
Analog-minimos-cuadrados,2025-12-07 23:00:00,120.277752,215.956153,0.261296,295.541291,359.600013,0.656667,852.361636,1552.084017,240.555504,0.016386
Analog-minimos-cuadrados,2025-12-08 23:00:00,126.92547,235.535419,0.258889,294.386694,406.25974,0.455,353.982939,1902.406877,253.85094,0.016172
Analog-minimos-cuadrados,2025-12-09 23:00:00,108.351268,195.30603,0.142852,274.386303,358.750766,0.523333,643.994478,1340.921308,216.702535,0.016538
Analog-minimos-cuadrados,2025-12-10 23:00:00,116.849792,210.407881,0.398333,290.443627,353.965091,0.343333,718.27005,1454.829523,233.699583,0.014362
Analog-minimos-cuadrados,2025-12-11 23:00:00,94.28424,170.542329,0.262963,229.904838,313.811275,0.593333,505.603293,1258.470929,188.568479,0.014863
Analog-minimos-cuadrados,2025-12-12 23:00:00,82.873713,149.088907,0.163444,207.387839,278.402281,0.546667,658.988494,1064.05507,165.747427,0.014389
Analog-minimos-cuadrados,2025-12-13 23:00:00,127.786333,231.831918,0.432333,313.55615,397.622066,0.185,595.839317,1662.639086,255.572665,0.015119
Analog-minimos-cuadrados,2025-12-14 23:00:00,99.445142,178.981658,0.145704,247.834151,337.555208,0.648333,591.46815,1263.120482,198.890283,0.01566
Analog-minimos-cuadrados,2025-12-15 23:00:00,79.511342,141.728305,0.125593,208.458308,280.225411,0.79,639.680473,909.442197,159.022684,0.01679
Analog-minimos-cuadrados,2025-12-16 23:00:00,139.279693,251.944277,0.19537,336.49719,470.360614,0.533333,550.628303,1861.519257,278.559385,0.016101
Analog-minimos-cuadrados,2025-12-17 23:00:00,96.18664,172.111281,0.247889,235.712882,315.025371,0.636667,873.312037,1251.607676,192.373279,0.014373
Analog-minimos-cuadrados,2025-12-18 23:00:00,173.75234,319.292346,0.422593,406.334433,455.677088,0.318333,685.443337,2526.211246,347.504681,0.015288
Analog-minimos-cuadrados,2025-12-19 23:00:00,62.224949,111.774169,0.297556,166.581678,212.877792,0.721667,560.020376,649.83658,124.449899,0.013239
Analog-minimos-cuadrados,2025-12-20 23:00:00,46.017296,83.721163,0.185074,107.001776,168.544851,0.625,259.481414,681.523832,92.034592,0.013673
Analog-minimos-cuadrados,2025-12-21 23:00:00,22.959503,41.422277,0.200296,55.229784,78.078852,0.943333,323.893816,335.022697,45.919006,0.014063
Analog-minimos-cuadrados,2025-12-22 23:00:00,54.815976,102.121678,0.164704,119.356056,215.232513,0.92,214.915102,920.19313,109.631953,0.014124
Analog-minimos-cuadrados,2025-12-23 23:00:00,55.352206,101.089643,0.31063,131.037372,189.243002,0.416667,342.663499,795.055247,110.704412,0.013339
Analog-minimos-cuadrados,2025-12-24 23:00:00,92.029036,168.852992,0.436741,205.746472,242.282265,0.16,268.48906,1419.66907,184.058071,0.015621
Analog-minimos-cuadrados,2025-12-25 23:00:00,21.40857,38.526357,0.181444,51.178107,59.361315,0.875,265.303173,288.359708,42.81714,0.015617
Analog-minimos-cuadrados,2025-12-26 23:00:00,26.743996,47.951623,0.299741,67.560137,76.445441,0.655,212.507275,316.817231,53.487992,0.014606
Analog-minimos-cuadrados,2025-12-27 23:00:00,36.448322,66.377479,0.204481,87.381588,145.216619,0.496667,113.729371,507.13053,72.896644,0.013871
Analog-minimos-cuadrados,2025-12-28 23:00:00,21.787219,39.471352,0.209704,52.178671,65.320698,0.868333,246.83722,315.361979,43.574438,0.015655
Analog-minimos-cuadrados,2025-12-29 23:00:00,14.32891,25.828283,0.127556,32.468206,38.105935,0.781667,172.545637,208.208017,28.65782,0.014879
Analog-minimos-cuadrados,2025-12-30 23:00:00,43.040465,83.22521,0.195037,92.094708,127.962332,0.43,63.667846,765.268255,86.08093,0.014365
Analog-minimos-cuadrados,2025-12-31 23:00:00,63.096375,113.496139,0.275926,151.756848,172.675455,0.281667,166.043273,792.736008,126.192749,0.013508
Analog-minimos-cuadrados,2026-01-01 23:00:00,30.177211,54.166042,0.135037,79.181147,87.854367,0.673333,257.170224,360.798632,60.354422,0.017623
Analog-minimos-cuadrados,2026-01-02 23:00:00,51.277904,91.469698,0.357,135.918661,145.667594,0.575,262.666031,544.961163,102.555808,0.014927
Analog-minimos-cuadrados,2026-01-03 23:00:00,32.996711,58.763375,0.131963,86.598072,106.146858,0.72,231.732035,346.253908,65.993422,0.014771
Analog-minimos-cuadrados,2026-01-04 23:00:00,47.538692,85.004119,0.248111,120.448906,192.343029,0.665,203.47208,557.403943,95.077383,0.014299
Analog-minimos-cuadrados,2026-01-05 23:00:00,33.816848,60.669475,0.104185,80.825689,119.339279,0.915,371.554932,435.280888,67.633696,0.014484
Analog-minimos-cuadrados,2026-01-06 23:00:00,35.100543,62.496088,0.234259,89.706575,103.372848,0.61,287.051108,421.491555,70.201086,0.01468
Analog-minimos-cuadrados,2026-01-07 23:00:00,81.028957,149.954691,0.221667,189.502233,281.870337,0.591667,210.741655,1189.863417,162.057915,0.014827
Analog-minimos-cuadrados,2026-01-08 23:00:00,362.300469,684.621588,0.413259,787.793226,1010.458373,0.158333,389.254247,6175.74711,724.600938,0.015656
Analog-minimos-cuadrados,2026-01-09 23:00:00,230.499602,415.236706,0.415815,546.761734,659.460278,0.311667,1396.36128,3144.871303,460.999204,0.015205
Analog-minimos-cuadrados,2026-01-10 23:00:00,112.232432,199.727702,0.403704,296.88149,316.186092,0.505,837.423635,1195.20984,224.464864,0.013931
Analog-minimos-cuadrados,2026-01-11 23:00:00,49.863139,90.243393,0.155963,117.608969,168.005744,0.666667,291.077671,696.247738,99.726278,0.014623
Analog-minimos-cuadrados,2026-01-12 23:00:00,71.46899,129.008053,0.272148,180.113064,225.408902,0.59,338.200821,881.261865,142.937979,0.014632
Analog-minimos-cuadrados,2026-01-13 23:00:00,55.677915,100.113354,0.361074,142.010246,167.341301,0.466667,355.78652,688.874327,111.35583,0.016098
Analog-minimos-cuadrados,2026-01-14 23:00:00,33.856182,60.604322,0.274,83.989694,95.457203,0.575,252.246586,420.901613,67.712364,0.017443
Analog-minimos-cuadrados,2026-01-15 23:00:00,27.537871,50.122663,0.224852,66.136838,80.159068,0.436667,130.988296,375.069839,55.075741,0.01445
Analog-minimos-cuadrados,2026-01-16 23:00:00,24.057321,43.659297,0.199593,57.049329,71.468778,0.575,143.315783,331.175057,48.114642,0.015362
Analog-minimos-cuadrados,2026-01-17 23:00:00,15.195888,27.542502,0.216,36.654434,46.410434,0.64,105.497756,211.112381,30.391776,0.016949
Analog-minimos-cuadrados,2026-01-18 23:00:00,52.648668,97.731482,0.231222,118.994942,230.437531,0.565,106.923243,834.230078,105.297337,0.016242
Analog-minimos-cuadrados,2026-01-19 23:00:00,32.743829,58.801934,0.117333,80.857377,131.174185,0.835,293.348088,434.870449,65.487658,0.015273
Analog-minimos-cuadrados,2026-01-20 23:00:00,34.433249,61.923143,0.153037,91.315117,138.747314,0.751667,210.829897,391.683805,68.866498,0.015878
Analog-minimos-cuadrados,2026-01-21 23:00:00,53.408672,97.963018,0.216519,123.446283,158.364192,0.628333,215.541195,814.319593,106.817344,0.015696
Analog-minimos-cuadrados,2026-01-22 23:00:00,105.366345,193.411238,0.433741,247.512265,299.315618,0.246667,225.831645,1556.976182,210.73269,0.014221
Analog-minimos-cuadrados,2026-01-23 23:00:00,202.216658,375.38679,0.445,451.328283,530.199216,0.158333,341.503785,3236.963401,404.433315,0.014128
Analog-minimos-cuadrados,2026-01-24 23:00:00,502.236962,939.868199,0.397444,1113.419034,1235.154525,0.151667,631.228941,8258.548378,1004.473923,0.016553
Analog-minimos-cuadrados,2026-01-25 23:00:00,247.051277,442.293872,0.304926,653.230615,725.379727,0.638333,1631.855036,2756.125866,494.102554,0.015721
Analog-minimos-cuadrados,2026-01-26 23:00:00,114.483529,204.948122,0.197519,271.765762,336.393536,0.713333,869.518001,1538.542835,228.967057,0.015497
Analog-minimos-cuadrados,2026-01-27 23:00:00,255.693569,465.785925,0.478704,611.386202,624.839211,0.155,667.380444,3436.932553,511.387138,0.01537
Analog-minimos-cuadrados,2026-01-28 23:00:00,227.564824,416.50812,0.488704,522.21372,594.055864,0.09,531.078223,3548.631947,455.129649,0.014919
Analog-minimos-cuadrados,2026-01-29 23:00:00,299.4703,549.886047,0.498889,689.869384,696.670185,0.01,544.947268,4322.994054,598.940601,0.015679
Analog-minimos-cuadrados,2026-01-30 23:00:00,59.700669,107.142189,0.313444,150.895001,181.561473,0.725,504.078379,750.605017,119.401338,0.013843
Analog-minimos-cuadrados,2026-01-31 23:00:00,47.350973,88.666289,0.216667,107.224122,142.101699,0.478333,152.449144,756.49193,94.701945,0.016502
Analog-minimos-cuadrados,2026-02-01 23:00:00,91.462353,164.707893,0.483889,221.837077,245.652315,0.118333,232.608497,1169.926099,182.924706,0.013933
Analog-minimos-cuadrados,2026-02-02 23:00:00,17.04815,31.029614,0.171815,38.399242,47.313044,0.995,286.580645,286.845404,34.0963,0.014318
Analog-minimos-cuadrados,2026-02-03 23:00:00,12.592671,22.682428,0.218,31.664142,38.123049,0.841667,157.305298,169.280334,25.185341,0.015045
Analog-minimos-cuadrados,2026-02-04 23:00:00,8.950824,16.250223,0.190593,21.922591,26.823858,0.741667,74.975981,121.250491,17.901647,0.014912
Analog-minimos-cuadrados,2026-02-05 23:00:00,11.575476,20.927165,0.252111,28.52925,38.20742,0.518333,59.257061,152.159955,23.150953,0.014482
Analog-minimos-cuadrados,2026-02-06 23:00:00,10.428188,18.931649,0.238481,25.048762,30.117771,0.6,71.930677,143.857279,20.856377,0.014377
Analog-minimos-cuadrados,2026-02-07 23:00:00,26.816751,50.96207,0.279519,58.124646,81.302084,0.398333,60.905029,464.724359,53.633503,0.014913
Analog-minimos-cuadrados,2026-02-08 23:00:00,11.636554,20.949213,0.261815,27.895241,33.890892,0.786667,128.942786,166.095394,23.273109,0.015873
Analog-minimos-cuadrados,2026-02-09 23:00:00,17.410626,31.404783,0.130037,39.296622,102.385673,0.785,111.114203,263.198881,34.821253,0.014925
Analog-minimos-cuadrados,2026-02-10 23:00:00,38.084072,70.569859,0.179407,89.583524,163.313447,0.715,166.024227,556.196965,76.168144,0.013674
Analog-minimos-cuadrados,2026-02-11 23:00:00,26.536928,47.445678,0.164741,66.003406,80.807452,0.911667,285.549582,338.71911,53.073855,0.015769
Analog-minimos-cuadrados,2026-02-12 23:00:00,33.190579,61.89808,0.206889,72.55901,106.916193,0.731667,162.923241,541.294852,66.381157,0.013708
Analog-minimos-cuadrados,2026-02-13 23:00:00,80.230412,150.290541,0.23263,178.82012,237.468525,0.396667,153.552303,1306.270513,160.460825,0.016504
Analog-minimos-cuadrados,2026-02-14 23:00:00,78.797146,146.473319,0.398037,176.61072,194.915727,0.281667,295.322285,1262.446803,157.594293,0.014725
Analog-minimos-cuadrados,2026-02-15 23:00:00,28.802336,51.278202,0.22037,69.55467,79.64133,0.84,280.168182,392.500892,57.604671,0.013358
Analog-minimos-cuadrados,2026-02-16 23:00:00,7.778628,14.02869,0.124704,16.879026,21.630302,0.866667,102.948277,114.87478,15.557255,0.014302
Analog-minimos-cuadrados,2026-02-17 23:00:00,6.626579,11.862193,0.149704,17.686388,22.990198,0.798333,56.028431,72.597199,13.253159,0.013459
Analog-minimos-cuadrados,2026-02-18 23:00:00,18.755382,33.829625,0.344481,46.790835,56.637043,0.46,67.776219,227.635919,37.510764,0.01321
Analog-minimos-cuadrados,2026-02-19 23:00:00,122.837717,236.203468,0.322037,261.066839,445.928974,0.408333,109.150659,2196.092834,245.675433,0.014467
Analog-minimos-cuadrados,2026-02-20 23:00:00,145.200394,260.93694,0.210667,357.479926,512.091762,0.586667,644.641094,1817.653364,290.400789,0.01455
Analog-minimos-cuadrados,2026-02-21 23:00:00,166.037147,300.732302,0.387926,387.145802,424.476791,0.251667,945.359595,2396.509251,332.074294,0.013403
Analog-minimos-cuadrados,2026-02-22 23:00:00,72.063174,128.885907,0.267259,191.265827,227.892973,0.853333,629.850935,806.778691,144.126347,0.016962
Analog-minimos-cuadrados,2026-02-23 23:00:00,20.33095,36.360079,0.338593,52.312206,60.881006,0.64,186.714641,250.12566,40.6619,0.015448
Analog-minimos-cuadrados,2026-02-24 23:00:00,21.414913,39.006466,0.394963,49.19814,64.224314,0.281667,76.589648,315.12027,42.829825,0.013228
Analog-minimos-cuadrados,2026-02-25 23:00:00,37.886068,69.869815,0.25763,88.200967,212.261664,0.815,105.477484,583.732661,75.772136,0.013437
Analog-minimos-cuadrados,2026-02-26 23:00:00,45.055886,81.534598,0.219852,114.924302,170.256718,0.875,277.602837,596.839936,90.111772,0.015194
Analog-minimos-cuadrados,2026-02-27 23:00:00,57.675788,103.365758,0.250074,149.284389,210.518904,0.571667,408.091043,704.774753,115.351575,0.015011
Analog-minimos-cuadrados,2026-02-28 23:00:00,62.921536,113.678223,0.30637,149.577409,203.83414,0.418333,269.980139,843.616605,125.843071,0.016684
